ISO-10303-21;
HEADER;
/* Generated by software containing ST-Developer
 * from STEP Tools, Inc. (www.steptools.com) 
 */
/* OPTION: using custom renumber hook */

FILE_DESCRIPTION(
/* description */ ('STEP AP242 Edition 2',
'CAx-IF Rec.Pracs.---Representation and Presentation of Product Manufa
cturing Information (PMI)---4.0---2014-10-13',
'CAx-IF Rec.Pracs.---3D Tessellated Geometry---0.4---2014-09-14','2;1',
'CAx-IF Rec.Pracs.---User Defined Attributes---1.5---2016-08-15'),
/* implementation_level */ '2;1');

FILE_NAME(
/* name */ 'base',
/* time_stamp */ '2026-04-19T00:34:16Z',
/* author */ (''),
/* organization */ (''),
/* preprocessor_version */ 'ST-DEVELOPER v20',
/* originating_system */ 'ONSHAPE BY PTC INC, 1.213',
/* authorisation */ '  ');

FILE_SCHEMA (('AP242_MANAGED_MODEL_BASED_3D_ENGINEERING_MIM_LF { 1 0 10303 442 3 1 4 }'));
ENDSEC;

DATA;
#10=SHAPE_REPRESENTATION_RELATIONSHIP('','',#7557,#11);
#11=MANIFOLD_SURFACE_SHAPE_REPRESENTATION('',(#7555),#16195);
#12=B_SPLINE_SURFACE_WITH_KNOTS('',5,1,((#16130,#16131),(#16132,#16133),
(#16134,#16135),(#16136,#16137),(#16138,#16139),(#16140,#16141),(#16142,
#16143),(#16144,#16145)),.SURF_OF_LINEAR_EXTRUSION.,.F.,.F.,.F.,(6,2,6),
(2,2),(0.,0.5,1.),(0.,1.),.UNSPECIFIED.);
#13=B_SPLINE_SURFACE_WITH_KNOTS('',5,1,((#16146,#16147),(#16148,#16149),
(#16150,#16151),(#16152,#16153),(#16154,#16155),(#16156,#16157),(#16158,
#16159),(#16160,#16161)),.SURF_OF_LINEAR_EXTRUSION.,.F.,.F.,.F.,(6,2,6),
(2,2),(0.,0.5,1.),(0.,1.),.UNSPECIFIED.);
#14=B_SPLINE_SURFACE_WITH_KNOTS('',5,1,((#16162,#16163),(#16164,#16165),
(#16166,#16167),(#16168,#16169),(#16170,#16171),(#16172,#16173),(#16174,
#16175),(#16176,#16177)),.SURF_OF_LINEAR_EXTRUSION.,.F.,.F.,.F.,(6,2,6),
(2,2),(0.,0.5,1.),(0.,1.),.UNSPECIFIED.);
#15=B_SPLINE_SURFACE_WITH_KNOTS('',5,1,((#16178,#16179),(#16180,#16181),
(#16182,#16183),(#16184,#16185),(#16186,#16187),(#16188,#16189),(#16190,
#16191),(#16192,#16193)),.SURF_OF_LINEAR_EXTRUSION.,.F.,.F.,.F.,(6,2,6),
(2,2),(0.,0.5,1.),(0.,1.),.UNSPECIFIED.);
#16=B_SPLINE_CURVE_WITH_KNOTS('',3,(#10182,#10183,#10184,#10185),
 .UNSPECIFIED.,.F.,.F.,(4,4),(0.,1.),.UNSPECIFIED.);
#17=B_SPLINE_CURVE_WITH_KNOTS('',3,(#10317,#10318,#10319,#10320),
 .UNSPECIFIED.,.F.,.F.,(4,4),(0.,1.),.UNSPECIFIED.);
#18=B_SPLINE_CURVE_WITH_KNOTS('',3,(#10450,#10451,#10452,#10453,#10454,
#10455,#10456,#10457,#10458,#10459,#10460,#10461,#10462,#10463,#10464,#10465,
#10466,#10467,#10468,#10469,#10470,#10471,#10472,#10473,#10474,#10475,#10476,
#10477,#10478,#10479,#10480,#10481,#10482,#10483,#10484,#10485,#10486,#10487,
#10488,#10489,#10490,#10491,#10492,#10493,#10494,#10495,#10496,#10497,#10498,
#10499,#10500,#10501,#10502,#10503,#10504,#10505,#10506,#10507,#10508,#10509,
#10510,#10511,#10512,#10513,#10514,#10515,#10516,#10517,#10518,#10519,#10520,
#10521,#10522,#10523,#10524,#10525,#10526,#10527,#10528,#10529,#10530,#10531,
#10532,#10533,#10534,#10535,#10536,#10537,#10538,#10539,#10540,#10541,#10542,
#10543,#10544,#10545,#10546,#10547,#10548,#10549,#10550,#10551,#10552,#10553,
#10554,#10555,#10556,#10557,#10558,#10559,#10560,#10561,#10562,#10563,#10564,
#10565,#10566,#10567,#10568,#10569,#10570,#10571,#10572,#10573,#10574,#10575,
#10576,#10577,#10578,#10579,#10580,#10581,#10582,#10583,#10584,#10585,#10586,
#10587,#10588,#10589,#10590,#10591,#10592,#10593,#10594,#10595,#10596,#10597,
#10598,#10599,#10600,#10601,#10602,#10603,#10604,#10605,#10606,#10607,#10608,
#10609,#10610,#10611,#10612,#10613,#10614,#10615,#10616,#10617,#10618,#10619,
#10620,#10621,#10622,#10623,#10624,#10625,#10626,#10627,#10628,#10629,#10630,
#10631,#10632,#10633,#10634,#10635,#10636,#10637,#10638,#10639,#10640,#10641,
#10642,#10643,#10644,#10645,#10646,#10647,#10648,#10649,#10650,#10651,#10652,
#10653,#10654,#10655,#10656,#10657,#10658,#10659,#10660,#10661,#10662,#10663,
#10664,#10665,#10666,#10667,#10668,#10669,#10670,#10671,#10672,#10673,#10674,
#10675,#10676,#10677,#10678,#10679,#10680,#10681,#10682,#10683,#10684,#10685,
#10686,#10687,#10688,#10689,#10690,#10691,#10692,#10693,#10694,#10695,#10696,
#10697,#10698,#10699,#10700,#10701,#10702,#10703,#10704,#10705,#10706,#10707,
#10708,#10709,#10710,#10711,#10712,#10713,#10714,#10715,#10716,#10717,#10718,
#10719,#10720,#10721,#10722,#10723,#10724,#10725,#10726,#10727,#10728,#10729,
#10730,#10731,#10732,#10733,#10734,#10735,#10736,#10737,#10738,#10739,#10740,
#10741,#10742,#10743,#10744,#10745,#10746,#10747,#10748,#10749,#10750,#10751,
#10752,#10753,#10754,#10755,#10756,#10757,#10758,#10759,#10760,#10761,#10762,
#10763,#10764,#10765,#10766,#10767,#10768,#10769,#10770,#10771,#10772,#10773,
#10774,#10775,#10776,#10777,#10778,#10779,#10780,#10781,#10782,#10783,#10784,
#10785,#10786,#10787,#10788,#10789,#10790,#10791,#10792,#10793,#10794,#10795,
#10796,#10797,#10798,#10799,#10800,#10801,#10802,#10803,#10804,#10805,#10806,
#10807,#10808,#10809,#10810,#10811,#10812,#10813,#10814,#10815,#10816,#10817,
#10818,#10819,#10820,#10821,#10822,#10823,#10824,#10825,#10826,#10827,#10828,
#10829,#10830,#10831,#10832,#10833,#10834,#10835,#10836,#10837,#10838,#10839,
#10840,#10841,#10842,#10843,#10844,#10845,#10846,#10847,#10848,#10849,#10850,
#10851,#10852,#10853,#10854,#10855,#10856,#10857,#10858,#10859,#10860,#10861,
#10862,#10863,#10864,#10865,#10866,#10867,#10868,#10869,#10870,#10871,#10872,
#10873,#10874,#10875,#10876,#10877,#10878,#10879,#10880,#10881,#10882,#10883,
#10884,#10885,#10886,#10887,#10888,#10889,#10890,#10891,#10892,#10893,#10894,
#10895,#10896,#10897,#10898,#10899,#10900,#10901,#10902,#10903,#10904,#10905,
#10906,#10907,#10908,#10909,#10910,#10911,#10912,#10913,#10914,#10915,#10916,
#10917,#10918,#10919,#10920,#10921,#10922,#10923,#10924,#10925,#10926,#10927,
#10928,#10929,#10930,#10931,#10932,#10933,#10934,#10935,#10936,#10937,#10938,
#10939,#10940,#10941,#10942,#10943,#10944,#10945,#10946,#10947,#10948,#10949,
#10950,#10951,#10952,#10953,#10954,#10955,#10956,#10957,#10958,#10959,#10960,
#10961,#10962,#10963,#10964,#10965,#10966,#10967,#10968,#10969,#10970,#10971,
#10972,#10973,#10974,#10975,#10976,#10977,#10978,#10979,#10980,#10981,#10982,
#10983,#10984,#10985,#10986,#10987,#10988,#10989,#10990,#10991,#10992,#10993,
#10994,#10995,#10996,#10997,#10998,#10999,#11000,#11001,#11002,#11003,#11004,
#11005,#11006,#11007,#11008,#11009,#11010,#11011,#11012,#11013,#11014,#11015,
#11016,#11017,#11018,#11019,#11020,#11021,#11022,#11023,#11024,#11025,#11026,
#11027,#11028,#11029,#11030,#11031,#11032,#11033,#11034,#11035,#11036,#11037,
#11038,#11039,#11040,#11041,#11042,#11043,#11044,#11045,#11046,#11047,#11048,
#11049),.UNSPECIFIED.,.F.,.F.,(4,1,1,1,1,1,1,1,1,1,1,1,1,1,1,1,1,1,1,1,
1,1,1,1,1,1,1,1,1,1,1,1,1,1,1,1,1,1,1,1,1,1,1,1,1,1,1,1,1,1,1,1,1,1,1,1,
1,1,1,1,1,1,1,1,1,1,1,1,1,1,1,1,1,1,1,1,1,1,1,1,1,1,1,1,1,1,1,1,1,1,1,1,
1,1,1,1,1,1,1,1,1,1,1,1,1,1,1,1,1,1,1,1,1,1,1,1,1,1,1,1,1,1,1,1,1,1,1,1,
1,1,1,1,1,1,1,1,1,1,1,1,1,1,1,1,1,1,1,1,1,1,1,1,1,1,1,1,1,1,1,1,1,1,1,1,
1,1,1,1,1,1,1,1,1,1,1,1,1,1,1,1,1,1,1,1,1,1,1,1,1,1,1,1,1,1,1,1,1,1,1,1,
1,1,1,1,1,1,1,1,1,1,1,1,1,1,1,1,1,1,1,1,1,1,1,1,1,1,1,1,1,1,1,1,1,1,1,1,
1,1,1,1,1,1,1,1,1,1,1,1,1,1,1,1,1,1,1,1,1,1,1,1,1,1,1,1,1,1,1,1,1,1,1,1,
1,1,1,1,1,1,1,1,1,1,1,1,1,1,1,1,1,1,1,1,1,1,1,1,1,1,1,1,1,1,1,1,1,1,1,1,
1,1,1,1,1,1,1,1,1,1,1,1,1,1,1,1,1,1,1,1,1,1,1,1,1,1,1,1,1,1,1,1,1,1,1,1,
1,1,1,1,1,1,1,1,1,1,1,1,1,1,1,1,1,1,1,1,1,1,1,1,1,1,1,1,1,1,1,1,1,1,1,1,
1,1,1,1,1,1,1,1,1,1,1,1,1,1,1,1,1,1,1,1,1,1,1,1,1,1,1,1,1,1,1,1,1,1,1,1,
1,1,1,1,1,1,1,1,1,1,1,1,1,1,1,1,1,1,1,1,1,1,1,1,1,1,1,1,1,1,1,1,1,1,1,1,
1,1,1,1,1,1,1,1,1,1,1,1,1,1,1,1,1,1,1,1,1,1,1,1,1,1,1,1,1,1,1,1,1,1,1,1,
1,1,1,1,1,1,1,1,1,1,1,1,1,1,1,1,1,1,1,1,1,1,1,1,1,1,1,1,1,1,1,1,1,1,1,1,
1,1,1,1,1,1,1,1,1,1,1,1,1,1,1,1,1,1,1,1,1,1,1,1,1,1,1,1,1,1,1,1,1,1,1,1,
1,1,1,1,1,1,1,1,1,1,1,1,1,1,1,1,1,1,1,1,1,1,1,1,1,1,1,1,1,1,1,1,1,1,1,1,
1,4),(0.,0.001953125,0.00390625,0.005859375,0.0078125,0.0087890625,0.009765625,
0.0107421875,0.01171875,0.0126953125,0.01318359375,0.013671875,0.01416015625,
0.0146484375,0.014892578125,0.01513671875,0.0152587890625,0.015380859375,
0.0155029296875,0.01556396484375,0.015594482421875,0.015625,0.015655517578125,
0.01568603515625,0.0157470703125,0.015869140625,0.0159912109375,0.01611328125,
0.016357421875,0.0166015625,0.01708984375,0.017578125,0.01806640625,0.0185546875,
0.01953125,0.0205078125,0.021484375,0.0234375,0.025390625,0.0263671875,
0.02734375,0.0283203125,0.029296875,0.02978515625,0.0302734375,0.030517578125,
0.03076171875,0.031005859375,0.0311279296875,0.03118896484375,0.03125,0.03131103515625,
0.0313720703125,0.031494140625,0.03173828125,0.031982421875,0.0322265625,
0.03271484375,0.033203125,0.0341796875,0.03515625,0.0361328125,0.037109375,
0.0390625,0.041015625,0.04296875,0.046875,0.05078125,0.052734375,0.0546875,
0.056640625,0.0576171875,0.05859375,0.0595703125,0.060546875,0.06103515625,
0.0615234375,0.061767578125,0.06201171875,0.062255859375,0.0623779296875,
0.06243896484375,0.0625,0.06256103515625,0.0626220703125,0.062744140625,
0.06298828125,0.063232421875,0.0634765625,0.06396484375,0.064453125,0.0654296875,
0.06640625,0.0673828125,0.068359375,0.0703125,0.072265625,0.07421875,0.078125,
0.08203125,0.083984375,0.0859375,0.087890625,0.08984375,0.0908203125,0.091796875,
0.09228515625,0.0927734375,0.09326171875,0.093505859375,0.0936279296875,
0.09375,0.0938720703125,0.093994140625,0.09423828125,0.0947265625,0.09521484375,
0.095703125,0.0966796875,0.09765625,0.099609375,0.1015625,0.103515625,0.10546875,
0.109375,0.11328125,0.1171875,0.119140625,0.12109375,0.1220703125,0.123046875,
0.1240234375,0.12451171875,0.124755859375,0.125,0.125244140625,0.12548828125,
0.1259765625,0.126953125,0.1279296875,0.12890625,0.130859375,0.1328125,
0.13671875,0.140625,0.14453125,0.1484375,0.150390625,0.15234375,0.154296875,
0.1552734375,0.15576171875,0.15625,0.15673828125,0.1572265625,0.158203125,
0.16015625,0.162109375,0.1640625,0.16796875,0.171875,0.17578125,0.1796875,
0.181640625,0.18359375,0.185546875,0.1865234375,0.18701171875,0.1875,0.18798828125,
0.1884765625,0.189453125,0.19140625,0.193359375,0.1953125,0.19921875,0.203125,
0.2109375,0.21875,0.2265625,0.23046875,0.234375,0.23828125,0.2421875,0.244140625,
0.24609375,0.2470703125,0.248046875,0.2490234375,0.24951171875,0.25,0.25048828125,
0.2509765625,0.251953125,0.2529296875,0.25390625,0.255859375,0.2578125,
0.26171875,0.265625,0.26953125,0.2734375,0.28125,0.2890625,0.29296875,0.296875,
0.30078125,0.3046875,0.306640625,0.30859375,0.3095703125,0.310546875,0.3115234375,
0.31201171875,0.312255859375,0.3125,0.312744140625,0.31298828125,0.3134765625,
0.314453125,0.3154296875,0.31640625,0.318359375,0.3203125,0.32421875,0.328125,
0.33203125,0.3359375,0.34375,0.3515625,0.35546875,0.359375,0.36328125,0.3671875,
0.369140625,0.37109375,0.3720703125,0.373046875,0.3740234375,0.37451171875,
0.374755859375,0.375,0.375244140625,0.37548828125,0.3759765625,0.376953125,
0.3779296875,0.37890625,0.380859375,0.3828125,0.38671875,0.390625,0.39453125,
0.3984375,0.40625,0.4140625,0.41796875,0.421875,0.42578125,0.427734375,
0.4296875,0.431640625,0.43359375,0.4345703125,0.435546875,0.4365234375,
0.43701171875,0.437255859375,0.4375,0.437744140625,0.43798828125,0.4384765625,
0.439453125,0.4404296875,0.44140625,0.443359375,0.4453125,0.447265625,0.44921875,
0.453125,0.45703125,0.4609375,0.46875,0.4765625,0.48046875,0.484375,0.48828125,
0.490234375,0.4921875,0.494140625,0.49609375,0.4970703125,0.498046875,0.49853515625,
0.4990234375,0.49951171875,0.499755859375,0.4998779296875,0.5,0.5001220703125,
0.500244140625,0.50048828125,0.5009765625,0.50146484375,0.501953125,0.5029296875,
0.50390625,0.505859375,0.5078125,0.509765625,0.51171875,0.515625,0.51953125,
0.5234375,0.53125,0.5390625,0.54296875,0.546875,0.55078125,0.5546875,0.556640625,
0.55859375,0.5595703125,0.560546875,0.5615234375,0.56201171875,0.562255859375,
0.5625,0.562744140625,0.56298828125,0.5634765625,0.564453125,0.5654296875,
0.56640625,0.568359375,0.5703125,0.57421875,0.578125,0.58203125,0.5859375,
0.587890625,0.58984375,0.591796875,0.5927734375,0.59326171875,0.59375,0.59423828125,
0.5947265625,0.595703125,0.59765625,0.599609375,0.6015625,0.60546875,0.609375,
0.61328125,0.6171875,0.619140625,0.62109375,0.623046875,0.6240234375,0.62451171875,
0.625,0.62548828125,0.6259765625,0.626953125,0.62890625,0.630859375,0.6328125,
0.63671875,0.640625,0.6484375,0.65625,0.6640625,0.66796875,0.671875,0.67578125,
0.6796875,0.681640625,0.68359375,0.685546875,0.6865234375,0.68701171875,
0.6875,0.68798828125,0.6884765625,0.689453125,0.69140625,0.693359375,0.6953125,
0.69921875,0.703125,0.70703125,0.7109375,0.712890625,0.71484375,0.716796875,
0.7177734375,0.71826171875,0.71875,0.71923828125,0.7197265625,0.720703125,
0.72265625,0.724609375,0.7265625,0.73046875,0.734375,0.7421875,0.74609375,
0.748046875,0.75,0.751953125,0.75390625,0.7578125,0.765625,0.76953125,0.7734375,
0.77734375,0.779296875,0.7802734375,0.78125,0.7822265625,0.783203125,0.78515625,
0.7890625,0.796875,0.80078125,0.8046875,0.806640625,0.80859375,0.810546875,
0.8115234375,0.81201171875,0.8125,0.81298828125,0.8134765625,0.814453125,
0.81640625,0.818359375,0.8203125,0.82421875,0.828125,0.8359375,0.84375,
0.8515625,0.859375,0.86328125,0.8671875,0.87109375,0.873046875,0.8740234375,
0.875,0.8759765625,0.876953125,0.87890625,0.8828125,0.88671875,0.890625,
0.89453125,0.8984375,0.900390625,0.90234375,0.904296875,0.9052734375,0.90576171875,
0.90625,0.90673828125,0.9072265625,0.908203125,0.91015625,0.912109375,0.9140625,
0.916015625,0.91796875,0.919921875,0.9208984375,0.92138671875,0.921875,
0.92236328125,0.9228515625,0.923828125,0.92578125,0.927734375,0.9296875,
0.931640625,0.93359375,0.9345703125,0.935546875,0.9365234375,0.93701171875,
0.937255859375,0.9375,0.937744140625,0.93798828125,0.9384765625,0.939453125,
0.9404296875,0.94140625,0.943359375,0.9453125,0.947265625,0.94921875,0.9501953125,
0.951171875,0.95166015625,0.9521484375,0.95263671875,0.952880859375,0.9530029296875,
0.953125,0.9532470703125,0.953369140625,0.95361328125,0.9541015625,0.95458984375,
0.955078125,0.9560546875,0.95703125,0.958984375,0.9609375,0.962890625,0.9638671875,
0.96484375,0.9658203125,0.966796875,0.96728515625,0.9677734375,0.968017578125,
0.96826171875,0.968505859375,0.9686279296875,0.96868896484375,0.96875,0.96881103515625,
0.9688720703125,0.968994140625,0.96923828125,0.969482421875,0.9697265625,
0.97021484375,0.970703125,0.9716796875,0.97265625,0.9736328125,0.974609375,
0.9765625,0.978515625,0.9794921875,0.98046875,0.9814453125,0.982421875,
0.98291015625,0.9833984375,0.983642578125,0.98388671875,0.984130859375,
0.9842529296875,0.98431396484375,0.984375,0.98443603515625,0.9844970703125,
0.984619140625,0.98486328125,0.985107421875,0.9853515625,0.98583984375,
0.986328125,0.9873046875,0.98828125,0.9892578125,0.98974609375,0.990234375,
0.99072265625,0.9912109375,0.991455078125,0.99169921875,0.9918212890625,
0.991943359375,0.9920654296875,0.99212646484375,0.992156982421875,0.9921875,
0.992218017578125,0.99224853515625,0.9923095703125,0.992431640625,0.9925537109375,
0.99267578125,0.992919921875,0.9931640625,0.99365234375,0.994140625,0.99462890625,
0.9951171875,0.99609375,0.9970703125,0.998046875,1.),.UNSPECIFIED.);
#19=B_SPLINE_CURVE_WITH_KNOTS('',3,(#11053,#11054,#11055,#11056,#11057,
#11058,#11059,#11060,#11061,#11062,#11063,#11064,#11065,#11066,#11067,#11068,
#11069,#11070,#11071,#11072,#11073,#11074,#11075,#11076,#11077,#11078,#11079,
#11080,#11081,#11082,#11083,#11084,#11085,#11086,#11087,#11088,#11089,#11090,
#11091,#11092,#11093,#11094,#11095,#11096,#11097,#11098,#11099,#11100,#11101,
#11102,#11103,#11104,#11105,#11106,#11107,#11108,#11109,#11110,#11111,#11112,
#11113,#11114,#11115,#11116,#11117,#11118,#11119,#11120,#11121,#11122,#11123,
#11124,#11125,#11126,#11127,#11128,#11129,#11130,#11131,#11132,#11133,#11134,
#11135,#11136,#11137,#11138,#11139,#11140,#11141,#11142,#11143,#11144,#11145,
#11146,#11147,#11148,#11149,#11150,#11151,#11152,#11153,#11154,#11155,#11156,
#11157,#11158,#11159,#11160,#11161,#11162,#11163,#11164,#11165,#11166,#11167,
#11168,#11169,#11170,#11171,#11172,#11173,#11174,#11175,#11176,#11177,#11178,
#11179,#11180,#11181,#11182,#11183,#11184,#11185,#11186,#11187,#11188,#11189,
#11190,#11191,#11192,#11193,#11194,#11195,#11196,#11197,#11198,#11199,#11200,
#11201,#11202,#11203,#11204,#11205,#11206,#11207,#11208,#11209,#11210,#11211,
#11212,#11213,#11214,#11215,#11216,#11217,#11218,#11219,#11220,#11221,#11222,
#11223,#11224,#11225,#11226,#11227,#11228,#11229,#11230,#11231,#11232,#11233,
#11234,#11235,#11236,#11237,#11238,#11239,#11240,#11241,#11242,#11243,#11244,
#11245,#11246,#11247,#11248,#11249,#11250,#11251,#11252,#11253,#11254,#11255,
#11256,#11257,#11258,#11259,#11260,#11261,#11262,#11263,#11264,#11265,#11266,
#11267,#11268,#11269,#11270,#11271,#11272,#11273,#11274,#11275,#11276,#11277,
#11278,#11279,#11280,#11281,#11282,#11283,#11284,#11285,#11286,#11287,#11288,
#11289,#11290,#11291,#11292,#11293,#11294,#11295,#11296,#11297,#11298,#11299,
#11300,#11301,#11302,#11303,#11304,#11305,#11306,#11307,#11308,#11309,#11310,
#11311,#11312,#11313,#11314,#11315,#11316,#11317,#11318,#11319,#11320,#11321,
#11322,#11323,#11324,#11325,#11326,#11327,#11328,#11329,#11330,#11331,#11332,
#11333,#11334,#11335,#11336,#11337,#11338,#11339,#11340,#11341,#11342,#11343,
#11344,#11345,#11346,#11347,#11348,#11349,#11350,#11351,#11352,#11353,#11354,
#11355,#11356,#11357,#11358,#11359,#11360,#11361,#11362,#11363,#11364,#11365,
#11366,#11367,#11368,#11369,#11370,#11371,#11372,#11373,#11374,#11375,#11376,
#11377,#11378,#11379,#11380,#11381,#11382,#11383,#11384,#11385,#11386,#11387,
#11388,#11389,#11390,#11391,#11392,#11393,#11394,#11395,#11396,#11397,#11398,
#11399,#11400,#11401,#11402,#11403,#11404,#11405,#11406,#11407,#11408,#11409,
#11410,#11411,#11412,#11413,#11414,#11415,#11416,#11417,#11418,#11419,#11420,
#11421,#11422,#11423,#11424,#11425,#11426,#11427,#11428,#11429,#11430,#11431,
#11432,#11433,#11434,#11435,#11436,#11437,#11438,#11439,#11440,#11441,#11442,
#11443,#11444,#11445,#11446,#11447,#11448,#11449,#11450,#11451,#11452,#11453,
#11454,#11455,#11456,#11457,#11458,#11459,#11460,#11461,#11462,#11463,#11464,
#11465,#11466,#11467,#11468,#11469,#11470,#11471,#11472,#11473,#11474,#11475,
#11476,#11477,#11478,#11479,#11480,#11481,#11482,#11483,#11484,#11485,#11486,
#11487,#11488,#11489,#11490,#11491,#11492,#11493,#11494,#11495,#11496,#11497,
#11498,#11499,#11500,#11501,#11502,#11503,#11504,#11505,#11506,#11507,#11508,
#11509,#11510,#11511,#11512,#11513,#11514,#11515,#11516,#11517,#11518,#11519,
#11520,#11521,#11522,#11523,#11524,#11525,#11526,#11527,#11528,#11529,#11530,
#11531,#11532,#11533,#11534,#11535,#11536,#11537,#11538,#11539,#11540,#11541,
#11542,#11543,#11544,#11545,#11546,#11547,#11548,#11549,#11550,#11551,#11552,
#11553,#11554,#11555,#11556,#11557,#11558,#11559,#11560,#11561,#11562,#11563,
#11564,#11565,#11566,#11567,#11568,#11569,#11570,#11571,#11572,#11573,#11574,
#11575,#11576,#11577,#11578,#11579,#11580,#11581,#11582,#11583,#11584,#11585,
#11586,#11587,#11588,#11589,#11590,#11591,#11592,#11593,#11594,#11595,#11596,
#11597,#11598,#11599,#11600,#11601,#11602,#11603,#11604,#11605,#11606,#11607,
#11608,#11609,#11610,#11611,#11612,#11613,#11614,#11615,#11616,#11617,#11618,
#11619,#11620,#11621,#11622,#11623,#11624,#11625,#11626,#11627,#11628,#11629,
#11630,#11631,#11632,#11633,#11634,#11635,#11636,#11637,#11638,#11639,#11640,
#11641,#11642,#11643,#11644,#11645,#11646,#11647,#11648,#11649,#11650,#11651,
#11652,#11653,#11654,#11655),.UNSPECIFIED.,.F.,.F.,(4,1,1,1,1,1,1,1,1,1,
1,1,1,1,1,1,1,1,1,1,1,1,1,1,1,1,1,1,1,1,1,1,1,1,1,1,1,1,1,1,1,1,1,1,1,1,
1,1,1,1,1,1,1,1,1,1,1,1,1,1,1,1,1,1,1,1,1,1,1,1,1,1,1,1,1,1,1,1,1,1,1,1,
1,1,1,1,1,1,1,1,1,1,1,1,1,1,1,1,1,1,1,1,1,1,1,1,1,1,1,1,1,1,1,1,1,1,1,1,
1,1,1,1,1,1,1,1,1,1,1,1,1,1,1,1,1,1,1,1,1,1,1,1,1,1,1,1,1,1,1,1,1,1,1,1,
1,1,1,1,1,1,1,1,1,1,1,1,1,1,1,1,1,1,1,1,1,1,1,1,1,1,1,1,1,1,1,1,1,1,1,1,
1,1,1,1,1,1,1,1,1,1,1,1,1,1,1,1,1,1,1,1,1,1,1,1,1,1,1,1,1,1,1,1,1,1,1,1,
1,1,1,1,1,1,1,1,1,1,1,1,1,1,1,1,1,1,1,1,1,1,1,1,1,1,1,1,1,1,1,1,1,1,1,1,
1,1,1,1,1,1,1,1,1,1,1,1,1,1,1,1,1,1,1,1,1,1,1,1,1,1,1,1,1,1,1,1,1,1,1,1,
1,1,1,1,1,1,1,1,1,1,1,1,1,1,1,1,1,1,1,1,1,1,1,1,1,1,1,1,1,1,1,1,1,1,1,1,
1,1,1,1,1,1,1,1,1,1,1,1,1,1,1,1,1,1,1,1,1,1,1,1,1,1,1,1,1,1,1,1,1,1,1,1,
1,1,1,1,1,1,1,1,1,1,1,1,1,1,1,1,1,1,1,1,1,1,1,1,1,1,1,1,1,1,1,1,1,1,1,1,
1,1,1,1,1,1,1,1,1,1,1,1,1,1,1,1,1,1,1,1,1,1,1,1,1,1,1,1,1,1,1,1,1,1,1,1,
1,1,1,1,1,1,1,1,1,1,1,1,1,1,1,1,1,1,1,1,1,1,1,1,1,1,1,1,1,1,1,1,1,1,1,1,
1,1,1,1,1,1,1,1,1,1,1,1,1,1,1,1,1,1,1,1,1,1,1,1,1,1,1,1,1,1,1,1,1,1,1,1,
1,1,1,1,1,1,1,1,1,1,1,1,1,1,1,1,1,1,1,1,1,1,1,1,1,1,1,1,1,1,1,1,1,1,1,1,
1,1,1,1,1,1,1,1,1,1,1,1,1,1,1,1,1,1,1,1,1,1,1,1,1,1,1,1,1,1,1,1,1,1,1,1,
1,1,1,1,1,1,1,1,1,1,1,1,1,1,4),(0.,0.001953125,0.0029296875,0.00390625,
0.0048828125,0.00537109375,0.005859375,0.00634765625,0.0068359375,0.007080078125,
0.00732421875,0.0074462890625,0.007568359375,0.0076904296875,0.00775146484375,
0.007781982421875,0.0078125,0.007843017578125,0.00787353515625,0.0079345703125,
0.008056640625,0.0081787109375,0.00830078125,0.008544921875,0.0087890625,
0.00927734375,0.009765625,0.01025390625,0.0107421875,0.01171875,0.0126953125,
0.013671875,0.01416015625,0.0146484375,0.014892578125,0.01513671875,0.015380859375,
0.0155029296875,0.01556396484375,0.015625,0.01568603515625,0.0157470703125,
0.015869140625,0.01611328125,0.016357421875,0.0166015625,0.01708984375,
0.017578125,0.0185546875,0.01953125,0.0205078125,0.021484375,0.0234375,
0.025390625,0.0263671875,0.02734375,0.0283203125,0.029296875,0.02978515625,
0.0302734375,0.030517578125,0.03076171875,0.031005859375,0.0311279296875,
0.03118896484375,0.03125,0.03131103515625,0.0313720703125,0.031494140625,
0.03173828125,0.031982421875,0.0322265625,0.03271484375,0.033203125,0.0341796875,
0.03515625,0.0361328125,0.037109375,0.0390625,0.041015625,0.04296875,0.0439453125,
0.044921875,0.04541015625,0.0458984375,0.04638671875,0.046630859375,0.0467529296875,
0.046875,0.0469970703125,0.047119140625,0.04736328125,0.0478515625,0.04833984375,
0.048828125,0.0498046875,0.05078125,0.052734375,0.0546875,0.056640625,0.05859375,
0.0595703125,0.060546875,0.0615234375,0.06201171875,0.062255859375,0.0625,
0.062744140625,0.06298828125,0.0634765625,0.064453125,0.0654296875,0.06640625,
0.068359375,0.0703125,0.072265625,0.07421875,0.0751953125,0.076171875,0.0771484375,
0.07763671875,0.078125,0.07861328125,0.0791015625,0.080078125,0.08203125,
0.083984375,0.0859375,0.087890625,0.08984375,0.091796875,0.0927734375,0.09326171875,
0.09375,0.09423828125,0.0947265625,0.095703125,0.09765625,0.099609375,0.1015625,
0.10546875,0.109375,0.11328125,0.1171875,0.119140625,0.12109375,0.123046875,
0.1240234375,0.125,0.1259765625,0.126953125,0.12890625,0.1328125,0.13671875,
0.140625,0.1484375,0.15625,0.1640625,0.171875,0.17578125,0.1796875,0.181640625,
0.18359375,0.185546875,0.1865234375,0.18701171875,0.1875,0.18798828125,
0.1884765625,0.189453125,0.19140625,0.193359375,0.1953125,0.19921875,0.203125,
0.2109375,0.21484375,0.216796875,0.2177734375,0.21875,0.2197265625,0.220703125,
0.22265625,0.2265625,0.234375,0.2421875,0.24609375,0.248046875,0.25,0.251953125,
0.25390625,0.2578125,0.265625,0.26953125,0.2734375,0.275390625,0.27734375,
0.279296875,0.2802734375,0.28076171875,0.28125,0.28173828125,0.2822265625,
0.283203125,0.28515625,0.287109375,0.2890625,0.29296875,0.296875,0.30078125,
0.3046875,0.306640625,0.30859375,0.310546875,0.3115234375,0.31201171875,
0.3125,0.31298828125,0.3134765625,0.314453125,0.31640625,0.318359375,0.3203125,
0.32421875,0.328125,0.3359375,0.34375,0.3515625,0.359375,0.36328125,0.3671875,
0.369140625,0.37109375,0.373046875,0.3740234375,0.37451171875,0.375,0.37548828125,
0.3759765625,0.376953125,0.37890625,0.380859375,0.3828125,0.38671875,0.390625,
0.39453125,0.3984375,0.400390625,0.40234375,0.4033203125,0.404296875,0.4052734375,
0.40576171875,0.406005859375,0.40625,0.406494140625,0.40673828125,0.4072265625,
0.408203125,0.4091796875,0.41015625,0.412109375,0.4140625,0.41796875,0.421875,
0.42578125,0.4296875,0.431640625,0.43359375,0.4345703125,0.435546875,0.4365234375,
0.43701171875,0.437255859375,0.4375,0.437744140625,0.43798828125,0.4384765625,
0.439453125,0.4404296875,0.44140625,0.443359375,0.4453125,0.44921875,0.453125,
0.45703125,0.4609375,0.46875,0.4765625,0.48046875,0.484375,0.48828125,0.490234375,
0.4921875,0.494140625,0.49609375,0.4970703125,0.498046875,0.49853515625,
0.4990234375,0.49951171875,0.499755859375,0.4998779296875,0.5,0.5001220703125,
0.500244140625,0.50048828125,0.5009765625,0.50146484375,0.501953125,0.5029296875,
0.50390625,0.505859375,0.5078125,0.509765625,0.51171875,0.515625,0.51953125,
0.5234375,0.53125,0.5390625,0.54296875,0.546875,0.55078125,0.552734375,
0.5546875,0.556640625,0.55859375,0.5595703125,0.560546875,0.5615234375,
0.56201171875,0.562255859375,0.5625,0.562744140625,0.56298828125,0.5634765625,
0.564453125,0.5654296875,0.56640625,0.568359375,0.5703125,0.57421875,0.578125,
0.58203125,0.5859375,0.59375,0.6015625,0.60546875,0.609375,0.61328125,0.6171875,
0.619140625,0.62109375,0.6220703125,0.623046875,0.6240234375,0.62451171875,
0.624755859375,0.625,0.625244140625,0.62548828125,0.6259765625,0.626953125,
0.6279296875,0.62890625,0.630859375,0.6328125,0.63671875,0.640625,0.64453125,
0.6484375,0.65625,0.6640625,0.66796875,0.671875,0.67578125,0.6796875,0.681640625,
0.68359375,0.6845703125,0.685546875,0.6865234375,0.68701171875,0.687255859375,
0.6875,0.687744140625,0.68798828125,0.6884765625,0.689453125,0.6904296875,
0.69140625,0.693359375,0.6953125,0.69921875,0.703125,0.70703125,0.7109375,
0.71875,0.7265625,0.73046875,0.734375,0.73828125,0.7421875,0.744140625,
0.74609375,0.7470703125,0.748046875,0.7490234375,0.74951171875,0.75,0.75048828125,
0.7509765625,0.751953125,0.7529296875,0.75390625,0.755859375,0.7578125,
0.76171875,0.765625,0.76953125,0.7734375,0.78125,0.7890625,0.796875,0.80078125,
0.8046875,0.806640625,0.80859375,0.810546875,0.8115234375,0.81201171875,
0.8125,0.81298828125,0.8134765625,0.814453125,0.81640625,0.818359375,0.8203125,
0.82421875,0.828125,0.83203125,0.8359375,0.837890625,0.83984375,0.841796875,
0.8427734375,0.84326171875,0.84375,0.84423828125,0.8447265625,0.845703125,
0.84765625,0.849609375,0.8515625,0.85546875,0.859375,0.86328125,0.8671875,
0.869140625,0.87109375,0.8720703125,0.873046875,0.8740234375,0.87451171875,
0.874755859375,0.875,0.875244140625,0.87548828125,0.8759765625,0.876953125,
0.8779296875,0.87890625,0.880859375,0.8828125,0.88671875,0.890625,0.89453125,
0.896484375,0.8984375,0.900390625,0.90234375,0.9033203125,0.904296875,0.90478515625,
0.9052734375,0.90576171875,0.906005859375,0.9061279296875,0.90625,0.9063720703125,
0.906494140625,0.90673828125,0.9072265625,0.90771484375,0.908203125,0.9091796875,
0.91015625,0.912109375,0.9140625,0.916015625,0.91796875,0.921875,0.92578125,
0.927734375,0.9296875,0.931640625,0.9326171875,0.93359375,0.9345703125,
0.935546875,0.93603515625,0.9365234375,0.936767578125,0.93701171875,0.937255859375,
0.9373779296875,0.93743896484375,0.9375,0.93756103515625,0.9376220703125,
0.937744140625,0.93798828125,0.938232421875,0.9384765625,0.93896484375,
0.939453125,0.9404296875,0.94140625,0.9423828125,0.943359375,0.9453125,
0.947265625,0.94921875,0.953125,0.95703125,0.958984375,0.9609375,0.962890625,
0.9638671875,0.96484375,0.9658203125,0.966796875,0.96728515625,0.9677734375,
0.968017578125,0.96826171875,0.968505859375,0.9686279296875,0.96868896484375,
0.96875,0.96881103515625,0.9688720703125,0.968994140625,0.96923828125,0.969482421875,
0.9697265625,0.97021484375,0.970703125,0.9716796875,0.97265625,0.9736328125,
0.974609375,0.9765625,0.978515625,0.9794921875,0.98046875,0.9814453125,
0.98193359375,0.982421875,0.98291015625,0.9833984375,0.983642578125,0.98388671875,
0.9840087890625,0.984130859375,0.9842529296875,0.98431396484375,0.984344482421875,
0.984375,0.984405517578125,0.98443603515625,0.9844970703125,0.984619140625,
0.9847412109375,0.98486328125,0.985107421875,0.9853515625,0.98583984375,
0.986328125,0.98681640625,0.9873046875,0.98828125,0.9892578125,0.990234375,
0.9912109375,0.9921875,0.994140625,0.99609375,0.998046875,1.),
 .UNSPECIFIED.);
#20=B_SPLINE_CURVE_WITH_KNOTS('',3,(#12154,#12155,#12156,#12157),
 .UNSPECIFIED.,.F.,.F.,(4,4),(0.,1.),.UNSPECIFIED.);
#21=B_SPLINE_CURVE_WITH_KNOTS('',3,(#12161,#12162,#12163,#12164),
 .UNSPECIFIED.,.F.,.F.,(4,4),(0.,1.),.UNSPECIFIED.);
#22=B_SPLINE_CURVE_WITH_KNOTS('',3,(#12183,#12184,#12185,#12186),
 .UNSPECIFIED.,.F.,.F.,(4,4),(0.,1.),.UNSPECIFIED.);
#23=B_SPLINE_CURVE_WITH_KNOTS('',3,(#12190,#12191,#12192,#12193),
 .UNSPECIFIED.,.F.,.F.,(4,4),(0.,1.),.UNSPECIFIED.);
#24=B_SPLINE_CURVE_WITH_KNOTS('',3,(#12816,#12817,#12818,#12819,#12820,
#12821,#12822,#12823,#12824,#12825,#12826,#12827,#12828,#12829,#12830,#12831,
#12832,#12833,#12834,#12835,#12836,#12837,#12838,#12839,#12840,#12841,#12842,
#12843,#12844,#12845,#12846,#12847,#12848,#12849,#12850,#12851,#12852,#12853,
#12854,#12855,#12856,#12857,#12858,#12859,#12860,#12861,#12862,#12863,#12864,
#12865,#12866,#12867,#12868,#12869,#12870,#12871,#12872,#12873,#12874,#12875,
#12876,#12877,#12878,#12879,#12880,#12881,#12882,#12883,#12884,#12885,#12886,
#12887,#12888,#12889,#12890,#12891,#12892,#12893,#12894,#12895,#12896,#12897,
#12898,#12899,#12900,#12901,#12902,#12903,#12904,#12905,#12906,#12907,#12908,
#12909,#12910,#12911,#12912,#12913,#12914,#12915,#12916,#12917,#12918,#12919,
#12920,#12921,#12922,#12923,#12924,#12925,#12926,#12927,#12928,#12929,#12930,
#12931,#12932,#12933,#12934,#12935,#12936,#12937,#12938,#12939,#12940,#12941,
#12942,#12943,#12944,#12945,#12946,#12947,#12948,#12949,#12950,#12951,#12952,
#12953,#12954,#12955,#12956,#12957,#12958,#12959,#12960,#12961,#12962,#12963,
#12964,#12965,#12966,#12967,#12968,#12969,#12970,#12971,#12972,#12973,#12974,
#12975,#12976,#12977,#12978,#12979,#12980,#12981,#12982,#12983,#12984,#12985,
#12986,#12987,#12988,#12989,#12990,#12991,#12992,#12993,#12994,#12995,#12996,
#12997,#12998,#12999,#13000,#13001,#13002,#13003,#13004,#13005,#13006,#13007,
#13008,#13009,#13010,#13011,#13012,#13013,#13014,#13015,#13016,#13017,#13018,
#13019,#13020,#13021,#13022,#13023,#13024,#13025,#13026,#13027,#13028,#13029,
#13030,#13031,#13032,#13033,#13034,#13035,#13036,#13037,#13038,#13039,#13040,
#13041,#13042,#13043,#13044,#13045,#13046,#13047,#13048,#13049,#13050,#13051,
#13052,#13053,#13054,#13055,#13056,#13057,#13058,#13059,#13060,#13061,#13062,
#13063,#13064,#13065,#13066,#13067,#13068,#13069,#13070,#13071,#13072,#13073,
#13074,#13075,#13076,#13077,#13078,#13079,#13080,#13081,#13082,#13083,#13084,
#13085,#13086,#13087,#13088,#13089,#13090,#13091,#13092,#13093,#13094,#13095,
#13096,#13097,#13098,#13099,#13100,#13101,#13102,#13103,#13104,#13105,#13106,
#13107,#13108,#13109,#13110,#13111,#13112,#13113,#13114,#13115,#13116,#13117,
#13118,#13119,#13120,#13121,#13122,#13123,#13124,#13125,#13126,#13127,#13128,
#13129,#13130,#13131,#13132,#13133,#13134,#13135,#13136,#13137,#13138,#13139,
#13140,#13141,#13142,#13143,#13144,#13145,#13146,#13147,#13148,#13149,#13150,
#13151,#13152,#13153,#13154,#13155,#13156,#13157,#13158,#13159,#13160,#13161,
#13162,#13163,#13164,#13165,#13166,#13167,#13168,#13169,#13170,#13171,#13172,
#13173,#13174,#13175,#13176,#13177,#13178,#13179,#13180,#13181,#13182,#13183,
#13184,#13185,#13186,#13187,#13188,#13189,#13190,#13191,#13192,#13193,#13194,
#13195,#13196,#13197,#13198,#13199,#13200,#13201,#13202,#13203,#13204,#13205,
#13206,#13207,#13208,#13209,#13210,#13211,#13212,#13213,#13214,#13215,#13216,
#13217,#13218,#13219,#13220,#13221,#13222,#13223,#13224,#13225,#13226,#13227,
#13228,#13229,#13230,#13231,#13232,#13233,#13234,#13235,#13236,#13237,#13238,
#13239,#13240,#13241,#13242,#13243,#13244,#13245,#13246,#13247,#13248,#13249,
#13250,#13251,#13252,#13253,#13254,#13255,#13256,#13257,#13258,#13259,#13260,
#13261,#13262,#13263,#13264,#13265,#13266,#13267,#13268,#13269,#13270,#13271,
#13272,#13273,#13274,#13275,#13276,#13277,#13278,#13279,#13280,#13281,#13282,
#13283),.UNSPECIFIED.,.F.,.F.,(4,1,1,1,1,1,1,1,1,1,1,1,1,1,1,1,1,1,1,1,
1,1,1,1,1,1,1,1,1,1,1,1,1,1,1,1,1,1,1,1,1,1,1,1,1,1,1,1,1,1,1,1,1,1,1,1,
1,1,1,1,1,1,1,1,1,1,1,1,1,1,1,1,1,1,1,1,1,1,1,1,1,1,1,1,1,1,1,1,1,1,1,1,
1,1,1,1,1,1,1,1,1,1,1,1,1,1,1,1,1,1,1,1,1,1,1,1,1,1,1,1,1,1,1,1,1,1,1,1,
1,1,1,1,1,1,1,1,1,1,1,1,1,1,1,1,1,1,1,1,1,1,1,1,1,1,1,1,1,1,1,1,1,1,1,1,
1,1,1,1,1,1,1,1,1,1,1,1,1,1,1,1,1,1,1,1,1,1,1,1,1,1,1,1,1,1,1,1,1,1,1,1,
1,1,1,1,1,1,1,1,1,1,1,1,1,1,1,1,1,1,1,1,1,1,1,1,1,1,1,1,1,1,1,1,1,1,1,1,
1,1,1,1,1,1,1,1,1,1,1,1,1,1,1,1,1,1,1,1,1,1,1,1,1,1,1,1,1,1,1,1,1,1,1,1,
1,1,1,1,1,1,1,1,1,1,1,1,1,1,1,1,1,1,1,1,1,1,1,1,1,1,1,1,1,1,1,1,1,1,1,1,
1,1,1,1,1,1,1,1,1,1,1,1,1,1,1,1,1,1,1,1,1,1,1,1,1,1,1,1,1,1,1,1,1,1,1,1,
1,1,1,1,1,1,1,1,1,1,1,1,1,1,1,1,1,1,1,1,1,1,1,1,1,1,1,1,1,1,1,1,1,1,1,1,
1,1,1,1,1,1,1,1,1,1,1,1,1,1,1,1,1,1,1,1,1,1,1,1,1,1,1,1,1,1,1,1,1,1,1,1,
1,1,1,1,1,1,1,1,1,1,1,1,1,1,1,1,1,1,1,1,1,1,1,1,1,1,1,1,1,1,1,1,1,1,1,1,
1,1,1,1,1,1,1,1,1,1,1,1,1,4),(0.,0.001953125,0.00390625,0.0048828125,0.005859375,
0.00634765625,0.0068359375,0.00732421875,0.0078125,0.008056640625,0.00830078125,
0.008544921875,0.0086669921875,0.0087890625,0.00885009765625,0.0089111328125,
0.0089263916015625,0.008941650390625,0.00897216796875,0.009033203125,0.0091552734375,
0.00927734375,0.009521484375,0.009765625,0.01025390625,0.0107421875,0.01171875,
0.0126953125,0.013671875,0.0146484375,0.015625,0.01611328125,0.0166015625,
0.01708984375,0.017333984375,0.017578125,0.0177001953125,0.017822265625,
0.017852783203125,0.01788330078125,0.0179443359375,0.01806640625,0.018310546875,
0.0185546875,0.01904296875,0.01953125,0.0205078125,0.021484375,0.0234375,
0.025390625,0.02734375,0.029296875,0.03125,0.0322265625,0.033203125,0.0341796875,
0.03466796875,0.03515625,0.035400390625,0.0355224609375,0.03564453125,0.03570556640625,
0.0357666015625,0.035888671875,0.0361328125,0.03662109375,0.037109375,0.0380859375,
0.0390625,0.041015625,0.04296875,0.046875,0.048828125,0.05078125,0.0517578125,
0.052734375,0.05322265625,0.053466796875,0.0535888671875,0.0537109375,0.053955078125,
0.05419921875,0.0546875,0.0556640625,0.056640625,0.05859375,0.060546875,
0.0625,0.064453125,0.06640625,0.068359375,0.0693359375,0.0703125,0.07080078125,
0.0712890625,0.0714111328125,0.071533203125,0.07177734375,0.072265625,0.0732421875,
0.07421875,0.076171875,0.078125,0.08203125,0.0859375,0.087890625,0.0888671875,
0.08935546875,0.08984375,0.0908203125,0.091796875,0.09375,0.095703125,0.09765625,
0.1015625,0.103515625,0.10546875,0.1064453125,0.10693359375,0.107177734375,
0.107421875,0.10791015625,0.1083984375,0.109375,0.111328125,0.11328125,
0.1171875,0.12109375,0.125,0.12890625,0.1328125,0.13671875,0.138671875,
0.140625,0.1416015625,0.142578125,0.142822265625,0.14306640625,0.1435546875,
0.14453125,0.146484375,0.1484375,0.15234375,0.15625,0.1640625,0.171875,
0.17578125,0.177734375,0.1787109375,0.1796875,0.181640625,0.18359375,0.1875,
0.19140625,0.1953125,0.203125,0.20703125,0.2109375,0.212890625,0.2138671875,
0.21435546875,0.21484375,0.2158203125,0.216796875,0.21875,0.22265625,0.2265625,
0.234375,0.2421875,0.24609375,0.248046875,0.25,0.251953125,0.25390625,0.2578125,
0.265625,0.2734375,0.27734375,0.28125,0.283203125,0.28515625,0.2861328125,
0.287109375,0.2890625,0.29296875,0.296875,0.3046875,0.30859375,0.3125,0.31640625,
0.318359375,0.3203125,0.3212890625,0.322265625,0.32421875,0.328125,0.3359375,
0.34375,0.34765625,0.3515625,0.353515625,0.35546875,0.3564453125,0.35693359375,
0.357421875,0.3583984375,0.359375,0.361328125,0.36328125,0.3671875,0.37109375,
0.375,0.37890625,0.3828125,0.38671875,0.388671875,0.390625,0.3916015625,
0.392578125,0.39306640625,0.3935546875,0.39453125,0.396484375,0.3984375,
0.40234375,0.40625,0.4140625,0.421875,0.42578125,0.427734375,0.4287109375,
0.4296875,0.43359375,0.4375,0.4453125,0.453125,0.4609375,0.46484375,0.46875,
0.4765625,0.484375,0.4921875,0.5,0.515625,0.5234375,0.53125,0.53515625,
0.5390625,0.546875,0.5546875,0.55859375,0.5625,0.56640625,0.568359375,0.5703125,
0.5712890625,0.572265625,0.57421875,0.578125,0.5859375,0.59375,0.6015625,
0.609375,0.61328125,0.6171875,0.619140625,0.62109375,0.623046875,0.6240234375,
0.62451171875,0.625,0.62548828125,0.6259765625,0.626953125,0.62890625,0.630859375,
0.6328125,0.63671875,0.640625,0.6484375,0.65625,0.6640625,0.671875,0.67578125,
0.677734375,0.6787109375,0.6796875,0.681640625,0.68359375,0.6875,0.69140625,
0.6953125,0.703125,0.7109375,0.71875,0.72265625,0.7265625,0.728515625,0.73046875,
0.7314453125,0.73193359375,0.732421875,0.7333984375,0.734375,0.736328125,
0.73828125,0.7421875,0.74609375,0.75,0.7578125,0.765625,0.7734375,0.77734375,
0.779296875,0.78125,0.783203125,0.7841796875,0.78515625,0.78564453125,0.7861328125,
0.787109375,0.7890625,0.79296875,0.796875,0.80078125,0.8046875,0.8125,0.8203125,
0.82421875,0.828125,0.83203125,0.8359375,0.837890625,0.8388671875,0.83935546875,
0.83984375,0.8408203125,0.841796875,0.84375,0.84765625,0.8515625,0.85546875,
0.859375,0.86328125,0.8642578125,0.865234375,0.8662109375,0.8671875,0.869140625,
0.87109375,0.875,0.87890625,0.8828125,0.88671875,0.888671875,0.890625,0.8916015625,
0.89208984375,0.892578125,0.892822265625,0.89306640625,0.8935546875,0.89453125,
0.896484375,0.8984375,0.90234375,0.90625,0.91015625,0.912109375,0.9140625,
0.916015625,0.91796875,0.9189453125,0.91943359375,0.919677734375,0.919921875,
0.92041015625,0.9208984375,0.921875,0.9228515625,0.923828125,0.92578125,
0.9296875,0.93359375,0.9375,0.939453125,0.94140625,0.943359375,0.9443359375,
0.9453125,0.94580078125,0.946044921875,0.9462890625,0.9464111328125,0.946533203125,
0.94677734375,0.947265625,0.9482421875,0.94921875,0.951171875,0.953125,
0.955078125,0.9560546875,0.95703125,0.9580078125,0.958984375,0.95947265625,
0.959716796875,0.9598388671875,0.9599609375,0.960205078125,0.96044921875,
0.9609375,0.9619140625,0.962890625,0.96484375,0.966796875,0.96875,0.9697265625,
0.970703125,0.9716796875,0.97216796875,0.97265625,0.972900390625,0.9730224609375,
0.97314453125,0.97320556640625,0.9732666015625,0.973388671875,0.9736328125,
0.97412109375,0.974609375,0.9755859375,0.9765625,0.978515625,0.98046875,
0.9814453125,0.982421875,0.9833984375,0.984375,0.98486328125,0.9853515625,
0.98583984375,0.986083984375,0.9862060546875,0.986328125,0.9864501953125,
0.98651123046875,0.986572265625,0.986602783203125,0.98663330078125,0.9866943359375,
0.98681640625,0.987060546875,0.9873046875,0.987548828125,0.98779296875,
0.98828125,0.9892578125,0.990234375,0.9912109375,0.9921875,0.994140625,
0.99609375,0.998046875,1.),.UNSPECIFIED.);
#25=B_SPLINE_CURVE_WITH_KNOTS('',3,(#13287,#13288,#13289,#13290,#13291,
#13292,#13293,#13294,#13295,#13296,#13297,#13298,#13299,#13300,#13301,#13302,
#13303,#13304,#13305,#13306,#13307,#13308,#13309,#13310,#13311,#13312,#13313,
#13314,#13315,#13316,#13317,#13318,#13319,#13320,#13321,#13322,#13323,#13324,
#13325,#13326,#13327,#13328,#13329,#13330,#13331,#13332,#13333,#13334,#13335,
#13336,#13337,#13338,#13339,#13340,#13341,#13342,#13343,#13344,#13345,#13346,
#13347,#13348,#13349,#13350,#13351,#13352,#13353,#13354,#13355,#13356,#13357,
#13358,#13359,#13360,#13361,#13362,#13363,#13364,#13365,#13366,#13367,#13368,
#13369,#13370,#13371,#13372,#13373,#13374,#13375,#13376,#13377,#13378,#13379,
#13380,#13381,#13382,#13383,#13384,#13385,#13386,#13387,#13388,#13389,#13390,
#13391,#13392,#13393,#13394,#13395,#13396,#13397,#13398,#13399,#13400,#13401,
#13402,#13403,#13404,#13405,#13406,#13407,#13408,#13409,#13410,#13411,#13412,
#13413,#13414,#13415,#13416,#13417,#13418,#13419,#13420,#13421,#13422,#13423,
#13424,#13425,#13426,#13427,#13428,#13429,#13430,#13431,#13432,#13433,#13434,
#13435,#13436,#13437,#13438,#13439,#13440,#13441,#13442,#13443,#13444,#13445,
#13446,#13447,#13448,#13449,#13450,#13451,#13452,#13453,#13454,#13455,#13456,
#13457,#13458,#13459,#13460,#13461,#13462,#13463,#13464,#13465,#13466,#13467,
#13468,#13469,#13470,#13471,#13472,#13473,#13474,#13475,#13476,#13477,#13478,
#13479,#13480,#13481,#13482,#13483,#13484,#13485,#13486,#13487,#13488,#13489,
#13490,#13491,#13492,#13493,#13494,#13495,#13496,#13497,#13498,#13499,#13500,
#13501,#13502,#13503,#13504,#13505,#13506,#13507,#13508,#13509,#13510,#13511,
#13512,#13513,#13514,#13515,#13516,#13517,#13518,#13519,#13520,#13521,#13522,
#13523,#13524,#13525,#13526,#13527,#13528,#13529,#13530,#13531,#13532,#13533,
#13534,#13535,#13536,#13537,#13538,#13539,#13540,#13541,#13542,#13543,#13544,
#13545,#13546,#13547,#13548,#13549,#13550,#13551,#13552,#13553,#13554,#13555,
#13556,#13557,#13558,#13559,#13560,#13561,#13562,#13563,#13564,#13565,#13566,
#13567,#13568,#13569,#13570,#13571,#13572,#13573,#13574,#13575,#13576,#13577,
#13578,#13579,#13580,#13581,#13582,#13583,#13584,#13585,#13586,#13587,#13588,
#13589,#13590,#13591,#13592,#13593,#13594,#13595,#13596,#13597,#13598,#13599,
#13600,#13601,#13602,#13603,#13604,#13605,#13606,#13607,#13608,#13609,#13610,
#13611,#13612,#13613,#13614,#13615,#13616,#13617,#13618,#13619,#13620,#13621,
#13622,#13623,#13624,#13625,#13626,#13627,#13628,#13629,#13630,#13631,#13632,
#13633,#13634,#13635,#13636,#13637,#13638,#13639,#13640,#13641,#13642,#13643,
#13644,#13645,#13646,#13647,#13648,#13649,#13650,#13651,#13652,#13653,#13654,
#13655,#13656,#13657,#13658,#13659,#13660,#13661,#13662,#13663,#13664,#13665,
#13666,#13667,#13668,#13669,#13670,#13671,#13672,#13673,#13674,#13675,#13676,
#13677,#13678,#13679,#13680,#13681,#13682,#13683,#13684,#13685,#13686,#13687,
#13688,#13689,#13690,#13691,#13692,#13693,#13694,#13695,#13696,#13697,#13698,
#13699,#13700,#13701,#13702,#13703,#13704,#13705,#13706,#13707,#13708,#13709,
#13710,#13711,#13712,#13713,#13714,#13715,#13716,#13717,#13718,#13719,#13720,
#13721,#13722,#13723,#13724,#13725,#13726,#13727,#13728,#13729,#13730,#13731,
#13732,#13733,#13734,#13735,#13736,#13737,#13738,#13739,#13740,#13741,#13742,
#13743,#13744,#13745,#13746,#13747,#13748,#13749,#13750,#13751,#13752,#13753,
#13754),.UNSPECIFIED.,.F.,.F.,(4,1,1,1,1,1,1,1,1,1,1,1,1,1,1,1,1,1,1,1,
1,1,1,1,1,1,1,1,1,1,1,1,1,1,1,1,1,1,1,1,1,1,1,1,1,1,1,1,1,1,1,1,1,1,1,1,
1,1,1,1,1,1,1,1,1,1,1,1,1,1,1,1,1,1,1,1,1,1,1,1,1,1,1,1,1,1,1,1,1,1,1,1,
1,1,1,1,1,1,1,1,1,1,1,1,1,1,1,1,1,1,1,1,1,1,1,1,1,1,1,1,1,1,1,1,1,1,1,1,
1,1,1,1,1,1,1,1,1,1,1,1,1,1,1,1,1,1,1,1,1,1,1,1,1,1,1,1,1,1,1,1,1,1,1,1,
1,1,1,1,1,1,1,1,1,1,1,1,1,1,1,1,1,1,1,1,1,1,1,1,1,1,1,1,1,1,1,1,1,1,1,1,
1,1,1,1,1,1,1,1,1,1,1,1,1,1,1,1,1,1,1,1,1,1,1,1,1,1,1,1,1,1,1,1,1,1,1,1,
1,1,1,1,1,1,1,1,1,1,1,1,1,1,1,1,1,1,1,1,1,1,1,1,1,1,1,1,1,1,1,1,1,1,1,1,
1,1,1,1,1,1,1,1,1,1,1,1,1,1,1,1,1,1,1,1,1,1,1,1,1,1,1,1,1,1,1,1,1,1,1,1,
1,1,1,1,1,1,1,1,1,1,1,1,1,1,1,1,1,1,1,1,1,1,1,1,1,1,1,1,1,1,1,1,1,1,1,1,
1,1,1,1,1,1,1,1,1,1,1,1,1,1,1,1,1,1,1,1,1,1,1,1,1,1,1,1,1,1,1,1,1,1,1,1,
1,1,1,1,1,1,1,1,1,1,1,1,1,1,1,1,1,1,1,1,1,1,1,1,1,1,1,1,1,1,1,1,1,1,1,1,
1,1,1,1,1,1,1,1,1,1,1,1,1,1,1,1,1,1,1,1,1,1,1,1,1,1,1,1,1,1,1,1,1,1,1,1,
1,1,1,1,1,1,1,1,1,1,1,1,1,4),(0.,0.001953125,0.00390625,0.0048828125,0.005859375,
0.00634765625,0.0068359375,0.00732421875,0.0078125,0.008056640625,0.00830078125,
0.008544921875,0.0086669921875,0.0087890625,0.00885009765625,0.0089111328125,
0.0089263916015625,0.008941650390625,0.00897216796875,0.009033203125,0.0091552734375,
0.00927734375,0.009521484375,0.009765625,0.01025390625,0.0107421875,0.01171875,
0.0126953125,0.013671875,0.0146484375,0.015625,0.01611328125,0.0166015625,
0.01708984375,0.017333984375,0.017578125,0.0177001953125,0.017822265625,
0.017852783203125,0.01788330078125,0.0179443359375,0.01806640625,0.018310546875,
0.0185546875,0.01904296875,0.01953125,0.0205078125,0.021484375,0.0234375,
0.025390625,0.02734375,0.029296875,0.03125,0.0322265625,0.033203125,0.0341796875,
0.03466796875,0.03515625,0.035400390625,0.0355224609375,0.03564453125,0.03570556640625,
0.0357666015625,0.035888671875,0.0361328125,0.03662109375,0.037109375,0.0380859375,
0.0390625,0.041015625,0.04296875,0.046875,0.048828125,0.05078125,0.0517578125,
0.052734375,0.05322265625,0.053466796875,0.0535888671875,0.0537109375,0.053955078125,
0.05419921875,0.0546875,0.0556640625,0.056640625,0.05859375,0.060546875,
0.0625,0.064453125,0.06640625,0.068359375,0.0693359375,0.0703125,0.07080078125,
0.0712890625,0.0714111328125,0.071533203125,0.07177734375,0.072265625,0.0732421875,
0.07421875,0.076171875,0.078125,0.08203125,0.0859375,0.087890625,0.0888671875,
0.08935546875,0.08984375,0.0908203125,0.091796875,0.09375,0.095703125,0.09765625,
0.1015625,0.103515625,0.10546875,0.1064453125,0.10693359375,0.107177734375,
0.107421875,0.10791015625,0.1083984375,0.109375,0.111328125,0.11328125,
0.1171875,0.12109375,0.125,0.12890625,0.1328125,0.13671875,0.138671875,
0.140625,0.1416015625,0.142578125,0.142822265625,0.14306640625,0.1435546875,
0.14453125,0.146484375,0.1484375,0.15234375,0.15625,0.1640625,0.171875,
0.17578125,0.177734375,0.1787109375,0.1796875,0.181640625,0.18359375,0.1875,
0.19140625,0.1953125,0.203125,0.20703125,0.2109375,0.212890625,0.2138671875,
0.21435546875,0.21484375,0.2158203125,0.216796875,0.21875,0.22265625,0.2265625,
0.234375,0.2421875,0.24609375,0.248046875,0.25,0.251953125,0.25390625,0.2578125,
0.265625,0.2734375,0.27734375,0.28125,0.283203125,0.28515625,0.2861328125,
0.287109375,0.2890625,0.29296875,0.296875,0.3046875,0.30859375,0.3125,0.31640625,
0.318359375,0.3203125,0.3212890625,0.322265625,0.32421875,0.328125,0.3359375,
0.34375,0.34765625,0.3515625,0.353515625,0.35546875,0.3564453125,0.35693359375,
0.357421875,0.3583984375,0.359375,0.361328125,0.36328125,0.3671875,0.37109375,
0.375,0.37890625,0.3828125,0.38671875,0.388671875,0.390625,0.3916015625,
0.392578125,0.39306640625,0.3935546875,0.39453125,0.396484375,0.3984375,
0.40234375,0.40625,0.4140625,0.421875,0.42578125,0.427734375,0.4287109375,
0.4296875,0.43359375,0.4375,0.4453125,0.453125,0.4609375,0.46484375,0.46875,
0.4765625,0.484375,0.4921875,0.5,0.515625,0.5234375,0.53125,0.53515625,
0.5390625,0.546875,0.5546875,0.55859375,0.5625,0.56640625,0.568359375,0.5703125,
0.5712890625,0.572265625,0.57421875,0.578125,0.5859375,0.59375,0.6015625,
0.609375,0.61328125,0.6171875,0.619140625,0.62109375,0.623046875,0.6240234375,
0.62451171875,0.625,0.62548828125,0.6259765625,0.626953125,0.62890625,0.630859375,
0.6328125,0.63671875,0.640625,0.6484375,0.65625,0.6640625,0.671875,0.67578125,
0.677734375,0.6787109375,0.6796875,0.681640625,0.68359375,0.6875,0.69140625,
0.6953125,0.703125,0.7109375,0.71875,0.72265625,0.7265625,0.728515625,0.73046875,
0.7314453125,0.73193359375,0.732421875,0.7333984375,0.734375,0.736328125,
0.73828125,0.7421875,0.74609375,0.75,0.7578125,0.765625,0.7734375,0.77734375,
0.779296875,0.78125,0.783203125,0.7841796875,0.78515625,0.78564453125,0.7861328125,
0.787109375,0.7890625,0.79296875,0.796875,0.80078125,0.8046875,0.8125,0.8203125,
0.82421875,0.828125,0.83203125,0.8359375,0.837890625,0.8388671875,0.83935546875,
0.83984375,0.8408203125,0.841796875,0.84375,0.84765625,0.8515625,0.85546875,
0.859375,0.86328125,0.8642578125,0.865234375,0.8662109375,0.8671875,0.869140625,
0.87109375,0.875,0.87890625,0.8828125,0.88671875,0.888671875,0.890625,0.8916015625,
0.89208984375,0.892578125,0.892822265625,0.89306640625,0.8935546875,0.89453125,
0.896484375,0.8984375,0.90234375,0.90625,0.91015625,0.912109375,0.9140625,
0.916015625,0.91796875,0.9189453125,0.91943359375,0.919677734375,0.919921875,
0.92041015625,0.9208984375,0.921875,0.9228515625,0.923828125,0.92578125,
0.9296875,0.93359375,0.9375,0.939453125,0.94140625,0.943359375,0.9443359375,
0.9453125,0.94580078125,0.946044921875,0.9462890625,0.9464111328125,0.946533203125,
0.94677734375,0.947265625,0.9482421875,0.94921875,0.951171875,0.953125,
0.955078125,0.9560546875,0.95703125,0.9580078125,0.958984375,0.95947265625,
0.959716796875,0.9598388671875,0.9599609375,0.960205078125,0.96044921875,
0.9609375,0.9619140625,0.962890625,0.96484375,0.966796875,0.96875,0.9697265625,
0.970703125,0.9716796875,0.97216796875,0.97265625,0.972900390625,0.9730224609375,
0.97314453125,0.97320556640625,0.9732666015625,0.973388671875,0.9736328125,
0.97412109375,0.974609375,0.9755859375,0.9765625,0.978515625,0.98046875,
0.9814453125,0.982421875,0.9833984375,0.984375,0.98486328125,0.9853515625,
0.98583984375,0.986083984375,0.9862060546875,0.986328125,0.9864501953125,
0.98651123046875,0.986572265625,0.986602783203125,0.98663330078125,0.9866943359375,
0.98681640625,0.987060546875,0.9873046875,0.987548828125,0.98779296875,
0.98828125,0.9892578125,0.990234375,0.9912109375,0.9921875,0.994140625,
0.99609375,0.998046875,1.),.UNSPECIFIED.);
#26=B_SPLINE_CURVE_WITH_KNOTS('',3,(#13755,#13756,#13757,#13758,#13759,
#13760,#13761,#13762,#13763,#13764,#13765,#13766,#13767,#13768,#13769,#13770,
#13771,#13772,#13773,#13774,#13775,#13776,#13777,#13778,#13779,#13780,#13781,
#13782,#13783,#13784,#13785,#13786,#13787,#13788,#13789,#13790,#13791,#13792,
#13793,#13794,#13795,#13796,#13797,#13798,#13799,#13800,#13801,#13802,#13803,
#13804,#13805,#13806,#13807,#13808,#13809,#13810,#13811,#13812,#13813,#13814,
#13815,#13816,#13817,#13818,#13819,#13820,#13821,#13822,#13823,#13824,#13825,
#13826,#13827,#13828,#13829,#13830,#13831,#13832,#13833,#13834,#13835,#13836,
#13837,#13838,#13839,#13840,#13841,#13842,#13843,#13844,#13845,#13846,#13847,
#13848,#13849,#13850,#13851,#13852,#13853,#13854,#13855,#13856,#13857,#13858,
#13859,#13860,#13861,#13862,#13863,#13864,#13865,#13866,#13867,#13868,#13869,
#13870,#13871,#13872,#13873,#13874,#13875,#13876,#13877,#13878,#13879,#13880,
#13881,#13882,#13883,#13884,#13885,#13886,#13887,#13888,#13889,#13890,#13891,
#13892,#13893,#13894,#13895,#13896,#13897,#13898,#13899,#13900,#13901,#13902,
#13903,#13904,#13905,#13906,#13907,#13908,#13909,#13910,#13911,#13912,#13913,
#13914,#13915,#13916,#13917,#13918,#13919,#13920,#13921,#13922,#13923,#13924,
#13925,#13926,#13927,#13928,#13929,#13930,#13931,#13932,#13933,#13934,#13935,
#13936,#13937,#13938,#13939,#13940,#13941,#13942,#13943,#13944,#13945,#13946,
#13947,#13948,#13949,#13950,#13951,#13952,#13953,#13954,#13955,#13956,#13957,
#13958,#13959,#13960,#13961,#13962,#13963,#13964,#13965,#13966,#13967,#13968,
#13969,#13970,#13971,#13972,#13973,#13974,#13975,#13976,#13977,#13978,#13979,
#13980,#13981,#13982,#13983,#13984,#13985,#13986,#13987,#13988,#13989,#13990,
#13991,#13992,#13993,#13994,#13995,#13996,#13997,#13998,#13999,#14000,#14001,
#14002,#14003,#14004,#14005,#14006,#14007,#14008,#14009,#14010,#14011,#14012,
#14013,#14014,#14015,#14016,#14017,#14018,#14019,#14020,#14021,#14022,#14023,
#14024,#14025,#14026,#14027,#14028,#14029,#14030,#14031,#14032,#14033,#14034,
#14035,#14036,#14037,#14038,#14039,#14040,#14041,#14042,#14043,#14044,#14045,
#14046,#14047,#14048,#14049,#14050,#14051,#14052,#14053,#14054,#14055,#14056,
#14057,#14058,#14059,#14060,#14061,#14062,#14063,#14064,#14065,#14066,#14067,
#14068,#14069,#14070,#14071,#14072,#14073,#14074,#14075,#14076,#14077,#14078,
#14079,#14080,#14081,#14082,#14083,#14084,#14085,#14086,#14087,#14088,#14089,
#14090,#14091,#14092,#14093,#14094,#14095,#14096,#14097,#14098,#14099,#14100,
#14101,#14102,#14103,#14104,#14105,#14106,#14107,#14108,#14109,#14110,#14111,
#14112,#14113,#14114,#14115,#14116,#14117,#14118,#14119,#14120,#14121,#14122,
#14123,#14124,#14125,#14126,#14127,#14128,#14129,#14130,#14131,#14132,#14133,
#14134,#14135,#14136,#14137,#14138,#14139,#14140,#14141,#14142,#14143,#14144,
#14145,#14146,#14147,#14148,#14149,#14150,#14151,#14152,#14153,#14154,#14155,
#14156,#14157,#14158,#14159,#14160,#14161,#14162,#14163,#14164,#14165,#14166,
#14167,#14168,#14169,#14170,#14171,#14172,#14173,#14174,#14175,#14176,#14177,
#14178,#14179,#14180,#14181,#14182,#14183,#14184,#14185,#14186,#14187,#14188,
#14189,#14190,#14191,#14192,#14193,#14194,#14195,#14196,#14197,#14198,#14199,
#14200,#14201,#14202,#14203,#14204,#14205,#14206,#14207,#14208,#14209,#14210,
#14211,#14212,#14213,#14214,#14215,#14216,#14217,#14218,#14219,#14220,#14221,
#14222),.UNSPECIFIED.,.F.,.F.,(4,1,1,1,1,1,1,1,1,1,1,1,1,1,1,1,1,1,1,1,
1,1,1,1,1,1,1,1,1,1,1,1,1,1,1,1,1,1,1,1,1,1,1,1,1,1,1,1,1,1,1,1,1,1,1,1,
1,1,1,1,1,1,1,1,1,1,1,1,1,1,1,1,1,1,1,1,1,1,1,1,1,1,1,1,1,1,1,1,1,1,1,1,
1,1,1,1,1,1,1,1,1,1,1,1,1,1,1,1,1,1,1,1,1,1,1,1,1,1,1,1,1,1,1,1,1,1,1,1,
1,1,1,1,1,1,1,1,1,1,1,1,1,1,1,1,1,1,1,1,1,1,1,1,1,1,1,1,1,1,1,1,1,1,1,1,
1,1,1,1,1,1,1,1,1,1,1,1,1,1,1,1,1,1,1,1,1,1,1,1,1,1,1,1,1,1,1,1,1,1,1,1,
1,1,1,1,1,1,1,1,1,1,1,1,1,1,1,1,1,1,1,1,1,1,1,1,1,1,1,1,1,1,1,1,1,1,1,1,
1,1,1,1,1,1,1,1,1,1,1,1,1,1,1,1,1,1,1,1,1,1,1,1,1,1,1,1,1,1,1,1,1,1,1,1,
1,1,1,1,1,1,1,1,1,1,1,1,1,1,1,1,1,1,1,1,1,1,1,1,1,1,1,1,1,1,1,1,1,1,1,1,
1,1,1,1,1,1,1,1,1,1,1,1,1,1,1,1,1,1,1,1,1,1,1,1,1,1,1,1,1,1,1,1,1,1,1,1,
1,1,1,1,1,1,1,1,1,1,1,1,1,1,1,1,1,1,1,1,1,1,1,1,1,1,1,1,1,1,1,1,1,1,1,1,
1,1,1,1,1,1,1,1,1,1,1,1,1,1,1,1,1,1,1,1,1,1,1,1,1,1,1,1,1,1,1,1,1,1,1,1,
1,1,1,1,1,1,1,1,1,1,1,1,1,1,1,1,1,1,1,1,1,1,1,1,1,1,1,1,1,1,1,1,1,1,1,1,
1,1,1,1,1,1,1,1,1,1,1,1,1,4),(0.,0.001953125,0.00390625,0.0048828125,0.005859375,
0.00634765625,0.0068359375,0.00732421875,0.0078125,0.008056640625,0.00830078125,
0.008544921875,0.0086669921875,0.0087890625,0.00885009765625,0.0089111328125,
0.0089263916015625,0.008941650390625,0.00897216796875,0.009033203125,0.0091552734375,
0.00927734375,0.009521484375,0.009765625,0.01025390625,0.0107421875,0.01171875,
0.0126953125,0.013671875,0.0146484375,0.015625,0.01611328125,0.0166015625,
0.01708984375,0.017333984375,0.017578125,0.0177001953125,0.017822265625,
0.017852783203125,0.01788330078125,0.0179443359375,0.01806640625,0.018310546875,
0.0185546875,0.01904296875,0.01953125,0.0205078125,0.021484375,0.0234375,
0.025390625,0.02734375,0.029296875,0.03125,0.0322265625,0.033203125,0.0341796875,
0.03466796875,0.03515625,0.035400390625,0.0355224609375,0.03564453125,0.03570556640625,
0.0357666015625,0.035888671875,0.0361328125,0.03662109375,0.037109375,0.0380859375,
0.0390625,0.041015625,0.04296875,0.046875,0.048828125,0.05078125,0.0517578125,
0.052734375,0.05322265625,0.053466796875,0.0535888671875,0.0537109375,0.053955078125,
0.05419921875,0.0546875,0.0556640625,0.056640625,0.05859375,0.060546875,
0.0625,0.064453125,0.06640625,0.068359375,0.0693359375,0.0703125,0.07080078125,
0.0712890625,0.0714111328125,0.071533203125,0.07177734375,0.072265625,0.0732421875,
0.07421875,0.076171875,0.078125,0.08203125,0.0859375,0.087890625,0.0888671875,
0.08935546875,0.08984375,0.0908203125,0.091796875,0.09375,0.095703125,0.09765625,
0.1015625,0.103515625,0.10546875,0.1064453125,0.10693359375,0.107177734375,
0.107421875,0.10791015625,0.1083984375,0.109375,0.111328125,0.11328125,
0.1171875,0.12109375,0.125,0.12890625,0.1328125,0.13671875,0.138671875,
0.140625,0.1416015625,0.142578125,0.142822265625,0.14306640625,0.1435546875,
0.14453125,0.146484375,0.1484375,0.15234375,0.15625,0.1640625,0.171875,
0.17578125,0.177734375,0.1787109375,0.1796875,0.181640625,0.18359375,0.1875,
0.19140625,0.1953125,0.203125,0.20703125,0.2109375,0.212890625,0.2138671875,
0.21435546875,0.21484375,0.2158203125,0.216796875,0.21875,0.22265625,0.2265625,
0.234375,0.2421875,0.24609375,0.248046875,0.25,0.251953125,0.25390625,0.2578125,
0.265625,0.2734375,0.27734375,0.28125,0.283203125,0.28515625,0.2861328125,
0.287109375,0.2890625,0.29296875,0.296875,0.3046875,0.30859375,0.3125,0.31640625,
0.318359375,0.3203125,0.3212890625,0.322265625,0.32421875,0.328125,0.3359375,
0.34375,0.34765625,0.3515625,0.353515625,0.35546875,0.3564453125,0.35693359375,
0.357421875,0.3583984375,0.359375,0.361328125,0.36328125,0.3671875,0.37109375,
0.375,0.37890625,0.3828125,0.38671875,0.388671875,0.390625,0.3916015625,
0.392578125,0.39306640625,0.3935546875,0.39453125,0.396484375,0.3984375,
0.40234375,0.40625,0.4140625,0.421875,0.42578125,0.427734375,0.4287109375,
0.4296875,0.43359375,0.4375,0.4453125,0.453125,0.4609375,0.46484375,0.46875,
0.4765625,0.484375,0.4921875,0.5,0.515625,0.5234375,0.53125,0.53515625,
0.5390625,0.546875,0.5546875,0.55859375,0.5625,0.56640625,0.568359375,0.5703125,
0.5712890625,0.572265625,0.57421875,0.578125,0.5859375,0.59375,0.6015625,
0.609375,0.61328125,0.6171875,0.619140625,0.62109375,0.623046875,0.6240234375,
0.62451171875,0.625,0.62548828125,0.6259765625,0.626953125,0.62890625,0.630859375,
0.6328125,0.63671875,0.640625,0.6484375,0.65625,0.6640625,0.671875,0.67578125,
0.677734375,0.6787109375,0.6796875,0.681640625,0.68359375,0.6875,0.69140625,
0.6953125,0.703125,0.7109375,0.71875,0.72265625,0.7265625,0.728515625,0.73046875,
0.7314453125,0.73193359375,0.732421875,0.7333984375,0.734375,0.736328125,
0.73828125,0.7421875,0.74609375,0.75,0.7578125,0.765625,0.7734375,0.77734375,
0.779296875,0.78125,0.783203125,0.7841796875,0.78515625,0.78564453125,0.7861328125,
0.787109375,0.7890625,0.79296875,0.796875,0.80078125,0.8046875,0.8125,0.8203125,
0.82421875,0.828125,0.83203125,0.8359375,0.837890625,0.8388671875,0.83935546875,
0.83984375,0.8408203125,0.841796875,0.84375,0.84765625,0.8515625,0.85546875,
0.859375,0.86328125,0.8642578125,0.865234375,0.8662109375,0.8671875,0.869140625,
0.87109375,0.875,0.87890625,0.8828125,0.88671875,0.888671875,0.890625,0.8916015625,
0.89208984375,0.892578125,0.892822265625,0.89306640625,0.8935546875,0.89453125,
0.896484375,0.8984375,0.90234375,0.90625,0.91015625,0.912109375,0.9140625,
0.916015625,0.91796875,0.9189453125,0.91943359375,0.919677734375,0.919921875,
0.92041015625,0.9208984375,0.921875,0.9228515625,0.923828125,0.92578125,
0.9296875,0.93359375,0.9375,0.939453125,0.94140625,0.943359375,0.9443359375,
0.9453125,0.94580078125,0.946044921875,0.9462890625,0.9464111328125,0.946533203125,
0.94677734375,0.947265625,0.9482421875,0.94921875,0.951171875,0.953125,
0.955078125,0.9560546875,0.95703125,0.9580078125,0.958984375,0.95947265625,
0.959716796875,0.9598388671875,0.9599609375,0.960205078125,0.96044921875,
0.9609375,0.9619140625,0.962890625,0.96484375,0.966796875,0.96875,0.9697265625,
0.970703125,0.9716796875,0.97216796875,0.97265625,0.972900390625,0.9730224609375,
0.97314453125,0.97320556640625,0.9732666015625,0.973388671875,0.9736328125,
0.97412109375,0.974609375,0.9755859375,0.9765625,0.978515625,0.98046875,
0.9814453125,0.982421875,0.9833984375,0.984375,0.98486328125,0.9853515625,
0.98583984375,0.986083984375,0.9862060546875,0.986328125,0.9864501953125,
0.98651123046875,0.986572265625,0.986602783203125,0.98663330078125,0.9866943359375,
0.98681640625,0.987060546875,0.9873046875,0.987548828125,0.98779296875,
0.98828125,0.9892578125,0.990234375,0.9912109375,0.9921875,0.994140625,
0.99609375,0.998046875,1.),.UNSPECIFIED.);
#27=B_SPLINE_CURVE_WITH_KNOTS('',3,(#14223,#14224,#14225,#14226,#14227,
#14228,#14229,#14230,#14231,#14232,#14233,#14234,#14235,#14236,#14237,#14238,
#14239,#14240,#14241,#14242,#14243,#14244,#14245,#14246,#14247,#14248,#14249,
#14250,#14251,#14252,#14253,#14254,#14255,#14256,#14257,#14258,#14259,#14260,
#14261,#14262,#14263,#14264,#14265,#14266,#14267,#14268,#14269,#14270,#14271,
#14272,#14273,#14274,#14275,#14276,#14277,#14278,#14279,#14280,#14281,#14282,
#14283,#14284,#14285,#14286,#14287,#14288,#14289,#14290,#14291,#14292,#14293,
#14294,#14295,#14296,#14297,#14298,#14299,#14300,#14301,#14302,#14303,#14304,
#14305,#14306,#14307,#14308,#14309,#14310,#14311,#14312,#14313,#14314,#14315,
#14316,#14317,#14318,#14319,#14320,#14321,#14322,#14323,#14324,#14325,#14326,
#14327,#14328,#14329,#14330,#14331,#14332,#14333,#14334,#14335,#14336,#14337,
#14338,#14339,#14340,#14341,#14342,#14343,#14344,#14345,#14346,#14347,#14348,
#14349,#14350,#14351,#14352,#14353,#14354,#14355,#14356,#14357,#14358,#14359,
#14360,#14361,#14362,#14363,#14364,#14365,#14366,#14367,#14368,#14369,#14370,
#14371,#14372,#14373,#14374,#14375,#14376,#14377,#14378,#14379,#14380,#14381,
#14382,#14383,#14384,#14385,#14386,#14387,#14388,#14389,#14390,#14391,#14392,
#14393,#14394,#14395,#14396,#14397,#14398,#14399,#14400,#14401,#14402,#14403,
#14404,#14405,#14406,#14407,#14408,#14409,#14410,#14411,#14412,#14413,#14414,
#14415,#14416,#14417,#14418,#14419,#14420,#14421,#14422,#14423,#14424,#14425,
#14426,#14427,#14428,#14429,#14430,#14431,#14432,#14433,#14434,#14435,#14436,
#14437,#14438,#14439,#14440,#14441,#14442,#14443,#14444,#14445,#14446,#14447,
#14448,#14449,#14450,#14451,#14452,#14453,#14454,#14455,#14456,#14457,#14458,
#14459,#14460,#14461,#14462,#14463,#14464,#14465,#14466,#14467,#14468,#14469,
#14470,#14471,#14472,#14473,#14474,#14475,#14476,#14477,#14478,#14479,#14480,
#14481,#14482,#14483,#14484,#14485,#14486,#14487,#14488,#14489,#14490,#14491,
#14492,#14493,#14494,#14495,#14496,#14497,#14498,#14499,#14500,#14501,#14502,
#14503,#14504,#14505,#14506,#14507,#14508,#14509,#14510,#14511,#14512,#14513,
#14514,#14515,#14516,#14517,#14518,#14519,#14520,#14521,#14522,#14523,#14524,
#14525,#14526,#14527,#14528,#14529,#14530,#14531,#14532,#14533,#14534,#14535,
#14536,#14537,#14538,#14539,#14540,#14541,#14542,#14543,#14544,#14545,#14546,
#14547,#14548,#14549,#14550,#14551,#14552,#14553,#14554,#14555,#14556,#14557,
#14558,#14559,#14560,#14561,#14562,#14563,#14564,#14565,#14566,#14567,#14568,
#14569,#14570,#14571,#14572,#14573,#14574,#14575,#14576,#14577,#14578,#14579,
#14580,#14581,#14582,#14583,#14584,#14585,#14586,#14587,#14588,#14589,#14590,
#14591,#14592,#14593,#14594,#14595,#14596,#14597,#14598,#14599,#14600,#14601,
#14602,#14603,#14604,#14605,#14606,#14607,#14608,#14609,#14610,#14611,#14612,
#14613,#14614,#14615,#14616,#14617,#14618,#14619,#14620,#14621,#14622,#14623,
#14624,#14625,#14626,#14627,#14628,#14629,#14630,#14631,#14632,#14633,#14634,
#14635,#14636,#14637,#14638,#14639,#14640,#14641,#14642,#14643,#14644,#14645,
#14646,#14647,#14648,#14649,#14650,#14651,#14652,#14653,#14654,#14655,#14656,
#14657,#14658,#14659,#14660,#14661,#14662,#14663,#14664,#14665,#14666,#14667,
#14668,#14669,#14670,#14671,#14672,#14673,#14674,#14675,#14676,#14677,#14678,
#14679,#14680,#14681,#14682,#14683,#14684,#14685,#14686,#14687,#14688,#14689,
#14690),.UNSPECIFIED.,.F.,.F.,(4,1,1,1,1,1,1,1,1,1,1,1,1,1,1,1,1,1,1,1,
1,1,1,1,1,1,1,1,1,1,1,1,1,1,1,1,1,1,1,1,1,1,1,1,1,1,1,1,1,1,1,1,1,1,1,1,
1,1,1,1,1,1,1,1,1,1,1,1,1,1,1,1,1,1,1,1,1,1,1,1,1,1,1,1,1,1,1,1,1,1,1,1,
1,1,1,1,1,1,1,1,1,1,1,1,1,1,1,1,1,1,1,1,1,1,1,1,1,1,1,1,1,1,1,1,1,1,1,1,
1,1,1,1,1,1,1,1,1,1,1,1,1,1,1,1,1,1,1,1,1,1,1,1,1,1,1,1,1,1,1,1,1,1,1,1,
1,1,1,1,1,1,1,1,1,1,1,1,1,1,1,1,1,1,1,1,1,1,1,1,1,1,1,1,1,1,1,1,1,1,1,1,
1,1,1,1,1,1,1,1,1,1,1,1,1,1,1,1,1,1,1,1,1,1,1,1,1,1,1,1,1,1,1,1,1,1,1,1,
1,1,1,1,1,1,1,1,1,1,1,1,1,1,1,1,1,1,1,1,1,1,1,1,1,1,1,1,1,1,1,1,1,1,1,1,
1,1,1,1,1,1,1,1,1,1,1,1,1,1,1,1,1,1,1,1,1,1,1,1,1,1,1,1,1,1,1,1,1,1,1,1,
1,1,1,1,1,1,1,1,1,1,1,1,1,1,1,1,1,1,1,1,1,1,1,1,1,1,1,1,1,1,1,1,1,1,1,1,
1,1,1,1,1,1,1,1,1,1,1,1,1,1,1,1,1,1,1,1,1,1,1,1,1,1,1,1,1,1,1,1,1,1,1,1,
1,1,1,1,1,1,1,1,1,1,1,1,1,1,1,1,1,1,1,1,1,1,1,1,1,1,1,1,1,1,1,1,1,1,1,1,
1,1,1,1,1,1,1,1,1,1,1,1,1,1,1,1,1,1,1,1,1,1,1,1,1,1,1,1,1,1,1,1,1,1,1,1,
1,1,1,1,1,1,1,1,1,1,1,1,1,4),(0.,0.001953125,0.00390625,0.0048828125,0.005859375,
0.00634765625,0.0068359375,0.00732421875,0.0078125,0.008056640625,0.00830078125,
0.008544921875,0.0086669921875,0.0087890625,0.00885009765625,0.0089111328125,
0.0089263916015625,0.008941650390625,0.00897216796875,0.009033203125,0.0091552734375,
0.00927734375,0.009521484375,0.009765625,0.01025390625,0.0107421875,0.01171875,
0.0126953125,0.013671875,0.0146484375,0.015625,0.01611328125,0.0166015625,
0.01708984375,0.017333984375,0.017578125,0.0177001953125,0.017822265625,
0.017852783203125,0.01788330078125,0.0179443359375,0.01806640625,0.018310546875,
0.0185546875,0.01904296875,0.01953125,0.0205078125,0.021484375,0.0234375,
0.025390625,0.02734375,0.029296875,0.03125,0.0322265625,0.033203125,0.0341796875,
0.03466796875,0.03515625,0.035400390625,0.0355224609375,0.03564453125,0.03570556640625,
0.0357666015625,0.035888671875,0.0361328125,0.03662109375,0.037109375,0.0380859375,
0.0390625,0.041015625,0.04296875,0.046875,0.048828125,0.05078125,0.0517578125,
0.052734375,0.05322265625,0.053466796875,0.0535888671875,0.0537109375,0.053955078125,
0.05419921875,0.0546875,0.0556640625,0.056640625,0.05859375,0.060546875,
0.0625,0.064453125,0.06640625,0.068359375,0.0693359375,0.0703125,0.07080078125,
0.0712890625,0.0714111328125,0.071533203125,0.07177734375,0.072265625,0.0732421875,
0.07421875,0.076171875,0.078125,0.08203125,0.0859375,0.087890625,0.0888671875,
0.08935546875,0.08984375,0.0908203125,0.091796875,0.09375,0.095703125,0.09765625,
0.1015625,0.103515625,0.10546875,0.1064453125,0.10693359375,0.107177734375,
0.107421875,0.10791015625,0.1083984375,0.109375,0.111328125,0.11328125,
0.1171875,0.12109375,0.125,0.12890625,0.1328125,0.13671875,0.138671875,
0.140625,0.1416015625,0.142578125,0.142822265625,0.14306640625,0.1435546875,
0.14453125,0.146484375,0.1484375,0.15234375,0.15625,0.1640625,0.171875,
0.17578125,0.177734375,0.1787109375,0.1796875,0.181640625,0.18359375,0.1875,
0.19140625,0.1953125,0.203125,0.20703125,0.2109375,0.212890625,0.2138671875,
0.21435546875,0.21484375,0.2158203125,0.216796875,0.21875,0.22265625,0.2265625,
0.234375,0.2421875,0.24609375,0.248046875,0.25,0.251953125,0.25390625,0.2578125,
0.265625,0.2734375,0.27734375,0.28125,0.283203125,0.28515625,0.2861328125,
0.287109375,0.2890625,0.29296875,0.296875,0.3046875,0.30859375,0.3125,0.31640625,
0.318359375,0.3203125,0.3212890625,0.322265625,0.32421875,0.328125,0.3359375,
0.34375,0.34765625,0.3515625,0.353515625,0.35546875,0.3564453125,0.35693359375,
0.357421875,0.3583984375,0.359375,0.361328125,0.36328125,0.3671875,0.37109375,
0.375,0.37890625,0.3828125,0.38671875,0.388671875,0.390625,0.3916015625,
0.392578125,0.39306640625,0.3935546875,0.39453125,0.396484375,0.3984375,
0.40234375,0.40625,0.4140625,0.421875,0.42578125,0.427734375,0.4287109375,
0.4296875,0.43359375,0.4375,0.4453125,0.453125,0.4609375,0.46484375,0.46875,
0.4765625,0.484375,0.4921875,0.5,0.515625,0.5234375,0.53125,0.53515625,
0.5390625,0.546875,0.5546875,0.55859375,0.5625,0.56640625,0.568359375,0.5703125,
0.5712890625,0.572265625,0.57421875,0.578125,0.5859375,0.59375,0.6015625,
0.609375,0.61328125,0.6171875,0.619140625,0.62109375,0.623046875,0.6240234375,
0.62451171875,0.625,0.62548828125,0.6259765625,0.626953125,0.62890625,0.630859375,
0.6328125,0.63671875,0.640625,0.6484375,0.65625,0.6640625,0.671875,0.67578125,
0.677734375,0.6787109375,0.6796875,0.681640625,0.68359375,0.6875,0.69140625,
0.6953125,0.703125,0.7109375,0.71875,0.72265625,0.7265625,0.728515625,0.73046875,
0.7314453125,0.73193359375,0.732421875,0.7333984375,0.734375,0.736328125,
0.73828125,0.7421875,0.74609375,0.75,0.7578125,0.765625,0.7734375,0.77734375,
0.779296875,0.78125,0.783203125,0.7841796875,0.78515625,0.78564453125,0.7861328125,
0.787109375,0.7890625,0.79296875,0.796875,0.80078125,0.8046875,0.8125,0.8203125,
0.82421875,0.828125,0.83203125,0.8359375,0.837890625,0.8388671875,0.83935546875,
0.83984375,0.8408203125,0.841796875,0.84375,0.84765625,0.8515625,0.85546875,
0.859375,0.86328125,0.8642578125,0.865234375,0.8662109375,0.8671875,0.869140625,
0.87109375,0.875,0.87890625,0.8828125,0.88671875,0.888671875,0.890625,0.8916015625,
0.89208984375,0.892578125,0.892822265625,0.89306640625,0.8935546875,0.89453125,
0.896484375,0.8984375,0.90234375,0.90625,0.91015625,0.912109375,0.9140625,
0.916015625,0.91796875,0.9189453125,0.91943359375,0.919677734375,0.919921875,
0.92041015625,0.9208984375,0.921875,0.9228515625,0.923828125,0.92578125,
0.9296875,0.93359375,0.9375,0.939453125,0.94140625,0.943359375,0.9443359375,
0.9453125,0.94580078125,0.946044921875,0.9462890625,0.9464111328125,0.946533203125,
0.94677734375,0.947265625,0.9482421875,0.94921875,0.951171875,0.953125,
0.955078125,0.9560546875,0.95703125,0.9580078125,0.958984375,0.95947265625,
0.959716796875,0.9598388671875,0.9599609375,0.960205078125,0.96044921875,
0.9609375,0.9619140625,0.962890625,0.96484375,0.966796875,0.96875,0.9697265625,
0.970703125,0.9716796875,0.97216796875,0.97265625,0.972900390625,0.9730224609375,
0.97314453125,0.97320556640625,0.9732666015625,0.973388671875,0.9736328125,
0.97412109375,0.974609375,0.9755859375,0.9765625,0.978515625,0.98046875,
0.9814453125,0.982421875,0.9833984375,0.984375,0.98486328125,0.9853515625,
0.98583984375,0.986083984375,0.9862060546875,0.986328125,0.9864501953125,
0.98651123046875,0.986572265625,0.986602783203125,0.98663330078125,0.9866943359375,
0.98681640625,0.987060546875,0.9873046875,0.987548828125,0.98779296875,
0.98828125,0.9892578125,0.990234375,0.9912109375,0.9921875,0.994140625,
0.99609375,0.998046875,1.),.UNSPECIFIED.);
#28=B_SPLINE_CURVE_WITH_KNOTS('',3,(#14699,#14700,#14701,#14702,#14703,
#14704,#14705,#14706,#14707,#14708,#14709,#14710,#14711,#14712,#14713,#14714,
#14715,#14716,#14717,#14718,#14719,#14720,#14721,#14722,#14723,#14724,#14725,
#14726,#14727,#14728,#14729,#14730,#14731,#14732,#14733,#14734,#14735,#14736,
#14737,#14738,#14739,#14740,#14741,#14742,#14743,#14744,#14745,#14746,#14747,
#14748,#14749,#14750,#14751,#14752,#14753,#14754,#14755,#14756,#14757,#14758,
#14759,#14760,#14761,#14762,#14763,#14764,#14765,#14766,#14767,#14768,#14769,
#14770,#14771,#14772,#14773,#14774,#14775,#14776,#14777,#14778,#14779,#14780,
#14781,#14782,#14783,#14784,#14785,#14786,#14787,#14788,#14789,#14790,#14791,
#14792,#14793,#14794,#14795,#14796,#14797,#14798,#14799,#14800,#14801,#14802,
#14803,#14804,#14805,#14806,#14807,#14808,#14809,#14810,#14811,#14812,#14813,
#14814,#14815,#14816,#14817,#14818,#14819,#14820,#14821,#14822,#14823,#14824,
#14825,#14826,#14827,#14828,#14829,#14830,#14831,#14832,#14833,#14834,#14835,
#14836,#14837,#14838,#14839,#14840,#14841,#14842,#14843,#14844,#14845,#14846,
#14847,#14848,#14849,#14850,#14851,#14852,#14853,#14854,#14855,#14856,#14857,
#14858,#14859,#14860,#14861,#14862,#14863,#14864,#14865,#14866,#14867,#14868,
#14869,#14870,#14871,#14872,#14873,#14874,#14875,#14876,#14877,#14878,#14879,
#14880,#14881,#14882,#14883,#14884,#14885,#14886,#14887,#14888,#14889,#14890,
#14891,#14892,#14893,#14894,#14895,#14896,#14897,#14898,#14899,#14900,#14901,
#14902,#14903,#14904,#14905,#14906,#14907,#14908,#14909,#14910,#14911,#14912,
#14913,#14914,#14915,#14916,#14917,#14918,#14919,#14920,#14921,#14922,#14923,
#14924,#14925,#14926,#14927,#14928,#14929,#14930,#14931,#14932,#14933,#14934,
#14935,#14936,#14937,#14938,#14939,#14940,#14941,#14942,#14943,#14944,#14945,
#14946,#14947,#14948,#14949,#14950,#14951,#14952,#14953,#14954,#14955,#14956,
#14957,#14958,#14959,#14960,#14961,#14962,#14963,#14964,#14965,#14966,#14967,
#14968,#14969,#14970,#14971,#14972,#14973,#14974,#14975,#14976,#14977,#14978,
#14979,#14980,#14981,#14982,#14983,#14984,#14985,#14986,#14987,#14988,#14989,
#14990,#14991,#14992,#14993,#14994,#14995,#14996,#14997,#14998,#14999,#15000,
#15001,#15002,#15003,#15004,#15005,#15006,#15007,#15008,#15009,#15010,#15011,
#15012,#15013,#15014,#15015,#15016,#15017,#15018,#15019,#15020,#15021,#15022,
#15023,#15024,#15025,#15026,#15027,#15028,#15029,#15030,#15031,#15032,#15033,
#15034,#15035,#15036,#15037,#15038,#15039,#15040,#15041,#15042,#15043,#15044,
#15045,#15046,#15047,#15048,#15049,#15050,#15051,#15052,#15053,#15054,#15055,
#15056,#15057,#15058,#15059,#15060,#15061,#15062,#15063,#15064,#15065,#15066,
#15067,#15068,#15069,#15070,#15071,#15072,#15073,#15074,#15075,#15076,#15077,
#15078,#15079,#15080,#15081,#15082,#15083,#15084,#15085,#15086,#15087,#15088,
#15089,#15090,#15091,#15092,#15093,#15094,#15095,#15096,#15097,#15098,#15099,
#15100,#15101,#15102,#15103,#15104,#15105,#15106,#15107,#15108,#15109,#15110,
#15111,#15112,#15113,#15114,#15115,#15116,#15117,#15118,#15119,#15120,#15121,
#15122,#15123,#15124,#15125,#15126,#15127,#15128,#15129,#15130,#15131,#15132,
#15133,#15134,#15135,#15136,#15137,#15138,#15139,#15140,#15141,#15142,#15143,
#15144,#15145,#15146,#15147,#15148,#15149,#15150,#15151,#15152,#15153,#15154,
#15155,#15156,#15157,#15158,#15159,#15160,#15161,#15162,#15163,#15164,#15165,
#15166,#15167,#15168,#15169,#15170,#15171,#15172,#15173,#15174,#15175,#15176,
#15177,#15178,#15179,#15180,#15181,#15182,#15183,#15184,#15185,#15186,#15187,
#15188,#15189,#15190,#15191,#15192,#15193,#15194,#15195,#15196,#15197,#15198,
#15199,#15200,#15201,#15202,#15203,#15204,#15205,#15206,#15207,#15208,#15209,
#15210,#15211,#15212,#15213,#15214,#15215,#15216,#15217,#15218,#15219,#15220,
#15221,#15222,#15223,#15224,#15225,#15226,#15227,#15228,#15229,#15230,#15231,
#15232,#15233,#15234,#15235,#15236,#15237,#15238,#15239,#15240,#15241,#15242,
#15243,#15244,#15245,#15246,#15247,#15248,#15249,#15250,#15251,#15252,#15253,
#15254,#15255,#15256,#15257,#15258,#15259,#15260,#15261,#15262,#15263,#15264,
#15265,#15266,#15267,#15268,#15269,#15270,#15271,#15272,#15273,#15274,#15275,
#15276,#15277,#15278,#15279,#15280,#15281,#15282,#15283,#15284,#15285,#15286,
#15287,#15288,#15289,#15290,#15291,#15292,#15293,#15294,#15295,#15296,#15297,
#15298,#15299,#15300,#15301),.UNSPECIFIED.,.F.,.F.,(4,1,1,1,1,1,1,1,1,1,
1,1,1,1,1,1,1,1,1,1,1,1,1,1,1,1,1,1,1,1,1,1,1,1,1,1,1,1,1,1,1,1,1,1,1,1,
1,1,1,1,1,1,1,1,1,1,1,1,1,1,1,1,1,1,1,1,1,1,1,1,1,1,1,1,1,1,1,1,1,1,1,1,
1,1,1,1,1,1,1,1,1,1,1,1,1,1,1,1,1,1,1,1,1,1,1,1,1,1,1,1,1,1,1,1,1,1,1,1,
1,1,1,1,1,1,1,1,1,1,1,1,1,1,1,1,1,1,1,1,1,1,1,1,1,1,1,1,1,1,1,1,1,1,1,1,
1,1,1,1,1,1,1,1,1,1,1,1,1,1,1,1,1,1,1,1,1,1,1,1,1,1,1,1,1,1,1,1,1,1,1,1,
1,1,1,1,1,1,1,1,1,1,1,1,1,1,1,1,1,1,1,1,1,1,1,1,1,1,1,1,1,1,1,1,1,1,1,1,
1,1,1,1,1,1,1,1,1,1,1,1,1,1,1,1,1,1,1,1,1,1,1,1,1,1,1,1,1,1,1,1,1,1,1,1,
1,1,1,1,1,1,1,1,1,1,1,1,1,1,1,1,1,1,1,1,1,1,1,1,1,1,1,1,1,1,1,1,1,1,1,1,
1,1,1,1,1,1,1,1,1,1,1,1,1,1,1,1,1,1,1,1,1,1,1,1,1,1,1,1,1,1,1,1,1,1,1,1,
1,1,1,1,1,1,1,1,1,1,1,1,1,1,1,1,1,1,1,1,1,1,1,1,1,1,1,1,1,1,1,1,1,1,1,1,
1,1,1,1,1,1,1,1,1,1,1,1,1,1,1,1,1,1,1,1,1,1,1,1,1,1,1,1,1,1,1,1,1,1,1,1,
1,1,1,1,1,1,1,1,1,1,1,1,1,1,1,1,1,1,1,1,1,1,1,1,1,1,1,1,1,1,1,1,1,1,1,1,
1,1,1,1,1,1,1,1,1,1,1,1,1,1,1,1,1,1,1,1,1,1,1,1,1,1,1,1,1,1,1,1,1,1,1,1,
1,1,1,1,1,1,1,1,1,1,1,1,1,1,1,1,1,1,1,1,1,1,1,1,1,1,1,1,1,1,1,1,1,1,1,1,
1,1,1,1,1,1,1,1,1,1,1,1,1,1,1,1,1,1,1,1,1,1,1,1,1,1,1,1,1,1,1,1,1,1,1,1,
1,1,1,1,1,1,1,1,1,1,1,1,1,1,1,1,1,1,1,1,1,1,1,1,1,1,1,1,1,1,1,1,1,1,1,1,
1,1,1,1,1,1,1,1,1,1,1,1,1,1,4),(0.,0.001953125,0.0029296875,0.00390625,
0.0048828125,0.00537109375,0.005859375,0.00634765625,0.0068359375,0.007080078125,
0.00732421875,0.0074462890625,0.007568359375,0.0076904296875,0.00775146484375,
0.007781982421875,0.0078125,0.007843017578125,0.00787353515625,0.0079345703125,
0.008056640625,0.0081787109375,0.00830078125,0.008544921875,0.0087890625,
0.00927734375,0.009765625,0.01025390625,0.0107421875,0.01171875,0.0126953125,
0.013671875,0.01416015625,0.0146484375,0.014892578125,0.01513671875,0.015380859375,
0.0155029296875,0.01556396484375,0.015625,0.01568603515625,0.0157470703125,
0.015869140625,0.01611328125,0.016357421875,0.0166015625,0.01708984375,
0.017578125,0.0185546875,0.01953125,0.0205078125,0.021484375,0.0234375,
0.025390625,0.0263671875,0.02734375,0.0283203125,0.029296875,0.02978515625,
0.0302734375,0.030517578125,0.03076171875,0.031005859375,0.0311279296875,
0.03118896484375,0.03125,0.03131103515625,0.0313720703125,0.031494140625,
0.03173828125,0.031982421875,0.0322265625,0.03271484375,0.033203125,0.0341796875,
0.03515625,0.0361328125,0.037109375,0.0390625,0.041015625,0.04296875,0.0439453125,
0.044921875,0.04541015625,0.0458984375,0.04638671875,0.046630859375,0.0467529296875,
0.046875,0.0469970703125,0.047119140625,0.04736328125,0.0478515625,0.04833984375,
0.048828125,0.0498046875,0.05078125,0.052734375,0.0546875,0.056640625,0.05859375,
0.0595703125,0.060546875,0.0615234375,0.06201171875,0.062255859375,0.0625,
0.062744140625,0.06298828125,0.0634765625,0.064453125,0.0654296875,0.06640625,
0.068359375,0.0703125,0.072265625,0.07421875,0.0751953125,0.076171875,0.0771484375,
0.07763671875,0.078125,0.07861328125,0.0791015625,0.080078125,0.08203125,
0.083984375,0.0859375,0.087890625,0.08984375,0.091796875,0.0927734375,0.09326171875,
0.09375,0.09423828125,0.0947265625,0.095703125,0.09765625,0.099609375,0.1015625,
0.10546875,0.109375,0.11328125,0.1171875,0.119140625,0.12109375,0.123046875,
0.1240234375,0.125,0.1259765625,0.126953125,0.12890625,0.1328125,0.13671875,
0.140625,0.1484375,0.15625,0.1640625,0.171875,0.17578125,0.1796875,0.181640625,
0.18359375,0.185546875,0.1865234375,0.18701171875,0.1875,0.18798828125,
0.1884765625,0.189453125,0.19140625,0.193359375,0.1953125,0.19921875,0.203125,
0.2109375,0.21484375,0.216796875,0.2177734375,0.21875,0.2197265625,0.220703125,
0.22265625,0.2265625,0.234375,0.2421875,0.24609375,0.248046875,0.25,0.251953125,
0.25390625,0.2578125,0.265625,0.26953125,0.2734375,0.275390625,0.27734375,
0.279296875,0.2802734375,0.28076171875,0.28125,0.28173828125,0.2822265625,
0.283203125,0.28515625,0.287109375,0.2890625,0.29296875,0.296875,0.30078125,
0.3046875,0.306640625,0.30859375,0.310546875,0.3115234375,0.31201171875,
0.3125,0.31298828125,0.3134765625,0.314453125,0.31640625,0.318359375,0.3203125,
0.32421875,0.328125,0.3359375,0.34375,0.3515625,0.359375,0.36328125,0.3671875,
0.369140625,0.37109375,0.373046875,0.3740234375,0.37451171875,0.375,0.37548828125,
0.3759765625,0.376953125,0.37890625,0.380859375,0.3828125,0.38671875,0.390625,
0.39453125,0.3984375,0.400390625,0.40234375,0.4033203125,0.404296875,0.4052734375,
0.40576171875,0.406005859375,0.40625,0.406494140625,0.40673828125,0.4072265625,
0.408203125,0.4091796875,0.41015625,0.412109375,0.4140625,0.41796875,0.421875,
0.42578125,0.4296875,0.431640625,0.43359375,0.4345703125,0.435546875,0.4365234375,
0.43701171875,0.437255859375,0.4375,0.437744140625,0.43798828125,0.4384765625,
0.439453125,0.4404296875,0.44140625,0.443359375,0.4453125,0.44921875,0.453125,
0.45703125,0.4609375,0.46875,0.4765625,0.48046875,0.484375,0.48828125,0.490234375,
0.4921875,0.494140625,0.49609375,0.4970703125,0.498046875,0.49853515625,
0.4990234375,0.49951171875,0.499755859375,0.4998779296875,0.5,0.5001220703125,
0.500244140625,0.50048828125,0.5009765625,0.50146484375,0.501953125,0.5029296875,
0.50390625,0.505859375,0.5078125,0.509765625,0.51171875,0.515625,0.51953125,
0.5234375,0.53125,0.5390625,0.54296875,0.546875,0.55078125,0.552734375,
0.5546875,0.556640625,0.55859375,0.5595703125,0.560546875,0.5615234375,
0.56201171875,0.562255859375,0.5625,0.562744140625,0.56298828125,0.5634765625,
0.564453125,0.5654296875,0.56640625,0.568359375,0.5703125,0.57421875,0.578125,
0.58203125,0.5859375,0.59375,0.6015625,0.60546875,0.609375,0.61328125,0.6171875,
0.619140625,0.62109375,0.6220703125,0.623046875,0.6240234375,0.62451171875,
0.624755859375,0.625,0.625244140625,0.62548828125,0.6259765625,0.626953125,
0.6279296875,0.62890625,0.630859375,0.6328125,0.63671875,0.640625,0.64453125,
0.6484375,0.65625,0.6640625,0.66796875,0.671875,0.67578125,0.6796875,0.681640625,
0.68359375,0.6845703125,0.685546875,0.6865234375,0.68701171875,0.687255859375,
0.6875,0.687744140625,0.68798828125,0.6884765625,0.689453125,0.6904296875,
0.69140625,0.693359375,0.6953125,0.69921875,0.703125,0.70703125,0.7109375,
0.71875,0.7265625,0.73046875,0.734375,0.73828125,0.7421875,0.744140625,
0.74609375,0.7470703125,0.748046875,0.7490234375,0.74951171875,0.75,0.75048828125,
0.7509765625,0.751953125,0.7529296875,0.75390625,0.755859375,0.7578125,
0.76171875,0.765625,0.76953125,0.7734375,0.78125,0.7890625,0.796875,0.80078125,
0.8046875,0.806640625,0.80859375,0.810546875,0.8115234375,0.81201171875,
0.8125,0.81298828125,0.8134765625,0.814453125,0.81640625,0.818359375,0.8203125,
0.82421875,0.828125,0.83203125,0.8359375,0.837890625,0.83984375,0.841796875,
0.8427734375,0.84326171875,0.84375,0.84423828125,0.8447265625,0.845703125,
0.84765625,0.849609375,0.8515625,0.85546875,0.859375,0.86328125,0.8671875,
0.869140625,0.87109375,0.8720703125,0.873046875,0.8740234375,0.87451171875,
0.874755859375,0.875,0.875244140625,0.87548828125,0.8759765625,0.876953125,
0.8779296875,0.87890625,0.880859375,0.8828125,0.88671875,0.890625,0.89453125,
0.896484375,0.8984375,0.900390625,0.90234375,0.9033203125,0.904296875,0.90478515625,
0.9052734375,0.90576171875,0.906005859375,0.9061279296875,0.90625,0.9063720703125,
0.906494140625,0.90673828125,0.9072265625,0.90771484375,0.908203125,0.9091796875,
0.91015625,0.912109375,0.9140625,0.916015625,0.91796875,0.921875,0.92578125,
0.927734375,0.9296875,0.931640625,0.9326171875,0.93359375,0.9345703125,
0.935546875,0.93603515625,0.9365234375,0.936767578125,0.93701171875,0.937255859375,
0.9373779296875,0.93743896484375,0.9375,0.93756103515625,0.9376220703125,
0.937744140625,0.93798828125,0.938232421875,0.9384765625,0.93896484375,
0.939453125,0.9404296875,0.94140625,0.9423828125,0.943359375,0.9453125,
0.947265625,0.94921875,0.953125,0.95703125,0.958984375,0.9609375,0.962890625,
0.9638671875,0.96484375,0.9658203125,0.966796875,0.96728515625,0.9677734375,
0.968017578125,0.96826171875,0.968505859375,0.9686279296875,0.96868896484375,
0.96875,0.96881103515625,0.9688720703125,0.968994140625,0.96923828125,0.969482421875,
0.9697265625,0.97021484375,0.970703125,0.9716796875,0.97265625,0.9736328125,
0.974609375,0.9765625,0.978515625,0.9794921875,0.98046875,0.9814453125,
0.98193359375,0.982421875,0.98291015625,0.9833984375,0.983642578125,0.98388671875,
0.9840087890625,0.984130859375,0.9842529296875,0.98431396484375,0.984344482421875,
0.984375,0.984405517578125,0.98443603515625,0.9844970703125,0.984619140625,
0.9847412109375,0.98486328125,0.985107421875,0.9853515625,0.98583984375,
0.986328125,0.98681640625,0.9873046875,0.98828125,0.9892578125,0.990234375,
0.9912109375,0.9921875,0.994140625,0.99609375,0.998046875,1.),
 .UNSPECIFIED.);
#29=B_SPLINE_CURVE_WITH_KNOTS('',3,(#15306,#15307,#15308,#15309,#15310,
#15311,#15312,#15313,#15314,#15315,#15316,#15317,#15318,#15319,#15320,#15321,
#15322,#15323,#15324,#15325,#15326,#15327,#15328,#15329,#15330,#15331,#15332,
#15333,#15334,#15335,#15336,#15337,#15338,#15339,#15340,#15341,#15342,#15343,
#15344,#15345,#15346,#15347,#15348,#15349,#15350,#15351,#15352,#15353,#15354,
#15355,#15356,#15357,#15358,#15359,#15360,#15361,#15362,#15363,#15364,#15365,
#15366,#15367,#15368,#15369,#15370,#15371,#15372,#15373,#15374,#15375,#15376,
#15377,#15378,#15379,#15380,#15381,#15382,#15383,#15384,#15385,#15386,#15387,
#15388,#15389,#15390,#15391,#15392,#15393,#15394,#15395,#15396,#15397,#15398,
#15399,#15400,#15401,#15402,#15403,#15404,#15405,#15406,#15407,#15408,#15409,
#15410,#15411,#15412,#15413,#15414,#15415,#15416,#15417,#15418,#15419,#15420,
#15421,#15422,#15423,#15424,#15425,#15426,#15427,#15428,#15429,#15430,#15431,
#15432,#15433,#15434,#15435,#15436,#15437,#15438,#15439,#15440,#15441,#15442,
#15443,#15444,#15445,#15446,#15447,#15448,#15449,#15450,#15451,#15452,#15453,
#15454,#15455,#15456,#15457,#15458,#15459,#15460,#15461,#15462,#15463,#15464,
#15465,#15466,#15467,#15468,#15469,#15470,#15471,#15472,#15473,#15474,#15475,
#15476,#15477,#15478,#15479,#15480,#15481,#15482,#15483,#15484,#15485,#15486,
#15487,#15488,#15489,#15490,#15491,#15492,#15493,#15494,#15495,#15496,#15497,
#15498,#15499,#15500,#15501,#15502,#15503,#15504,#15505,#15506,#15507,#15508,
#15509,#15510,#15511,#15512,#15513,#15514,#15515,#15516,#15517,#15518,#15519,
#15520,#15521,#15522,#15523,#15524,#15525,#15526,#15527,#15528,#15529,#15530,
#15531,#15532,#15533,#15534,#15535,#15536,#15537,#15538,#15539,#15540,#15541,
#15542,#15543,#15544,#15545,#15546,#15547,#15548,#15549,#15550,#15551,#15552,
#15553,#15554,#15555,#15556,#15557,#15558,#15559,#15560,#15561,#15562,#15563,
#15564,#15565,#15566,#15567,#15568,#15569,#15570,#15571,#15572,#15573,#15574,
#15575,#15576,#15577,#15578,#15579,#15580,#15581,#15582,#15583,#15584,#15585,
#15586,#15587,#15588,#15589,#15590,#15591,#15592,#15593,#15594,#15595,#15596,
#15597,#15598,#15599,#15600,#15601,#15602,#15603,#15604,#15605,#15606,#15607,
#15608,#15609,#15610,#15611,#15612,#15613,#15614,#15615,#15616,#15617,#15618,
#15619,#15620,#15621,#15622,#15623,#15624,#15625,#15626,#15627,#15628,#15629,
#15630,#15631,#15632,#15633,#15634,#15635,#15636,#15637,#15638,#15639,#15640,
#15641,#15642,#15643,#15644,#15645,#15646,#15647,#15648,#15649,#15650,#15651,
#15652,#15653,#15654,#15655,#15656,#15657,#15658,#15659,#15660,#15661,#15662,
#15663,#15664,#15665,#15666,#15667,#15668,#15669,#15670,#15671,#15672,#15673,
#15674,#15675,#15676,#15677,#15678,#15679,#15680,#15681,#15682,#15683,#15684,
#15685,#15686,#15687,#15688,#15689,#15690,#15691,#15692,#15693,#15694,#15695,
#15696,#15697,#15698,#15699,#15700,#15701,#15702,#15703,#15704,#15705,#15706,
#15707,#15708,#15709,#15710,#15711,#15712,#15713,#15714,#15715,#15716,#15717,
#15718,#15719,#15720,#15721,#15722,#15723,#15724,#15725,#15726,#15727,#15728,
#15729,#15730,#15731,#15732,#15733,#15734,#15735,#15736,#15737,#15738,#15739,
#15740,#15741,#15742,#15743,#15744,#15745,#15746,#15747,#15748,#15749,#15750,
#15751,#15752,#15753,#15754,#15755,#15756,#15757,#15758,#15759,#15760,#15761,
#15762,#15763,#15764,#15765,#15766,#15767,#15768,#15769,#15770,#15771,#15772,
#15773,#15774,#15775,#15776,#15777,#15778,#15779,#15780,#15781,#15782,#15783,
#15784,#15785,#15786,#15787,#15788,#15789,#15790,#15791,#15792,#15793,#15794,
#15795,#15796,#15797,#15798,#15799,#15800,#15801,#15802,#15803,#15804,#15805,
#15806,#15807,#15808,#15809,#15810,#15811,#15812,#15813,#15814,#15815,#15816,
#15817,#15818,#15819,#15820,#15821,#15822,#15823,#15824,#15825,#15826,#15827,
#15828,#15829,#15830,#15831,#15832,#15833,#15834,#15835,#15836,#15837,#15838,
#15839,#15840,#15841,#15842,#15843,#15844,#15845,#15846,#15847,#15848,#15849,
#15850,#15851,#15852,#15853,#15854,#15855,#15856,#15857,#15858,#15859,#15860,
#15861,#15862,#15863,#15864,#15865,#15866,#15867,#15868,#15869,#15870,#15871,
#15872,#15873,#15874,#15875,#15876,#15877,#15878,#15879,#15880,#15881,#15882,
#15883,#15884,#15885,#15886,#15887,#15888,#15889,#15890,#15891,#15892,#15893,
#15894,#15895,#15896,#15897,#15898,#15899,#15900,#15901,#15902,#15903,#15904,
#15905),.UNSPECIFIED.,.F.,.F.,(4,1,1,1,1,1,1,1,1,1,1,1,1,1,1,1,1,1,1,1,
1,1,1,1,1,1,1,1,1,1,1,1,1,1,1,1,1,1,1,1,1,1,1,1,1,1,1,1,1,1,1,1,1,1,1,1,
1,1,1,1,1,1,1,1,1,1,1,1,1,1,1,1,1,1,1,1,1,1,1,1,1,1,1,1,1,1,1,1,1,1,1,1,
1,1,1,1,1,1,1,1,1,1,1,1,1,1,1,1,1,1,1,1,1,1,1,1,1,1,1,1,1,1,1,1,1,1,1,1,
1,1,1,1,1,1,1,1,1,1,1,1,1,1,1,1,1,1,1,1,1,1,1,1,1,1,1,1,1,1,1,1,1,1,1,1,
1,1,1,1,1,1,1,1,1,1,1,1,1,1,1,1,1,1,1,1,1,1,1,1,1,1,1,1,1,1,1,1,1,1,1,1,
1,1,1,1,1,1,1,1,1,1,1,1,1,1,1,1,1,1,1,1,1,1,1,1,1,1,1,1,1,1,1,1,1,1,1,1,
1,1,1,1,1,1,1,1,1,1,1,1,1,1,1,1,1,1,1,1,1,1,1,1,1,1,1,1,1,1,1,1,1,1,1,1,
1,1,1,1,1,1,1,1,1,1,1,1,1,1,1,1,1,1,1,1,1,1,1,1,1,1,1,1,1,1,1,1,1,1,1,1,
1,1,1,1,1,1,1,1,1,1,1,1,1,1,1,1,1,1,1,1,1,1,1,1,1,1,1,1,1,1,1,1,1,1,1,1,
1,1,1,1,1,1,1,1,1,1,1,1,1,1,1,1,1,1,1,1,1,1,1,1,1,1,1,1,1,1,1,1,1,1,1,1,
1,1,1,1,1,1,1,1,1,1,1,1,1,1,1,1,1,1,1,1,1,1,1,1,1,1,1,1,1,1,1,1,1,1,1,1,
1,1,1,1,1,1,1,1,1,1,1,1,1,1,1,1,1,1,1,1,1,1,1,1,1,1,1,1,1,1,1,1,1,1,1,1,
1,1,1,1,1,1,1,1,1,1,1,1,1,1,1,1,1,1,1,1,1,1,1,1,1,1,1,1,1,1,1,1,1,1,1,1,
1,1,1,1,1,1,1,1,1,1,1,1,1,1,1,1,1,1,1,1,1,1,1,1,1,1,1,1,1,1,1,1,1,1,1,1,
1,1,1,1,1,1,1,1,1,1,1,1,1,1,1,1,1,1,1,1,1,1,1,1,1,1,1,1,1,1,1,1,1,1,1,1,
1,1,1,1,1,1,1,1,1,1,1,1,1,1,1,1,1,1,1,1,1,1,1,1,1,1,1,1,1,1,1,1,1,1,1,1,
1,4),(0.,0.001953125,0.00390625,0.005859375,0.0078125,0.0087890625,0.009765625,
0.0107421875,0.01171875,0.0126953125,0.01318359375,0.013671875,0.01416015625,
0.0146484375,0.014892578125,0.01513671875,0.0152587890625,0.015380859375,
0.0155029296875,0.01556396484375,0.015594482421875,0.015625,0.015655517578125,
0.01568603515625,0.0157470703125,0.015869140625,0.0159912109375,0.01611328125,
0.016357421875,0.0166015625,0.01708984375,0.017578125,0.01806640625,0.0185546875,
0.01953125,0.0205078125,0.021484375,0.0234375,0.025390625,0.0263671875,
0.02734375,0.0283203125,0.029296875,0.02978515625,0.0302734375,0.030517578125,
0.03076171875,0.031005859375,0.0311279296875,0.03118896484375,0.03125,0.03131103515625,
0.0313720703125,0.031494140625,0.03173828125,0.031982421875,0.0322265625,
0.03271484375,0.033203125,0.0341796875,0.03515625,0.0361328125,0.037109375,
0.0390625,0.041015625,0.04296875,0.046875,0.05078125,0.052734375,0.0546875,
0.056640625,0.0576171875,0.05859375,0.0595703125,0.060546875,0.06103515625,
0.0615234375,0.061767578125,0.06201171875,0.062255859375,0.0623779296875,
0.06243896484375,0.0625,0.06256103515625,0.0626220703125,0.062744140625,
0.06298828125,0.063232421875,0.0634765625,0.06396484375,0.064453125,0.0654296875,
0.06640625,0.0673828125,0.068359375,0.0703125,0.072265625,0.07421875,0.078125,
0.08203125,0.083984375,0.0859375,0.087890625,0.08984375,0.0908203125,0.091796875,
0.09228515625,0.0927734375,0.09326171875,0.093505859375,0.0936279296875,
0.09375,0.0938720703125,0.093994140625,0.09423828125,0.0947265625,0.09521484375,
0.095703125,0.0966796875,0.09765625,0.099609375,0.1015625,0.103515625,0.10546875,
0.109375,0.11328125,0.1171875,0.119140625,0.12109375,0.1220703125,0.123046875,
0.1240234375,0.12451171875,0.124755859375,0.125,0.125244140625,0.12548828125,
0.1259765625,0.126953125,0.1279296875,0.12890625,0.130859375,0.1328125,
0.13671875,0.140625,0.14453125,0.1484375,0.150390625,0.15234375,0.154296875,
0.1552734375,0.15576171875,0.15625,0.15673828125,0.1572265625,0.158203125,
0.16015625,0.162109375,0.1640625,0.16796875,0.171875,0.17578125,0.1796875,
0.181640625,0.18359375,0.185546875,0.1865234375,0.18701171875,0.1875,0.18798828125,
0.1884765625,0.189453125,0.19140625,0.193359375,0.1953125,0.19921875,0.203125,
0.2109375,0.21875,0.2265625,0.23046875,0.234375,0.23828125,0.2421875,0.244140625,
0.24609375,0.2470703125,0.248046875,0.2490234375,0.24951171875,0.25,0.25048828125,
0.2509765625,0.251953125,0.2529296875,0.25390625,0.255859375,0.2578125,
0.26171875,0.265625,0.26953125,0.2734375,0.28125,0.2890625,0.29296875,0.296875,
0.30078125,0.3046875,0.306640625,0.30859375,0.3095703125,0.310546875,0.3115234375,
0.31201171875,0.312255859375,0.3125,0.312744140625,0.31298828125,0.3134765625,
0.314453125,0.3154296875,0.31640625,0.318359375,0.3203125,0.32421875,0.328125,
0.33203125,0.3359375,0.34375,0.3515625,0.35546875,0.359375,0.36328125,0.3671875,
0.369140625,0.37109375,0.3720703125,0.373046875,0.3740234375,0.37451171875,
0.374755859375,0.375,0.375244140625,0.37548828125,0.3759765625,0.376953125,
0.3779296875,0.37890625,0.380859375,0.3828125,0.38671875,0.390625,0.39453125,
0.3984375,0.40625,0.4140625,0.41796875,0.421875,0.42578125,0.427734375,
0.4296875,0.431640625,0.43359375,0.4345703125,0.435546875,0.4365234375,
0.43701171875,0.437255859375,0.4375,0.437744140625,0.43798828125,0.4384765625,
0.439453125,0.4404296875,0.44140625,0.443359375,0.4453125,0.447265625,0.44921875,
0.453125,0.45703125,0.4609375,0.46875,0.4765625,0.48046875,0.484375,0.48828125,
0.490234375,0.4921875,0.494140625,0.49609375,0.4970703125,0.498046875,0.49853515625,
0.4990234375,0.49951171875,0.499755859375,0.4998779296875,0.5,0.5001220703125,
0.500244140625,0.50048828125,0.5009765625,0.50146484375,0.501953125,0.5029296875,
0.50390625,0.505859375,0.5078125,0.509765625,0.51171875,0.515625,0.51953125,
0.5234375,0.53125,0.5390625,0.54296875,0.546875,0.55078125,0.5546875,0.556640625,
0.55859375,0.5595703125,0.560546875,0.5615234375,0.56201171875,0.562255859375,
0.5625,0.562744140625,0.56298828125,0.5634765625,0.564453125,0.5654296875,
0.56640625,0.568359375,0.5703125,0.57421875,0.578125,0.58203125,0.5859375,
0.587890625,0.58984375,0.591796875,0.5927734375,0.59326171875,0.59375,0.59423828125,
0.5947265625,0.595703125,0.59765625,0.599609375,0.6015625,0.60546875,0.609375,
0.61328125,0.6171875,0.619140625,0.62109375,0.623046875,0.6240234375,0.62451171875,
0.625,0.62548828125,0.6259765625,0.626953125,0.62890625,0.630859375,0.6328125,
0.63671875,0.640625,0.6484375,0.65625,0.6640625,0.66796875,0.671875,0.67578125,
0.6796875,0.681640625,0.68359375,0.685546875,0.6865234375,0.68701171875,
0.6875,0.68798828125,0.6884765625,0.689453125,0.69140625,0.693359375,0.6953125,
0.69921875,0.703125,0.70703125,0.7109375,0.712890625,0.71484375,0.716796875,
0.7177734375,0.71826171875,0.71875,0.71923828125,0.7197265625,0.720703125,
0.72265625,0.724609375,0.7265625,0.73046875,0.734375,0.7421875,0.74609375,
0.748046875,0.75,0.751953125,0.75390625,0.7578125,0.765625,0.76953125,0.7734375,
0.77734375,0.779296875,0.7802734375,0.78125,0.7822265625,0.783203125,0.78515625,
0.7890625,0.796875,0.80078125,0.8046875,0.806640625,0.80859375,0.810546875,
0.8115234375,0.81201171875,0.8125,0.81298828125,0.8134765625,0.814453125,
0.81640625,0.818359375,0.8203125,0.82421875,0.828125,0.8359375,0.84375,
0.8515625,0.859375,0.86328125,0.8671875,0.87109375,0.873046875,0.8740234375,
0.875,0.8759765625,0.876953125,0.87890625,0.8828125,0.88671875,0.890625,
0.89453125,0.8984375,0.900390625,0.90234375,0.904296875,0.9052734375,0.90576171875,
0.90625,0.90673828125,0.9072265625,0.908203125,0.91015625,0.912109375,0.9140625,
0.916015625,0.91796875,0.919921875,0.9208984375,0.92138671875,0.921875,
0.92236328125,0.9228515625,0.923828125,0.92578125,0.927734375,0.9296875,
0.931640625,0.93359375,0.9345703125,0.935546875,0.9365234375,0.93701171875,
0.937255859375,0.9375,0.937744140625,0.93798828125,0.9384765625,0.939453125,
0.9404296875,0.94140625,0.943359375,0.9453125,0.947265625,0.94921875,0.9501953125,
0.951171875,0.95166015625,0.9521484375,0.95263671875,0.952880859375,0.9530029296875,
0.953125,0.9532470703125,0.953369140625,0.95361328125,0.9541015625,0.95458984375,
0.955078125,0.9560546875,0.95703125,0.958984375,0.9609375,0.962890625,0.9638671875,
0.96484375,0.9658203125,0.966796875,0.96728515625,0.9677734375,0.968017578125,
0.96826171875,0.968505859375,0.9686279296875,0.96868896484375,0.96875,0.96881103515625,
0.9688720703125,0.968994140625,0.96923828125,0.969482421875,0.9697265625,
0.97021484375,0.970703125,0.9716796875,0.97265625,0.9736328125,0.974609375,
0.9765625,0.978515625,0.9794921875,0.98046875,0.9814453125,0.982421875,
0.98291015625,0.9833984375,0.983642578125,0.98388671875,0.984130859375,
0.9842529296875,0.98431396484375,0.984375,0.98443603515625,0.9844970703125,
0.984619140625,0.98486328125,0.985107421875,0.9853515625,0.98583984375,
0.986328125,0.9873046875,0.98828125,0.9892578125,0.98974609375,0.990234375,
0.99072265625,0.9912109375,0.991455078125,0.99169921875,0.9918212890625,
0.991943359375,0.9920654296875,0.99212646484375,0.992156982421875,0.9921875,
0.992218017578125,0.99224853515625,0.9923095703125,0.992431640625,0.9925537109375,
0.99267578125,0.992919921875,0.9931640625,0.99365234375,0.994140625,0.99462890625,
0.9951171875,0.99609375,0.9970703125,0.998046875,1.),.UNSPECIFIED.);
#30=B_SPLINE_CURVE_WITH_KNOTS('',3,(#16033,#16034,#16035,#16036),
 .UNSPECIFIED.,.F.,.F.,(4,4),(0.,1.),.UNSPECIFIED.);
#31=B_SPLINE_CURVE_WITH_KNOTS('',3,(#16037,#16038,#16039,#16040),
 .UNSPECIFIED.,.F.,.F.,(4,4),(0.,1.),.UNSPECIFIED.);
#32=B_SPLINE_CURVE_WITH_KNOTS('',3,(#16122,#16123,#16124,#16125),
 .UNSPECIFIED.,.F.,.F.,(4,4),(0.,1.),.UNSPECIFIED.);
#33=B_SPLINE_CURVE_WITH_KNOTS('',3,(#16126,#16127,#16128,#16129),
 .UNSPECIFIED.,.F.,.F.,(4,4),(0.,1.),.UNSPECIFIED.);
#34=ORIENTED_EDGE('',*,*,#2180,.F.);
#35=ORIENTED_EDGE('',*,*,#2181,.T.);
#36=ORIENTED_EDGE('',*,*,#2182,.T.);
#37=ORIENTED_EDGE('',*,*,#2183,.T.);
#38=ORIENTED_EDGE('',*,*,#2184,.F.);
#39=ORIENTED_EDGE('',*,*,#2185,.T.);
#40=ORIENTED_EDGE('',*,*,#2180,.T.);
#41=ORIENTED_EDGE('',*,*,#2186,.F.);
#42=ORIENTED_EDGE('',*,*,#2187,.F.);
#43=ORIENTED_EDGE('',*,*,#2188,.T.);
#44=ORIENTED_EDGE('',*,*,#2184,.T.);
#45=ORIENTED_EDGE('',*,*,#2189,.F.);
#46=ORIENTED_EDGE('',*,*,#2187,.T.);
#47=ORIENTED_EDGE('',*,*,#2190,.T.);
#48=ORIENTED_EDGE('',*,*,#2182,.F.);
#49=ORIENTED_EDGE('',*,*,#2191,.F.);
#50=ORIENTED_EDGE('',*,*,#2192,.F.);
#51=ORIENTED_EDGE('',*,*,#2193,.T.);
#52=ORIENTED_EDGE('',*,*,#2194,.T.);
#53=ORIENTED_EDGE('',*,*,#2195,.T.);
#54=ORIENTED_EDGE('',*,*,#2196,.F.);
#55=ORIENTED_EDGE('',*,*,#2197,.T.);
#56=ORIENTED_EDGE('',*,*,#2198,.F.);
#57=ORIENTED_EDGE('',*,*,#2199,.T.);
#58=ORIENTED_EDGE('',*,*,#2200,.F.);
#59=ORIENTED_EDGE('',*,*,#2201,.T.);
#60=ORIENTED_EDGE('',*,*,#2202,.T.);
#61=ORIENTED_EDGE('',*,*,#2203,.T.);
#62=ORIENTED_EDGE('',*,*,#2204,.F.);
#63=ORIENTED_EDGE('',*,*,#2205,.T.);
#64=ORIENTED_EDGE('',*,*,#2200,.T.);
#65=ORIENTED_EDGE('',*,*,#2206,.T.);
#66=ORIENTED_EDGE('',*,*,#2207,.T.);
#67=ORIENTED_EDGE('',*,*,#2208,.T.);
#68=ORIENTED_EDGE('',*,*,#2209,.T.);
#69=ORIENTED_EDGE('',*,*,#2210,.F.);
#70=ORIENTED_EDGE('',*,*,#2211,.T.);
#71=ORIENTED_EDGE('',*,*,#2207,.F.);
#72=ORIENTED_EDGE('',*,*,#2212,.T.);
#73=ORIENTED_EDGE('',*,*,#2213,.T.);
#74=ORIENTED_EDGE('',*,*,#2214,.F.);
#75=ORIENTED_EDGE('',*,*,#2215,.T.);
#76=ORIENTED_EDGE('',*,*,#2216,.T.);
#77=ORIENTED_EDGE('',*,*,#2217,.F.);
#78=ORIENTED_EDGE('',*,*,#2218,.T.);
#79=ORIENTED_EDGE('',*,*,#2213,.F.);
#80=ORIENTED_EDGE('',*,*,#2219,.T.);
#81=ORIENTED_EDGE('',*,*,#2220,.T.);
#82=ORIENTED_EDGE('',*,*,#2221,.F.);
#83=ORIENTED_EDGE('',*,*,#2222,.T.);
#84=ORIENTED_EDGE('',*,*,#2202,.F.);
#85=ORIENTED_EDGE('',*,*,#2223,.T.);
#86=ORIENTED_EDGE('',*,*,#2216,.F.);
#87=ORIENTED_EDGE('',*,*,#2224,.T.);
#88=ORIENTED_EDGE('',*,*,#2225,.T.);
#89=ORIENTED_EDGE('',*,*,#2226,.F.);
#90=ORIENTED_EDGE('',*,*,#2227,.T.);
#91=ORIENTED_EDGE('',*,*,#2228,.F.);
#92=ORIENTED_EDGE('',*,*,#2225,.F.);
#93=ORIENTED_EDGE('',*,*,#2229,.T.);
#94=ORIENTED_EDGE('',*,*,#2230,.F.);
#95=ORIENTED_EDGE('',*,*,#2231,.T.);
#96=ORIENTED_EDGE('',*,*,#2232,.T.);
#97=ORIENTED_EDGE('',*,*,#2233,.T.);
#98=ORIENTED_EDGE('',*,*,#2234,.T.);
#99=ORIENTED_EDGE('',*,*,#2232,.F.);
#100=ORIENTED_EDGE('',*,*,#2235,.F.);
#101=ORIENTED_EDGE('',*,*,#2236,.F.);
#102=ORIENTED_EDGE('',*,*,#2237,.F.);
#103=ORIENTED_EDGE('',*,*,#2238,.T.);
#104=ORIENTED_EDGE('',*,*,#2236,.T.);
#105=ORIENTED_EDGE('',*,*,#2239,.F.);
#106=ORIENTED_EDGE('',*,*,#2240,.F.);
#107=ORIENTED_EDGE('',*,*,#2241,.T.);
#108=ORIENTED_EDGE('',*,*,#2242,.T.);
#109=ORIENTED_EDGE('',*,*,#2243,.T.);
#110=ORIENTED_EDGE('',*,*,#2237,.T.);
#111=ORIENTED_EDGE('',*,*,#2244,.T.);
#112=ORIENTED_EDGE('',*,*,#2245,.F.);
#113=ORIENTED_EDGE('',*,*,#2246,.T.);
#114=ORIENTED_EDGE('',*,*,#2247,.F.);
#115=ORIENTED_EDGE('',*,*,#2248,.T.);
#116=ORIENTED_EDGE('',*,*,#2249,.T.);
#117=ORIENTED_EDGE('',*,*,#2250,.T.);
#118=ORIENTED_EDGE('',*,*,#2251,.T.);
#119=ORIENTED_EDGE('',*,*,#2252,.F.);
#120=ORIENTED_EDGE('',*,*,#2253,.F.);
#121=ORIENTED_EDGE('',*,*,#2254,.T.);
#122=ORIENTED_EDGE('',*,*,#2255,.T.);
#123=ORIENTED_EDGE('',*,*,#2254,.F.);
#124=ORIENTED_EDGE('',*,*,#2256,.F.);
#125=ORIENTED_EDGE('',*,*,#2257,.T.);
#126=ORIENTED_EDGE('',*,*,#2257,.F.);
#127=ORIENTED_EDGE('',*,*,#2258,.T.);
#128=ORIENTED_EDGE('',*,*,#2259,.T.);
#129=ORIENTED_EDGE('',*,*,#2260,.T.);
#130=ORIENTED_EDGE('',*,*,#2259,.F.);
#131=ORIENTED_EDGE('',*,*,#2261,.F.);
#132=ORIENTED_EDGE('',*,*,#2262,.T.);
#133=ORIENTED_EDGE('',*,*,#2263,.T.);
#134=ORIENTED_EDGE('',*,*,#2264,.T.);
#135=ORIENTED_EDGE('',*,*,#2265,.T.);
#136=ORIENTED_EDGE('',*,*,#2249,.F.);
#137=ORIENTED_EDGE('',*,*,#2266,.T.);
#138=ORIENTED_EDGE('',*,*,#2264,.F.);
#139=ORIENTED_EDGE('',*,*,#2267,.T.);
#140=ORIENTED_EDGE('',*,*,#2268,.T.);
#141=ORIENTED_EDGE('',*,*,#2269,.T.);
#142=ORIENTED_EDGE('',*,*,#2270,.T.);
#143=ORIENTED_EDGE('',*,*,#2240,.T.);
#144=ORIENTED_EDGE('',*,*,#2271,.F.);
#145=ORIENTED_EDGE('',*,*,#2272,.T.);
#146=ORIENTED_EDGE('',*,*,#2245,.T.);
#147=ORIENTED_EDGE('',*,*,#2273,.T.);
#148=ORIENTED_EDGE('',*,*,#2274,.F.);
#149=ORIENTED_EDGE('',*,*,#2275,.T.);
#150=ORIENTED_EDGE('',*,*,#2276,.T.);
#151=ORIENTED_EDGE('',*,*,#2272,.F.);
#152=ORIENTED_EDGE('',*,*,#2277,.F.);
#153=ORIENTED_EDGE('',*,*,#2274,.T.);
#154=ORIENTED_EDGE('',*,*,#2278,.T.);
#155=ORIENTED_EDGE('',*,*,#2268,.F.);
#156=ORIENTED_EDGE('',*,*,#2279,.T.);
#157=ORIENTED_EDGE('',*,*,#2280,.T.);
#158=ORIENTED_EDGE('',*,*,#2281,.T.);
#159=ORIENTED_EDGE('',*,*,#2280,.F.);
#160=ORIENTED_EDGE('',*,*,#2282,.T.);
#161=ORIENTED_EDGE('',*,*,#2283,.T.);
#162=ORIENTED_EDGE('',*,*,#2284,.T.);
#163=ORIENTED_EDGE('',*,*,#2283,.F.);
#164=ORIENTED_EDGE('',*,*,#2285,.T.);
#165=ORIENTED_EDGE('',*,*,#2286,.T.);
#166=ORIENTED_EDGE('',*,*,#2286,.F.);
#167=ORIENTED_EDGE('',*,*,#2287,.T.);
#168=ORIENTED_EDGE('',*,*,#2288,.T.);
#169=ORIENTED_EDGE('',*,*,#2289,.T.);
#170=ORIENTED_EDGE('',*,*,#2290,.F.);
#171=ORIENTED_EDGE('',*,*,#2291,.T.);
#172=ORIENTED_EDGE('',*,*,#2292,.T.);
#173=ORIENTED_EDGE('',*,*,#2293,.T.);
#174=ORIENTED_EDGE('',*,*,#2294,.T.);
#175=ORIENTED_EDGE('',*,*,#2295,.T.);
#176=ORIENTED_EDGE('',*,*,#2292,.F.);
#177=ORIENTED_EDGE('',*,*,#2296,.T.);
#178=ORIENTED_EDGE('',*,*,#2297,.F.);
#179=ORIENTED_EDGE('',*,*,#2294,.F.);
#180=ORIENTED_EDGE('',*,*,#2298,.T.);
#181=ORIENTED_EDGE('',*,*,#2299,.T.);
#182=ORIENTED_EDGE('',*,*,#2300,.T.);
#183=ORIENTED_EDGE('',*,*,#2299,.F.);
#184=ORIENTED_EDGE('',*,*,#2301,.T.);
#185=ORIENTED_EDGE('',*,*,#2302,.T.);
#186=ORIENTED_EDGE('',*,*,#2303,.T.);
#187=ORIENTED_EDGE('',*,*,#2302,.F.);
#188=ORIENTED_EDGE('',*,*,#2304,.T.);
#189=ORIENTED_EDGE('',*,*,#2305,.T.);
#190=ORIENTED_EDGE('',*,*,#2306,.F.);
#191=ORIENTED_EDGE('',*,*,#2307,.T.);
#192=ORIENTED_EDGE('',*,*,#2252,.T.);
#193=ORIENTED_EDGE('',*,*,#2308,.T.);
#194=ORIENTED_EDGE('',*,*,#2309,.T.);
#195=ORIENTED_EDGE('',*,*,#2310,.F.);
#196=ORIENTED_EDGE('',*,*,#2311,.T.);
#197=ORIENTED_EDGE('',*,*,#2312,.T.);
#198=ORIENTED_EDGE('',*,*,#2313,.T.);
#199=ORIENTED_EDGE('',*,*,#2312,.F.);
#200=ORIENTED_EDGE('',*,*,#2314,.T.);
#201=ORIENTED_EDGE('',*,*,#2315,.T.);
#202=ORIENTED_EDGE('',*,*,#2316,.T.);
#203=ORIENTED_EDGE('',*,*,#2317,.F.);
#204=ORIENTED_EDGE('',*,*,#2318,.F.);
#205=ORIENTED_EDGE('',*,*,#2319,.T.);
#206=ORIENTED_EDGE('',*,*,#2319,.F.);
#207=ORIENTED_EDGE('',*,*,#2320,.F.);
#208=ORIENTED_EDGE('',*,*,#2321,.T.);
#209=ORIENTED_EDGE('',*,*,#2322,.T.);
#210=ORIENTED_EDGE('',*,*,#2323,.T.);
#211=ORIENTED_EDGE('',*,*,#2321,.F.);
#212=ORIENTED_EDGE('',*,*,#2324,.T.);
#213=ORIENTED_EDGE('',*,*,#2325,.F.);
#214=ORIENTED_EDGE('',*,*,#2326,.F.);
#215=ORIENTED_EDGE('',*,*,#2327,.T.);
#216=ORIENTED_EDGE('',*,*,#2325,.T.);
#217=ORIENTED_EDGE('',*,*,#2328,.T.);
#218=ORIENTED_EDGE('',*,*,#2310,.T.);
#219=ORIENTED_EDGE('',*,*,#2329,.T.);
#220=ORIENTED_EDGE('',*,*,#2330,.F.);
#221=ORIENTED_EDGE('',*,*,#2331,.T.);
#222=ORIENTED_EDGE('',*,*,#2332,.T.);
#223=ORIENTED_EDGE('',*,*,#2333,.F.);
#224=ORIENTED_EDGE('',*,*,#2334,.T.);
#225=ORIENTED_EDGE('',*,*,#2335,.T.);
#226=ORIENTED_EDGE('',*,*,#2336,.T.);
#227=ORIENTED_EDGE('',*,*,#2335,.F.);
#228=ORIENTED_EDGE('',*,*,#2337,.T.);
#229=ORIENTED_EDGE('',*,*,#2338,.T.);
#230=ORIENTED_EDGE('',*,*,#2338,.F.);
#231=ORIENTED_EDGE('',*,*,#2339,.T.);
#232=ORIENTED_EDGE('',*,*,#2340,.T.);
#233=ORIENTED_EDGE('',*,*,#2341,.T.);
#234=ORIENTED_EDGE('',*,*,#2317,.T.);
#235=ORIENTED_EDGE('',*,*,#2342,.T.);
#236=ORIENTED_EDGE('',*,*,#2343,.F.);
#237=ORIENTED_EDGE('',*,*,#2344,.F.);
#238=ORIENTED_EDGE('',*,*,#2345,.T.);
#239=ORIENTED_EDGE('',*,*,#2340,.F.);
#240=ORIENTED_EDGE('',*,*,#2346,.T.);
#241=ORIENTED_EDGE('',*,*,#2347,.T.);
#242=ORIENTED_EDGE('',*,*,#2348,.F.);
#243=ORIENTED_EDGE('',*,*,#2349,.F.);
#244=ORIENTED_EDGE('',*,*,#2350,.T.);
#245=ORIENTED_EDGE('',*,*,#2351,.T.);
#246=ORIENTED_EDGE('',*,*,#2352,.T.);
#247=ORIENTED_EDGE('',*,*,#2353,.F.);
#248=ORIENTED_EDGE('',*,*,#2354,.T.);
#249=ORIENTED_EDGE('',*,*,#2355,.T.);
#250=ORIENTED_EDGE('',*,*,#2356,.T.);
#251=ORIENTED_EDGE('',*,*,#2355,.F.);
#252=ORIENTED_EDGE('',*,*,#2357,.T.);
#253=ORIENTED_EDGE('',*,*,#2358,.T.);
#254=ORIENTED_EDGE('',*,*,#2359,.T.);
#255=ORIENTED_EDGE('',*,*,#2358,.F.);
#256=ORIENTED_EDGE('',*,*,#2360,.T.);
#257=ORIENTED_EDGE('',*,*,#2361,.T.);
#258=ORIENTED_EDGE('',*,*,#2362,.T.);
#259=ORIENTED_EDGE('',*,*,#2361,.F.);
#260=ORIENTED_EDGE('',*,*,#2363,.T.);
#261=ORIENTED_EDGE('',*,*,#2364,.T.);
#262=ORIENTED_EDGE('',*,*,#2365,.T.);
#263=ORIENTED_EDGE('',*,*,#2364,.F.);
#264=ORIENTED_EDGE('',*,*,#2366,.T.);
#265=ORIENTED_EDGE('',*,*,#2367,.T.);
#266=ORIENTED_EDGE('',*,*,#2368,.T.);
#267=ORIENTED_EDGE('',*,*,#2367,.F.);
#268=ORIENTED_EDGE('',*,*,#2369,.T.);
#269=ORIENTED_EDGE('',*,*,#2370,.T.);
#270=ORIENTED_EDGE('',*,*,#2371,.T.);
#271=ORIENTED_EDGE('',*,*,#2370,.F.);
#272=ORIENTED_EDGE('',*,*,#2372,.T.);
#273=ORIENTED_EDGE('',*,*,#2373,.T.);
#274=ORIENTED_EDGE('',*,*,#2373,.F.);
#275=ORIENTED_EDGE('',*,*,#2374,.F.);
#276=ORIENTED_EDGE('',*,*,#2375,.T.);
#277=ORIENTED_EDGE('',*,*,#2376,.T.);
#278=ORIENTED_EDGE('',*,*,#2377,.T.);
#279=ORIENTED_EDGE('',*,*,#2378,.T.);
#280=ORIENTED_EDGE('',*,*,#2350,.F.);
#281=ORIENTED_EDGE('',*,*,#2379,.T.);
#282=ORIENTED_EDGE('',*,*,#2380,.T.);
#283=ORIENTED_EDGE('',*,*,#2377,.F.);
#284=ORIENTED_EDGE('',*,*,#2381,.T.);
#285=ORIENTED_EDGE('',*,*,#2382,.T.);
#286=ORIENTED_EDGE('',*,*,#2383,.T.);
#287=ORIENTED_EDGE('',*,*,#2382,.F.);
#288=ORIENTED_EDGE('',*,*,#2384,.F.);
#289=ORIENTED_EDGE('',*,*,#2385,.T.);
#290=ORIENTED_EDGE('',*,*,#2386,.T.);
#291=ORIENTED_EDGE('',*,*,#2385,.F.);
#292=ORIENTED_EDGE('',*,*,#2387,.F.);
#293=ORIENTED_EDGE('',*,*,#2388,.T.);
#294=ORIENTED_EDGE('',*,*,#2389,.F.);
#295=ORIENTED_EDGE('',*,*,#2390,.T.);
#296=ORIENTED_EDGE('',*,*,#2333,.T.);
#297=ORIENTED_EDGE('',*,*,#2391,.T.);
#298=ORIENTED_EDGE('',*,*,#2392,.F.);
#299=ORIENTED_EDGE('',*,*,#2393,.T.);
#300=ORIENTED_EDGE('',*,*,#2394,.T.);
#301=ORIENTED_EDGE('',*,*,#2395,.T.);
#302=ORIENTED_EDGE('',*,*,#2394,.F.);
#303=ORIENTED_EDGE('',*,*,#2396,.T.);
#304=ORIENTED_EDGE('',*,*,#2397,.T.);
#305=ORIENTED_EDGE('',*,*,#2398,.F.);
#306=ORIENTED_EDGE('',*,*,#2399,.F.);
#307=ORIENTED_EDGE('',*,*,#2400,.T.);
#308=ORIENTED_EDGE('',*,*,#2401,.T.);
#309=ORIENTED_EDGE('',*,*,#2402,.T.);
#310=ORIENTED_EDGE('',*,*,#2403,.F.);
#311=ORIENTED_EDGE('',*,*,#2404,.T.);
#312=ORIENTED_EDGE('',*,*,#2405,.T.);
#313=ORIENTED_EDGE('',*,*,#2406,.T.);
#314=ORIENTED_EDGE('',*,*,#2405,.F.);
#315=ORIENTED_EDGE('',*,*,#2407,.T.);
#316=ORIENTED_EDGE('',*,*,#2392,.T.);
#317=ORIENTED_EDGE('',*,*,#2408,.F.);
#318=ORIENTED_EDGE('',*,*,#2288,.F.);
#319=ORIENTED_EDGE('',*,*,#2409,.T.);
#320=ORIENTED_EDGE('',*,*,#2410,.T.);
#321=ORIENTED_EDGE('',*,*,#2411,.T.);
#322=ORIENTED_EDGE('',*,*,#2410,.F.);
#323=ORIENTED_EDGE('',*,*,#2412,.T.);
#324=ORIENTED_EDGE('',*,*,#2413,.T.);
#325=ORIENTED_EDGE('',*,*,#2414,.T.);
#326=ORIENTED_EDGE('',*,*,#2227,.F.);
#327=ORIENTED_EDGE('',*,*,#2415,.T.);
#328=ORIENTED_EDGE('',*,*,#2416,.T.);
#329=ORIENTED_EDGE('',*,*,#2417,.T.);
#330=ORIENTED_EDGE('',*,*,#2416,.F.);
#331=ORIENTED_EDGE('',*,*,#2418,.T.);
#332=ORIENTED_EDGE('',*,*,#2403,.T.);
#333=ORIENTED_EDGE('',*,*,#2419,.F.);
#334=ORIENTED_EDGE('',*,*,#2420,.F.);
#335=ORIENTED_EDGE('',*,*,#2421,.T.);
#336=ORIENTED_EDGE('',*,*,#2422,.T.);
#337=ORIENTED_EDGE('',*,*,#2423,.T.);
#338=ORIENTED_EDGE('',*,*,#2424,.T.);
#339=ORIENTED_EDGE('',*,*,#2425,.T.);
#340=ORIENTED_EDGE('',*,*,#2426,.F.);
#341=ORIENTED_EDGE('',*,*,#2427,.T.);
#342=ORIENTED_EDGE('',*,*,#2428,.T.);
#343=ORIENTED_EDGE('',*,*,#2429,.T.);
#344=ORIENTED_EDGE('',*,*,#2401,.F.);
#345=ORIENTED_EDGE('',*,*,#2430,.T.);
#346=ORIENTED_EDGE('',*,*,#2428,.F.);
#347=ORIENTED_EDGE('',*,*,#2431,.T.);
#348=ORIENTED_EDGE('',*,*,#2432,.T.);
#349=ORIENTED_EDGE('',*,*,#2433,.T.);
#350=ORIENTED_EDGE('',*,*,#2434,.F.);
#351=ORIENTED_EDGE('',*,*,#2435,.T.);
#352=ORIENTED_EDGE('',*,*,#2436,.T.);
#353=ORIENTED_EDGE('',*,*,#2437,.T.);
#354=ORIENTED_EDGE('',*,*,#2397,.F.);
#355=ORIENTED_EDGE('',*,*,#2438,.T.);
#356=ORIENTED_EDGE('',*,*,#2439,.T.);
#357=ORIENTED_EDGE('',*,*,#2440,.F.);
#358=ORIENTED_EDGE('',*,*,#2439,.F.);
#359=ORIENTED_EDGE('',*,*,#2441,.T.);
#360=ORIENTED_EDGE('',*,*,#2399,.T.);
#361=ORIENTED_EDGE('',*,*,#2442,.T.);
#362=ORIENTED_EDGE('',*,*,#2443,.F.);
#363=ORIENTED_EDGE('',*,*,#2444,.F.);
#364=ORIENTED_EDGE('',*,*,#2434,.T.);
#365=ORIENTED_EDGE('',*,*,#2445,.F.);
#366=ORIENTED_EDGE('',*,*,#2446,.F.);
#367=ORIENTED_EDGE('',*,*,#2447,.F.);
#368=ORIENTED_EDGE('',*,*,#2443,.T.);
#369=ORIENTED_EDGE('',*,*,#2448,.T.);
#370=ORIENTED_EDGE('',*,*,#2424,.F.);
#371=ORIENTED_EDGE('',*,*,#2449,.T.);
#372=ORIENTED_EDGE('',*,*,#2446,.T.);
#373=ORIENTED_EDGE('',*,*,#2450,.F.);
#374=ORIENTED_EDGE('',*,*,#2451,.T.);
#375=ORIENTED_EDGE('',*,*,#2452,.T.);
#376=ORIENTED_EDGE('',*,*,#2453,.T.);
#377=ORIENTED_EDGE('',*,*,#2454,.T.);
#378=ORIENTED_EDGE('',*,*,#2455,.F.);
#379=ORIENTED_EDGE('',*,*,#2456,.T.);
#380=ORIENTED_EDGE('',*,*,#2457,.T.);
#381=ORIENTED_EDGE('',*,*,#2458,.T.);
#382=ORIENTED_EDGE('',*,*,#2457,.F.);
#383=ORIENTED_EDGE('',*,*,#2459,.T.);
#384=ORIENTED_EDGE('',*,*,#2460,.T.);
#385=ORIENTED_EDGE('',*,*,#2461,.T.);
#386=ORIENTED_EDGE('',*,*,#2462,.T.);
#387=ORIENTED_EDGE('',*,*,#2463,.T.);
#388=ORIENTED_EDGE('',*,*,#2464,.T.);
#389=ORIENTED_EDGE('',*,*,#2465,.T.);
#390=ORIENTED_EDGE('',*,*,#2460,.F.);
#391=ORIENTED_EDGE('',*,*,#2466,.T.);
#392=ORIENTED_EDGE('',*,*,#2467,.T.);
#393=ORIENTED_EDGE('',*,*,#2468,.T.);
#394=ORIENTED_EDGE('',*,*,#2469,.T.);
#395=ORIENTED_EDGE('',*,*,#2464,.F.);
#396=ORIENTED_EDGE('',*,*,#2470,.T.);
#397=ORIENTED_EDGE('',*,*,#2471,.T.);
#398=ORIENTED_EDGE('',*,*,#2467,.F.);
#399=ORIENTED_EDGE('',*,*,#2472,.T.);
#400=ORIENTED_EDGE('',*,*,#2473,.T.);
#401=ORIENTED_EDGE('',*,*,#2474,.T.);
#402=ORIENTED_EDGE('',*,*,#2473,.F.);
#403=ORIENTED_EDGE('',*,*,#2475,.T.);
#404=ORIENTED_EDGE('',*,*,#2247,.T.);
#405=ORIENTED_EDGE('',*,*,#2476,.T.);
#406=ORIENTED_EDGE('',*,*,#2477,.T.);
#407=ORIENTED_EDGE('',*,*,#2471,.F.);
#408=ORIENTED_EDGE('',*,*,#2478,.T.);
#409=ORIENTED_EDGE('',*,*,#2479,.T.);
#410=ORIENTED_EDGE('',*,*,#2480,.F.);
#411=ORIENTED_EDGE('',*,*,#2481,.T.);
#412=ORIENTED_EDGE('',*,*,#2242,.F.);
#413=ORIENTED_EDGE('',*,*,#2482,.T.);
#414=ORIENTED_EDGE('',*,*,#2483,.T.);
#415=ORIENTED_EDGE('',*,*,#2479,.F.);
#416=ORIENTED_EDGE('',*,*,#2484,.T.);
#417=ORIENTED_EDGE('',*,*,#2480,.T.);
#418=ORIENTED_EDGE('',*,*,#2462,.F.);
#419=ORIENTED_EDGE('',*,*,#2485,.T.);
#420=ORIENTED_EDGE('',*,*,#2486,.T.);
#421=ORIENTED_EDGE('',*,*,#2487,.T.);
#422=ORIENTED_EDGE('',*,*,#2488,.F.);
#423=ORIENTED_EDGE('',*,*,#2489,.T.);
#424=ORIENTED_EDGE('',*,*,#2490,.T.);
#425=ORIENTED_EDGE('',*,*,#2491,.T.);
#426=ORIENTED_EDGE('',*,*,#2492,.F.);
#427=ORIENTED_EDGE('',*,*,#2493,.T.);
#428=ORIENTED_EDGE('',*,*,#2494,.T.);
#429=ORIENTED_EDGE('',*,*,#2495,.T.);
#430=ORIENTED_EDGE('',*,*,#2496,.F.);
#431=ORIENTED_EDGE('',*,*,#2497,.T.);
#432=ORIENTED_EDGE('',*,*,#2221,.T.);
#433=ORIENTED_EDGE('',*,*,#2498,.T.);
#434=ORIENTED_EDGE('',*,*,#2453,.F.);
#435=ORIENTED_EDGE('',*,*,#2499,.T.);
#436=ORIENTED_EDGE('',*,*,#2500,.T.);
#437=ORIENTED_EDGE('',*,*,#2501,.T.);
#438=ORIENTED_EDGE('',*,*,#2500,.F.);
#439=ORIENTED_EDGE('',*,*,#2502,.T.);
#440=ORIENTED_EDGE('',*,*,#2488,.T.);
#441=ORIENTED_EDGE('',*,*,#2503,.T.);
#442=ORIENTED_EDGE('',*,*,#2494,.F.);
#443=ORIENTED_EDGE('',*,*,#2504,.F.);
#444=ORIENTED_EDGE('',*,*,#2505,.T.);
#445=ORIENTED_EDGE('',*,*,#2506,.T.);
#446=ORIENTED_EDGE('',*,*,#2505,.F.);
#447=ORIENTED_EDGE('',*,*,#2507,.F.);
#448=ORIENTED_EDGE('',*,*,#2508,.T.);
#449=ORIENTED_EDGE('',*,*,#2509,.F.);
#450=ORIENTED_EDGE('',*,*,#2508,.F.);
#451=ORIENTED_EDGE('',*,*,#2510,.F.);
#452=ORIENTED_EDGE('',*,*,#2496,.T.);
#453=ORIENTED_EDGE('',*,*,#2511,.T.);
#454=ORIENTED_EDGE('',*,*,#2512,.T.);
#455=ORIENTED_EDGE('',*,*,#2513,.T.);
#456=ORIENTED_EDGE('',*,*,#2514,.T.);
#457=ORIENTED_EDGE('',*,*,#2515,.T.);
#458=ORIENTED_EDGE('',*,*,#2516,.T.);
#459=ORIENTED_EDGE('',*,*,#2517,.T.);
#460=ORIENTED_EDGE('',*,*,#2514,.F.);
#461=ORIENTED_EDGE('',*,*,#2518,.F.);
#462=ORIENTED_EDGE('',*,*,#2519,.F.);
#463=ORIENTED_EDGE('',*,*,#2520,.T.);
#464=ORIENTED_EDGE('',*,*,#2516,.F.);
#465=ORIENTED_EDGE('',*,*,#2521,.F.);
#466=ORIENTED_EDGE('',*,*,#2512,.F.);
#467=ORIENTED_EDGE('',*,*,#2522,.T.);
#468=ORIENTED_EDGE('',*,*,#2523,.F.);
#469=ORIENTED_EDGE('',*,*,#2524,.F.);
#470=ORIENTED_EDGE('',*,*,#2525,.T.);
#471=ORIENTED_EDGE('',*,*,#2526,.T.);
#472=ORIENTED_EDGE('',*,*,#2519,.T.);
#473=ORIENTED_EDGE('',*,*,#2527,.F.);
#474=ORIENTED_EDGE('',*,*,#2190,.F.);
#475=ORIENTED_EDGE('',*,*,#2189,.T.);
#476=ORIENTED_EDGE('',*,*,#2186,.T.);
#477=ORIENTED_EDGE('',*,*,#2183,.F.);
#478=ORIENTED_EDGE('',*,*,#2197,.F.);
#479=ORIENTED_EDGE('',*,*,#2528,.T.);
#480=ORIENTED_EDGE('',*,*,#2529,.T.);
#481=ORIENTED_EDGE('',*,*,#2530,.F.);
#482=ORIENTED_EDGE('',*,*,#2531,.F.);
#483=ORIENTED_EDGE('',*,*,#2532,.F.);
#484=ORIENTED_EDGE('',*,*,#2533,.T.);
#485=ORIENTED_EDGE('',*,*,#2534,.T.);
#486=ORIENTED_EDGE('',*,*,#2535,.F.);
#487=ORIENTED_EDGE('',*,*,#2536,.T.);
#488=ORIENTED_EDGE('',*,*,#2537,.F.);
#489=ORIENTED_EDGE('',*,*,#2538,.T.);
#490=ORIENTED_EDGE('',*,*,#2539,.F.);
#491=ORIENTED_EDGE('',*,*,#2389,.T.);
#492=ORIENTED_EDGE('',*,*,#2540,.T.);
#493=ORIENTED_EDGE('',*,*,#2537,.T.);
#494=ORIENTED_EDGE('',*,*,#2541,.F.);
#495=ORIENTED_EDGE('',*,*,#2542,.T.);
#496=ORIENTED_EDGE('',*,*,#2543,.T.);
#497=ORIENTED_EDGE('',*,*,#2544,.F.);
#498=ORIENTED_EDGE('',*,*,#2545,.T.);
#499=ORIENTED_EDGE('',*,*,#2546,.F.);
#500=ORIENTED_EDGE('',*,*,#2541,.T.);
#501=ORIENTED_EDGE('',*,*,#2547,.T.);
#502=ORIENTED_EDGE('',*,*,#2548,.T.);
#503=ORIENTED_EDGE('',*,*,#2549,.T.);
#504=ORIENTED_EDGE('',*,*,#2550,.F.);
#505=ORIENTED_EDGE('',*,*,#2551,.T.);
#506=ORIENTED_EDGE('',*,*,#2552,.T.);
#507=ORIENTED_EDGE('',*,*,#2553,.F.);
#508=ORIENTED_EDGE('',*,*,#2375,.F.);
#509=ORIENTED_EDGE('',*,*,#2554,.T.);
#510=ORIENTED_EDGE('',*,*,#2555,.T.);
#511=ORIENTED_EDGE('',*,*,#2556,.T.);
#512=ORIENTED_EDGE('',*,*,#2555,.F.);
#513=ORIENTED_EDGE('',*,*,#2557,.T.);
#514=ORIENTED_EDGE('',*,*,#2531,.T.);
#515=ORIENTED_EDGE('',*,*,#2558,.T.);
#516=ORIENTED_EDGE('',*,*,#2559,.F.);
#517=ORIENTED_EDGE('',*,*,#2560,.F.);
#518=ORIENTED_EDGE('',*,*,#2561,.T.);
#519=ORIENTED_EDGE('',*,*,#2562,.T.);
#520=ORIENTED_EDGE('',*,*,#2563,.F.);
#521=ORIENTED_EDGE('',*,*,#2564,.T.);
#522=ORIENTED_EDGE('',*,*,#2565,.F.);
#523=ORIENTED_EDGE('',*,*,#2566,.T.);
#524=ORIENTED_EDGE('',*,*,#2567,.T.);
#525=ORIENTED_EDGE('',*,*,#2568,.T.);
#526=ORIENTED_EDGE('',*,*,#2563,.T.);
#527=ORIENTED_EDGE('',*,*,#2569,.T.);
#528=ORIENTED_EDGE('',*,*,#2570,.F.);
#529=ORIENTED_EDGE('',*,*,#2571,.T.);
#530=ORIENTED_EDGE('',*,*,#2572,.T.);
#531=ORIENTED_EDGE('',*,*,#2573,.T.);
#532=ORIENTED_EDGE('',*,*,#2574,.T.);
#533=ORIENTED_EDGE('',*,*,#2575,.T.);
#534=ORIENTED_EDGE('',*,*,#2576,.T.);
#535=ORIENTED_EDGE('',*,*,#2577,.T.);
#536=ORIENTED_EDGE('',*,*,#2578,.F.);
#537=ORIENTED_EDGE('',*,*,#2579,.T.);
#538=ORIENTED_EDGE('',*,*,#2565,.T.);
#539=ORIENTED_EDGE('',*,*,#2580,.T.);
#540=ORIENTED_EDGE('',*,*,#2581,.F.);
#541=ORIENTED_EDGE('',*,*,#2582,.T.);
#542=ORIENTED_EDGE('',*,*,#2583,.T.);
#543=ORIENTED_EDGE('',*,*,#2584,.T.);
#544=ORIENTED_EDGE('',*,*,#2585,.F.);
#545=ORIENTED_EDGE('',*,*,#2586,.T.);
#546=ORIENTED_EDGE('',*,*,#2587,.T.);
#547=ORIENTED_EDGE('',*,*,#2588,.T.);
#548=ORIENTED_EDGE('',*,*,#2589,.T.);
#549=ORIENTED_EDGE('',*,*,#2590,.T.);
#550=ORIENTED_EDGE('',*,*,#2583,.F.);
#551=ORIENTED_EDGE('',*,*,#2591,.T.);
#552=ORIENTED_EDGE('',*,*,#2592,.T.);
#553=ORIENTED_EDGE('',*,*,#2570,.T.);
#554=ORIENTED_EDGE('',*,*,#2593,.T.);
#555=ORIENTED_EDGE('',*,*,#2594,.F.);
#556=ORIENTED_EDGE('',*,*,#2595,.T.);
#557=ORIENTED_EDGE('',*,*,#2594,.T.);
#558=ORIENTED_EDGE('',*,*,#2596,.F.);
#559=ORIENTED_EDGE('',*,*,#2597,.T.);
#560=ORIENTED_EDGE('',*,*,#2598,.F.);
#561=ORIENTED_EDGE('',*,*,#2599,.T.);
#562=ORIENTED_EDGE('',*,*,#2600,.T.);
#563=ORIENTED_EDGE('',*,*,#2601,.T.);
#564=ORIENTED_EDGE('',*,*,#2602,.F.);
#565=ORIENTED_EDGE('',*,*,#2598,.T.);
#566=ORIENTED_EDGE('',*,*,#2603,.T.);
#567=ORIENTED_EDGE('',*,*,#2604,.F.);
#568=ORIENTED_EDGE('',*,*,#2605,.F.);
#569=ORIENTED_EDGE('',*,*,#2606,.T.);
#570=ORIENTED_EDGE('',*,*,#2604,.T.);
#571=ORIENTED_EDGE('',*,*,#2607,.T.);
#572=ORIENTED_EDGE('',*,*,#2608,.F.);
#573=ORIENTED_EDGE('',*,*,#2609,.T.);
#574=ORIENTED_EDGE('',*,*,#2610,.F.);
#575=ORIENTED_EDGE('',*,*,#2611,.T.);
#576=ORIENTED_EDGE('',*,*,#2612,.F.);
#577=ORIENTED_EDGE('',*,*,#2613,.T.);
#578=ORIENTED_EDGE('',*,*,#2600,.F.);
#579=ORIENTED_EDGE('',*,*,#2614,.T.);
#580=ORIENTED_EDGE('',*,*,#2615,.F.);
#581=ORIENTED_EDGE('',*,*,#2616,.T.);
#582=ORIENTED_EDGE('',*,*,#2617,.T.);
#583=ORIENTED_EDGE('',*,*,#2612,.T.);
#584=ORIENTED_EDGE('',*,*,#2618,.T.);
#585=ORIENTED_EDGE('',*,*,#2619,.T.);
#586=ORIENTED_EDGE('',*,*,#2605,.T.);
#587=ORIENTED_EDGE('',*,*,#2620,.T.);
#588=ORIENTED_EDGE('',*,*,#2621,.T.);
#589=ORIENTED_EDGE('',*,*,#2622,.T.);
#590=ORIENTED_EDGE('',*,*,#2623,.F.);
#591=ORIENTED_EDGE('',*,*,#2624,.F.);
#592=ORIENTED_EDGE('',*,*,#2625,.F.);
#593=ORIENTED_EDGE('',*,*,#2623,.T.);
#594=ORIENTED_EDGE('',*,*,#2626,.T.);
#595=ORIENTED_EDGE('',*,*,#2627,.F.);
#596=ORIENTED_EDGE('',*,*,#2628,.T.);
#597=ORIENTED_EDGE('',*,*,#2629,.T.);
#598=ORIENTED_EDGE('',*,*,#2627,.T.);
#599=ORIENTED_EDGE('',*,*,#2630,.T.);
#600=ORIENTED_EDGE('',*,*,#2616,.F.);
#601=ORIENTED_EDGE('',*,*,#2631,.F.);
#602=ORIENTED_EDGE('',*,*,#2628,.F.);
#603=ORIENTED_EDGE('',*,*,#2632,.T.);
#604=ORIENTED_EDGE('',*,*,#2633,.F.);
#605=ORIENTED_EDGE('',*,*,#2634,.T.);
#606=ORIENTED_EDGE('',*,*,#2572,.F.);
#607=ORIENTED_EDGE('',*,*,#2635,.T.);
#608=ORIENTED_EDGE('',*,*,#2618,.F.);
#609=ORIENTED_EDGE('',*,*,#2636,.T.);
#610=ORIENTED_EDGE('',*,*,#2637,.T.);
#611=ORIENTED_EDGE('',*,*,#2638,.T.);
#612=ORIENTED_EDGE('',*,*,#2637,.F.);
#613=ORIENTED_EDGE('',*,*,#2639,.F.);
#614=ORIENTED_EDGE('',*,*,#2640,.T.);
#615=ORIENTED_EDGE('',*,*,#2641,.T.);
#616=ORIENTED_EDGE('',*,*,#2642,.T.);
#617=ORIENTED_EDGE('',*,*,#2643,.F.);
#618=ORIENTED_EDGE('',*,*,#2644,.T.);
#619=ORIENTED_EDGE('',*,*,#2645,.T.);
#620=ORIENTED_EDGE('',*,*,#2646,.F.);
#621=ORIENTED_EDGE('',*,*,#2647,.F.);
#622=ORIENTED_EDGE('',*,*,#2648,.F.);
#623=ORIENTED_EDGE('',*,*,#2649,.T.);
#624=ORIENTED_EDGE('',*,*,#2650,.F.);
#625=ORIENTED_EDGE('',*,*,#2651,.F.);
#626=ORIENTED_EDGE('',*,*,#2652,.F.);
#627=ORIENTED_EDGE('',*,*,#2653,.T.);
#628=ORIENTED_EDGE('',*,*,#2654,.T.);
#629=ORIENTED_EDGE('',*,*,#2652,.T.);
#630=ORIENTED_EDGE('',*,*,#2655,.F.);
#631=ORIENTED_EDGE('',*,*,#2656,.T.);
#632=ORIENTED_EDGE('',*,*,#2657,.F.);
#633=ORIENTED_EDGE('',*,*,#2658,.T.);
#634=ORIENTED_EDGE('',*,*,#2659,.T.);
#635=ORIENTED_EDGE('',*,*,#2660,.F.);
#636=ORIENTED_EDGE('',*,*,#2661,.F.);
#637=ORIENTED_EDGE('',*,*,#2657,.T.);
#638=ORIENTED_EDGE('',*,*,#2662,.T.);
#639=ORIENTED_EDGE('',*,*,#2650,.T.);
#640=ORIENTED_EDGE('',*,*,#2663,.F.);
#641=ORIENTED_EDGE('',*,*,#2664,.F.);
#642=ORIENTED_EDGE('',*,*,#2665,.T.);
#643=ORIENTED_EDGE('',*,*,#2666,.T.);
#644=ORIENTED_EDGE('',*,*,#2667,.F.);
#645=ORIENTED_EDGE('',*,*,#2668,.T.);
#646=ORIENTED_EDGE('',*,*,#2666,.F.);
#647=ORIENTED_EDGE('',*,*,#2669,.F.);
#648=ORIENTED_EDGE('',*,*,#2667,.T.);
#649=ORIENTED_EDGE('',*,*,#2670,.T.);
#650=ORIENTED_EDGE('',*,*,#2671,.T.);
#651=ORIENTED_EDGE('',*,*,#2672,.T.);
#652=ORIENTED_EDGE('',*,*,#2673,.F.);
#653=ORIENTED_EDGE('',*,*,#2674,.T.);
#654=ORIENTED_EDGE('',*,*,#2671,.F.);
#655=ORIENTED_EDGE('',*,*,#2675,.T.);
#656=ORIENTED_EDGE('',*,*,#2676,.T.);
#657=ORIENTED_EDGE('',*,*,#2677,.F.);
#658=ORIENTED_EDGE('',*,*,#2633,.T.);
#659=ORIENTED_EDGE('',*,*,#2678,.T.);
#660=ORIENTED_EDGE('',*,*,#2574,.F.);
#661=ORIENTED_EDGE('',*,*,#2679,.F.);
#662=ORIENTED_EDGE('',*,*,#2680,.T.);
#663=ORIENTED_EDGE('',*,*,#2681,.T.);
#664=ORIENTED_EDGE('',*,*,#2682,.F.);
#665=ORIENTED_EDGE('',*,*,#2683,.T.);
#666=ORIENTED_EDGE('',*,*,#2680,.F.);
#667=ORIENTED_EDGE('',*,*,#2684,.T.);
#668=ORIENTED_EDGE('',*,*,#2685,.F.);
#669=ORIENTED_EDGE('',*,*,#2686,.T.);
#670=ORIENTED_EDGE('',*,*,#2687,.T.);
#671=ORIENTED_EDGE('',*,*,#2688,.T.);
#672=ORIENTED_EDGE('',*,*,#2689,.T.);
#673=ORIENTED_EDGE('',*,*,#2690,.F.);
#674=ORIENTED_EDGE('',*,*,#2691,.T.);
#675=ORIENTED_EDGE('',*,*,#2692,.T.);
#676=ORIENTED_EDGE('',*,*,#2693,.T.);
#677=ORIENTED_EDGE('',*,*,#2694,.T.);
#678=ORIENTED_EDGE('',*,*,#2692,.F.);
#679=ORIENTED_EDGE('',*,*,#2695,.T.);
#680=ORIENTED_EDGE('',*,*,#2696,.F.);
#681=ORIENTED_EDGE('',*,*,#2697,.T.);
#682=ORIENTED_EDGE('',*,*,#2693,.F.);
#683=ORIENTED_EDGE('',*,*,#2698,.T.);
#684=ORIENTED_EDGE('',*,*,#2696,.T.);
#685=ORIENTED_EDGE('',*,*,#2699,.T.);
#686=ORIENTED_EDGE('',*,*,#2648,.T.);
#687=ORIENTED_EDGE('',*,*,#2700,.T.);
#688=ORIENTED_EDGE('',*,*,#2701,.F.);
#689=ORIENTED_EDGE('',*,*,#2702,.T.);
#690=ORIENTED_EDGE('',*,*,#2656,.F.);
#691=ORIENTED_EDGE('',*,*,#2703,.T.);
#692=ORIENTED_EDGE('',*,*,#2685,.T.);
#693=ORIENTED_EDGE('',*,*,#2704,.T.);
#694=ORIENTED_EDGE('',*,*,#2705,.T.);
#695=ORIENTED_EDGE('',*,*,#2706,.T.);
#696=ORIENTED_EDGE('',*,*,#2707,.F.);
#697=ORIENTED_EDGE('',*,*,#2701,.T.);
#698=ORIENTED_EDGE('',*,*,#2708,.T.);
#699=ORIENTED_EDGE('',*,*,#2705,.F.);
#700=ORIENTED_EDGE('',*,*,#2709,.T.);
#701=ORIENTED_EDGE('',*,*,#2710,.T.);
#702=ORIENTED_EDGE('',*,*,#2645,.F.);
#703=ORIENTED_EDGE('',*,*,#2711,.F.);
#704=ORIENTED_EDGE('',*,*,#2709,.F.);
#705=ORIENTED_EDGE('',*,*,#2712,.F.);
#706=ORIENTED_EDGE('',*,*,#2690,.T.);
#707=ORIENTED_EDGE('',*,*,#2713,.T.);
#708=ORIENTED_EDGE('',*,*,#2576,.F.);
#709=ORIENTED_EDGE('',*,*,#2714,.T.);
#710=ORIENTED_EDGE('',*,*,#2715,.F.);
#711=ORIENTED_EDGE('',*,*,#2716,.T.);
#712=ORIENTED_EDGE('',*,*,#2597,.F.);
#713=ORIENTED_EDGE('',*,*,#2717,.F.);
#714=ORIENTED_EDGE('',*,*,#2715,.T.);
#715=ORIENTED_EDGE('',*,*,#2718,.T.);
#716=ORIENTED_EDGE('',*,*,#2687,.F.);
#717=ORIENTED_EDGE('',*,*,#2719,.T.);
#718=ORIENTED_EDGE('',*,*,#2720,.T.);
#719=ORIENTED_EDGE('',*,*,#2721,.T.);
#720=ORIENTED_EDGE('',*,*,#2682,.T.);
#721=ORIENTED_EDGE('',*,*,#2722,.F.);
#722=ORIENTED_EDGE('',*,*,#2723,.T.);
#723=ORIENTED_EDGE('',*,*,#2724,.T.);
#724=ORIENTED_EDGE('',*,*,#2725,.T.);
#725=ORIENTED_EDGE('',*,*,#2726,.T.);
#726=ORIENTED_EDGE('',*,*,#2723,.F.);
#727=ORIENTED_EDGE('',*,*,#2727,.T.);
#728=ORIENTED_EDGE('',*,*,#2728,.T.);
#729=ORIENTED_EDGE('',*,*,#2729,.F.);
#730=ORIENTED_EDGE('',*,*,#2659,.F.);
#731=ORIENTED_EDGE('',*,*,#2730,.T.);
#732=ORIENTED_EDGE('',*,*,#2728,.F.);
#733=ORIENTED_EDGE('',*,*,#2731,.T.);
#734=ORIENTED_EDGE('',*,*,#2725,.F.);
#735=ORIENTED_EDGE('',*,*,#2732,.F.);
#736=ORIENTED_EDGE('',*,*,#2720,.F.);
#737=ORIENTED_EDGE('',*,*,#2733,.T.);
#738=ORIENTED_EDGE('',*,*,#2734,.F.);
#739=ORIENTED_EDGE('',*,*,#2735,.T.);
#740=ORIENTED_EDGE('',*,*,#2621,.F.);
#741=ORIENTED_EDGE('',*,*,#2736,.T.);
#742=ORIENTED_EDGE('',*,*,#2734,.T.);
#743=ORIENTED_EDGE('',*,*,#2737,.F.);
#744=ORIENTED_EDGE('',*,*,#2646,.T.);
#745=ORIENTED_EDGE('',*,*,#2738,.F.);
#746=ORIENTED_EDGE('',*,*,#2739,.F.);
#747=ORIENTED_EDGE('',*,*,#2740,.T.);
#748=ORIENTED_EDGE('',*,*,#2741,.F.);
#749=ORIENTED_EDGE('',*,*,#2739,.T.);
#750=ORIENTED_EDGE('',*,*,#2742,.F.);
#751=ORIENTED_EDGE('',*,*,#2743,.T.);
#752=ORIENTED_EDGE('',*,*,#2743,.F.);
#753=ORIENTED_EDGE('',*,*,#2744,.F.);
#754=ORIENTED_EDGE('',*,*,#2745,.T.);
#755=ORIENTED_EDGE('',*,*,#2746,.F.);
#756=ORIENTED_EDGE('',*,*,#2747,.F.);
#757=ORIENTED_EDGE('',*,*,#2748,.T.);
#758=ORIENTED_EDGE('',*,*,#2749,.F.);
#759=ORIENTED_EDGE('',*,*,#2750,.T.);
#760=ORIENTED_EDGE('',*,*,#2751,.F.);
#761=ORIENTED_EDGE('',*,*,#2752,.T.);
#762=ORIENTED_EDGE('',*,*,#2749,.T.);
#763=ORIENTED_EDGE('',*,*,#2753,.T.);
#764=ORIENTED_EDGE('',*,*,#2754,.F.);
#765=ORIENTED_EDGE('',*,*,#2751,.T.);
#766=ORIENTED_EDGE('',*,*,#2755,.F.);
#767=ORIENTED_EDGE('',*,*,#2756,.T.);
#768=ORIENTED_EDGE('',*,*,#2756,.F.);
#769=ORIENTED_EDGE('',*,*,#2757,.T.);
#770=ORIENTED_EDGE('',*,*,#2758,.T.);
#771=ORIENTED_EDGE('',*,*,#2759,.T.);
#772=ORIENTED_EDGE('',*,*,#2760,.T.);
#773=ORIENTED_EDGE('',*,*,#2761,.T.);
#774=ORIENTED_EDGE('',*,*,#2758,.F.);
#775=ORIENTED_EDGE('',*,*,#2762,.T.);
#776=ORIENTED_EDGE('',*,*,#2760,.F.);
#777=ORIENTED_EDGE('',*,*,#2763,.T.);
#778=ORIENTED_EDGE('',*,*,#2643,.T.);
#779=ORIENTED_EDGE('',*,*,#2764,.F.);
#780=ORIENTED_EDGE('',*,*,#2765,.T.);
#781=ORIENTED_EDGE('',*,*,#2766,.T.);
#782=ORIENTED_EDGE('',*,*,#2745,.F.);
#783=ORIENTED_EDGE('',*,*,#2767,.F.);
#784=ORIENTED_EDGE('',*,*,#2768,.F.);
#785=ORIENTED_EDGE('',*,*,#2769,.T.);
#786=ORIENTED_EDGE('',*,*,#2567,.F.);
#787=ORIENTED_EDGE('',*,*,#2770,.T.);
#788=ORIENTED_EDGE('',*,*,#2771,.F.);
#789=ORIENTED_EDGE('',*,*,#2772,.T.);
#790=ORIENTED_EDGE('',*,*,#2773,.T.);
#791=ORIENTED_EDGE('',*,*,#2774,.F.);
#792=ORIENTED_EDGE('',*,*,#2775,.T.);
#793=ORIENTED_EDGE('',*,*,#2588,.F.);
#794=ORIENTED_EDGE('',*,*,#2776,.F.);
#795=ORIENTED_EDGE('',*,*,#2777,.T.);
#796=ORIENTED_EDGE('',*,*,#2778,.T.);
#797=ORIENTED_EDGE('',*,*,#2771,.T.);
#798=ORIENTED_EDGE('',*,*,#2779,.T.);
#799=ORIENTED_EDGE('',*,*,#2780,.F.);
#800=ORIENTED_EDGE('',*,*,#2774,.T.);
#801=ORIENTED_EDGE('',*,*,#2781,.F.);
#802=ORIENTED_EDGE('',*,*,#2782,.F.);
#803=ORIENTED_EDGE('',*,*,#2783,.F.);
#804=ORIENTED_EDGE('',*,*,#2608,.T.);
#805=ORIENTED_EDGE('',*,*,#2784,.T.);
#806=ORIENTED_EDGE('',*,*,#2785,.T.);
#807=ORIENTED_EDGE('',*,*,#2785,.F.);
#808=ORIENTED_EDGE('',*,*,#2786,.T.);
#809=ORIENTED_EDGE('',*,*,#2787,.T.);
#810=ORIENTED_EDGE('',*,*,#2788,.T.);
#811=ORIENTED_EDGE('',*,*,#2787,.F.);
#812=ORIENTED_EDGE('',*,*,#2789,.F.);
#813=ORIENTED_EDGE('',*,*,#2790,.F.);
#814=ORIENTED_EDGE('',*,*,#2791,.T.);
#815=ORIENTED_EDGE('',*,*,#2792,.F.);
#816=ORIENTED_EDGE('',*,*,#2793,.T.);
#817=ORIENTED_EDGE('',*,*,#2782,.T.);
#818=ORIENTED_EDGE('',*,*,#2794,.F.);
#819=ORIENTED_EDGE('',*,*,#2795,.F.);
#820=ORIENTED_EDGE('',*,*,#2792,.T.);
#821=ORIENTED_EDGE('',*,*,#2796,.F.);
#822=ORIENTED_EDGE('',*,*,#2610,.T.);
#823=ORIENTED_EDGE('',*,*,#2552,.F.);
#824=ORIENTED_EDGE('',*,*,#2797,.T.);
#825=ORIENTED_EDGE('',*,*,#2798,.T.);
#826=ORIENTED_EDGE('',*,*,#2799,.T.);
#827=ORIENTED_EDGE('',*,*,#2800,.F.);
#828=ORIENTED_EDGE('',*,*,#2801,.T.);
#829=ORIENTED_EDGE('',*,*,#2199,.F.);
#830=ORIENTED_EDGE('',*,*,#2802,.T.);
#831=ORIENTED_EDGE('',*,*,#2185,.F.);
#832=ORIENTED_EDGE('',*,*,#2188,.F.);
#833=ORIENTED_EDGE('',*,*,#2191,.T.);
#834=ORIENTED_EDGE('',*,*,#2181,.F.);
#835=ORIENTED_EDGE('',*,*,#2803,.F.);
#836=ORIENTED_EDGE('',*,*,#2804,.T.);
#837=ORIENTED_EDGE('',*,*,#2805,.T.);
#838=ORIENTED_EDGE('',*,*,#2806,.F.);
#839=ORIENTED_EDGE('',*,*,#2807,.T.);
#840=ORIENTED_EDGE('',*,*,#2773,.F.);
#841=ORIENTED_EDGE('',*,*,#2808,.F.);
#842=ORIENTED_EDGE('',*,*,#2806,.T.);
#843=ORIENTED_EDGE('',*,*,#2804,.F.);
#844=ORIENTED_EDGE('',*,*,#2550,.T.);
#845=ORIENTED_EDGE('',*,*,#2809,.T.);
#846=ORIENTED_EDGE('',*,*,#2810,.F.);
#847=ORIENTED_EDGE('',*,*,#2811,.T.);
#848=ORIENTED_EDGE('',*,*,#2812,.F.);
#849=ORIENTED_EDGE('',*,*,#2813,.T.);
#850=ORIENTED_EDGE('',*,*,#2777,.F.);
#851=ORIENTED_EDGE('',*,*,#2814,.T.);
#852=ORIENTED_EDGE('',*,*,#2768,.T.);
#853=ORIENTED_EDGE('',*,*,#2815,.F.);
#854=ORIENTED_EDGE('',*,*,#2812,.T.);
#855=ORIENTED_EDGE('',*,*,#2816,.T.);
#856=ORIENTED_EDGE('',*,*,#2195,.F.);
#857=ORIENTED_EDGE('',*,*,#2817,.T.);
#858=ORIENTED_EDGE('',*,*,#2818,.T.);
#859=ORIENTED_EDGE('',*,*,#2819,.F.);
#860=ORIENTED_EDGE('',*,*,#2820,.T.);
#861=ORIENTED_EDGE('',*,*,#2559,.T.);
#862=ORIENTED_EDGE('',*,*,#2821,.F.);
#863=ORIENTED_EDGE('',*,*,#2822,.T.);
#864=ORIENTED_EDGE('',*,*,#2823,.F.);
#865=ORIENTED_EDGE('',*,*,#2824,.F.);
#866=ORIENTED_EDGE('',*,*,#2525,.F.);
#867=ORIENTED_EDGE('',*,*,#2825,.F.);
#868=ORIENTED_EDGE('',*,*,#2826,.F.);
#869=ORIENTED_EDGE('',*,*,#2827,.T.);
#870=ORIENTED_EDGE('',*,*,#2823,.T.);
#871=ORIENTED_EDGE('',*,*,#2828,.F.);
#872=ORIENTED_EDGE('',*,*,#2829,.F.);
#873=ORIENTED_EDGE('',*,*,#2822,.F.);
#874=ORIENTED_EDGE('',*,*,#2830,.F.);
#875=ORIENTED_EDGE('',*,*,#2826,.T.);
#876=ORIENTED_EDGE('',*,*,#2831,.F.);
#877=ORIENTED_EDGE('',*,*,#2832,.T.);
#878=ORIENTED_EDGE('',*,*,#2523,.T.);
#879=ORIENTED_EDGE('',*,*,#2833,.T.);
#880=ORIENTED_EDGE('',*,*,#2834,.F.);
#881=ORIENTED_EDGE('',*,*,#2835,.T.);
#882=ORIENTED_EDGE('',*,*,#2836,.F.);
#883=ORIENTED_EDGE('',*,*,#2837,.T.);
#884=ORIENTED_EDGE('',*,*,#2838,.T.);
#885=ORIENTED_EDGE('',*,*,#2839,.T.);
#886=ORIENTED_EDGE('',*,*,#2834,.T.);
#887=ORIENTED_EDGE('',*,*,#2840,.T.);
#888=ORIENTED_EDGE('',*,*,#2838,.F.);
#889=ORIENTED_EDGE('',*,*,#2841,.T.);
#890=ORIENTED_EDGE('',*,*,#2831,.T.);
#891=ORIENTED_EDGE('',*,*,#2842,.T.);
#892=ORIENTED_EDGE('',*,*,#2843,.F.);
#893=ORIENTED_EDGE('',*,*,#2844,.F.);
#894=ORIENTED_EDGE('',*,*,#2845,.T.);
#895=ORIENTED_EDGE('',*,*,#2846,.T.);
#896=ORIENTED_EDGE('',*,*,#2847,.T.);
#897=ORIENTED_EDGE('',*,*,#2848,.T.);
#898=ORIENTED_EDGE('',*,*,#2845,.F.);
#899=ORIENTED_EDGE('',*,*,#2849,.T.);
#900=ORIENTED_EDGE('',*,*,#2850,.T.);
#901=ORIENTED_EDGE('',*,*,#2847,.F.);
#902=ORIENTED_EDGE('',*,*,#2851,.T.);
#903=ORIENTED_EDGE('',*,*,#2852,.T.);
#904=ORIENTED_EDGE('',*,*,#2853,.T.);
#905=ORIENTED_EDGE('',*,*,#2854,.F.);
#906=ORIENTED_EDGE('',*,*,#2855,.T.);
#907=ORIENTED_EDGE('',*,*,#2856,.T.);
#908=ORIENTED_EDGE('',*,*,#2857,.F.);
#909=ORIENTED_EDGE('',*,*,#2858,.T.);
#910=ORIENTED_EDGE('',*,*,#2561,.F.);
#911=ORIENTED_EDGE('',*,*,#2859,.F.);
#912=ORIENTED_EDGE('',*,*,#2860,.F.);
#913=ORIENTED_EDGE('',*,*,#2861,.F.);
#914=ORIENTED_EDGE('',*,*,#2857,.T.);
#915=ORIENTED_EDGE('',*,*,#2862,.T.);
#916=ORIENTED_EDGE('',*,*,#2863,.T.);
#917=ORIENTED_EDGE('',*,*,#2856,.F.);
#918=ORIENTED_EDGE('',*,*,#2864,.T.);
#919=ORIENTED_EDGE('',*,*,#2860,.T.);
#920=ORIENTED_EDGE('',*,*,#2865,.F.);
#921=ORIENTED_EDGE('',*,*,#2581,.T.);
#922=ORIENTED_EDGE('',*,*,#2866,.T.);
#923=ORIENTED_EDGE('',*,*,#2867,.T.);
#924=ORIENTED_EDGE('',*,*,#2589,.F.);
#925=ORIENTED_EDGE('',*,*,#2868,.F.);
#926=ORIENTED_EDGE('',*,*,#2869,.T.);
#927=ORIENTED_EDGE('',*,*,#2870,.T.);
#928=ORIENTED_EDGE('',*,*,#2545,.F.);
#929=ORIENTED_EDGE('',*,*,#2871,.T.);
#930=ORIENTED_EDGE('',*,*,#2869,.F.);
#931=ORIENTED_EDGE('',*,*,#2872,.F.);
#932=ORIENTED_EDGE('',*,*,#2765,.F.);
#933=ORIENTED_EDGE('',*,*,#2873,.T.);
#934=ORIENTED_EDGE('',*,*,#2874,.T.);
#935=ORIENTED_EDGE('',*,*,#2875,.T.);
#936=ORIENTED_EDGE('',*,*,#2874,.F.);
#937=ORIENTED_EDGE('',*,*,#2876,.T.);
#938=ORIENTED_EDGE('',*,*,#2843,.T.);
#939=ORIENTED_EDGE('',*,*,#2877,.T.);
#940=ORIENTED_EDGE('',*,*,#2878,.F.);
#941=ORIENTED_EDGE('',*,*,#2879,.T.);
#942=ORIENTED_EDGE('',*,*,#2880,.T.);
#943=ORIENTED_EDGE('',*,*,#2852,.F.);
#944=ORIENTED_EDGE('',*,*,#2879,.F.);
#945=ORIENTED_EDGE('',*,*,#2881,.T.);
#946=ORIENTED_EDGE('',*,*,#2578,.T.);
#947=ORIENTED_EDGE('',*,*,#2882,.T.);
#948=ORIENTED_EDGE('',*,*,#2883,.T.);
#949=ORIENTED_EDGE('',*,*,#2884,.F.);
#950=ORIENTED_EDGE('',*,*,#2543,.F.);
#951=ORIENTED_EDGE('',*,*,#2885,.F.);
#952=ORIENTED_EDGE('',*,*,#2886,.F.);
#953=ORIENTED_EDGE('',*,*,#2887,.T.);
#954=ORIENTED_EDGE('',*,*,#2836,.T.);
#955=ORIENTED_EDGE('',*,*,#2888,.T.);
#956=ORIENTED_EDGE('',*,*,#2889,.F.);
#957=ORIENTED_EDGE('',*,*,#2890,.T.);
#958=ORIENTED_EDGE('',*,*,#2891,.T.);
#959=ORIENTED_EDGE('',*,*,#2883,.F.);
#960=ORIENTED_EDGE('',*,*,#2890,.F.);
#961=ORIENTED_EDGE('',*,*,#2892,.T.);
#962=ORIENTED_EDGE('',*,*,#2886,.T.);
#963=ORIENTED_EDGE('',*,*,#2893,.F.);
#964=ORIENTED_EDGE('',*,*,#2894,.F.);
#965=ORIENTED_EDGE('',*,*,#2895,.T.);
#966=ORIENTED_EDGE('',*,*,#2896,.F.);
#967=ORIENTED_EDGE('',*,*,#2897,.T.);
#968=ORIENTED_EDGE('',*,*,#2898,.T.);
#969=ORIENTED_EDGE('',*,*,#2899,.T.);
#970=ORIENTED_EDGE('',*,*,#2894,.T.);
#971=ORIENTED_EDGE('',*,*,#2900,.T.);
#972=ORIENTED_EDGE('',*,*,#2901,.T.);
#973=ORIENTED_EDGE('',*,*,#2902,.T.);
#974=ORIENTED_EDGE('',*,*,#2898,.F.);
#975=ORIENTED_EDGE('',*,*,#2903,.T.);
#976=ORIENTED_EDGE('',*,*,#2904,.F.);
#977=ORIENTED_EDGE('',*,*,#2905,.T.);
#978=ORIENTED_EDGE('',*,*,#2906,.T.);
#979=ORIENTED_EDGE('',*,*,#2907,.T.);
#980=ORIENTED_EDGE('',*,*,#2908,.T.);
#981=ORIENTED_EDGE('',*,*,#2909,.T.);
#982=ORIENTED_EDGE('',*,*,#2901,.F.);
#983=ORIENTED_EDGE('',*,*,#2910,.T.);
#984=ORIENTED_EDGE('',*,*,#2908,.F.);
#985=ORIENTED_EDGE('',*,*,#2911,.T.);
#986=ORIENTED_EDGE('',*,*,#2904,.T.);
#987=ORIENTED_EDGE('',*,*,#2912,.T.);
#988=ORIENTED_EDGE('',*,*,#2913,.F.);
#989=ORIENTED_EDGE('',*,*,#2914,.T.);
#990=ORIENTED_EDGE('',*,*,#2915,.F.);
#991=ORIENTED_EDGE('',*,*,#2916,.F.);
#992=ORIENTED_EDGE('',*,*,#2917,.F.);
#993=ORIENTED_EDGE('',*,*,#2918,.T.);
#994=ORIENTED_EDGE('',*,*,#2896,.T.);
#995=ORIENTED_EDGE('',*,*,#2919,.T.);
#996=ORIENTED_EDGE('',*,*,#2920,.F.);
#997=ORIENTED_EDGE('',*,*,#2913,.T.);
#998=ORIENTED_EDGE('',*,*,#2921,.T.);
#999=ORIENTED_EDGE('',*,*,#2922,.T.);
#1000=ORIENTED_EDGE('',*,*,#2922,.F.);
#1001=ORIENTED_EDGE('',*,*,#2923,.F.);
#1002=ORIENTED_EDGE('',*,*,#2917,.T.);
#1003=ORIENTED_EDGE('',*,*,#2924,.T.);
#1004=ORIENTED_EDGE('',*,*,#2925,.F.);
#1005=ORIENTED_EDGE('',*,*,#2926,.T.);
#1006=ORIENTED_EDGE('',*,*,#2906,.F.);
#1007=ORIENTED_EDGE('',*,*,#2927,.T.);
#1008=ORIENTED_EDGE('',*,*,#2928,.F.);
#1009=ORIENTED_EDGE('',*,*,#2929,.T.);
#1010=ORIENTED_EDGE('',*,*,#2930,.F.);
#1011=ORIENTED_EDGE('',*,*,#2931,.T.);
#1012=ORIENTED_EDGE('',*,*,#2932,.T.);
#1013=ORIENTED_EDGE('',*,*,#2925,.T.);
#1014=ORIENTED_EDGE('',*,*,#2933,.T.);
#1015=ORIENTED_EDGE('',*,*,#2934,.T.);
#1016=ORIENTED_EDGE('',*,*,#2935,.F.);
#1017=ORIENTED_EDGE('',*,*,#2936,.T.);
#1018=ORIENTED_EDGE('',*,*,#2934,.F.);
#1019=ORIENTED_EDGE('',*,*,#2937,.T.);
#1020=ORIENTED_EDGE('',*,*,#2938,.F.);
#1021=ORIENTED_EDGE('',*,*,#2935,.T.);
#1022=ORIENTED_EDGE('',*,*,#2939,.T.);
#1023=ORIENTED_EDGE('',*,*,#2928,.T.);
#1024=ORIENTED_EDGE('',*,*,#2940,.F.);
#1025=ORIENTED_EDGE('',*,*,#2941,.T.);
#1026=ORIENTED_EDGE('',*,*,#2942,.T.);
#1027=ORIENTED_EDGE('',*,*,#2943,.T.);
#1028=ORIENTED_EDGE('',*,*,#2944,.F.);
#1029=ORIENTED_EDGE('',*,*,#2945,.T.);
#1030=ORIENTED_EDGE('',*,*,#2942,.F.);
#1031=ORIENTED_EDGE('',*,*,#2946,.T.);
#1032=ORIENTED_EDGE('',*,*,#2947,.F.);
#1033=ORIENTED_EDGE('',*,*,#2948,.T.);
#1034=ORIENTED_EDGE('',*,*,#2930,.T.);
#1035=ORIENTED_EDGE('',*,*,#2949,.T.);
#1036=ORIENTED_EDGE('',*,*,#2950,.F.);
#1037=ORIENTED_EDGE('',*,*,#2951,.F.);
#1038=ORIENTED_EDGE('',*,*,#2952,.T.);
#1039=ORIENTED_EDGE('',*,*,#2953,.F.);
#1040=ORIENTED_EDGE('',*,*,#2954,.F.);
#1041=ORIENTED_EDGE('',*,*,#2947,.T.);
#1042=ORIENTED_EDGE('',*,*,#2955,.T.);
#1043=ORIENTED_EDGE('',*,*,#2951,.T.);
#1044=ORIENTED_EDGE('',*,*,#2956,.F.);
#1045=ORIENTED_EDGE('',*,*,#2957,.T.);
#1046=ORIENTED_EDGE('',*,*,#2854,.T.);
#1047=ORIENTED_EDGE('',*,*,#2958,.F.);
#1048=ORIENTED_EDGE('',*,*,#2959,.F.);
#1049=ORIENTED_EDGE('',*,*,#2960,.F.);
#1050=ORIENTED_EDGE('',*,*,#2961,.F.);
#1051=ORIENTED_EDGE('',*,*,#2956,.T.);
#1052=ORIENTED_EDGE('',*,*,#2962,.T.);
#1053=ORIENTED_EDGE('',*,*,#2963,.T.);
#1054=ORIENTED_EDGE('',*,*,#2960,.T.);
#1055=ORIENTED_EDGE('',*,*,#2964,.T.);
#1056=ORIENTED_EDGE('',*,*,#2965,.F.);
#1057=ORIENTED_EDGE('',*,*,#2966,.T.);
#1058=ORIENTED_EDGE('',*,*,#2962,.F.);
#1059=ORIENTED_EDGE('',*,*,#2967,.T.);
#1060=ORIENTED_EDGE('',*,*,#2968,.T.);
#1061=ORIENTED_EDGE('',*,*,#2965,.T.);
#1062=ORIENTED_EDGE('',*,*,#2969,.T.);
#1063=ORIENTED_EDGE('',*,*,#2970,.T.);
#1064=ORIENTED_EDGE('',*,*,#2971,.F.);
#1065=ORIENTED_EDGE('',*,*,#2972,.T.);
#1066=ORIENTED_EDGE('',*,*,#2970,.F.);
#1067=ORIENTED_EDGE('',*,*,#2973,.T.);
#1068=ORIENTED_EDGE('',*,*,#2974,.T.);
#1069=ORIENTED_EDGE('',*,*,#2975,.T.);
#1070=ORIENTED_EDGE('',*,*,#2971,.T.);
#1071=ORIENTED_EDGE('',*,*,#2976,.T.);
#1072=ORIENTED_EDGE('',*,*,#2977,.F.);
#1073=ORIENTED_EDGE('',*,*,#2978,.T.);
#1074=ORIENTED_EDGE('',*,*,#2974,.F.);
#1075=ORIENTED_EDGE('',*,*,#2979,.T.);
#1076=ORIENTED_EDGE('',*,*,#2980,.F.);
#1077=ORIENTED_EDGE('',*,*,#2981,.T.);
#1078=ORIENTED_EDGE('',*,*,#2982,.F.);
#1079=ORIENTED_EDGE('',*,*,#2983,.T.);
#1080=ORIENTED_EDGE('',*,*,#2984,.F.);
#1081=ORIENTED_EDGE('',*,*,#2977,.T.);
#1082=ORIENTED_EDGE('',*,*,#2985,.T.);
#1083=ORIENTED_EDGE('',*,*,#2980,.T.);
#1084=ORIENTED_EDGE('',*,*,#2986,.T.);
#1085=ORIENTED_EDGE('',*,*,#2987,.T.);
#1086=ORIENTED_EDGE('',*,*,#2982,.T.);
#1087=ORIENTED_EDGE('',*,*,#2988,.T.);
#1088=ORIENTED_EDGE('',*,*,#2986,.F.);
#1089=ORIENTED_EDGE('',*,*,#2989,.T.);
#1090=ORIENTED_EDGE('',*,*,#2990,.F.);
#1091=ORIENTED_EDGE('',*,*,#2991,.T.);
#1092=ORIENTED_EDGE('',*,*,#2992,.F.);
#1093=ORIENTED_EDGE('',*,*,#2993,.T.);
#1094=ORIENTED_EDGE('',*,*,#2994,.T.);
#1095=ORIENTED_EDGE('',*,*,#2995,.T.);
#1096=ORIENTED_EDGE('',*,*,#2996,.F.);
#1097=ORIENTED_EDGE('',*,*,#2997,.T.);
#1098=ORIENTED_EDGE('',*,*,#2990,.T.);
#1099=ORIENTED_EDGE('',*,*,#2998,.T.);
#1100=ORIENTED_EDGE('',*,*,#2999,.F.);
#1101=ORIENTED_EDGE('',*,*,#2996,.T.);
#1102=ORIENTED_EDGE('',*,*,#3000,.F.);
#1103=ORIENTED_EDGE('',*,*,#2992,.T.);
#1104=ORIENTED_EDGE('',*,*,#3001,.T.);
#1105=ORIENTED_EDGE('',*,*,#3002,.T.);
#1106=ORIENTED_EDGE('',*,*,#2994,.F.);
#1107=ORIENTED_EDGE('',*,*,#3003,.T.);
#1108=ORIENTED_EDGE('',*,*,#2867,.F.);
#1109=ORIENTED_EDGE('',*,*,#3004,.F.);
#1110=ORIENTED_EDGE('',*,*,#3005,.F.);
#1111=ORIENTED_EDGE('',*,*,#3006,.F.);
#1112=ORIENTED_EDGE('',*,*,#3007,.T.);
#1113=ORIENTED_EDGE('',*,*,#3001,.F.);
#1114=ORIENTED_EDGE('',*,*,#3008,.T.);
#1115=ORIENTED_EDGE('',*,*,#3009,.T.);
#1116=ORIENTED_EDGE('',*,*,#3010,.F.);
#1117=ORIENTED_EDGE('',*,*,#3005,.T.);
#1118=ORIENTED_EDGE('',*,*,#3011,.T.);
#1119=ORIENTED_EDGE('',*,*,#3009,.F.);
#1120=ORIENTED_EDGE('',*,*,#3012,.F.);
#1121=ORIENTED_EDGE('',*,*,#3013,.T.);
#1122=ORIENTED_EDGE('',*,*,#2953,.T.);
#1123=ORIENTED_EDGE('',*,*,#3014,.T.);
#1124=ORIENTED_EDGE('',*,*,#3015,.T.);
#1125=ORIENTED_EDGE('',*,*,#3012,.T.);
#1126=ORIENTED_EDGE('',*,*,#3016,.T.);
#1127=ORIENTED_EDGE('',*,*,#2944,.T.);
#1128=ORIENTED_EDGE('',*,*,#3017,.F.);
#1129=ORIENTED_EDGE('',*,*,#3018,.T.);
#1130=ORIENTED_EDGE('',*,*,#2940,.T.);
#1131=ORIENTED_EDGE('',*,*,#3019,.T.);
#1132=ORIENTED_EDGE('',*,*,#3020,.F.);
#1133=ORIENTED_EDGE('',*,*,#3021,.T.);
#1134=ORIENTED_EDGE('',*,*,#3022,.F.);
#1135=ORIENTED_EDGE('',*,*,#3023,.T.);
#1136=ORIENTED_EDGE('',*,*,#3024,.F.);
#1137=ORIENTED_EDGE('',*,*,#3017,.T.);
#1138=ORIENTED_EDGE('',*,*,#3025,.T.);
#1139=ORIENTED_EDGE('',*,*,#3020,.T.);
#1140=ORIENTED_EDGE('',*,*,#3026,.T.);
#1141=ORIENTED_EDGE('',*,*,#3027,.T.);
#1142=ORIENTED_EDGE('',*,*,#3022,.T.);
#1143=ORIENTED_EDGE('',*,*,#3028,.T.);
#1144=ORIENTED_EDGE('',*,*,#3026,.F.);
#1145=ORIENTED_EDGE('',*,*,#3029,.T.);
#1146=ORIENTED_EDGE('',*,*,#3030,.F.);
#1147=ORIENTED_EDGE('',*,*,#3031,.T.);
#1148=ORIENTED_EDGE('',*,*,#3032,.F.);
#1149=ORIENTED_EDGE('',*,*,#3033,.F.);
#1150=ORIENTED_EDGE('',*,*,#3034,.T.);
#1151=ORIENTED_EDGE('',*,*,#3030,.T.);
#1152=ORIENTED_EDGE('',*,*,#3035,.F.);
#1153=ORIENTED_EDGE('',*,*,#3036,.T.);
#1154=ORIENTED_EDGE('',*,*,#3033,.T.);
#1155=ORIENTED_EDGE('',*,*,#3037,.T.);
#1156=ORIENTED_EDGE('',*,*,#3038,.F.);
#1157=ORIENTED_EDGE('',*,*,#3039,.T.);
#1158=ORIENTED_EDGE('',*,*,#3035,.T.);
#1159=ORIENTED_EDGE('',*,*,#3040,.T.);
#1160=ORIENTED_EDGE('',*,*,#3041,.F.);
#1161=ORIENTED_EDGE('',*,*,#3042,.T.);
#1162=ORIENTED_EDGE('',*,*,#3038,.T.);
#1163=ORIENTED_EDGE('',*,*,#3043,.T.);
#1164=ORIENTED_EDGE('',*,*,#3044,.F.);
#1165=ORIENTED_EDGE('',*,*,#3041,.T.);
#1166=ORIENTED_EDGE('',*,*,#3045,.T.);
#1167=ORIENTED_EDGE('',*,*,#3046,.T.);
#1168=ORIENTED_EDGE('',*,*,#3047,.F.);
#1169=ORIENTED_EDGE('',*,*,#3048,.T.);
#1170=ORIENTED_EDGE('',*,*,#3046,.F.);
#1171=ORIENTED_EDGE('',*,*,#3049,.T.);
#1172=ORIENTED_EDGE('',*,*,#3050,.T.);
#1173=ORIENTED_EDGE('',*,*,#3051,.T.);
#1174=ORIENTED_EDGE('',*,*,#3052,.F.);
#1175=ORIENTED_EDGE('',*,*,#3053,.T.);
#1176=ORIENTED_EDGE('',*,*,#3054,.T.);
#1177=ORIENTED_EDGE('',*,*,#3050,.F.);
#1178=ORIENTED_EDGE('',*,*,#3055,.T.);
#1179=ORIENTED_EDGE('',*,*,#3056,.T.);
#1180=ORIENTED_EDGE('',*,*,#3056,.F.);
#1181=ORIENTED_EDGE('',*,*,#3057,.F.);
#1182=ORIENTED_EDGE('',*,*,#3058,.T.);
#1183=ORIENTED_EDGE('',*,*,#3059,.T.);
#1184=ORIENTED_EDGE('',*,*,#3060,.F.);
#1185=ORIENTED_EDGE('',*,*,#3061,.T.);
#1186=ORIENTED_EDGE('',*,*,#3047,.T.);
#1187=ORIENTED_EDGE('',*,*,#3062,.T.);
#1188=ORIENTED_EDGE('',*,*,#3063,.T.);
#1189=ORIENTED_EDGE('',*,*,#3064,.T.);
#1190=ORIENTED_EDGE('',*,*,#3060,.T.);
#1191=ORIENTED_EDGE('',*,*,#3065,.T.);
#1192=ORIENTED_EDGE('',*,*,#3063,.F.);
#1193=ORIENTED_EDGE('',*,*,#3066,.F.);
#1194=ORIENTED_EDGE('',*,*,#3052,.T.);
#1195=ORIENTED_EDGE('',*,*,#3067,.F.);
#1196=ORIENTED_EDGE('',*,*,#3068,.T.);
#1197=ORIENTED_EDGE('',*,*,#3069,.T.);
#1198=ORIENTED_EDGE('',*,*,#3058,.F.);
#1199=ORIENTED_EDGE('',*,*,#3070,.T.);
#1200=ORIENTED_EDGE('',*,*,#3071,.F.);
#1201=ORIENTED_EDGE('',*,*,#3072,.F.);
#1202=ORIENTED_EDGE('',*,*,#3068,.F.);
#1203=ORIENTED_EDGE('',*,*,#3073,.T.);
#1204=ORIENTED_EDGE('',*,*,#3074,.T.);
#1205=ORIENTED_EDGE('',*,*,#3075,.F.);
#1206=ORIENTED_EDGE('',*,*,#3071,.T.);
#1207=ORIENTED_EDGE('',*,*,#3076,.T.);
#1208=ORIENTED_EDGE('',*,*,#3077,.F.);
#1209=ORIENTED_EDGE('',*,*,#3078,.T.);
#1210=ORIENTED_EDGE('',*,*,#3074,.F.);
#1211=ORIENTED_EDGE('',*,*,#3079,.F.);
#1212=ORIENTED_EDGE('',*,*,#3077,.T.);
#1213=ORIENTED_EDGE('',*,*,#3080,.F.);
#1214=ORIENTED_EDGE('',*,*,#3081,.T.);
#1215=ORIENTED_EDGE('',*,*,#3082,.F.);
#1216=ORIENTED_EDGE('',*,*,#3083,.T.);
#1217=ORIENTED_EDGE('',*,*,#3084,.F.);
#1218=ORIENTED_EDGE('',*,*,#3081,.F.);
#1219=ORIENTED_EDGE('',*,*,#3085,.F.);
#1220=ORIENTED_EDGE('',*,*,#3086,.F.);
#1221=ORIENTED_EDGE('',*,*,#3087,.F.);
#1222=ORIENTED_EDGE('',*,*,#2915,.T.);
#1223=ORIENTED_EDGE('',*,*,#3088,.T.);
#1224=ORIENTED_EDGE('',*,*,#3089,.F.);
#1225=ORIENTED_EDGE('',*,*,#3083,.F.);
#1226=ORIENTED_EDGE('',*,*,#3090,.F.);
#1227=ORIENTED_EDGE('',*,*,#3091,.F.);
#1228=ORIENTED_EDGE('',*,*,#3092,.T.);
#1229=ORIENTED_EDGE('',*,*,#3086,.T.);
#1230=ORIENTED_EDGE('',*,*,#3093,.F.);
#1231=ORIENTED_EDGE('',*,*,#3091,.T.);
#1232=ORIENTED_EDGE('',*,*,#2803,.T.);
#1233=ORIENTED_EDGE('',*,*,#3094,.T.);
#1234=ORIENTED_EDGE('',*,*,#3095,.F.);
#1235=ORIENTED_EDGE('',*,*,#3096,.T.);
#1236=ORIENTED_EDGE('',*,*,#3097,.T.);
#1237=ORIENTED_EDGE('',*,*,#3098,.T.);
#1238=ORIENTED_EDGE('',*,*,#2586,.F.);
#1239=ORIENTED_EDGE('',*,*,#3099,.T.);
#1240=ORIENTED_EDGE('',*,*,#3097,.F.);
#1241=ORIENTED_EDGE('',*,*,#3100,.T.);
#1242=ORIENTED_EDGE('',*,*,#3095,.T.);
#1243=ORIENTED_EDGE('',*,*,#3101,.F.);
#1244=ORIENTED_EDGE('',*,*,#3102,.F.);
#1245=ORIENTED_EDGE('',*,*,#3103,.T.);
#1246=ORIENTED_EDGE('',*,*,#2747,.T.);
#1247=ORIENTED_EDGE('',*,*,#3104,.T.);
#1248=ORIENTED_EDGE('',*,*,#3102,.T.);
#1249=ORIENTED_EDGE('',*,*,#3105,.T.);
#1250=ORIENTED_EDGE('',*,*,#2790,.T.);
#1251=ORIENTED_EDGE('',*,*,#3106,.T.);
#1252=ORIENTED_EDGE('',*,*,#2673,.T.);
#1253=ORIENTED_EDGE('',*,*,#3107,.F.);
#1254=ORIENTED_EDGE('',*,*,#3108,.T.);
#1255=ORIENTED_EDGE('',*,*,#3109,.T.);
#1256=ORIENTED_EDGE('',*,*,#3110,.T.);
#1257=ORIENTED_EDGE('',*,*,#3108,.F.);
#1258=ORIENTED_EDGE('',*,*,#3111,.T.);
#1259=ORIENTED_EDGE('',*,*,#3112,.T.);
#1260=ORIENTED_EDGE('',*,*,#3113,.T.);
#1261=ORIENTED_EDGE('',*,*,#3114,.T.);
#1262=ORIENTED_EDGE('',*,*,#3112,.F.);
#1263=ORIENTED_EDGE('',*,*,#3115,.T.);
#1264=ORIENTED_EDGE('',*,*,#3113,.F.);
#1265=ORIENTED_EDGE('',*,*,#3116,.T.);
#1266=ORIENTED_EDGE('',*,*,#2676,.F.);
#1267=ORIENTED_EDGE('',*,*,#3117,.T.);
#1268=ORIENTED_EDGE('',*,*,#3118,.T.);
#1269=ORIENTED_EDGE('',*,*,#2640,.F.);
#1270=ORIENTED_EDGE('',*,*,#3119,.T.);
#1271=ORIENTED_EDGE('',*,*,#3120,.T.);
#1272=ORIENTED_EDGE('',*,*,#3121,.T.);
#1273=ORIENTED_EDGE('',*,*,#3122,.T.);
#1274=ORIENTED_EDGE('',*,*,#3120,.F.);
#1275=ORIENTED_EDGE('',*,*,#3123,.F.);
#1276=ORIENTED_EDGE('',*,*,#3121,.F.);
#1277=ORIENTED_EDGE('',*,*,#3124,.T.);
#1278=ORIENTED_EDGE('',*,*,#2664,.T.);
#1279=ORIENTED_EDGE('',*,*,#3125,.T.);
#1280=ORIENTED_EDGE('',*,*,#3126,.F.);
#1281=ORIENTED_EDGE('',*,*,#3127,.T.);
#1282=ORIENTED_EDGE('',*,*,#3128,.T.);
#1283=ORIENTED_EDGE('',*,*,#3129,.T.);
#1284=ORIENTED_EDGE('',*,*,#2798,.F.);
#1285=ORIENTED_EDGE('',*,*,#3130,.T.);
#1286=ORIENTED_EDGE('',*,*,#2810,.T.);
#1287=ORIENTED_EDGE('',*,*,#3131,.T.);
#1288=ORIENTED_EDGE('',*,*,#2584,.F.);
#1289=ORIENTED_EDGE('',*,*,#2590,.F.);
#1290=ORIENTED_EDGE('',*,*,#2870,.F.);
#1291=ORIENTED_EDGE('',*,*,#2871,.F.);
#1292=ORIENTED_EDGE('',*,*,#2547,.F.);
#1293=ORIENTED_EDGE('',*,*,#2544,.T.);
#1294=ORIENTED_EDGE('',*,*,#2884,.T.);
#1295=ORIENTED_EDGE('',*,*,#2891,.F.);
#1296=ORIENTED_EDGE('',*,*,#2893,.T.);
#1297=ORIENTED_EDGE('',*,*,#2888,.F.);
#1298=ORIENTED_EDGE('',*,*,#2835,.F.);
#1299=ORIENTED_EDGE('',*,*,#2839,.F.);
#1300=ORIENTED_EDGE('',*,*,#2842,.F.);
#1301=ORIENTED_EDGE('',*,*,#2833,.F.);
#1302=ORIENTED_EDGE('',*,*,#2522,.F.);
#1303=ORIENTED_EDGE('',*,*,#2515,.F.);
#1304=ORIENTED_EDGE('',*,*,#2517,.F.);
#1305=ORIENTED_EDGE('',*,*,#2520,.F.);
#1306=ORIENTED_EDGE('',*,*,#2526,.F.);
#1307=ORIENTED_EDGE('',*,*,#2824,.T.);
#1308=ORIENTED_EDGE('',*,*,#2827,.F.);
#1309=ORIENTED_EDGE('',*,*,#2830,.T.);
#1310=ORIENTED_EDGE('',*,*,#2821,.T.);
#1311=ORIENTED_EDGE('',*,*,#2562,.F.);
#1312=ORIENTED_EDGE('',*,*,#2858,.F.);
#1313=ORIENTED_EDGE('',*,*,#2861,.T.);
#1314=ORIENTED_EDGE('',*,*,#2864,.F.);
#1315=ORIENTED_EDGE('',*,*,#2855,.F.);
#1316=ORIENTED_EDGE('',*,*,#2957,.F.);
#1317=ORIENTED_EDGE('',*,*,#2961,.T.);
#1318=ORIENTED_EDGE('',*,*,#2963,.F.);
#1319=ORIENTED_EDGE('',*,*,#2966,.F.);
#1320=ORIENTED_EDGE('',*,*,#2968,.F.);
#1321=ORIENTED_EDGE('',*,*,#2972,.F.);
#1322=ORIENTED_EDGE('',*,*,#2975,.F.);
#1323=ORIENTED_EDGE('',*,*,#2978,.F.);
#1324=ORIENTED_EDGE('',*,*,#2984,.T.);
#1325=ORIENTED_EDGE('',*,*,#2983,.F.);
#1326=ORIENTED_EDGE('',*,*,#2987,.F.);
#1327=ORIENTED_EDGE('',*,*,#2991,.F.);
#1328=ORIENTED_EDGE('',*,*,#2997,.F.);
#1329=ORIENTED_EDGE('',*,*,#2999,.T.);
#1330=ORIENTED_EDGE('',*,*,#2995,.F.);
#1331=ORIENTED_EDGE('',*,*,#3002,.F.);
#1332=ORIENTED_EDGE('',*,*,#3007,.F.);
#1333=ORIENTED_EDGE('',*,*,#3011,.F.);
#1334=ORIENTED_EDGE('',*,*,#3004,.T.);
#1335=ORIENTED_EDGE('',*,*,#2866,.F.);
#1336=ORIENTED_EDGE('',*,*,#2700,.F.);
#1337=ORIENTED_EDGE('',*,*,#2647,.T.);
#1338=ORIENTED_EDGE('',*,*,#2740,.F.);
#1339=ORIENTED_EDGE('',*,*,#2741,.T.);
#1340=ORIENTED_EDGE('',*,*,#2746,.T.);
#1341=ORIENTED_EDGE('',*,*,#2766,.F.);
#1342=ORIENTED_EDGE('',*,*,#2875,.F.);
#1343=ORIENTED_EDGE('',*,*,#2877,.F.);
#1344=ORIENTED_EDGE('',*,*,#2846,.F.);
#1345=ORIENTED_EDGE('',*,*,#2848,.F.);
#1346=ORIENTED_EDGE('',*,*,#2850,.F.);
#1347=ORIENTED_EDGE('',*,*,#2880,.F.);
#1348=ORIENTED_EDGE('',*,*,#2882,.F.);
#1349=ORIENTED_EDGE('',*,*,#2580,.F.);
#1350=ORIENTED_EDGE('',*,*,#2564,.F.);
#1351=ORIENTED_EDGE('',*,*,#2568,.F.);
#1352=ORIENTED_EDGE('',*,*,#2769,.F.);
#1353=ORIENTED_EDGE('',*,*,#2816,.F.);
#1354=ORIENTED_EDGE('',*,*,#2814,.F.);
#1355=ORIENTED_EDGE('',*,*,#2779,.F.);
#1356=ORIENTED_EDGE('',*,*,#2807,.F.);
#1357=ORIENTED_EDGE('',*,*,#2808,.T.);
#1358=ORIENTED_EDGE('',*,*,#3096,.F.);
#1359=ORIENTED_EDGE('',*,*,#3100,.F.);
#1360=ORIENTED_EDGE('',*,*,#3099,.F.);
#1361=ORIENTED_EDGE('',*,*,#2585,.T.);
#1362=ORIENTED_EDGE('',*,*,#2775,.F.);
#1363=ORIENTED_EDGE('',*,*,#2780,.T.);
#1364=ORIENTED_EDGE('',*,*,#2793,.F.);
#1365=ORIENTED_EDGE('',*,*,#2795,.T.);
#1366=ORIENTED_EDGE('',*,*,#2609,.F.);
#1367=ORIENTED_EDGE('',*,*,#2783,.T.);
#1368=ORIENTED_EDGE('',*,*,#2788,.F.);
#1369=ORIENTED_EDGE('',*,*,#2791,.F.);
#1370=ORIENTED_EDGE('',*,*,#3105,.F.);
#1371=ORIENTED_EDGE('',*,*,#3104,.F.);
#1372=ORIENTED_EDGE('',*,*,#2750,.F.);
#1373=ORIENTED_EDGE('',*,*,#2752,.F.);
#1374=ORIENTED_EDGE('',*,*,#2754,.T.);
#1375=ORIENTED_EDGE('',*,*,#2759,.F.);
#1376=ORIENTED_EDGE('',*,*,#2761,.F.);
#1377=ORIENTED_EDGE('',*,*,#2764,.T.);
#1378=ORIENTED_EDGE('',*,*,#2642,.F.);
#1379=ORIENTED_EDGE('',*,*,#2710,.F.);
#1380=ORIENTED_EDGE('',*,*,#2713,.F.);
#1381=ORIENTED_EDGE('',*,*,#2689,.F.);
#1382=ORIENTED_EDGE('',*,*,#2694,.F.);
#1383=ORIENTED_EDGE('',*,*,#2697,.F.);
#1384=ORIENTED_EDGE('',*,*,#2654,.F.);
#1385=ORIENTED_EDGE('',*,*,#2702,.F.);
#1386=ORIENTED_EDGE('',*,*,#2707,.T.);
#1387=ORIENTED_EDGE('',*,*,#2704,.F.);
#1388=ORIENTED_EDGE('',*,*,#2688,.F.);
#1389=ORIENTED_EDGE('',*,*,#2721,.F.);
#1390=ORIENTED_EDGE('',*,*,#2735,.F.);
#1391=ORIENTED_EDGE('',*,*,#2736,.F.);
#1392=ORIENTED_EDGE('',*,*,#2624,.T.);
#1393=ORIENTED_EDGE('',*,*,#2625,.T.);
#1394=ORIENTED_EDGE('',*,*,#2629,.F.);
#1395=ORIENTED_EDGE('',*,*,#2631,.T.);
#1396=ORIENTED_EDGE('',*,*,#2615,.T.);
#1397=ORIENTED_EDGE('',*,*,#2614,.F.);
#1398=ORIENTED_EDGE('',*,*,#2599,.F.);
#1399=ORIENTED_EDGE('',*,*,#2602,.T.);
#1400=ORIENTED_EDGE('',*,*,#2606,.F.);
#1401=ORIENTED_EDGE('',*,*,#2619,.F.);
#1402=ORIENTED_EDGE('',*,*,#2638,.F.);
#1403=ORIENTED_EDGE('',*,*,#2641,.F.);
#1404=ORIENTED_EDGE('',*,*,#3118,.F.);
#1405=ORIENTED_EDGE('',*,*,#3122,.F.);
#1406=ORIENTED_EDGE('',*,*,#3125,.F.);
#1407=ORIENTED_EDGE('',*,*,#2663,.T.);
#1408=ORIENTED_EDGE('',*,*,#2668,.F.);
#1409=ORIENTED_EDGE('',*,*,#2672,.F.);
#1410=ORIENTED_EDGE('',*,*,#2674,.F.);
#1411=ORIENTED_EDGE('',*,*,#3109,.F.);
#1412=ORIENTED_EDGE('',*,*,#3110,.F.);
#1413=ORIENTED_EDGE('',*,*,#3114,.F.);
#1414=ORIENTED_EDGE('',*,*,#3117,.F.);
#1415=ORIENTED_EDGE('',*,*,#2678,.F.);
#1416=ORIENTED_EDGE('',*,*,#2635,.F.);
#1417=ORIENTED_EDGE('',*,*,#2571,.F.);
#1418=ORIENTED_EDGE('',*,*,#2592,.F.);
#1419=ORIENTED_EDGE('',*,*,#2595,.F.);
#1420=ORIENTED_EDGE('',*,*,#2718,.F.);
#1421=ORIENTED_EDGE('',*,*,#2714,.F.);
#1422=ORIENTED_EDGE('',*,*,#2575,.F.);
#1423=ORIENTED_EDGE('',*,*,#2681,.F.);
#1424=ORIENTED_EDGE('',*,*,#2683,.F.);
#1425=ORIENTED_EDGE('',*,*,#2724,.F.);
#1426=ORIENTED_EDGE('',*,*,#2726,.F.);
#1427=ORIENTED_EDGE('',*,*,#2731,.F.);
#1428=ORIENTED_EDGE('',*,*,#2730,.F.);
#1429=ORIENTED_EDGE('',*,*,#2658,.F.);
#1430=ORIENTED_EDGE('',*,*,#2661,.T.);
#1431=ORIENTED_EDGE('',*,*,#2653,.F.);
#1432=ORIENTED_EDGE('',*,*,#3093,.T.);
#1433=ORIENTED_EDGE('',*,*,#3088,.F.);
#1434=ORIENTED_EDGE('',*,*,#2914,.F.);
#1435=ORIENTED_EDGE('',*,*,#2920,.T.);
#1436=ORIENTED_EDGE('',*,*,#2924,.F.);
#1437=ORIENTED_EDGE('',*,*,#2919,.F.);
#1438=ORIENTED_EDGE('',*,*,#2895,.F.);
#1439=ORIENTED_EDGE('',*,*,#2899,.F.);
#1440=ORIENTED_EDGE('',*,*,#2902,.F.);
#1441=ORIENTED_EDGE('',*,*,#2909,.F.);
#1442=ORIENTED_EDGE('',*,*,#2912,.F.);
#1443=ORIENTED_EDGE('',*,*,#2907,.F.);
#1444=ORIENTED_EDGE('',*,*,#2926,.F.);
#1445=ORIENTED_EDGE('',*,*,#2932,.F.);
#1446=ORIENTED_EDGE('',*,*,#2936,.F.);
#1447=ORIENTED_EDGE('',*,*,#2938,.T.);
#1448=ORIENTED_EDGE('',*,*,#2931,.F.);
#1449=ORIENTED_EDGE('',*,*,#2948,.F.);
#1450=ORIENTED_EDGE('',*,*,#2954,.T.);
#1451=ORIENTED_EDGE('',*,*,#2950,.T.);
#1452=ORIENTED_EDGE('',*,*,#3013,.F.);
#1453=ORIENTED_EDGE('',*,*,#3015,.F.);
#1454=ORIENTED_EDGE('',*,*,#2946,.F.);
#1455=ORIENTED_EDGE('',*,*,#2941,.F.);
#1456=ORIENTED_EDGE('',*,*,#3018,.F.);
#1457=ORIENTED_EDGE('',*,*,#3024,.T.);
#1458=ORIENTED_EDGE('',*,*,#3023,.F.);
#1459=ORIENTED_EDGE('',*,*,#3027,.F.);
#1460=ORIENTED_EDGE('',*,*,#3031,.F.);
#1461=ORIENTED_EDGE('',*,*,#3034,.F.);
#1462=ORIENTED_EDGE('',*,*,#3036,.F.);
#1463=ORIENTED_EDGE('',*,*,#3039,.F.);
#1464=ORIENTED_EDGE('',*,*,#3042,.F.);
#1465=ORIENTED_EDGE('',*,*,#3044,.T.);
#1466=ORIENTED_EDGE('',*,*,#3048,.F.);
#1467=ORIENTED_EDGE('',*,*,#3061,.F.);
#1468=ORIENTED_EDGE('',*,*,#3064,.F.);
#1469=ORIENTED_EDGE('',*,*,#3067,.T.);
#1470=ORIENTED_EDGE('',*,*,#3051,.F.);
#1471=ORIENTED_EDGE('',*,*,#3054,.F.);
#1472=ORIENTED_EDGE('',*,*,#3059,.F.);
#1473=ORIENTED_EDGE('',*,*,#3069,.F.);
#1474=ORIENTED_EDGE('',*,*,#3072,.T.);
#1475=ORIENTED_EDGE('',*,*,#3075,.T.);
#1476=ORIENTED_EDGE('',*,*,#3078,.F.);
#1477=ORIENTED_EDGE('',*,*,#3082,.T.);
#1478=ORIENTED_EDGE('',*,*,#3084,.T.);
#1479=ORIENTED_EDGE('',*,*,#3089,.T.);
#1480=ORIENTED_EDGE('',*,*,#2742,.T.);
#1481=ORIENTED_EDGE('',*,*,#2738,.T.);
#1482=ORIENTED_EDGE('',*,*,#2649,.F.);
#1483=ORIENTED_EDGE('',*,*,#2699,.F.);
#1484=ORIENTED_EDGE('',*,*,#2698,.F.);
#1485=ORIENTED_EDGE('',*,*,#2695,.F.);
#1486=ORIENTED_EDGE('',*,*,#2691,.F.);
#1487=ORIENTED_EDGE('',*,*,#2712,.T.);
#1488=ORIENTED_EDGE('',*,*,#2711,.T.);
#1489=ORIENTED_EDGE('',*,*,#2644,.F.);
#1490=ORIENTED_EDGE('',*,*,#2763,.F.);
#1491=ORIENTED_EDGE('',*,*,#2762,.F.);
#1492=ORIENTED_EDGE('',*,*,#3132,.T.);
#1493=ORIENTED_EDGE('',*,*,#2529,.F.);
#1494=ORIENTED_EDGE('',*,*,#3133,.T.);
#1495=ORIENTED_EDGE('',*,*,#2818,.F.);
#1496=ORIENTED_EDGE('',*,*,#3134,.F.);
#1497=ORIENTED_EDGE('',*,*,#3132,.F.);
#1498=ORIENTED_EDGE('',*,*,#2757,.F.);
#1499=ORIENTED_EDGE('',*,*,#2755,.T.);
#1500=ORIENTED_EDGE('',*,*,#2753,.F.);
#1501=ORIENTED_EDGE('',*,*,#2748,.F.);
#1502=ORIENTED_EDGE('',*,*,#3103,.F.);
#1503=ORIENTED_EDGE('',*,*,#3106,.F.);
#1504=ORIENTED_EDGE('',*,*,#2789,.T.);
#1505=ORIENTED_EDGE('',*,*,#2786,.F.);
#1506=ORIENTED_EDGE('',*,*,#2784,.F.);
#1507=ORIENTED_EDGE('',*,*,#2611,.F.);
#1508=ORIENTED_EDGE('',*,*,#2796,.T.);
#1509=ORIENTED_EDGE('',*,*,#2794,.T.);
#1510=ORIENTED_EDGE('',*,*,#2781,.T.);
#1511=ORIENTED_EDGE('',*,*,#2776,.T.);
#1512=ORIENTED_EDGE('',*,*,#2587,.F.);
#1513=ORIENTED_EDGE('',*,*,#3098,.F.);
#1514=ORIENTED_EDGE('',*,*,#3101,.T.);
#1515=ORIENTED_EDGE('',*,*,#3094,.F.);
#1516=ORIENTED_EDGE('',*,*,#2805,.F.);
#1517=ORIENTED_EDGE('',*,*,#2772,.F.);
#1518=ORIENTED_EDGE('',*,*,#2778,.F.);
#1519=ORIENTED_EDGE('',*,*,#2813,.F.);
#1520=ORIENTED_EDGE('',*,*,#2815,.T.);
#1521=ORIENTED_EDGE('',*,*,#2770,.F.);
#1522=ORIENTED_EDGE('',*,*,#2569,.F.);
#1523=ORIENTED_EDGE('',*,*,#2566,.F.);
#1524=ORIENTED_EDGE('',*,*,#2579,.F.);
#1525=ORIENTED_EDGE('',*,*,#2881,.F.);
#1526=ORIENTED_EDGE('',*,*,#2878,.T.);
#1527=ORIENTED_EDGE('',*,*,#2851,.F.);
#1528=ORIENTED_EDGE('',*,*,#2849,.F.);
#1529=ORIENTED_EDGE('',*,*,#2844,.T.);
#1530=ORIENTED_EDGE('',*,*,#2876,.F.);
#1531=ORIENTED_EDGE('',*,*,#2873,.F.);
#1532=ORIENTED_EDGE('',*,*,#2767,.T.);
#1533=ORIENTED_EDGE('',*,*,#2744,.T.);
#1534=ORIENTED_EDGE('',*,*,#2655,.T.);
#1535=ORIENTED_EDGE('',*,*,#2651,.T.);
#1536=ORIENTED_EDGE('',*,*,#2662,.F.);
#1537=ORIENTED_EDGE('',*,*,#2660,.T.);
#1538=ORIENTED_EDGE('',*,*,#2729,.T.);
#1539=ORIENTED_EDGE('',*,*,#2732,.T.);
#1540=ORIENTED_EDGE('',*,*,#2727,.F.);
#1541=ORIENTED_EDGE('',*,*,#2722,.T.);
#1542=ORIENTED_EDGE('',*,*,#2684,.F.);
#1543=ORIENTED_EDGE('',*,*,#2679,.T.);
#1544=ORIENTED_EDGE('',*,*,#2577,.F.);
#1545=ORIENTED_EDGE('',*,*,#2716,.F.);
#1546=ORIENTED_EDGE('',*,*,#2717,.T.);
#1547=ORIENTED_EDGE('',*,*,#2596,.T.);
#1548=ORIENTED_EDGE('',*,*,#2593,.F.);
#1549=ORIENTED_EDGE('',*,*,#2573,.F.);
#1550=ORIENTED_EDGE('',*,*,#2634,.F.);
#1551=ORIENTED_EDGE('',*,*,#2677,.T.);
#1552=ORIENTED_EDGE('',*,*,#3116,.F.);
#1553=ORIENTED_EDGE('',*,*,#3115,.F.);
#1554=ORIENTED_EDGE('',*,*,#3111,.F.);
#1555=ORIENTED_EDGE('',*,*,#3107,.T.);
#1556=ORIENTED_EDGE('',*,*,#2675,.F.);
#1557=ORIENTED_EDGE('',*,*,#2670,.F.);
#1558=ORIENTED_EDGE('',*,*,#2669,.T.);
#1559=ORIENTED_EDGE('',*,*,#2665,.F.);
#1560=ORIENTED_EDGE('',*,*,#3124,.F.);
#1561=ORIENTED_EDGE('',*,*,#3123,.T.);
#1562=ORIENTED_EDGE('',*,*,#3119,.F.);
#1563=ORIENTED_EDGE('',*,*,#2639,.T.);
#1564=ORIENTED_EDGE('',*,*,#2636,.F.);
#1565=ORIENTED_EDGE('',*,*,#2620,.F.);
#1566=ORIENTED_EDGE('',*,*,#2607,.F.);
#1567=ORIENTED_EDGE('',*,*,#2603,.F.);
#1568=ORIENTED_EDGE('',*,*,#2601,.F.);
#1569=ORIENTED_EDGE('',*,*,#2613,.F.);
#1570=ORIENTED_EDGE('',*,*,#2617,.F.);
#1571=ORIENTED_EDGE('',*,*,#2632,.F.);
#1572=ORIENTED_EDGE('',*,*,#2630,.F.);
#1573=ORIENTED_EDGE('',*,*,#2626,.F.);
#1574=ORIENTED_EDGE('',*,*,#2622,.F.);
#1575=ORIENTED_EDGE('',*,*,#2737,.T.);
#1576=ORIENTED_EDGE('',*,*,#2733,.F.);
#1577=ORIENTED_EDGE('',*,*,#2719,.F.);
#1578=ORIENTED_EDGE('',*,*,#2686,.F.);
#1579=ORIENTED_EDGE('',*,*,#2706,.F.);
#1580=ORIENTED_EDGE('',*,*,#2708,.F.);
#1581=ORIENTED_EDGE('',*,*,#2703,.F.);
#1582=ORIENTED_EDGE('',*,*,#3076,.F.);
#1583=ORIENTED_EDGE('',*,*,#3073,.F.);
#1584=ORIENTED_EDGE('',*,*,#3070,.F.);
#1585=ORIENTED_EDGE('',*,*,#3057,.T.);
#1586=ORIENTED_EDGE('',*,*,#3055,.F.);
#1587=ORIENTED_EDGE('',*,*,#3053,.F.);
#1588=ORIENTED_EDGE('',*,*,#3066,.T.);
#1589=ORIENTED_EDGE('',*,*,#3065,.F.);
#1590=ORIENTED_EDGE('',*,*,#3062,.F.);
#1591=ORIENTED_EDGE('',*,*,#3049,.F.);
#1592=ORIENTED_EDGE('',*,*,#3045,.F.);
#1593=ORIENTED_EDGE('',*,*,#3043,.F.);
#1594=ORIENTED_EDGE('',*,*,#3040,.F.);
#1595=ORIENTED_EDGE('',*,*,#3037,.F.);
#1596=ORIENTED_EDGE('',*,*,#3032,.T.);
#1597=ORIENTED_EDGE('',*,*,#3029,.F.);
#1598=ORIENTED_EDGE('',*,*,#3028,.F.);
#1599=ORIENTED_EDGE('',*,*,#3021,.F.);
#1600=ORIENTED_EDGE('',*,*,#3025,.F.);
#1601=ORIENTED_EDGE('',*,*,#3019,.F.);
#1602=ORIENTED_EDGE('',*,*,#2943,.F.);
#1603=ORIENTED_EDGE('',*,*,#2945,.F.);
#1604=ORIENTED_EDGE('',*,*,#3016,.F.);
#1605=ORIENTED_EDGE('',*,*,#3014,.F.);
#1606=ORIENTED_EDGE('',*,*,#2952,.F.);
#1607=ORIENTED_EDGE('',*,*,#2955,.F.);
#1608=ORIENTED_EDGE('',*,*,#2949,.F.);
#1609=ORIENTED_EDGE('',*,*,#2929,.F.);
#1610=ORIENTED_EDGE('',*,*,#2939,.F.);
#1611=ORIENTED_EDGE('',*,*,#2937,.F.);
#1612=ORIENTED_EDGE('',*,*,#2933,.F.);
#1613=ORIENTED_EDGE('',*,*,#2927,.F.);
#1614=ORIENTED_EDGE('',*,*,#2905,.F.);
#1615=ORIENTED_EDGE('',*,*,#2911,.F.);
#1616=ORIENTED_EDGE('',*,*,#2910,.F.);
#1617=ORIENTED_EDGE('',*,*,#2903,.F.);
#1618=ORIENTED_EDGE('',*,*,#2900,.F.);
#1619=ORIENTED_EDGE('',*,*,#2897,.F.);
#1620=ORIENTED_EDGE('',*,*,#2918,.F.);
#1621=ORIENTED_EDGE('',*,*,#2923,.T.);
#1622=ORIENTED_EDGE('',*,*,#2921,.F.);
#1623=ORIENTED_EDGE('',*,*,#2916,.T.);
#1624=ORIENTED_EDGE('',*,*,#3087,.T.);
#1625=ORIENTED_EDGE('',*,*,#3092,.F.);
#1626=ORIENTED_EDGE('',*,*,#3090,.T.);
#1627=ORIENTED_EDGE('',*,*,#3085,.T.);
#1628=ORIENTED_EDGE('',*,*,#3080,.T.);
#1629=ORIENTED_EDGE('',*,*,#3079,.T.);
#1630=ORIENTED_EDGE('',*,*,#3010,.T.);
#1631=ORIENTED_EDGE('',*,*,#3008,.F.);
#1632=ORIENTED_EDGE('',*,*,#3003,.F.);
#1633=ORIENTED_EDGE('',*,*,#2993,.F.);
#1634=ORIENTED_EDGE('',*,*,#3000,.T.);
#1635=ORIENTED_EDGE('',*,*,#2998,.F.);
#1636=ORIENTED_EDGE('',*,*,#2989,.F.);
#1637=ORIENTED_EDGE('',*,*,#2988,.F.);
#1638=ORIENTED_EDGE('',*,*,#2981,.F.);
#1639=ORIENTED_EDGE('',*,*,#2985,.F.);
#1640=ORIENTED_EDGE('',*,*,#2979,.F.);
#1641=ORIENTED_EDGE('',*,*,#2976,.F.);
#1642=ORIENTED_EDGE('',*,*,#2973,.F.);
#1643=ORIENTED_EDGE('',*,*,#2969,.F.);
#1644=ORIENTED_EDGE('',*,*,#2967,.F.);
#1645=ORIENTED_EDGE('',*,*,#2964,.F.);
#1646=ORIENTED_EDGE('',*,*,#2959,.T.);
#1647=ORIENTED_EDGE('',*,*,#2958,.T.);
#1648=ORIENTED_EDGE('',*,*,#2853,.F.);
#1649=ORIENTED_EDGE('',*,*,#2863,.F.);
#1650=ORIENTED_EDGE('',*,*,#2862,.F.);
#1651=ORIENTED_EDGE('',*,*,#2859,.T.);
#1652=ORIENTED_EDGE('',*,*,#2560,.T.);
#1653=ORIENTED_EDGE('',*,*,#2820,.F.);
#1654=ORIENTED_EDGE('',*,*,#2829,.T.);
#1655=ORIENTED_EDGE('',*,*,#2828,.T.);
#1656=ORIENTED_EDGE('',*,*,#2825,.T.);
#1657=ORIENTED_EDGE('',*,*,#2527,.T.);
#1658=ORIENTED_EDGE('',*,*,#2521,.T.);
#1659=ORIENTED_EDGE('',*,*,#2518,.T.);
#1660=ORIENTED_EDGE('',*,*,#2513,.F.);
#1661=ORIENTED_EDGE('',*,*,#2524,.T.);
#1662=ORIENTED_EDGE('',*,*,#2832,.F.);
#1663=ORIENTED_EDGE('',*,*,#2841,.F.);
#1664=ORIENTED_EDGE('',*,*,#2840,.F.);
#1665=ORIENTED_EDGE('',*,*,#2837,.F.);
#1666=ORIENTED_EDGE('',*,*,#2887,.F.);
#1667=ORIENTED_EDGE('',*,*,#2892,.F.);
#1668=ORIENTED_EDGE('',*,*,#2889,.T.);
#1669=ORIENTED_EDGE('',*,*,#2885,.T.);
#1670=ORIENTED_EDGE('',*,*,#2542,.F.);
#1671=ORIENTED_EDGE('',*,*,#2546,.T.);
#1672=ORIENTED_EDGE('',*,*,#2872,.T.);
#1673=ORIENTED_EDGE('',*,*,#2868,.T.);
#1674=ORIENTED_EDGE('',*,*,#2591,.F.);
#1675=ORIENTED_EDGE('',*,*,#2582,.F.);
#1676=ORIENTED_EDGE('',*,*,#2865,.T.);
#1677=ORIENTED_EDGE('',*,*,#3006,.T.);
#1678=ORIENTED_EDGE('',*,*,#3135,.T.);
#1679=ORIENTED_EDGE('',*,*,#3136,.T.);
#1680=ORIENTED_EDGE('',*,*,#3137,.F.);
#1681=ORIENTED_EDGE('',*,*,#3138,.T.);
#1682=ORIENTED_EDGE('',*,*,#2800,.T.);
#1683=ORIENTED_EDGE('',*,*,#3139,.T.);
#1684=ORIENTED_EDGE('',*,*,#3140,.F.);
#1685=ORIENTED_EDGE('',*,*,#3141,.F.);
#1686=ORIENTED_EDGE('',*,*,#3142,.T.);
#1687=ORIENTED_EDGE('',*,*,#3143,.T.);
#1688=ORIENTED_EDGE('',*,*,#3142,.F.);
#1689=ORIENTED_EDGE('',*,*,#3144,.T.);
#1690=ORIENTED_EDGE('',*,*,#3145,.T.);
#1691=ORIENTED_EDGE('',*,*,#3146,.T.);
#1692=ORIENTED_EDGE('',*,*,#3145,.F.);
#1693=ORIENTED_EDGE('',*,*,#3147,.T.);
#1694=ORIENTED_EDGE('',*,*,#3148,.T.);
#1695=ORIENTED_EDGE('',*,*,#3149,.T.);
#1696=ORIENTED_EDGE('',*,*,#3148,.F.);
#1697=ORIENTED_EDGE('',*,*,#3150,.T.);
#1698=ORIENTED_EDGE('',*,*,#3151,.T.);
#1699=ORIENTED_EDGE('',*,*,#3152,.T.);
#1700=ORIENTED_EDGE('',*,*,#3151,.F.);
#1701=ORIENTED_EDGE('',*,*,#3153,.T.);
#1702=ORIENTED_EDGE('',*,*,#3154,.T.);
#1703=ORIENTED_EDGE('',*,*,#3155,.T.);
#1704=ORIENTED_EDGE('',*,*,#3156,.F.);
#1705=ORIENTED_EDGE('',*,*,#3157,.T.);
#1706=ORIENTED_EDGE('',*,*,#3158,.T.);
#1707=ORIENTED_EDGE('',*,*,#3159,.T.);
#1708=ORIENTED_EDGE('',*,*,#3160,.T.);
#1709=ORIENTED_EDGE('',*,*,#3161,.F.);
#1710=ORIENTED_EDGE('',*,*,#3162,.T.);
#1711=ORIENTED_EDGE('',*,*,#3158,.F.);
#1712=ORIENTED_EDGE('',*,*,#3154,.F.);
#1713=ORIENTED_EDGE('',*,*,#3163,.T.);
#1714=ORIENTED_EDGE('',*,*,#3164,.T.);
#1715=ORIENTED_EDGE('',*,*,#3165,.T.);
#1716=ORIENTED_EDGE('',*,*,#2353,.T.);
#1717=ORIENTED_EDGE('',*,*,#3166,.T.);
#1718=ORIENTED_EDGE('',*,*,#3164,.F.);
#1719=ORIENTED_EDGE('',*,*,#3167,.T.);
#1720=ORIENTED_EDGE('',*,*,#3168,.T.);
#1721=ORIENTED_EDGE('',*,*,#3169,.T.);
#1722=ORIENTED_EDGE('',*,*,#3170,.T.);
#1723=ORIENTED_EDGE('',*,*,#3171,.T.);
#1724=ORIENTED_EDGE('',*,*,#3168,.F.);
#1725=ORIENTED_EDGE('',*,*,#3172,.T.);
#1726=ORIENTED_EDGE('',*,*,#3156,.T.);
#1727=ORIENTED_EDGE('',*,*,#3173,.T.);
#1728=ORIENTED_EDGE('',*,*,#3174,.F.);
#1729=ORIENTED_EDGE('',*,*,#3175,.T.);
#1730=ORIENTED_EDGE('',*,*,#3176,.T.);
#1731=ORIENTED_EDGE('',*,*,#3177,.T.);
#1732=ORIENTED_EDGE('',*,*,#3176,.F.);
#1733=ORIENTED_EDGE('',*,*,#3178,.T.);
#1734=ORIENTED_EDGE('',*,*,#3170,.F.);
#1735=ORIENTED_EDGE('',*,*,#3179,.T.);
#1736=ORIENTED_EDGE('',*,*,#2432,.F.);
#1737=ORIENTED_EDGE('',*,*,#3180,.T.);
#1738=ORIENTED_EDGE('',*,*,#3181,.T.);
#1739=ORIENTED_EDGE('',*,*,#3182,.T.);
#1740=ORIENTED_EDGE('',*,*,#3181,.F.);
#1741=ORIENTED_EDGE('',*,*,#3183,.T.);
#1742=ORIENTED_EDGE('',*,*,#2420,.T.);
#1743=ORIENTED_EDGE('',*,*,#3184,.T.);
#1744=ORIENTED_EDGE('',*,*,#2421,.F.);
#1745=ORIENTED_EDGE('',*,*,#3183,.F.);
#1746=ORIENTED_EDGE('',*,*,#3180,.F.);
#1747=ORIENTED_EDGE('',*,*,#2431,.F.);
#1748=ORIENTED_EDGE('',*,*,#2430,.F.);
#1749=ORIENTED_EDGE('',*,*,#2400,.F.);
#1750=ORIENTED_EDGE('',*,*,#2441,.F.);
#1751=ORIENTED_EDGE('',*,*,#2438,.F.);
#1752=ORIENTED_EDGE('',*,*,#2396,.F.);
#1753=ORIENTED_EDGE('',*,*,#2393,.F.);
#1754=ORIENTED_EDGE('',*,*,#2407,.F.);
#1755=ORIENTED_EDGE('',*,*,#2404,.F.);
#1756=ORIENTED_EDGE('',*,*,#2418,.F.);
#1757=ORIENTED_EDGE('',*,*,#2415,.F.);
#1758=ORIENTED_EDGE('',*,*,#2229,.F.);
#1759=ORIENTED_EDGE('',*,*,#2224,.F.);
#1760=ORIENTED_EDGE('',*,*,#2215,.F.);
#1761=ORIENTED_EDGE('',*,*,#3185,.F.);
#1762=ORIENTED_EDGE('',*,*,#3186,.F.);
#1763=ORIENTED_EDGE('',*,*,#3187,.F.);
#1764=ORIENTED_EDGE('',*,*,#2219,.F.);
#1765=ORIENTED_EDGE('',*,*,#2212,.F.);
#1766=ORIENTED_EDGE('',*,*,#2210,.T.);
#1767=ORIENTED_EDGE('',*,*,#3188,.F.);
#1768=ORIENTED_EDGE('',*,*,#3189,.F.);
#1769=ORIENTED_EDGE('',*,*,#2206,.F.);
#1770=ORIENTED_EDGE('',*,*,#2203,.F.);
#1771=ORIENTED_EDGE('',*,*,#2222,.F.);
#1772=ORIENTED_EDGE('',*,*,#2497,.F.);
#1773=ORIENTED_EDGE('',*,*,#2510,.T.);
#1774=ORIENTED_EDGE('',*,*,#2507,.T.);
#1775=ORIENTED_EDGE('',*,*,#2504,.T.);
#1776=ORIENTED_EDGE('',*,*,#2493,.F.);
#1777=ORIENTED_EDGE('',*,*,#3190,.F.);
#1778=ORIENTED_EDGE('',*,*,#2485,.F.);
#1779=ORIENTED_EDGE('',*,*,#2465,.F.);
#1780=ORIENTED_EDGE('',*,*,#2469,.F.);
#1781=ORIENTED_EDGE('',*,*,#2477,.F.);
#1782=ORIENTED_EDGE('',*,*,#2483,.F.);
#1783=ORIENTED_EDGE('',*,*,#2482,.F.);
#1784=ORIENTED_EDGE('',*,*,#2241,.F.);
#1785=ORIENTED_EDGE('',*,*,#2270,.F.);
#1786=ORIENTED_EDGE('',*,*,#2276,.F.);
#1787=ORIENTED_EDGE('',*,*,#2273,.F.);
#1788=ORIENTED_EDGE('',*,*,#2244,.F.);
#1789=ORIENTED_EDGE('',*,*,#2239,.T.);
#1790=ORIENTED_EDGE('',*,*,#2235,.T.);
#1791=ORIENTED_EDGE('',*,*,#2231,.F.);
#1792=ORIENTED_EDGE('',*,*,#2412,.F.);
#1793=ORIENTED_EDGE('',*,*,#2409,.F.);
#1794=ORIENTED_EDGE('',*,*,#2287,.F.);
#1795=ORIENTED_EDGE('',*,*,#2285,.F.);
#1796=ORIENTED_EDGE('',*,*,#2282,.F.);
#1797=ORIENTED_EDGE('',*,*,#2279,.F.);
#1798=ORIENTED_EDGE('',*,*,#2267,.F.);
#1799=ORIENTED_EDGE('',*,*,#2266,.F.);
#1800=ORIENTED_EDGE('',*,*,#2248,.F.);
#1801=ORIENTED_EDGE('',*,*,#2475,.F.);
#1802=ORIENTED_EDGE('',*,*,#2472,.F.);
#1803=ORIENTED_EDGE('',*,*,#2466,.F.);
#1804=ORIENTED_EDGE('',*,*,#2459,.F.);
#1805=ORIENTED_EDGE('',*,*,#2456,.F.);
#1806=ORIENTED_EDGE('',*,*,#3191,.F.);
#1807=ORIENTED_EDGE('',*,*,#2489,.F.);
#1808=ORIENTED_EDGE('',*,*,#2502,.F.);
#1809=ORIENTED_EDGE('',*,*,#2499,.F.);
#1810=ORIENTED_EDGE('',*,*,#2452,.F.);
#1811=ORIENTED_EDGE('',*,*,#3192,.F.);
#1812=ORIENTED_EDGE('',*,*,#3193,.T.);
#1813=ORIENTED_EDGE('',*,*,#2261,.T.);
#1814=ORIENTED_EDGE('',*,*,#2258,.F.);
#1815=ORIENTED_EDGE('',*,*,#2256,.T.);
#1816=ORIENTED_EDGE('',*,*,#2253,.T.);
#1817=ORIENTED_EDGE('',*,*,#2307,.F.);
#1818=ORIENTED_EDGE('',*,*,#3194,.F.);
#1819=ORIENTED_EDGE('',*,*,#3195,.F.);
#1820=ORIENTED_EDGE('',*,*,#3196,.F.);
#1821=ORIENTED_EDGE('',*,*,#3160,.F.);
#1822=ORIENTED_EDGE('',*,*,#3157,.F.);
#1823=ORIENTED_EDGE('',*,*,#3172,.F.);
#1824=ORIENTED_EDGE('',*,*,#3171,.F.);
#1825=ORIENTED_EDGE('',*,*,#3178,.F.);
#1826=ORIENTED_EDGE('',*,*,#3175,.F.);
#1827=ORIENTED_EDGE('',*,*,#3197,.F.);
#1828=ORIENTED_EDGE('',*,*,#2304,.F.);
#1829=ORIENTED_EDGE('',*,*,#2301,.F.);
#1830=ORIENTED_EDGE('',*,*,#2298,.F.);
#1831=ORIENTED_EDGE('',*,*,#2296,.F.);
#1832=ORIENTED_EDGE('',*,*,#2291,.F.);
#1833=ORIENTED_EDGE('',*,*,#3198,.F.);
#1834=ORIENTED_EDGE('',*,*,#2435,.F.);
#1835=ORIENTED_EDGE('',*,*,#2444,.T.);
#1836=ORIENTED_EDGE('',*,*,#2447,.T.);
#1837=ORIENTED_EDGE('',*,*,#2449,.F.);
#1838=ORIENTED_EDGE('',*,*,#2427,.F.);
#1839=ORIENTED_EDGE('',*,*,#3199,.F.);
#1840=ORIENTED_EDGE('',*,*,#2354,.F.);
#1841=ORIENTED_EDGE('',*,*,#3167,.F.);
#1842=ORIENTED_EDGE('',*,*,#3163,.F.);
#1843=ORIENTED_EDGE('',*,*,#3153,.F.);
#1844=ORIENTED_EDGE('',*,*,#3150,.F.);
#1845=ORIENTED_EDGE('',*,*,#3147,.F.);
#1846=ORIENTED_EDGE('',*,*,#3144,.F.);
#1847=ORIENTED_EDGE('',*,*,#3141,.T.);
#1848=ORIENTED_EDGE('',*,*,#3200,.F.);
#1849=ORIENTED_EDGE('',*,*,#2314,.F.);
#1850=ORIENTED_EDGE('',*,*,#2311,.F.);
#1851=ORIENTED_EDGE('',*,*,#2331,.F.);
#1852=ORIENTED_EDGE('',*,*,#3201,.T.);
#1853=ORIENTED_EDGE('',*,*,#3202,.F.);
#1854=ORIENTED_EDGE('',*,*,#2328,.F.);
#1855=ORIENTED_EDGE('',*,*,#2324,.F.);
#1856=ORIENTED_EDGE('',*,*,#2320,.T.);
#1857=ORIENTED_EDGE('',*,*,#2318,.T.);
#1858=ORIENTED_EDGE('',*,*,#2344,.T.);
#1859=ORIENTED_EDGE('',*,*,#3203,.F.);
#1860=ORIENTED_EDGE('',*,*,#3204,.F.);
#1861=ORIENTED_EDGE('',*,*,#2346,.F.);
#1862=ORIENTED_EDGE('',*,*,#2339,.F.);
#1863=ORIENTED_EDGE('',*,*,#2337,.F.);
#1864=ORIENTED_EDGE('',*,*,#2334,.F.);
#1865=ORIENTED_EDGE('',*,*,#2390,.F.);
#1866=ORIENTED_EDGE('',*,*,#2539,.T.);
#1867=ORIENTED_EDGE('',*,*,#2536,.F.);
#1868=ORIENTED_EDGE('',*,*,#3205,.F.);
#1869=ORIENTED_EDGE('',*,*,#3206,.T.);
#1870=ORIENTED_EDGE('',*,*,#3207,.T.);
#1871=ORIENTED_EDGE('',*,*,#3208,.T.);
#1872=ORIENTED_EDGE('',*,*,#2387,.T.);
#1873=ORIENTED_EDGE('',*,*,#2384,.T.);
#1874=ORIENTED_EDGE('',*,*,#2381,.F.);
#1875=ORIENTED_EDGE('',*,*,#2379,.F.);
#1876=ORIENTED_EDGE('',*,*,#2349,.T.);
#1877=ORIENTED_EDGE('',*,*,#3209,.T.);
#1878=ORIENTED_EDGE('',*,*,#2532,.T.);
#1879=ORIENTED_EDGE('',*,*,#2557,.F.);
#1880=ORIENTED_EDGE('',*,*,#2554,.F.);
#1881=ORIENTED_EDGE('',*,*,#2374,.T.);
#1882=ORIENTED_EDGE('',*,*,#2372,.F.);
#1883=ORIENTED_EDGE('',*,*,#2369,.F.);
#1884=ORIENTED_EDGE('',*,*,#2366,.F.);
#1885=ORIENTED_EDGE('',*,*,#2363,.F.);
#1886=ORIENTED_EDGE('',*,*,#2360,.F.);
#1887=ORIENTED_EDGE('',*,*,#2357,.F.);
#1888=ORIENTED_EDGE('',*,*,#3128,.F.);
#1889=ORIENTED_EDGE('',*,*,#3210,.T.);
#1890=ORIENTED_EDGE('',*,*,#3135,.F.);
#1891=ORIENTED_EDGE('',*,*,#3211,.T.);
#1892=ORIENTED_EDGE('',*,*,#3212,.T.);
#1893=ORIENTED_EDGE('',*,*,#3205,.T.);
#1894=ORIENTED_EDGE('',*,*,#2535,.T.);
#1895=ORIENTED_EDGE('',*,*,#3213,.T.);
#1896=ORIENTED_EDGE('',*,*,#2388,.F.);
#1897=ORIENTED_EDGE('',*,*,#3208,.F.);
#1898=ORIENTED_EDGE('',*,*,#3214,.T.);
#1899=ORIENTED_EDGE('',*,*,#3215,.T.);
#1900=ORIENTED_EDGE('',*,*,#3214,.F.);
#1901=ORIENTED_EDGE('',*,*,#3207,.F.);
#1902=ORIENTED_EDGE('',*,*,#3216,.T.);
#1903=ORIENTED_EDGE('',*,*,#3217,.T.);
#1904=ORIENTED_EDGE('',*,*,#3206,.F.);
#1905=ORIENTED_EDGE('',*,*,#3212,.F.);
#1906=ORIENTED_EDGE('',*,*,#3218,.T.);
#1907=ORIENTED_EDGE('',*,*,#3216,.F.);
#1908=ORIENTED_EDGE('',*,*,#2533,.F.);
#1909=ORIENTED_EDGE('',*,*,#3209,.F.);
#1910=ORIENTED_EDGE('',*,*,#2348,.T.);
#1911=ORIENTED_EDGE('',*,*,#3219,.T.);
#1912=ORIENTED_EDGE('',*,*,#3220,.F.);
#1913=ORIENTED_EDGE('',*,*,#3221,.T.);
#1914=ORIENTED_EDGE('',*,*,#2347,.F.);
#1915=ORIENTED_EDGE('',*,*,#3204,.T.);
#1916=ORIENTED_EDGE('',*,*,#2343,.T.);
#1917=ORIENTED_EDGE('',*,*,#3222,.F.);
#1918=ORIENTED_EDGE('',*,*,#3220,.T.);
#1919=ORIENTED_EDGE('',*,*,#3203,.T.);
#1920=ORIENTED_EDGE('',*,*,#3223,.F.);
#1921=ORIENTED_EDGE('',*,*,#3224,.F.);
#1922=ORIENTED_EDGE('',*,*,#2326,.T.);
#1923=ORIENTED_EDGE('',*,*,#3202,.T.);
#1924=ORIENTED_EDGE('',*,*,#2330,.T.);
#1925=ORIENTED_EDGE('',*,*,#3225,.T.);
#1926=ORIENTED_EDGE('',*,*,#3223,.T.);
#1927=ORIENTED_EDGE('',*,*,#3201,.F.);
#1928=ORIENTED_EDGE('',*,*,#2315,.F.);
#1929=ORIENTED_EDGE('',*,*,#3200,.T.);
#1930=ORIENTED_EDGE('',*,*,#3140,.T.);
#1931=ORIENTED_EDGE('',*,*,#3226,.T.);
#1932=ORIENTED_EDGE('',*,*,#3227,.F.);
#1933=ORIENTED_EDGE('',*,*,#3228,.T.);
#1934=ORIENTED_EDGE('',*,*,#3161,.T.);
#1935=ORIENTED_EDGE('',*,*,#3196,.T.);
#1936=ORIENTED_EDGE('',*,*,#3229,.F.);
#1937=ORIENTED_EDGE('',*,*,#3230,.T.);
#1938=ORIENTED_EDGE('',*,*,#3227,.T.);
#1939=ORIENTED_EDGE('',*,*,#3195,.T.);
#1940=ORIENTED_EDGE('',*,*,#3229,.T.);
#1941=ORIENTED_EDGE('',*,*,#3194,.T.);
#1942=ORIENTED_EDGE('',*,*,#2306,.T.);
#1943=ORIENTED_EDGE('',*,*,#3231,.F.);
#1944=ORIENTED_EDGE('',*,*,#2305,.F.);
#1945=ORIENTED_EDGE('',*,*,#3197,.T.);
#1946=ORIENTED_EDGE('',*,*,#3174,.T.);
#1947=ORIENTED_EDGE('',*,*,#3232,.T.);
#1948=ORIENTED_EDGE('',*,*,#2436,.F.);
#1949=ORIENTED_EDGE('',*,*,#3198,.T.);
#1950=ORIENTED_EDGE('',*,*,#2290,.T.);
#1951=ORIENTED_EDGE('',*,*,#3233,.T.);
#1952=ORIENTED_EDGE('',*,*,#2413,.F.);
#1953=ORIENTED_EDGE('',*,*,#3199,.T.);
#1954=ORIENTED_EDGE('',*,*,#2426,.T.);
#1955=ORIENTED_EDGE('',*,*,#3234,.T.);
#1956=ORIENTED_EDGE('',*,*,#2451,.F.);
#1957=ORIENTED_EDGE('',*,*,#3235,.T.);
#1958=ORIENTED_EDGE('',*,*,#3236,.T.);
#1959=ORIENTED_EDGE('',*,*,#3192,.T.);
#1960=ORIENTED_EDGE('',*,*,#3236,.F.);
#1961=ORIENTED_EDGE('',*,*,#3237,.T.);
#1962=ORIENTED_EDGE('',*,*,#2262,.F.);
#1963=ORIENTED_EDGE('',*,*,#3193,.F.);
#1964=ORIENTED_EDGE('',*,*,#2490,.F.);
#1965=ORIENTED_EDGE('',*,*,#3191,.T.);
#1966=ORIENTED_EDGE('',*,*,#2455,.T.);
#1967=ORIENTED_EDGE('',*,*,#3238,.T.);
#1968=ORIENTED_EDGE('',*,*,#2486,.F.);
#1969=ORIENTED_EDGE('',*,*,#3190,.T.);
#1970=ORIENTED_EDGE('',*,*,#2492,.T.);
#1971=ORIENTED_EDGE('',*,*,#3239,.T.);
#1972=ORIENTED_EDGE('',*,*,#2220,.F.);
#1973=ORIENTED_EDGE('',*,*,#3187,.T.);
#1974=ORIENTED_EDGE('',*,*,#3240,.T.);
#1975=ORIENTED_EDGE('',*,*,#3241,.T.);
#1976=ORIENTED_EDGE('',*,*,#2528,.F.);
#1977=ORIENTED_EDGE('',*,*,#2196,.T.);
#1978=ORIENTED_EDGE('',*,*,#2801,.F.);
#1979=ORIENTED_EDGE('',*,*,#3138,.F.);
#1980=ORIENTED_EDGE('',*,*,#3242,.T.);
#1981=ORIENTED_EDGE('',*,*,#2192,.T.);
#1982=ORIENTED_EDGE('',*,*,#2819,.T.);
#1983=ORIENTED_EDGE('',*,*,#3133,.F.);
#1984=ORIENTED_EDGE('',*,*,#3241,.F.);
#1985=ORIENTED_EDGE('',*,*,#3243,.F.);
#1986=ORIENTED_EDGE('',*,*,#3244,.F.);
#1987=ORIENTED_EDGE('',*,*,#2217,.T.);
#1988=ORIENTED_EDGE('',*,*,#2226,.T.);
#1989=ORIENTED_EDGE('',*,*,#2228,.T.);
#1990=ORIENTED_EDGE('',*,*,#2417,.F.);
#1991=ORIENTED_EDGE('',*,*,#2419,.T.);
#1992=ORIENTED_EDGE('',*,*,#2406,.F.);
#1993=ORIENTED_EDGE('',*,*,#2408,.T.);
#1994=ORIENTED_EDGE('',*,*,#2395,.F.);
#1995=ORIENTED_EDGE('',*,*,#2398,.T.);
#1996=ORIENTED_EDGE('',*,*,#2440,.T.);
#1997=ORIENTED_EDGE('',*,*,#2442,.F.);
#1998=ORIENTED_EDGE('',*,*,#2402,.F.);
#1999=ORIENTED_EDGE('',*,*,#2429,.F.);
#2000=ORIENTED_EDGE('',*,*,#2433,.F.);
#2001=ORIENTED_EDGE('',*,*,#3182,.F.);
#2002=ORIENTED_EDGE('',*,*,#3184,.F.);
#2003=ORIENTED_EDGE('',*,*,#3245,.T.);
#2004=ORIENTED_EDGE('',*,*,#3246,.T.);
#2005=ORIENTED_EDGE('',*,*,#3246,.F.);
#2006=ORIENTED_EDGE('',*,*,#3245,.F.);
#2007=ORIENTED_EDGE('',*,*,#2423,.F.);
#2008=ORIENTED_EDGE('',*,*,#2233,.F.);
#2009=ORIENTED_EDGE('',*,*,#2234,.F.);
#2010=ORIENTED_EDGE('',*,*,#2238,.F.);
#2011=ORIENTED_EDGE('',*,*,#2246,.F.);
#2012=ORIENTED_EDGE('',*,*,#2275,.F.);
#2013=ORIENTED_EDGE('',*,*,#2277,.T.);
#2014=ORIENTED_EDGE('',*,*,#2271,.T.);
#2015=ORIENTED_EDGE('',*,*,#2243,.F.);
#2016=ORIENTED_EDGE('',*,*,#2481,.F.);
#2017=ORIENTED_EDGE('',*,*,#2484,.F.);
#2018=ORIENTED_EDGE('',*,*,#2478,.F.);
#2019=ORIENTED_EDGE('',*,*,#2470,.F.);
#2020=ORIENTED_EDGE('',*,*,#2463,.F.);
#2021=ORIENTED_EDGE('',*,*,#2487,.F.);
#2022=ORIENTED_EDGE('',*,*,#3239,.F.);
#2023=ORIENTED_EDGE('',*,*,#2495,.F.);
#2024=ORIENTED_EDGE('',*,*,#2506,.F.);
#2025=ORIENTED_EDGE('',*,*,#2509,.T.);
#2026=ORIENTED_EDGE('',*,*,#2511,.F.);
#2027=ORIENTED_EDGE('',*,*,#2498,.F.);
#2028=ORIENTED_EDGE('',*,*,#2223,.F.);
#2029=ORIENTED_EDGE('',*,*,#2201,.F.);
#2030=ORIENTED_EDGE('',*,*,#2205,.F.);
#2031=ORIENTED_EDGE('',*,*,#3247,.F.);
#2032=ORIENTED_EDGE('',*,*,#3248,.F.);
#2033=ORIENTED_EDGE('',*,*,#2208,.F.);
#2034=ORIENTED_EDGE('',*,*,#2211,.F.);
#2035=ORIENTED_EDGE('',*,*,#2218,.F.);
#2036=ORIENTED_EDGE('',*,*,#3215,.F.);
#2037=ORIENTED_EDGE('',*,*,#3217,.F.);
#2038=ORIENTED_EDGE('',*,*,#3218,.F.);
#2039=ORIENTED_EDGE('',*,*,#3213,.F.);
#2040=ORIENTED_EDGE('',*,*,#2538,.F.);
#2041=ORIENTED_EDGE('',*,*,#2540,.F.);
#2042=ORIENTED_EDGE('',*,*,#2391,.F.);
#2043=ORIENTED_EDGE('',*,*,#2332,.F.);
#2044=ORIENTED_EDGE('',*,*,#2336,.F.);
#2045=ORIENTED_EDGE('',*,*,#2341,.F.);
#2046=ORIENTED_EDGE('',*,*,#2345,.F.);
#2047=ORIENTED_EDGE('',*,*,#3221,.F.);
#2048=ORIENTED_EDGE('',*,*,#3222,.T.);
#2049=ORIENTED_EDGE('',*,*,#2342,.F.);
#2050=ORIENTED_EDGE('',*,*,#2316,.F.);
#2051=ORIENTED_EDGE('',*,*,#2322,.F.);
#2052=ORIENTED_EDGE('',*,*,#2323,.F.);
#2053=ORIENTED_EDGE('',*,*,#2327,.F.);
#2054=ORIENTED_EDGE('',*,*,#3224,.T.);
#2055=ORIENTED_EDGE('',*,*,#3225,.F.);
#2056=ORIENTED_EDGE('',*,*,#2329,.F.);
#2057=ORIENTED_EDGE('',*,*,#2309,.F.);
#2058=ORIENTED_EDGE('',*,*,#2313,.F.);
#2059=ORIENTED_EDGE('',*,*,#3226,.F.);
#2060=ORIENTED_EDGE('',*,*,#3143,.F.);
#2061=ORIENTED_EDGE('',*,*,#3146,.F.);
#2062=ORIENTED_EDGE('',*,*,#3149,.F.);
#2063=ORIENTED_EDGE('',*,*,#3152,.F.);
#2064=ORIENTED_EDGE('',*,*,#3155,.F.);
#2065=ORIENTED_EDGE('',*,*,#3165,.F.);
#2066=ORIENTED_EDGE('',*,*,#3166,.F.);
#2067=ORIENTED_EDGE('',*,*,#2352,.F.);
#2068=ORIENTED_EDGE('',*,*,#2356,.F.);
#2069=ORIENTED_EDGE('',*,*,#2359,.F.);
#2070=ORIENTED_EDGE('',*,*,#2362,.F.);
#2071=ORIENTED_EDGE('',*,*,#2365,.F.);
#2072=ORIENTED_EDGE('',*,*,#2368,.F.);
#2073=ORIENTED_EDGE('',*,*,#2371,.F.);
#2074=ORIENTED_EDGE('',*,*,#2376,.F.);
#2075=ORIENTED_EDGE('',*,*,#2556,.F.);
#2076=ORIENTED_EDGE('',*,*,#2558,.F.);
#2077=ORIENTED_EDGE('',*,*,#2534,.F.);
#2078=ORIENTED_EDGE('',*,*,#3219,.F.);
#2079=ORIENTED_EDGE('',*,*,#2351,.F.);
#2080=ORIENTED_EDGE('',*,*,#2378,.F.);
#2081=ORIENTED_EDGE('',*,*,#2380,.F.);
#2082=ORIENTED_EDGE('',*,*,#2383,.F.);
#2083=ORIENTED_EDGE('',*,*,#2386,.F.);
#2084=ORIENTED_EDGE('',*,*,#2450,.T.);
#2085=ORIENTED_EDGE('',*,*,#2448,.F.);
#2086=ORIENTED_EDGE('',*,*,#2445,.T.);
#2087=ORIENTED_EDGE('',*,*,#2437,.F.);
#2088=ORIENTED_EDGE('',*,*,#3233,.F.);
#2089=ORIENTED_EDGE('',*,*,#2293,.F.);
#2090=ORIENTED_EDGE('',*,*,#2295,.F.);
#2091=ORIENTED_EDGE('',*,*,#2297,.T.);
#2092=ORIENTED_EDGE('',*,*,#2300,.F.);
#2093=ORIENTED_EDGE('',*,*,#2303,.F.);
#2094=ORIENTED_EDGE('',*,*,#3232,.F.);
#2095=ORIENTED_EDGE('',*,*,#3177,.F.);
#2096=ORIENTED_EDGE('',*,*,#3179,.F.);
#2097=ORIENTED_EDGE('',*,*,#3169,.F.);
#2098=ORIENTED_EDGE('',*,*,#3173,.F.);
#2099=ORIENTED_EDGE('',*,*,#3159,.F.);
#2100=ORIENTED_EDGE('',*,*,#3162,.F.);
#2101=ORIENTED_EDGE('',*,*,#3228,.F.);
#2102=ORIENTED_EDGE('',*,*,#3230,.F.);
#2103=ORIENTED_EDGE('',*,*,#3231,.T.);
#2104=ORIENTED_EDGE('',*,*,#2308,.F.);
#2105=ORIENTED_EDGE('',*,*,#2251,.F.);
#2106=ORIENTED_EDGE('',*,*,#2255,.F.);
#2107=ORIENTED_EDGE('',*,*,#2260,.F.);
#2108=ORIENTED_EDGE('',*,*,#2263,.F.);
#2109=ORIENTED_EDGE('',*,*,#3237,.F.);
#2110=ORIENTED_EDGE('',*,*,#3235,.F.);
#2111=ORIENTED_EDGE('',*,*,#2454,.F.);
#2112=ORIENTED_EDGE('',*,*,#2501,.F.);
#2113=ORIENTED_EDGE('',*,*,#2503,.F.);
#2114=ORIENTED_EDGE('',*,*,#2491,.F.);
#2115=ORIENTED_EDGE('',*,*,#3238,.F.);
#2116=ORIENTED_EDGE('',*,*,#2458,.F.);
#2117=ORIENTED_EDGE('',*,*,#2461,.F.);
#2118=ORIENTED_EDGE('',*,*,#2468,.F.);
#2119=ORIENTED_EDGE('',*,*,#2474,.F.);
#2120=ORIENTED_EDGE('',*,*,#2476,.F.);
#2121=ORIENTED_EDGE('',*,*,#2250,.F.);
#2122=ORIENTED_EDGE('',*,*,#2265,.F.);
#2123=ORIENTED_EDGE('',*,*,#2269,.F.);
#2124=ORIENTED_EDGE('',*,*,#2278,.F.);
#2125=ORIENTED_EDGE('',*,*,#2281,.F.);
#2126=ORIENTED_EDGE('',*,*,#2284,.F.);
#2127=ORIENTED_EDGE('',*,*,#2289,.F.);
#2128=ORIENTED_EDGE('',*,*,#2411,.F.);
#2129=ORIENTED_EDGE('',*,*,#2414,.F.);
#2130=ORIENTED_EDGE('',*,*,#3234,.F.);
#2131=ORIENTED_EDGE('',*,*,#2425,.F.);
#2132=ORIENTED_EDGE('',*,*,#3243,.T.);
#2133=ORIENTED_EDGE('',*,*,#3240,.F.);
#2134=ORIENTED_EDGE('',*,*,#3186,.T.);
#2135=ORIENTED_EDGE('',*,*,#3249,.T.);
#2136=ORIENTED_EDGE('',*,*,#3249,.F.);
#2137=ORIENTED_EDGE('',*,*,#3185,.T.);
#2138=ORIENTED_EDGE('',*,*,#2214,.T.);
#2139=ORIENTED_EDGE('',*,*,#3244,.T.);
#2140=ORIENTED_EDGE('',*,*,#3250,.F.);
#2141=ORIENTED_EDGE('',*,*,#3247,.T.);
#2142=ORIENTED_EDGE('',*,*,#2204,.T.);
#2143=ORIENTED_EDGE('',*,*,#3189,.T.);
#2144=ORIENTED_EDGE('',*,*,#3188,.T.);
#2145=ORIENTED_EDGE('',*,*,#2209,.F.);
#2146=ORIENTED_EDGE('',*,*,#3248,.T.);
#2147=ORIENTED_EDGE('',*,*,#3250,.T.);
#2148=ORIENTED_EDGE('',*,*,#3251,.T.);
#2149=ORIENTED_EDGE('',*,*,#2553,.T.);
#2150=ORIENTED_EDGE('',*,*,#2802,.F.);
#2151=ORIENTED_EDGE('',*,*,#2198,.T.);
#2152=ORIENTED_EDGE('',*,*,#2530,.T.);
#2153=ORIENTED_EDGE('',*,*,#3134,.T.);
#2154=ORIENTED_EDGE('',*,*,#2817,.F.);
#2155=ORIENTED_EDGE('',*,*,#2194,.F.);
#2156=ORIENTED_EDGE('',*,*,#3137,.T.);
#2157=ORIENTED_EDGE('',*,*,#3252,.T.);
#2158=ORIENTED_EDGE('',*,*,#3126,.T.);
#2159=ORIENTED_EDGE('',*,*,#3253,.T.);
#2160=ORIENTED_EDGE('',*,*,#2548,.F.);
#2161=ORIENTED_EDGE('',*,*,#3251,.F.);
#2162=ORIENTED_EDGE('',*,*,#2193,.F.);
#2163=ORIENTED_EDGE('',*,*,#3242,.F.);
#2164=ORIENTED_EDGE('',*,*,#3129,.F.);
#2165=ORIENTED_EDGE('',*,*,#3211,.F.);
#2166=ORIENTED_EDGE('',*,*,#3139,.F.);
#2167=ORIENTED_EDGE('',*,*,#2799,.F.);
#2168=ORIENTED_EDGE('',*,*,#3130,.F.);
#2169=ORIENTED_EDGE('',*,*,#2797,.F.);
#2170=ORIENTED_EDGE('',*,*,#2551,.F.);
#2171=ORIENTED_EDGE('',*,*,#2811,.F.);
#2172=ORIENTED_EDGE('',*,*,#3131,.F.);
#2173=ORIENTED_EDGE('',*,*,#2809,.F.);
#2174=ORIENTED_EDGE('',*,*,#2549,.F.);
#2175=ORIENTED_EDGE('',*,*,#3253,.F.);
#2176=ORIENTED_EDGE('',*,*,#3136,.F.);
#2177=ORIENTED_EDGE('',*,*,#3210,.F.);
#2178=ORIENTED_EDGE('',*,*,#3127,.F.);
#2179=ORIENTED_EDGE('',*,*,#3252,.F.);
#2180=EDGE_CURVE('',#3254,#3255,#3968,.T.);
#2181=EDGE_CURVE('',#3254,#3256,#3969,.T.);
#2182=EDGE_CURVE('',#3256,#3257,#3970,.T.);
#2183=EDGE_CURVE('',#3257,#3255,#3971,.T.);
#2184=EDGE_CURVE('',#3258,#3259,#3972,.T.);
#2185=EDGE_CURVE('',#3258,#3254,#3973,.T.);
#2186=EDGE_CURVE('',#3259,#3255,#3974,.T.);
#2187=EDGE_CURVE('',#3260,#3261,#3975,.F.);
#2188=EDGE_CURVE('',#3260,#3258,#3976,.T.);
#2189=EDGE_CURVE('',#3261,#3259,#3977,.T.);
#2190=EDGE_CURVE('',#3261,#3257,#3978,.T.);
#2191=EDGE_CURVE('',#3260,#3256,#3979,.T.);
#2192=EDGE_CURVE('',#3262,#3263,#3980,.F.);
#2193=EDGE_CURVE('',#3262,#3264,#3981,.T.);
#2194=EDGE_CURVE('',#3264,#3265,#3982,.T.);
#2195=EDGE_CURVE('',#3265,#3263,#3983,.T.);
#2196=EDGE_CURVE('',#3266,#3267,#3984,.T.);
#2197=EDGE_CURVE('',#3266,#3268,#3985,.T.);
#2198=EDGE_CURVE('',#3269,#3268,#3986,.T.);
#2199=EDGE_CURVE('',#3269,#3267,#3987,.T.);
#2200=EDGE_CURVE('',#3270,#3271,#3988,.T.);
#2201=EDGE_CURVE('',#3270,#3272,#3989,.T.);
#2202=EDGE_CURVE('',#3272,#3273,#3990,.T.);
#2203=EDGE_CURVE('',#3273,#3271,#3991,.T.);
#2204=EDGE_CURVE('',#3274,#3275,#3992,.T.);
#2205=EDGE_CURVE('',#3274,#3270,#3993,.T.);
#2206=EDGE_CURVE('',#3271,#3275,#3994,.T.);
#2207=EDGE_CURVE('',#3276,#3277,#3995,.T.);
#2208=EDGE_CURVE('',#3277,#3278,#3996,.T.);
#2209=EDGE_CURVE('',#3278,#3279,#3997,.T.);
#2210=EDGE_CURVE('',#3276,#3279,#3998,.T.);
#2211=EDGE_CURVE('',#3280,#3277,#3999,.T.);
#2212=EDGE_CURVE('',#3276,#3281,#4000,.T.);
#2213=EDGE_CURVE('',#3281,#3280,#4001,.T.);
#2214=EDGE_CURVE('',#3282,#3283,#4002,.T.);
#2215=EDGE_CURVE('',#3282,#3284,#4003,.T.);
#2216=EDGE_CURVE('',#3284,#3285,#4004,.T.);
#2217=EDGE_CURVE('',#3283,#3285,#4005,.T.);
#2218=EDGE_CURVE('',#3286,#3280,#4006,.T.);
#2219=EDGE_CURVE('',#3281,#3287,#4007,.T.);
#2220=EDGE_CURVE('',#3287,#3286,#4008,.T.);
#2221=EDGE_CURVE('',#3288,#3289,#4009,.T.);
#2222=EDGE_CURVE('',#3288,#3273,#4010,.T.);
#2223=EDGE_CURVE('',#3272,#3289,#4011,.T.);
#2224=EDGE_CURVE('',#3284,#3290,#4012,.T.);
#2225=EDGE_CURVE('',#3290,#3291,#4013,.T.);
#2226=EDGE_CURVE('',#3285,#3291,#4014,.T.);
#2227=EDGE_CURVE('',#3292,#3293,#4015,.T.);
#2228=EDGE_CURVE('',#3291,#3293,#4016,.T.);
#2229=EDGE_CURVE('',#3290,#3292,#4017,.T.);
#2230=EDGE_CURVE('',#3294,#3295,#4018,.F.);
#2231=EDGE_CURVE('',#3294,#3296,#4019,.T.);
#2232=EDGE_CURVE('',#3296,#3297,#4020,.T.);
#2233=EDGE_CURVE('',#3297,#3295,#4021,.T.);
#2234=EDGE_CURVE('',#3298,#3297,#4022,.T.);
#2235=EDGE_CURVE('',#3299,#3296,#4023,.T.);
#2236=EDGE_CURVE('',#3298,#3299,#4024,.T.);
#2237=EDGE_CURVE('',#3300,#3301,#4025,.T.);
#2238=EDGE_CURVE('',#3300,#3298,#4026,.T.);
#2239=EDGE_CURVE('',#3301,#3299,#4027,.T.);
#2240=EDGE_CURVE('',#3302,#3303,#4028,.T.);
#2241=EDGE_CURVE('',#3302,#3304,#4029,.T.);
#2242=EDGE_CURVE('',#3304,#3305,#4030,.T.);
#2243=EDGE_CURVE('',#3305,#3303,#4031,.T.);
#2244=EDGE_CURVE('',#3301,#3306,#4032,.T.);
#2245=EDGE_CURVE('',#3307,#3306,#4033,.T.);
#2246=EDGE_CURVE('',#3307,#3300,#4034,.T.);
#2247=EDGE_CURVE('',#3308,#3309,#4035,.T.);
#2248=EDGE_CURVE('',#3308,#3310,#4036,.T.);
#2249=EDGE_CURVE('',#3310,#3311,#4037,.T.);
#2250=EDGE_CURVE('',#3311,#3309,#4038,.T.);
#2251=EDGE_CURVE('',#3312,#3313,#4039,.T.);
#2252=EDGE_CURVE('',#3314,#3313,#4040,.T.);
#2253=EDGE_CURVE('',#3315,#3314,#4041,.T.);
#2254=EDGE_CURVE('',#3315,#3312,#4042,.T.);
#2255=EDGE_CURVE('',#3316,#3312,#4043,.T.);
#2256=EDGE_CURVE('',#3317,#3315,#4044,.T.);
#2257=EDGE_CURVE('',#3317,#3316,#4045,.T.);
#2258=EDGE_CURVE('',#3317,#3318,#4046,.T.);
#2259=EDGE_CURVE('',#3318,#3319,#4047,.T.);
#2260=EDGE_CURVE('',#3319,#3316,#4048,.T.);
#2261=EDGE_CURVE('',#3320,#3318,#4049,.T.);
#2262=EDGE_CURVE('',#3320,#3321,#4050,.T.);
#2263=EDGE_CURVE('',#3321,#3319,#4051,.T.);
#2264=EDGE_CURVE('',#3322,#3323,#4052,.T.);
#2265=EDGE_CURVE('',#3323,#3311,#4053,.T.);
#2266=EDGE_CURVE('',#3310,#3322,#4054,.T.);
#2267=EDGE_CURVE('',#3322,#3324,#4055,.T.);
#2268=EDGE_CURVE('',#3324,#3325,#4056,.T.);
#2269=EDGE_CURVE('',#3325,#3323,#4057,.T.);
#2270=EDGE_CURVE('',#3326,#3302,#4058,.T.);
#2271=EDGE_CURVE('',#3327,#3303,#4059,.T.);
#2272=EDGE_CURVE('',#3327,#3326,#4060,.T.);
#2273=EDGE_CURVE('',#3306,#3328,#4061,.T.);
#2274=EDGE_CURVE('',#3329,#3328,#4062,.T.);
#2275=EDGE_CURVE('',#3329,#3307,#4063,.T.);
#2276=EDGE_CURVE('',#3328,#3326,#4064,.T.);
#2277=EDGE_CURVE('',#3329,#3327,#4065,.T.);
#2278=EDGE_CURVE('',#3330,#3325,#4066,.T.);
#2279=EDGE_CURVE('',#3324,#3331,#4067,.T.);
#2280=EDGE_CURVE('',#3331,#3330,#4068,.T.);
#2281=EDGE_CURVE('',#3332,#3330,#4069,.T.);
#2282=EDGE_CURVE('',#3331,#3333,#4070,.T.);
#2283=EDGE_CURVE('',#3333,#3332,#4071,.T.);
#2284=EDGE_CURVE('',#3334,#3332,#4072,.T.);
#2285=EDGE_CURVE('',#3333,#3335,#4073,.T.);
#2286=EDGE_CURVE('',#3335,#3334,#4074,.T.);
#2287=EDGE_CURVE('',#3335,#3336,#4075,.T.);
#2288=EDGE_CURVE('',#3336,#3337,#4076,.T.);
#2289=EDGE_CURVE('',#3337,#3334,#4077,.T.);
#2290=EDGE_CURVE('',#3338,#3339,#4078,.T.);
#2291=EDGE_CURVE('',#3338,#3340,#4079,.T.);
#2292=EDGE_CURVE('',#3340,#3341,#4080,.T.);
#2293=EDGE_CURVE('',#3341,#3339,#4081,.T.);
#2294=EDGE_CURVE('',#3342,#3343,#4082,.T.);
#2295=EDGE_CURVE('',#3343,#3341,#4083,.F.);
#2296=EDGE_CURVE('',#3340,#3342,#4084,.T.);
#2297=EDGE_CURVE('',#3343,#3344,#4085,.T.);
#2298=EDGE_CURVE('',#3342,#3345,#4086,.T.);
#2299=EDGE_CURVE('',#3345,#3344,#4087,.T.);
#2300=EDGE_CURVE('',#3346,#3344,#4088,.T.);
#2301=EDGE_CURVE('',#3345,#3347,#4089,.T.);
#2302=EDGE_CURVE('',#3347,#3346,#4090,.T.);
#2303=EDGE_CURVE('',#3348,#3346,#4091,.T.);
#2304=EDGE_CURVE('',#3347,#3349,#4092,.T.);
#2305=EDGE_CURVE('',#3349,#3348,#4093,.T.);
#2306=EDGE_CURVE('',#3350,#3351,#4094,.T.);
#2307=EDGE_CURVE('',#3350,#3314,#4095,.T.);
#2308=EDGE_CURVE('',#3313,#3351,#4096,.T.);
#2309=EDGE_CURVE('',#3352,#3353,#4097,.T.);
#2310=EDGE_CURVE('',#3354,#3353,#4098,.F.);
#2311=EDGE_CURVE('',#3354,#3355,#4099,.T.);
#2312=EDGE_CURVE('',#3355,#3352,#4100,.T.);
#2313=EDGE_CURVE('',#3356,#3352,#4101,.T.);
#2314=EDGE_CURVE('',#3355,#3357,#4102,.T.);
#2315=EDGE_CURVE('',#3357,#3356,#4103,.T.);
#2316=EDGE_CURVE('',#3358,#3359,#4104,.T.);
#2317=EDGE_CURVE('',#3360,#3359,#4105,.T.);
#2318=EDGE_CURVE('',#3361,#3360,#4106,.T.);
#2319=EDGE_CURVE('',#3361,#3358,#4107,.T.);
#2320=EDGE_CURVE('',#3362,#3361,#4108,.T.);
#2321=EDGE_CURVE('',#3362,#3363,#4109,.T.);
#2322=EDGE_CURVE('',#3363,#3358,#4110,.T.);
#2323=EDGE_CURVE('',#3364,#3363,#4111,.T.);
#2324=EDGE_CURVE('',#3362,#3365,#4112,.T.);
#2325=EDGE_CURVE('',#3364,#3365,#4113,.T.);
#2326=EDGE_CURVE('',#3366,#3367,#4114,.T.);
#2327=EDGE_CURVE('',#3366,#3364,#4115,.T.);
#2328=EDGE_CURVE('',#3365,#3367,#4116,.T.);
#2329=EDGE_CURVE('',#3353,#3368,#4117,.F.);
#2330=EDGE_CURVE('',#3369,#3368,#4118,.F.);
#2331=EDGE_CURVE('',#3369,#3354,#4119,.T.);
#2332=EDGE_CURVE('',#3370,#3371,#4120,.T.);
#2333=EDGE_CURVE('',#3372,#3371,#4121,.T.);
#2334=EDGE_CURVE('',#3372,#3373,#4122,.T.);
#2335=EDGE_CURVE('',#3373,#3370,#4123,.T.);
#2336=EDGE_CURVE('',#3374,#3370,#4124,.T.);
#2337=EDGE_CURVE('',#3373,#3375,#4125,.T.);
#2338=EDGE_CURVE('',#3375,#3374,#4126,.T.);
#2339=EDGE_CURVE('',#3375,#3376,#4127,.T.);
#2340=EDGE_CURVE('',#3376,#3377,#4128,.T.);
#2341=EDGE_CURVE('',#3377,#3374,#4129,.T.);
#2342=EDGE_CURVE('',#3359,#3378,#4130,.T.);
#2343=EDGE_CURVE('',#3379,#3378,#4131,.T.);
#2344=EDGE_CURVE('',#3360,#3379,#4132,.T.);
#2345=EDGE_CURVE('',#3380,#3377,#4133,.T.);
#2346=EDGE_CURVE('',#3376,#3381,#4134,.T.);
#2347=EDGE_CURVE('',#3381,#3380,#4135,.T.);
#2348=EDGE_CURVE('',#3382,#3383,#4136,.T.);
#2349=EDGE_CURVE('',#3384,#3382,#4137,.T.);
#2350=EDGE_CURVE('',#3384,#3385,#4138,.T.);
#2351=EDGE_CURVE('',#3385,#3383,#4139,.T.);
#2352=EDGE_CURVE('',#3386,#3387,#4140,.T.);
#2353=EDGE_CURVE('',#3388,#3387,#4141,.F.);
#2354=EDGE_CURVE('',#3388,#3389,#4142,.T.);
#2355=EDGE_CURVE('',#3389,#3386,#4143,.T.);
#2356=EDGE_CURVE('',#3390,#3386,#4144,.T.);
#2357=EDGE_CURVE('',#3389,#3391,#4145,.T.);
#2358=EDGE_CURVE('',#3391,#3390,#4146,.T.);
#2359=EDGE_CURVE('',#3392,#3390,#4147,.T.);
#2360=EDGE_CURVE('',#3391,#3393,#4148,.T.);
#2361=EDGE_CURVE('',#3393,#3392,#4149,.T.);
#2362=EDGE_CURVE('',#3394,#3392,#4150,.T.);
#2363=EDGE_CURVE('',#3393,#3395,#4151,.T.);
#2364=EDGE_CURVE('',#3395,#3394,#4152,.T.);
#2365=EDGE_CURVE('',#3396,#3394,#4153,.T.);
#2366=EDGE_CURVE('',#3395,#3397,#4154,.T.);
#2367=EDGE_CURVE('',#3397,#3396,#4155,.T.);
#2368=EDGE_CURVE('',#3398,#3396,#4156,.T.);
#2369=EDGE_CURVE('',#3397,#3399,#4157,.T.);
#2370=EDGE_CURVE('',#3399,#3398,#4158,.T.);
#2371=EDGE_CURVE('',#3400,#3398,#4159,.T.);
#2372=EDGE_CURVE('',#3399,#3401,#4160,.T.);
#2373=EDGE_CURVE('',#3401,#3400,#4161,.T.);
#2374=EDGE_CURVE('',#3402,#3401,#4162,.T.);
#2375=EDGE_CURVE('',#3402,#3403,#4163,.T.);
#2376=EDGE_CURVE('',#3403,#3400,#4164,.T.);
#2377=EDGE_CURVE('',#3404,#3405,#4165,.T.);
#2378=EDGE_CURVE('',#3405,#3385,#4166,.T.);
#2379=EDGE_CURVE('',#3384,#3404,#4167,.T.);
#2380=EDGE_CURVE('',#3406,#3405,#4168,.T.);
#2381=EDGE_CURVE('',#3404,#3407,#4169,.T.);
#2382=EDGE_CURVE('',#3407,#3406,#4170,.T.);
#2383=EDGE_CURVE('',#3408,#3406,#4171,.T.);
#2384=EDGE_CURVE('',#3409,#3407,#4172,.T.);
#2385=EDGE_CURVE('',#3409,#3408,#4173,.T.);
#2386=EDGE_CURVE('',#3410,#3408,#4174,.T.);
#2387=EDGE_CURVE('',#3411,#3409,#4175,.T.);
#2388=EDGE_CURVE('',#3411,#3410,#4176,.T.);
#2389=EDGE_CURVE('',#3412,#3413,#4177,.T.);
#2390=EDGE_CURVE('',#3412,#3372,#4178,.T.);
#2391=EDGE_CURVE('',#3371,#3413,#4179,.T.);
#2392=EDGE_CURVE('',#3414,#3415,#4180,.T.);
#2393=EDGE_CURVE('',#3414,#3416,#4181,.T.);
#2394=EDGE_CURVE('',#3416,#3417,#4182,.T.);
#2395=EDGE_CURVE('',#3417,#3415,#4183,.T.);
#2396=EDGE_CURVE('',#3416,#3418,#4184,.T.);
#2397=EDGE_CURVE('',#3418,#3419,#4185,.T.);
#2398=EDGE_CURVE('',#3417,#3419,#4186,.T.);
#2399=EDGE_CURVE('',#3420,#3421,#4187,.T.);
#2400=EDGE_CURVE('',#3420,#3422,#4188,.T.);
#2401=EDGE_CURVE('',#3422,#3423,#4189,.T.);
#2402=EDGE_CURVE('',#3423,#3421,#4190,.T.);
#2403=EDGE_CURVE('',#3424,#3425,#4191,.T.);
#2404=EDGE_CURVE('',#3424,#3426,#4192,.T.);
#2405=EDGE_CURVE('',#3426,#3427,#4193,.T.);
#2406=EDGE_CURVE('',#3427,#3425,#4194,.T.);
#2407=EDGE_CURVE('',#3426,#3414,#4195,.T.);
#2408=EDGE_CURVE('',#3427,#3415,#4196,.T.);
#2409=EDGE_CURVE('',#3336,#3428,#4197,.T.);
#2410=EDGE_CURVE('',#3428,#3429,#4198,.T.);
#2411=EDGE_CURVE('',#3429,#3337,#4199,.T.);
#2412=EDGE_CURVE('',#3428,#3430,#4200,.T.);
#2413=EDGE_CURVE('',#3430,#3431,#4201,.T.);
#2414=EDGE_CURVE('',#3431,#3429,#4202,.T.);
#2415=EDGE_CURVE('',#3292,#3432,#4203,.T.);
#2416=EDGE_CURVE('',#3432,#3433,#4204,.T.);
#2417=EDGE_CURVE('',#3433,#3293,#4205,.T.);
#2418=EDGE_CURVE('',#3432,#3424,#4206,.T.);
#2419=EDGE_CURVE('',#3433,#3425,#4207,.T.);
#2420=EDGE_CURVE('',#3434,#3435,#16,.F.);
#2421=EDGE_CURVE('',#3434,#3294,#4208,.T.);
#2422=EDGE_CURVE('',#3294,#3295,#4209,.T.);
#2423=EDGE_CURVE('',#3295,#3435,#4210,.T.);
#2424=EDGE_CURVE('',#3436,#3437,#4211,.T.);
#2425=EDGE_CURVE('',#3437,#3438,#4212,.T.);
#2426=EDGE_CURVE('',#3439,#3438,#4213,.T.);
#2427=EDGE_CURVE('',#3439,#3436,#4214,.T.);
#2428=EDGE_CURVE('',#3440,#3441,#4215,.T.);
#2429=EDGE_CURVE('',#3441,#3423,#4216,.T.);
#2430=EDGE_CURVE('',#3422,#3440,#4217,.T.);
#2431=EDGE_CURVE('',#3440,#3442,#4218,.T.);
#2432=EDGE_CURVE('',#3442,#3443,#4219,.T.);
#2433=EDGE_CURVE('',#3443,#3441,#4220,.T.);
#2434=EDGE_CURVE('',#3444,#3445,#4221,.T.);
#2435=EDGE_CURVE('',#3444,#3446,#4222,.T.);
#2436=EDGE_CURVE('',#3446,#3447,#4223,.T.);
#2437=EDGE_CURVE('',#3447,#3445,#4224,.T.);
#2438=EDGE_CURVE('',#3418,#3448,#4225,.T.);
#2439=EDGE_CURVE('',#3448,#3449,#4226,.T.);
#2440=EDGE_CURVE('',#3419,#3449,#4227,.T.);
#2441=EDGE_CURVE('',#3448,#3420,#4228,.T.);
#2442=EDGE_CURVE('',#3421,#3449,#4229,.T.);
#2443=EDGE_CURVE('',#3450,#3451,#4230,.T.);
#2444=EDGE_CURVE('',#3444,#3450,#4231,.T.);
#2445=EDGE_CURVE('',#3451,#3445,#4232,.T.);
#2446=EDGE_CURVE('',#3452,#3453,#4233,.T.);
#2447=EDGE_CURVE('',#3450,#3452,#4234,.T.);
#2448=EDGE_CURVE('',#3451,#3453,#4235,.T.);
#2449=EDGE_CURVE('',#3436,#3452,#4236,.T.);
#2450=EDGE_CURVE('',#3437,#3453,#4237,.T.);
#2451=EDGE_CURVE('',#3454,#3455,#4238,.T.);
#2452=EDGE_CURVE('',#3455,#3456,#4239,.T.);
#2453=EDGE_CURVE('',#3456,#3457,#4240,.T.);
#2454=EDGE_CURVE('',#3457,#3454,#4241,.T.);
#2455=EDGE_CURVE('',#3458,#3459,#4242,.T.);
#2456=EDGE_CURVE('',#3458,#3460,#4243,.F.);
#2457=EDGE_CURVE('',#3460,#3461,#4244,.T.);
#2458=EDGE_CURVE('',#3461,#3459,#4245,.T.);
#2459=EDGE_CURVE('',#3460,#3462,#4246,.T.);
#2460=EDGE_CURVE('',#3462,#3463,#4247,.T.);
#2461=EDGE_CURVE('',#3463,#3461,#4248,.T.);
#2462=EDGE_CURVE('',#3464,#3465,#4249,.T.);
#2463=EDGE_CURVE('',#3465,#3466,#4250,.T.);
#2464=EDGE_CURVE('',#3466,#3467,#4251,.T.);
#2465=EDGE_CURVE('',#3467,#3464,#4252,.T.);
#2466=EDGE_CURVE('',#3462,#3468,#4253,.T.);
#2467=EDGE_CURVE('',#3468,#3469,#4254,.T.);
#2468=EDGE_CURVE('',#3469,#3463,#4255,.F.);
#2469=EDGE_CURVE('',#3470,#3467,#4256,.T.);
#2470=EDGE_CURVE('',#3466,#3471,#4257,.T.);
#2471=EDGE_CURVE('',#3471,#3470,#4258,.F.);
#2472=EDGE_CURVE('',#3468,#3472,#4259,.T.);
#2473=EDGE_CURVE('',#3472,#3473,#4260,.T.);
#2474=EDGE_CURVE('',#3473,#3469,#4261,.F.);
#2475=EDGE_CURVE('',#3472,#3308,#4262,.T.);
#2476=EDGE_CURVE('',#3309,#3473,#4263,.T.);
#2477=EDGE_CURVE('',#3474,#3470,#4264,.T.);
#2478=EDGE_CURVE('',#3471,#3475,#4265,.F.);
#2479=EDGE_CURVE('',#3475,#3474,#4266,.F.);
#2480=EDGE_CURVE('',#3476,#3477,#4267,.F.);
#2481=EDGE_CURVE('',#3476,#3305,#4268,.F.);
#2482=EDGE_CURVE('',#3304,#3477,#4269,.T.);
#2483=EDGE_CURVE('',#3477,#3474,#4270,.T.);
#2484=EDGE_CURVE('',#3475,#3476,#4271,.F.);
#2485=EDGE_CURVE('',#3464,#3478,#4272,.T.);
#2486=EDGE_CURVE('',#3478,#3479,#17,.T.);
#2487=EDGE_CURVE('',#3479,#3465,#4273,.T.);
#2488=EDGE_CURVE('',#3480,#3481,#4274,.T.);
#2489=EDGE_CURVE('',#3480,#3482,#4275,.T.);
#2490=EDGE_CURVE('',#3482,#3483,#4276,.T.);
#2491=EDGE_CURVE('',#3483,#3481,#4277,.T.);
#2492=EDGE_CURVE('',#3484,#3485,#4278,.T.);
#2493=EDGE_CURVE('',#3484,#3486,#4279,.T.);
#2494=EDGE_CURVE('',#3486,#3487,#4280,.T.);
#2495=EDGE_CURVE('',#3487,#3485,#4281,.T.);
#2496=EDGE_CURVE('',#3488,#3489,#4282,.T.);
#2497=EDGE_CURVE('',#3488,#3288,#4283,.T.);
#2498=EDGE_CURVE('',#3289,#3489,#4284,.T.);
#2499=EDGE_CURVE('',#3456,#3490,#4285,.T.);
#2500=EDGE_CURVE('',#3490,#3491,#4286,.T.);
#2501=EDGE_CURVE('',#3491,#3457,#4287,.T.);
#2502=EDGE_CURVE('',#3490,#3480,#4288,.T.);
#2503=EDGE_CURVE('',#3481,#3491,#4289,.T.);
#2504=EDGE_CURVE('',#3492,#3486,#4290,.T.);
#2505=EDGE_CURVE('',#3492,#3493,#4291,.T.);
#2506=EDGE_CURVE('',#3493,#3487,#4292,.T.);
#2507=EDGE_CURVE('',#3494,#3492,#4293,.T.);
#2508=EDGE_CURVE('',#3494,#3495,#4294,.T.);
#2509=EDGE_CURVE('',#3493,#3495,#4295,.T.);
#2510=EDGE_CURVE('',#3488,#3494,#4296,.T.);
#2511=EDGE_CURVE('',#3489,#3495,#4297,.T.);
#2512=EDGE_CURVE('',#3496,#3497,#4298,.T.);
#2513=EDGE_CURVE('',#3497,#3498,#4299,.T.);
#2514=EDGE_CURVE('',#3498,#3499,#4300,.T.);
#2515=EDGE_CURVE('',#3499,#3496,#4301,.T.);
#2516=EDGE_CURVE('',#3500,#3501,#4302,.T.);
#2517=EDGE_CURVE('',#3501,#3499,#4303,.T.);
#2518=EDGE_CURVE('',#3500,#3498,#4304,.T.);
#2519=EDGE_CURVE('',#3502,#3503,#4305,.T.);
#2520=EDGE_CURVE('',#3502,#3501,#4306,.T.);
#2521=EDGE_CURVE('',#3503,#3500,#4307,.T.);
#2522=EDGE_CURVE('',#3496,#3504,#4308,.T.);
#2523=EDGE_CURVE('',#3505,#3504,#4309,.T.);
#2524=EDGE_CURVE('',#3497,#3505,#4310,.T.);
#2525=EDGE_CURVE('',#3506,#3507,#4311,.T.);
#2526=EDGE_CURVE('',#3507,#3502,#4312,.T.);
#2527=EDGE_CURVE('',#3506,#3503,#4313,.T.);
#2528=EDGE_CURVE('',#3266,#3508,#4314,.F.);
#2529=EDGE_CURVE('',#3508,#3509,#4315,.T.);
#2530=EDGE_CURVE('',#3268,#3509,#4316,.T.);
#2531=EDGE_CURVE('',#3510,#3511,#4317,.T.);
#2532=EDGE_CURVE('',#3512,#3510,#4318,.T.);
#2533=EDGE_CURVE('',#3512,#3513,#4319,.T.);
#2534=EDGE_CURVE('',#3513,#3511,#4320,.T.);
#2535=EDGE_CURVE('',#3514,#3515,#4321,.T.);
#2536=EDGE_CURVE('',#3514,#3516,#4322,.T.);
#2537=EDGE_CURVE('',#3517,#3516,#4323,.T.);
#2538=EDGE_CURVE('',#3517,#3515,#4324,.T.);
#2539=EDGE_CURVE('',#3412,#3516,#4325,.T.);
#2540=EDGE_CURVE('',#3413,#3517,#4326,.T.);
#2541=EDGE_CURVE('',#3518,#3519,#4327,.T.);
#2542=EDGE_CURVE('',#3518,#3520,#4328,.T.);
#2543=EDGE_CURVE('',#3520,#3521,#4329,.T.);
#2544=EDGE_CURVE('',#3519,#3521,#4330,.T.);
#2545=EDGE_CURVE('',#3522,#3523,#4331,.T.);
#2546=EDGE_CURVE('',#3518,#3523,#4332,.T.);
#2547=EDGE_CURVE('',#3519,#3522,#4333,.T.);
#2548=EDGE_CURVE('',#3524,#3525,#4334,.T.);
#2549=EDGE_CURVE('',#3525,#3526,#18,.T.);
#2550=EDGE_CURVE('',#3527,#3526,#4335,.T.);
#2551=EDGE_CURVE('',#3527,#3528,#19,.T.);
#2552=EDGE_CURVE('',#3528,#3529,#4336,.T.);
#2553=EDGE_CURVE('',#3524,#3529,#4337,.T.);
#2554=EDGE_CURVE('',#3402,#3530,#4338,.T.);
#2555=EDGE_CURVE('',#3530,#3531,#4339,.T.);
#2556=EDGE_CURVE('',#3531,#3403,#4340,.T.);
#2557=EDGE_CURVE('',#3530,#3510,#4341,.T.);
#2558=EDGE_CURVE('',#3511,#3531,#4342,.T.);
#2559=EDGE_CURVE('',#3532,#3533,#4343,.T.);
#2560=EDGE_CURVE('',#3534,#3532,#4344,.T.);
#2561=EDGE_CURVE('',#3534,#3535,#4345,.T.);
#2562=EDGE_CURVE('',#3535,#3533,#4346,.T.);
#2563=EDGE_CURVE('',#3536,#3537,#4347,.T.);
#2564=EDGE_CURVE('',#3536,#3538,#4348,.T.);
#2565=EDGE_CURVE('',#3539,#3538,#4349,.T.);
#2566=EDGE_CURVE('',#3539,#3537,#4350,.T.);
#2567=EDGE_CURVE('',#3540,#3541,#4351,.T.);
#2568=EDGE_CURVE('',#3541,#3536,#4352,.T.);
#2569=EDGE_CURVE('',#3537,#3540,#4353,.T.);
#2570=EDGE_CURVE('',#3542,#3543,#4354,.F.);
#2571=EDGE_CURVE('',#3542,#3544,#4355,.T.);
#2572=EDGE_CURVE('',#3544,#3545,#4356,.F.);
#2573=EDGE_CURVE('',#3545,#3543,#4357,.T.);
#2574=EDGE_CURVE('',#3546,#3547,#4358,.T.);
#2575=EDGE_CURVE('',#3547,#3548,#4359,.T.);
#2576=EDGE_CURVE('',#3548,#3549,#4360,.T.);
#2577=EDGE_CURVE('',#3549,#3546,#4361,.F.);
#2578=EDGE_CURVE('',#3550,#3551,#4362,.T.);
#2579=EDGE_CURVE('',#3550,#3539,#4363,.T.);
#2580=EDGE_CURVE('',#3538,#3551,#4364,.T.);
#2581=EDGE_CURVE('',#3552,#3553,#4365,.T.);
#2582=EDGE_CURVE('',#3552,#3554,#4366,.T.);
#2583=EDGE_CURVE('',#3554,#3555,#4367,.T.);
#2584=EDGE_CURVE('',#3555,#3553,#4368,.T.);
#2585=EDGE_CURVE('',#3556,#3557,#4369,.F.);
#2586=EDGE_CURVE('',#3556,#3558,#4370,.F.);
#2587=EDGE_CURVE('',#3558,#3559,#4371,.F.);
#2588=EDGE_CURVE('',#3559,#3557,#4372,.F.);
#2589=EDGE_CURVE('',#3560,#3561,#4373,.T.);
#2590=EDGE_CURVE('',#3561,#3555,#4374,.F.);
#2591=EDGE_CURVE('',#3554,#3560,#4375,.T.);
#2592=EDGE_CURVE('',#3562,#3542,#4376,.T.);
#2593=EDGE_CURVE('',#3543,#3563,#4377,.T.);
#2594=EDGE_CURVE('',#3562,#3563,#4378,.T.);
#2595=EDGE_CURVE('',#3564,#3562,#4379,.T.);
#2596=EDGE_CURVE('',#3565,#3563,#4380,.T.);
#2597=EDGE_CURVE('',#3565,#3564,#4381,.T.);
#2598=EDGE_CURVE('',#3566,#3567,#4382,.T.);
#2599=EDGE_CURVE('',#3566,#3568,#4383,.T.);
#2600=EDGE_CURVE('',#3568,#3569,#4384,.T.);
#2601=EDGE_CURVE('',#3569,#3567,#4385,.T.);
#2602=EDGE_CURVE('',#3566,#3570,#4386,.T.);
#2603=EDGE_CURVE('',#3567,#3571,#4387,.F.);
#2604=EDGE_CURVE('',#3570,#3571,#4388,.T.);
#2605=EDGE_CURVE('',#3572,#3573,#4389,.T.);
#2606=EDGE_CURVE('',#3572,#3570,#4390,.T.);
#2607=EDGE_CURVE('',#3571,#3573,#4391,.T.);
#2608=EDGE_CURVE('',#3574,#3575,#4392,.T.);
#2609=EDGE_CURVE('',#3574,#3576,#4393,.T.);
#2610=EDGE_CURVE('',#3577,#3576,#4394,.T.);
#2611=EDGE_CURVE('',#3577,#3575,#4395,.T.);
#2612=EDGE_CURVE('',#3578,#3579,#4396,.T.);
#2613=EDGE_CURVE('',#3578,#3569,#4397,.T.);
#2614=EDGE_CURVE('',#3568,#3579,#4398,.T.);
#2615=EDGE_CURVE('',#3580,#3579,#4399,.T.);
#2616=EDGE_CURVE('',#3580,#3581,#4400,.T.);
#2617=EDGE_CURVE('',#3581,#3578,#4401,.T.);
#2618=EDGE_CURVE('',#3582,#3583,#4402,.T.);
#2619=EDGE_CURVE('',#3583,#3572,#4403,.T.);
#2620=EDGE_CURVE('',#3573,#3582,#4404,.T.);
#2621=EDGE_CURVE('',#3584,#3585,#4405,.T.);
#2622=EDGE_CURVE('',#3585,#3586,#4406,.F.);
#2623=EDGE_CURVE('',#3587,#3586,#4407,.T.);
#2624=EDGE_CURVE('',#3584,#3587,#4408,.T.);
#2625=EDGE_CURVE('',#3587,#3588,#4409,.F.);
#2626=EDGE_CURVE('',#3586,#3589,#4410,.T.);
#2627=EDGE_CURVE('',#3588,#3589,#4411,.T.);
#2628=EDGE_CURVE('',#3590,#3591,#4412,.T.);
#2629=EDGE_CURVE('',#3591,#3588,#4413,.T.);
#2630=EDGE_CURVE('',#3589,#3590,#4414,.F.);
#2631=EDGE_CURVE('',#3591,#3580,#4415,.T.);
#2632=EDGE_CURVE('',#3590,#3581,#4416,.T.);
#2633=EDGE_CURVE('',#3592,#3593,#4417,.T.);
#2634=EDGE_CURVE('',#3592,#3545,#4418,.T.);
#2635=EDGE_CURVE('',#3544,#3593,#4419,.T.);
#2636=EDGE_CURVE('',#3582,#3594,#4420,.T.);
#2637=EDGE_CURVE('',#3594,#3595,#4421,.T.);
#2638=EDGE_CURVE('',#3595,#3583,#4422,.T.);
#2639=EDGE_CURVE('',#3596,#3594,#4423,.T.);
#2640=EDGE_CURVE('',#3596,#3597,#4424,.T.);
#2641=EDGE_CURVE('',#3597,#3595,#4425,.T.);
#2642=EDGE_CURVE('',#3598,#3599,#4426,.T.);
#2643=EDGE_CURVE('',#3600,#3599,#4427,.T.);
#2644=EDGE_CURVE('',#3600,#3601,#4428,.T.);
#2645=EDGE_CURVE('',#3601,#3598,#4429,.T.);
#2646=EDGE_CURVE('',#3602,#3603,#4430,.T.);
#2647=EDGE_CURVE('',#3604,#3602,#4431,.T.);
#2648=EDGE_CURVE('',#3605,#3604,#4432,.T.);
#2649=EDGE_CURVE('',#3605,#3603,#4433,.F.);
#2650=EDGE_CURVE('',#3606,#3607,#4434,.T.);
#2651=EDGE_CURVE('',#3608,#3606,#4435,.T.);
#2652=EDGE_CURVE('',#3609,#3608,#4436,.T.);
#2653=EDGE_CURVE('',#3609,#3607,#4437,.T.);
#2654=EDGE_CURVE('',#3610,#3609,#4438,.T.);
#2655=EDGE_CURVE('',#3611,#3608,#4439,.T.);
#2656=EDGE_CURVE('',#3611,#3610,#4440,.T.);
#2657=EDGE_CURVE('',#3612,#3613,#4441,.T.);
#2658=EDGE_CURVE('',#3612,#3614,#4442,.T.);
#2659=EDGE_CURVE('',#3614,#3615,#4443,.T.);
#2660=EDGE_CURVE('',#3613,#3615,#4444,.T.);
#2661=EDGE_CURVE('',#3612,#3607,#4445,.F.);
#2662=EDGE_CURVE('',#3613,#3606,#4446,.T.);
#2663=EDGE_CURVE('',#3616,#3617,#4447,.T.);
#2664=EDGE_CURVE('',#3618,#3616,#4448,.T.);
#2665=EDGE_CURVE('',#3618,#3619,#4449,.T.);
#2666=EDGE_CURVE('',#3619,#3617,#4450,.T.);
#2667=EDGE_CURVE('',#3620,#3621,#4451,.T.);
#2668=EDGE_CURVE('',#3620,#3617,#4452,.T.);
#2669=EDGE_CURVE('',#3621,#3619,#4453,.T.);
#2670=EDGE_CURVE('',#3621,#3622,#4454,.T.);
#2671=EDGE_CURVE('',#3622,#3623,#4455,.T.);
#2672=EDGE_CURVE('',#3623,#3620,#4456,.T.);
#2673=EDGE_CURVE('',#3624,#3625,#4457,.F.);
#2674=EDGE_CURVE('',#3624,#3623,#4458,.T.);
#2675=EDGE_CURVE('',#3622,#3625,#4459,.T.);
#2676=EDGE_CURVE('',#3626,#3627,#4460,.F.);
#2677=EDGE_CURVE('',#3592,#3627,#4461,.T.);
#2678=EDGE_CURVE('',#3593,#3626,#4462,.T.);
#2679=EDGE_CURVE('',#3628,#3546,#4463,.F.);
#2680=EDGE_CURVE('',#3628,#3629,#4464,.T.);
#2681=EDGE_CURVE('',#3629,#3547,#4465,.T.);
#2682=EDGE_CURVE('',#3630,#3631,#4466,.F.);
#2683=EDGE_CURVE('',#3630,#3629,#4467,.T.);
#2684=EDGE_CURVE('',#3628,#3631,#4468,.T.);
#2685=EDGE_CURVE('',#3632,#3633,#4469,.T.);
#2686=EDGE_CURVE('',#3632,#3634,#4470,.F.);
#2687=EDGE_CURVE('',#3634,#3635,#4471,.T.);
#2688=EDGE_CURVE('',#3635,#3633,#4472,.T.);
#2689=EDGE_CURVE('',#3636,#3637,#4473,.T.);
#2690=EDGE_CURVE('',#3638,#3637,#4474,.T.);
#2691=EDGE_CURVE('',#3638,#3639,#4475,.T.);
#2692=EDGE_CURVE('',#3639,#3636,#4476,.T.);
#2693=EDGE_CURVE('',#3640,#3641,#4477,.T.);
#2694=EDGE_CURVE('',#3641,#3636,#4478,.T.);
#2695=EDGE_CURVE('',#3639,#3640,#4479,.T.);
#2696=EDGE_CURVE('',#3642,#3643,#4480,.F.);
#2697=EDGE_CURVE('',#3642,#3641,#4481,.T.);
#2698=EDGE_CURVE('',#3640,#3643,#4482,.T.);
#2699=EDGE_CURVE('',#3643,#3605,#4483,.T.);
#2700=EDGE_CURVE('',#3604,#3642,#4484,.F.);
#2701=EDGE_CURVE('',#3644,#3645,#4485,.F.);
#2702=EDGE_CURVE('',#3644,#3610,#4486,.T.);
#2703=EDGE_CURVE('',#3611,#3645,#4487,.T.);
#2704=EDGE_CURVE('',#3633,#3646,#4488,.T.);
#2705=EDGE_CURVE('',#3646,#3647,#4489,.T.);
#2706=EDGE_CURVE('',#3647,#3632,#4490,.T.);
#2707=EDGE_CURVE('',#3644,#3646,#4491,.F.);
#2708=EDGE_CURVE('',#3645,#3647,#4492,.T.);
#2709=EDGE_CURVE('',#3648,#3649,#4493,.T.);
#2710=EDGE_CURVE('',#3649,#3598,#4494,.T.);
#2711=EDGE_CURVE('',#3648,#3601,#4495,.T.);
#2712=EDGE_CURVE('',#3638,#3648,#4496,.T.);
#2713=EDGE_CURVE('',#3637,#3649,#4497,.T.);
#2714=EDGE_CURVE('',#3548,#3650,#4498,.T.);
#2715=EDGE_CURVE('',#3651,#3650,#4499,.T.);
#2716=EDGE_CURVE('',#3651,#3549,#4500,.T.);
#2717=EDGE_CURVE('',#3651,#3565,#4501,.T.);
#2718=EDGE_CURVE('',#3650,#3564,#4502,.T.);
#2719=EDGE_CURVE('',#3634,#3652,#4503,.F.);
#2720=EDGE_CURVE('',#3652,#3653,#4504,.T.);
#2721=EDGE_CURVE('',#3653,#3635,#4505,.T.);
#2722=EDGE_CURVE('',#3654,#3631,#4506,.F.);
#2723=EDGE_CURVE('',#3654,#3655,#4507,.T.);
#2724=EDGE_CURVE('',#3655,#3630,#4508,.T.);
#2725=EDGE_CURVE('',#3656,#3657,#4509,.T.);
#2726=EDGE_CURVE('',#3657,#3655,#4510,.T.);
#2727=EDGE_CURVE('',#3654,#3656,#4511,.T.);
#2728=EDGE_CURVE('',#3658,#3659,#4512,.T.);
#2729=EDGE_CURVE('',#3615,#3659,#4513,.T.);
#2730=EDGE_CURVE('',#3614,#3658,#4514,.T.);
#2731=EDGE_CURVE('',#3658,#3657,#4515,.T.);
#2732=EDGE_CURVE('',#3659,#3656,#4516,.T.);
#2733=EDGE_CURVE('',#3652,#3660,#4517,.T.);
#2734=EDGE_CURVE('',#3661,#3660,#4518,.T.);
#2735=EDGE_CURVE('',#3661,#3653,#4519,.T.);
#2736=EDGE_CURVE('',#3584,#3661,#4520,.T.);
#2737=EDGE_CURVE('',#3585,#3660,#4521,.T.);
#2738=EDGE_CURVE('',#3662,#3603,#4522,.T.);
#2739=EDGE_CURVE('',#3663,#3662,#4523,.F.);
#2740=EDGE_CURVE('',#3663,#3602,#4524,.T.);
#2741=EDGE_CURVE('',#3663,#3664,#4525,.T.);
#2742=EDGE_CURVE('',#3665,#3662,#4526,.T.);
#2743=EDGE_CURVE('',#3665,#3664,#4527,.T.);
#2744=EDGE_CURVE('',#3666,#3665,#4528,.T.);
#2745=EDGE_CURVE('',#3666,#3667,#4529,.T.);
#2746=EDGE_CURVE('',#3664,#3667,#4530,.T.);
#2747=EDGE_CURVE('',#3668,#3669,#4531,.T.);
#2748=EDGE_CURVE('',#3668,#3670,#4532,.T.);
#2749=EDGE_CURVE('',#3671,#3670,#4533,.T.);
#2750=EDGE_CURVE('',#3671,#3669,#4534,.T.);
#2751=EDGE_CURVE('',#3672,#3673,#4535,.T.);
#2752=EDGE_CURVE('',#3672,#3671,#4536,.T.);
#2753=EDGE_CURVE('',#3670,#3673,#4537,.T.);
#2754=EDGE_CURVE('',#3672,#3674,#4538,.T.);
#2755=EDGE_CURVE('',#3675,#3673,#4539,.T.);
#2756=EDGE_CURVE('',#3675,#3674,#4540,.T.);
#2757=EDGE_CURVE('',#3675,#3676,#4541,.T.);
#2758=EDGE_CURVE('',#3676,#3677,#4542,.F.);
#2759=EDGE_CURVE('',#3677,#3674,#4543,.T.);
#2760=EDGE_CURVE('',#3678,#3679,#4544,.T.);
#2761=EDGE_CURVE('',#3679,#3677,#4545,.T.);
#2762=EDGE_CURVE('',#3676,#3678,#4546,.T.);
#2763=EDGE_CURVE('',#3678,#3600,#4547,.T.);
#2764=EDGE_CURVE('',#3679,#3599,#4548,.T.);
#2765=EDGE_CURVE('',#3680,#3681,#4549,.T.);
#2766=EDGE_CURVE('',#3681,#3667,#4550,.T.);
#2767=EDGE_CURVE('',#3680,#3666,#4551,.T.);
#2768=EDGE_CURVE('',#3682,#3683,#4552,.F.);
#2769=EDGE_CURVE('',#3682,#3541,#4553,.T.);
#2770=EDGE_CURVE('',#3540,#3683,#4554,.F.);
#2771=EDGE_CURVE('',#3684,#3685,#4555,.T.);
#2772=EDGE_CURVE('',#3684,#3686,#4556,.T.);
#2773=EDGE_CURVE('',#3686,#3685,#4557,.T.);
#2774=EDGE_CURVE('',#3687,#3688,#4558,.T.);
#2775=EDGE_CURVE('',#3687,#3557,#4559,.T.);
#2776=EDGE_CURVE('',#3688,#3559,#4560,.T.);
#2777=EDGE_CURVE('',#3689,#3690,#4561,.T.);
#2778=EDGE_CURVE('',#3690,#3684,#4562,.T.);
#2779=EDGE_CURVE('',#3685,#3689,#4563,.T.);
#2780=EDGE_CURVE('',#3687,#3691,#4564,.F.);
#2781=EDGE_CURVE('',#3692,#3688,#4565,.T.);
#2782=EDGE_CURVE('',#3691,#3692,#4566,.T.);
#2783=EDGE_CURVE('',#3574,#3693,#4567,.F.);
#2784=EDGE_CURVE('',#3575,#3694,#4568,.T.);
#2785=EDGE_CURVE('',#3694,#3693,#4569,.T.);
#2786=EDGE_CURVE('',#3694,#3695,#4570,.F.);
#2787=EDGE_CURVE('',#3695,#3696,#4571,.T.);
#2788=EDGE_CURVE('',#3696,#3693,#4572,.T.);
#2789=EDGE_CURVE('',#3697,#3695,#4573,.T.);
#2790=EDGE_CURVE('',#3698,#3697,#4574,.T.);
#2791=EDGE_CURVE('',#3698,#3696,#4575,.T.);
#2792=EDGE_CURVE('',#3699,#3700,#4576,.T.);
#2793=EDGE_CURVE('',#3699,#3691,#4577,.T.);
#2794=EDGE_CURVE('',#3700,#3692,#4578,.T.);
#2795=EDGE_CURVE('',#3699,#3576,#4579,.F.);
#2796=EDGE_CURVE('',#3577,#3700,#4580,.T.);
#2797=EDGE_CURVE('',#3528,#3701,#20,.T.);
#2798=EDGE_CURVE('',#3701,#3702,#4581,.T.);
#2799=EDGE_CURVE('',#3702,#3703,#21,.T.);
#2800=EDGE_CURVE('',#3704,#3703,#4582,.F.);
#2801=EDGE_CURVE('',#3704,#3267,#4583,.T.);
#2802=EDGE_CURVE('',#3269,#3529,#4584,.F.);
#2803=EDGE_CURVE('',#3705,#3706,#4585,.F.);
#2804=EDGE_CURVE('',#3705,#3686,#4586,.T.);
#2805=EDGE_CURVE('',#3686,#3706,#4587,.T.);
#2806=EDGE_CURVE('',#3707,#3686,#4588,.T.);
#2807=EDGE_CURVE('',#3707,#3685,#4589,.T.);
#2808=EDGE_CURVE('',#3707,#3705,#4590,.T.);
#2809=EDGE_CURVE('',#3526,#3708,#22,.T.);
#2810=EDGE_CURVE('',#3709,#3708,#4591,.F.);
#2811=EDGE_CURVE('',#3709,#3527,#23,.T.);
#2812=EDGE_CURVE('',#3710,#3711,#4592,.T.);
#2813=EDGE_CURVE('',#3710,#3690,#4593,.T.);
#2814=EDGE_CURVE('',#3689,#3711,#4594,.T.);
#2815=EDGE_CURVE('',#3710,#3683,#4595,.T.);
#2816=EDGE_CURVE('',#3711,#3682,#4596,.F.);
#2817=EDGE_CURVE('',#3265,#3712,#4597,.T.);
#2818=EDGE_CURVE('',#3712,#3713,#4598,.T.);
#2819=EDGE_CURVE('',#3263,#3713,#4599,.F.);
#2820=EDGE_CURVE('',#3714,#3532,#4600,.T.);
#2821=EDGE_CURVE('',#3715,#3533,#4601,.T.);
#2822=EDGE_CURVE('',#3715,#3714,#4602,.T.);
#2823=EDGE_CURVE('',#3716,#3717,#4603,.F.);
#2824=EDGE_CURVE('',#3507,#3716,#4604,.T.);
#2825=EDGE_CURVE('',#3717,#3506,#4605,.T.);
#2826=EDGE_CURVE('',#3718,#3719,#4606,.F.);
#2827=EDGE_CURVE('',#3718,#3716,#4607,.T.);
#2828=EDGE_CURVE('',#3719,#3717,#4608,.T.);
#2829=EDGE_CURVE('',#3714,#3719,#4609,.T.);
#2830=EDGE_CURVE('',#3718,#3715,#4610,.T.);
#2831=EDGE_CURVE('',#3720,#3721,#4611,.F.);
#2832=EDGE_CURVE('',#3720,#3505,#4612,.T.);
#2833=EDGE_CURVE('',#3504,#3721,#4613,.T.);
#2834=EDGE_CURVE('',#3722,#3723,#4614,.T.);
#2835=EDGE_CURVE('',#3722,#3724,#4615,.T.);
#2836=EDGE_CURVE('',#3725,#3724,#4616,.T.);
#2837=EDGE_CURVE('',#3725,#3723,#4617,.T.);
#2838=EDGE_CURVE('',#3726,#3727,#4618,.T.);
#2839=EDGE_CURVE('',#3727,#3722,#4619,.T.);
#2840=EDGE_CURVE('',#3723,#3726,#4620,.T.);
#2841=EDGE_CURVE('',#3726,#3720,#4621,.T.);
#2842=EDGE_CURVE('',#3721,#3727,#4622,.T.);
#2843=EDGE_CURVE('',#3728,#3729,#4623,.T.);
#2844=EDGE_CURVE('',#3730,#3728,#4624,.F.);
#2845=EDGE_CURVE('',#3730,#3731,#4625,.T.);
#2846=EDGE_CURVE('',#3731,#3729,#4626,.T.);
#2847=EDGE_CURVE('',#3732,#3733,#4627,.T.);
#2848=EDGE_CURVE('',#3733,#3731,#4628,.T.);
#2849=EDGE_CURVE('',#3730,#3732,#4629,.T.);
#2850=EDGE_CURVE('',#3734,#3733,#4630,.T.);
#2851=EDGE_CURVE('',#3732,#3735,#4631,.T.);
#2852=EDGE_CURVE('',#3735,#3734,#4632,.T.);
#2853=EDGE_CURVE('',#3736,#3737,#4633,.T.);
#2854=EDGE_CURVE('',#3738,#3737,#4634,.T.);
#2855=EDGE_CURVE('',#3738,#3739,#4635,.T.);
#2856=EDGE_CURVE('',#3739,#3736,#4636,.T.);
#2857=EDGE_CURVE('',#3740,#3741,#4637,.T.);
#2858=EDGE_CURVE('',#3740,#3535,#4638,.T.);
#2859=EDGE_CURVE('',#3741,#3534,#4639,.T.);
#2860=EDGE_CURVE('',#3742,#3743,#4640,.T.);
#2861=EDGE_CURVE('',#3740,#3742,#4641,.F.);
#2862=EDGE_CURVE('',#3741,#3743,#4642,.T.);
#2863=EDGE_CURVE('',#3743,#3736,#4643,.T.);
#2864=EDGE_CURVE('',#3739,#3742,#4644,.T.);
#2865=EDGE_CURVE('',#3552,#3744,#4645,.T.);
#2866=EDGE_CURVE('',#3553,#3745,#4646,.T.);
#2867=EDGE_CURVE('',#3745,#3744,#4647,.T.);
#2868=EDGE_CURVE('',#3746,#3560,#4648,.T.);
#2869=EDGE_CURVE('',#3746,#3747,#4649,.T.);
#2870=EDGE_CURVE('',#3747,#3561,#4650,.T.);
#2871=EDGE_CURVE('',#3522,#3747,#4651,.T.);
#2872=EDGE_CURVE('',#3523,#3746,#4652,.T.);
#2873=EDGE_CURVE('',#3680,#3748,#4653,.T.);
#2874=EDGE_CURVE('',#3748,#3749,#4654,.T.);
#2875=EDGE_CURVE('',#3749,#3681,#4655,.T.);
#2876=EDGE_CURVE('',#3748,#3728,#4656,.T.);
#2877=EDGE_CURVE('',#3729,#3749,#4657,.T.);
#2878=EDGE_CURVE('',#3750,#3735,#4658,.F.);
#2879=EDGE_CURVE('',#3750,#3751,#4659,.T.);
#2880=EDGE_CURVE('',#3751,#3734,#4660,.T.);
#2881=EDGE_CURVE('',#3750,#3550,#4661,.T.);
#2882=EDGE_CURVE('',#3551,#3751,#4662,.T.);
#2883=EDGE_CURVE('',#3752,#3753,#4663,.T.);
#2884=EDGE_CURVE('',#3521,#3753,#4664,.T.);
#2885=EDGE_CURVE('',#3752,#3520,#4665,.T.);
#2886=EDGE_CURVE('',#3754,#3755,#4666,.F.);
#2887=EDGE_CURVE('',#3754,#3725,#4667,.T.);
#2888=EDGE_CURVE('',#3724,#3755,#4668,.T.);
#2889=EDGE_CURVE('',#3756,#3752,#4669,.T.);
#2890=EDGE_CURVE('',#3756,#3757,#4670,.T.);
#2891=EDGE_CURVE('',#3757,#3753,#4671,.T.);
#2892=EDGE_CURVE('',#3756,#3754,#4672,.T.);
#2893=EDGE_CURVE('',#3757,#3755,#4673,.T.);
#2894=EDGE_CURVE('',#3758,#3759,#4674,.T.);
#2895=EDGE_CURVE('',#3758,#3760,#4675,.T.);
#2896=EDGE_CURVE('',#3761,#3760,#4676,.T.);
#2897=EDGE_CURVE('',#3761,#3759,#4677,.T.);
#2898=EDGE_CURVE('',#3762,#3763,#4678,.T.);
#2899=EDGE_CURVE('',#3763,#3758,#4679,.T.);
#2900=EDGE_CURVE('',#3759,#3762,#4680,.T.);
#2901=EDGE_CURVE('',#3764,#3765,#4681,.T.);
#2902=EDGE_CURVE('',#3765,#3763,#4682,.T.);
#2903=EDGE_CURVE('',#3762,#3764,#4683,.T.);
#2904=EDGE_CURVE('',#3766,#3767,#4684,.T.);
#2905=EDGE_CURVE('',#3766,#3768,#4685,.T.);
#2906=EDGE_CURVE('',#3768,#3769,#4686,.T.);
#2907=EDGE_CURVE('',#3769,#3767,#4687,.T.);
#2908=EDGE_CURVE('',#3770,#3771,#4688,.T.);
#2909=EDGE_CURVE('',#3771,#3765,#4689,.T.);
#2910=EDGE_CURVE('',#3764,#3770,#4690,.T.);
#2911=EDGE_CURVE('',#3770,#3766,#4691,.T.);
#2912=EDGE_CURVE('',#3767,#3771,#4692,.T.);
#2913=EDGE_CURVE('',#3772,#3773,#4693,.F.);
#2914=EDGE_CURVE('',#3772,#3774,#4694,.F.);
#2915=EDGE_CURVE('',#3775,#3774,#4695,.F.);
#2916=EDGE_CURVE('',#3773,#3775,#4696,.T.);
#2917=EDGE_CURVE('',#3776,#3777,#4697,.T.);
#2918=EDGE_CURVE('',#3776,#3761,#4698,.T.);
#2919=EDGE_CURVE('',#3760,#3777,#4699,.T.);
#2920=EDGE_CURVE('',#3772,#3778,#4700,.T.);
#2921=EDGE_CURVE('',#3773,#3779,#4701,.T.);
#2922=EDGE_CURVE('',#3779,#3778,#4702,.T.);
#2923=EDGE_CURVE('',#3776,#3779,#4703,.T.);
#2924=EDGE_CURVE('',#3777,#3778,#4704,.T.);
#2925=EDGE_CURVE('',#3780,#3781,#4705,.F.);
#2926=EDGE_CURVE('',#3780,#3769,#4706,.T.);
#2927=EDGE_CURVE('',#3768,#3781,#4707,.F.);
#2928=EDGE_CURVE('',#3782,#3783,#4708,.T.);
#2929=EDGE_CURVE('',#3782,#3784,#4709,.T.);
#2930=EDGE_CURVE('',#3785,#3784,#4710,.T.);
#2931=EDGE_CURVE('',#3785,#3783,#4711,.F.);
#2932=EDGE_CURVE('',#3786,#3780,#4712,.T.);
#2933=EDGE_CURVE('',#3781,#3787,#4713,.T.);
#2934=EDGE_CURVE('',#3787,#3786,#4714,.T.);
#2935=EDGE_CURVE('',#3788,#3789,#4715,.T.);
#2936=EDGE_CURVE('',#3788,#3786,#4716,.T.);
#2937=EDGE_CURVE('',#3787,#3789,#4717,.T.);
#2938=EDGE_CURVE('',#3788,#3783,#4718,.T.);
#2939=EDGE_CURVE('',#3789,#3782,#4719,.T.);
#2940=EDGE_CURVE('',#3790,#3791,#4720,.T.);
#2941=EDGE_CURVE('',#3790,#3792,#4721,.F.);
#2942=EDGE_CURVE('',#3792,#3793,#4722,.F.);
#2943=EDGE_CURVE('',#3793,#3791,#4723,.T.);
#2944=EDGE_CURVE('',#3794,#3795,#4724,.T.);
#2945=EDGE_CURVE('',#3794,#3793,#4725,.F.);
#2946=EDGE_CURVE('',#3792,#3795,#4726,.T.);
#2947=EDGE_CURVE('',#3796,#3797,#4727,.T.);
#2948=EDGE_CURVE('',#3796,#3785,#4728,.T.);
#2949=EDGE_CURVE('',#3784,#3797,#4729,.T.);
#2950=EDGE_CURVE('',#3798,#3799,#4730,.T.);
#2951=EDGE_CURVE('',#3800,#3798,#4731,.T.);
#2952=EDGE_CURVE('',#3800,#3801,#4732,.T.);
#2953=EDGE_CURVE('',#3799,#3801,#4733,.T.);
#2954=EDGE_CURVE('',#3796,#3798,#4734,.T.);
#2955=EDGE_CURVE('',#3797,#3800,#4735,.T.);
#2956=EDGE_CURVE('',#3802,#3803,#4736,.T.);
#2957=EDGE_CURVE('',#3802,#3738,#4737,.T.);
#2958=EDGE_CURVE('',#3803,#3737,#4738,.T.);
#2959=EDGE_CURVE('',#3804,#3803,#4739,.T.);
#2960=EDGE_CURVE('',#3805,#3804,#4740,.T.);
#2961=EDGE_CURVE('',#3802,#3805,#4741,.F.);
#2962=EDGE_CURVE('',#3806,#3807,#4742,.T.);
#2963=EDGE_CURVE('',#3807,#3805,#4743,.T.);
#2964=EDGE_CURVE('',#3804,#3806,#4744,.T.);
#2965=EDGE_CURVE('',#3808,#3809,#4745,.T.);
#2966=EDGE_CURVE('',#3808,#3807,#4746,.T.);
#2967=EDGE_CURVE('',#3806,#3809,#4747,.T.);
#2968=EDGE_CURVE('',#3810,#3808,#4748,.T.);
#2969=EDGE_CURVE('',#3809,#3811,#4749,.T.);
#2970=EDGE_CURVE('',#3811,#3810,#4750,.T.);
#2971=EDGE_CURVE('',#3812,#3813,#4751,.T.);
#2972=EDGE_CURVE('',#3812,#3810,#4752,.T.);
#2973=EDGE_CURVE('',#3811,#3813,#4753,.T.);
#2974=EDGE_CURVE('',#3814,#3815,#4754,.T.);
#2975=EDGE_CURVE('',#3815,#3812,#4755,.T.);
#2976=EDGE_CURVE('',#3813,#3814,#4756,.T.);
#2977=EDGE_CURVE('',#3816,#3817,#4757,.T.);
#2978=EDGE_CURVE('',#3816,#3815,#4758,.T.);
#2979=EDGE_CURVE('',#3814,#3817,#4759,.T.);
#2980=EDGE_CURVE('',#3818,#3819,#4760,.T.);
#2981=EDGE_CURVE('',#3818,#3820,#4761,.T.);
#2982=EDGE_CURVE('',#3821,#3820,#4762,.T.);
#2983=EDGE_CURVE('',#3821,#3819,#4763,.F.);
#2984=EDGE_CURVE('',#3816,#3819,#4764,.T.);
#2985=EDGE_CURVE('',#3817,#3818,#4765,.T.);
#2986=EDGE_CURVE('',#3822,#3823,#4766,.T.);
#2987=EDGE_CURVE('',#3823,#3821,#4767,.T.);
#2988=EDGE_CURVE('',#3820,#3822,#4768,.T.);
#2989=EDGE_CURVE('',#3822,#3824,#4769,.T.);
#2990=EDGE_CURVE('',#3825,#3824,#4770,.T.);
#2991=EDGE_CURVE('',#3825,#3823,#4771,.T.);
#2992=EDGE_CURVE('',#3826,#3827,#4772,.T.);
#2993=EDGE_CURVE('',#3826,#3828,#4773,.T.);
#2994=EDGE_CURVE('',#3828,#3829,#4774,.T.);
#2995=EDGE_CURVE('',#3829,#3827,#4775,.T.);
#2996=EDGE_CURVE('',#3830,#3831,#4776,.T.);
#2997=EDGE_CURVE('',#3830,#3825,#4777,.T.);
#2998=EDGE_CURVE('',#3824,#3831,#4778,.T.);
#2999=EDGE_CURVE('',#3830,#3827,#4779,.T.);
#3000=EDGE_CURVE('',#3826,#3831,#4780,.T.);
#3001=EDGE_CURVE('',#3832,#3833,#4781,.T.);
#3002=EDGE_CURVE('',#3833,#3829,#4782,.F.);
#3003=EDGE_CURVE('',#3828,#3832,#4783,.T.);
#3004=EDGE_CURVE('',#3834,#3745,#4784,.T.);
#3005=EDGE_CURVE('',#3835,#3834,#4785,.T.);
#3006=EDGE_CURVE('',#3744,#3835,#4786,.T.);
#3007=EDGE_CURVE('',#3836,#3833,#4787,.F.);
#3008=EDGE_CURVE('',#3832,#3837,#4788,.T.);
#3009=EDGE_CURVE('',#3837,#3836,#4789,.T.);
#3010=EDGE_CURVE('',#3835,#3837,#4790,.T.);
#3011=EDGE_CURVE('',#3834,#3836,#4791,.T.);
#3012=EDGE_CURVE('',#3838,#3839,#4792,.F.);
#3013=EDGE_CURVE('',#3838,#3799,#4793,.F.);
#3014=EDGE_CURVE('',#3801,#3839,#4794,.T.);
#3015=EDGE_CURVE('',#3795,#3838,#4795,.F.);
#3016=EDGE_CURVE('',#3839,#3794,#4796,.T.);
#3017=EDGE_CURVE('',#3840,#3841,#4797,.T.);
#3018=EDGE_CURVE('',#3840,#3790,#4798,.T.);
#3019=EDGE_CURVE('',#3791,#3841,#4799,.T.);
#3020=EDGE_CURVE('',#3842,#3843,#4800,.T.);
#3021=EDGE_CURVE('',#3842,#3844,#4801,.F.);
#3022=EDGE_CURVE('',#3845,#3844,#4802,.F.);
#3023=EDGE_CURVE('',#3845,#3843,#4803,.T.);
#3024=EDGE_CURVE('',#3840,#3843,#4804,.T.);
#3025=EDGE_CURVE('',#3841,#3842,#4805,.T.);
#3026=EDGE_CURVE('',#3846,#3847,#4806,.T.);
#3027=EDGE_CURVE('',#3847,#3845,#4807,.F.);
#3028=EDGE_CURVE('',#3844,#3846,#4808,.T.);
#3029=EDGE_CURVE('',#3846,#3848,#4809,.T.);
#3030=EDGE_CURVE('',#3849,#3848,#4810,.T.);
#3031=EDGE_CURVE('',#3849,#3847,#4811,.T.);
#3032=EDGE_CURVE('',#3850,#3848,#4812,.T.);
#3033=EDGE_CURVE('',#3851,#3850,#4813,.T.);
#3034=EDGE_CURVE('',#3851,#3849,#4814,.T.);
#3035=EDGE_CURVE('',#3852,#3853,#4815,.T.);
#3036=EDGE_CURVE('',#3852,#3851,#4816,.T.);
#3037=EDGE_CURVE('',#3850,#3853,#4817,.T.);
#3038=EDGE_CURVE('',#3854,#3855,#4818,.T.);
#3039=EDGE_CURVE('',#3854,#3852,#4819,.T.);
#3040=EDGE_CURVE('',#3853,#3855,#4820,.F.);
#3041=EDGE_CURVE('',#3856,#3857,#4821,.T.);
#3042=EDGE_CURVE('',#3856,#3854,#4822,.T.);
#3043=EDGE_CURVE('',#3855,#3857,#4823,.T.);
#3044=EDGE_CURVE('',#3856,#3858,#4824,.T.);
#3045=EDGE_CURVE('',#3857,#3859,#4825,.T.);
#3046=EDGE_CURVE('',#3859,#3858,#4826,.T.);
#3047=EDGE_CURVE('',#3860,#3861,#4827,.T.);
#3048=EDGE_CURVE('',#3860,#3858,#4828,.F.);
#3049=EDGE_CURVE('',#3859,#3861,#4829,.T.);
#3050=EDGE_CURVE('',#3862,#3863,#4830,.T.);
#3051=EDGE_CURVE('',#3863,#3864,#4831,.F.);
#3052=EDGE_CURVE('',#3865,#3864,#4832,.F.);
#3053=EDGE_CURVE('',#3865,#3862,#4833,.T.);
#3054=EDGE_CURVE('',#3866,#3863,#4834,.T.);
#3055=EDGE_CURVE('',#3862,#3867,#4835,.T.);
#3056=EDGE_CURVE('',#3867,#3866,#4836,.T.);
#3057=EDGE_CURVE('',#3868,#3867,#4837,.T.);
#3058=EDGE_CURVE('',#3868,#3869,#4838,.T.);
#3059=EDGE_CURVE('',#3869,#3866,#4839,.T.);
#3060=EDGE_CURVE('',#3870,#3871,#4840,.F.);
#3061=EDGE_CURVE('',#3870,#3860,#4841,.T.);
#3062=EDGE_CURVE('',#3861,#3871,#4842,.T.);
#3063=EDGE_CURVE('',#3872,#3873,#4843,.T.);
#3064=EDGE_CURVE('',#3873,#3870,#4844,.F.);
#3065=EDGE_CURVE('',#3871,#3872,#4845,.T.);
#3066=EDGE_CURVE('',#3865,#3872,#4846,.T.);
#3067=EDGE_CURVE('',#3873,#3864,#4847,.T.);
#3068=EDGE_CURVE('',#3874,#3875,#4848,.T.);
#3069=EDGE_CURVE('',#3875,#3869,#4849,.T.);
#3070=EDGE_CURVE('',#3868,#3874,#4850,.T.);
#3071=EDGE_CURVE('',#3876,#3877,#4851,.T.);
#3072=EDGE_CURVE('',#3875,#3876,#4852,.T.);
#3073=EDGE_CURVE('',#3874,#3877,#4853,.T.);
#3074=EDGE_CURVE('',#3878,#3879,#4854,.T.);
#3075=EDGE_CURVE('',#3876,#3879,#4855,.T.);
#3076=EDGE_CURVE('',#3877,#3878,#4856,.T.);
#3077=EDGE_CURVE('',#3880,#3881,#4857,.F.);
#3078=EDGE_CURVE('',#3880,#3879,#4858,.F.);
#3079=EDGE_CURVE('',#3881,#3878,#4859,.T.);
#3080=EDGE_CURVE('',#3882,#3881,#4860,.T.);
#3081=EDGE_CURVE('',#3882,#3883,#4861,.T.);
#3082=EDGE_CURVE('',#3880,#3883,#4862,.T.);
#3083=EDGE_CURVE('',#3884,#3885,#4863,.T.);
#3084=EDGE_CURVE('',#3883,#3885,#4864,.T.);
#3085=EDGE_CURVE('',#3884,#3882,#4865,.T.);
#3086=EDGE_CURVE('',#3886,#3887,#4866,.F.);
#3087=EDGE_CURVE('',#3775,#3886,#4867,.T.);
#3088=EDGE_CURVE('',#3774,#3887,#4868,.F.);
#3089=EDGE_CURVE('',#3885,#3888,#4869,.T.);
#3090=EDGE_CURVE('',#3889,#3884,#4870,.T.);
#3091=EDGE_CURVE('',#3888,#3889,#4871,.T.);
#3092=EDGE_CURVE('',#3889,#3886,#4872,.F.);
#3093=EDGE_CURVE('',#3888,#3887,#4873,.T.);
#3094=EDGE_CURVE('',#3706,#3890,#4874,.F.);
#3095=EDGE_CURVE('',#3891,#3890,#4875,.F.);
#3096=EDGE_CURVE('',#3891,#3705,#4876,.T.);
#3097=EDGE_CURVE('',#3892,#3893,#4877,.T.);
#3098=EDGE_CURVE('',#3893,#3558,#4878,.T.);
#3099=EDGE_CURVE('',#3556,#3892,#4879,.T.);
#3100=EDGE_CURVE('',#3892,#3891,#4880,.T.);
#3101=EDGE_CURVE('',#3893,#3890,#4881,.T.);
#3102=EDGE_CURVE('',#3894,#3895,#4882,.T.);
#3103=EDGE_CURVE('',#3894,#3668,#4883,.T.);
#3104=EDGE_CURVE('',#3669,#3895,#4884,.T.);
#3105=EDGE_CURVE('',#3895,#3698,#4885,.T.);
#3106=EDGE_CURVE('',#3697,#3894,#4886,.F.);
#3107=EDGE_CURVE('',#3896,#3625,#4887,.T.);
#3108=EDGE_CURVE('',#3896,#3897,#4888,.T.);
#3109=EDGE_CURVE('',#3897,#3624,#4889,.T.);
#3110=EDGE_CURVE('',#3898,#3897,#4890,.T.);
#3111=EDGE_CURVE('',#3896,#3899,#4891,.F.);
#3112=EDGE_CURVE('',#3899,#3898,#4892,.T.);
#3113=EDGE_CURVE('',#3900,#3901,#4893,.T.);
#3114=EDGE_CURVE('',#3901,#3898,#4894,.T.);
#3115=EDGE_CURVE('',#3899,#3900,#4895,.F.);
#3116=EDGE_CURVE('',#3900,#3627,#4896,.T.);
#3117=EDGE_CURVE('',#3626,#3901,#4897,.T.);
#3118=EDGE_CURVE('',#3902,#3597,#4898,.T.);
#3119=EDGE_CURVE('',#3596,#3903,#4899,.F.);
#3120=EDGE_CURVE('',#3903,#3902,#4900,.T.);
#3121=EDGE_CURVE('',#3904,#3905,#4901,.T.);
#3122=EDGE_CURVE('',#3905,#3902,#4902,.T.);
#3123=EDGE_CURVE('',#3904,#3903,#4903,.T.);
#3124=EDGE_CURVE('',#3904,#3618,#4904,.T.);
#3125=EDGE_CURVE('',#3616,#3905,#4905,.T.);
#3126=EDGE_CURVE('',#3906,#3907,#4906,.T.);
#3127=EDGE_CURVE('',#3906,#3908,#24,.T.);
#3128=EDGE_CURVE('',#3908,#3909,#4907,.F.);
#3129=EDGE_CURVE('',#3909,#3702,#25,.T.);
#3130=EDGE_CURVE('',#3701,#3709,#26,.T.);
#3131=EDGE_CURVE('',#3708,#3907,#27,.T.);
#3132=EDGE_CURVE('',#3676,#3509,#4908,.T.);
#3133=EDGE_CURVE('',#3508,#3713,#4909,.T.);
#3134=EDGE_CURVE('',#3509,#3712,#4910,.T.);
#3135=EDGE_CURVE('',#3910,#3911,#4911,.T.);
#3136=EDGE_CURVE('',#3911,#3912,#28,.T.);
#3137=EDGE_CURVE('',#3913,#3912,#4912,.T.);
#3138=EDGE_CURVE('',#3913,#3704,#4913,.T.);
#3139=EDGE_CURVE('',#3703,#3910,#29,.T.);
#3140=EDGE_CURVE('',#3914,#3915,#4914,.T.);
#3141=EDGE_CURVE('',#3916,#3914,#4915,.T.);
#3142=EDGE_CURVE('',#3916,#3917,#4916,.T.);
#3143=EDGE_CURVE('',#3917,#3915,#4917,.T.);
#3144=EDGE_CURVE('',#3916,#3918,#4918,.T.);
#3145=EDGE_CURVE('',#3918,#3919,#4919,.T.);
#3146=EDGE_CURVE('',#3919,#3917,#4920,.T.);
#3147=EDGE_CURVE('',#3918,#3920,#4921,.T.);
#3148=EDGE_CURVE('',#3920,#3921,#4922,.T.);
#3149=EDGE_CURVE('',#3921,#3919,#4923,.T.);
#3150=EDGE_CURVE('',#3920,#3922,#4924,.T.);
#3151=EDGE_CURVE('',#3922,#3923,#4925,.T.);
#3152=EDGE_CURVE('',#3923,#3921,#4926,.F.);
#3153=EDGE_CURVE('',#3922,#3924,#4927,.T.);
#3154=EDGE_CURVE('',#3924,#3925,#4928,.T.);
#3155=EDGE_CURVE('',#3925,#3923,#4929,.F.);
#3156=EDGE_CURVE('',#3926,#3927,#4930,.T.);
#3157=EDGE_CURVE('',#3926,#3928,#4931,.T.);
#3158=EDGE_CURVE('',#3928,#3929,#4932,.T.);
#3159=EDGE_CURVE('',#3929,#3927,#4933,.T.);
#3160=EDGE_CURVE('',#3928,#3930,#4934,.T.);
#3161=EDGE_CURVE('',#3931,#3930,#4935,.T.);
#3162=EDGE_CURVE('',#3931,#3929,#4936,.T.);
#3163=EDGE_CURVE('',#3924,#3932,#4937,.T.);
#3164=EDGE_CURVE('',#3932,#3933,#4938,.T.);
#3165=EDGE_CURVE('',#3933,#3925,#4939,.T.);
#3166=EDGE_CURVE('',#3387,#3933,#4940,.T.);
#3167=EDGE_CURVE('',#3932,#3388,#4941,.F.);
#3168=EDGE_CURVE('',#3934,#3935,#4942,.T.);
#3169=EDGE_CURVE('',#3935,#3936,#4943,.F.);
#3170=EDGE_CURVE('',#3936,#3937,#4944,.T.);
#3171=EDGE_CURVE('',#3937,#3934,#4945,.T.);
#3172=EDGE_CURVE('',#3934,#3926,#4946,.T.);
#3173=EDGE_CURVE('',#3927,#3935,#4947,.T.);
#3174=EDGE_CURVE('',#3938,#3939,#4948,.T.);
#3175=EDGE_CURVE('',#3938,#3940,#4949,.T.);
#3176=EDGE_CURVE('',#3940,#3941,#4950,.T.);
#3177=EDGE_CURVE('',#3941,#3939,#4951,.T.);
#3178=EDGE_CURVE('',#3940,#3937,#4952,.T.);
#3179=EDGE_CURVE('',#3936,#3941,#4953,.F.);
#3180=EDGE_CURVE('',#3442,#3942,#4954,.T.);
#3181=EDGE_CURVE('',#3942,#3943,#4955,.T.);
#3182=EDGE_CURVE('',#3943,#3443,#4956,.T.);
#3183=EDGE_CURVE('',#3942,#3434,#4957,.T.);
#3184=EDGE_CURVE('',#3435,#3943,#4958,.T.);
#3185=EDGE_CURVE('',#3944,#3282,#4959,.T.);
#3186=EDGE_CURVE('',#3945,#3944,#4960,.T.);
#3187=EDGE_CURVE('',#3287,#3945,#4961,.T.);
#3188=EDGE_CURVE('',#3946,#3279,#4962,.T.);
#3189=EDGE_CURVE('',#3275,#3946,#4963,.T.);
#3190=EDGE_CURVE('',#3478,#3484,#4964,.T.);
#3191=EDGE_CURVE('',#3482,#3458,#4965,.F.);
#3192=EDGE_CURVE('',#3947,#3455,#4966,.T.);
#3193=EDGE_CURVE('',#3947,#3320,#4967,.T.);
#3194=EDGE_CURVE('',#3948,#3350,#4968,.T.);
#3195=EDGE_CURVE('',#3949,#3948,#4969,.T.);
#3196=EDGE_CURVE('',#3930,#3949,#4970,.T.);
#3197=EDGE_CURVE('',#3349,#3938,#4971,.T.);
#3198=EDGE_CURVE('',#3446,#3338,#4972,.T.);
#3199=EDGE_CURVE('',#3430,#3439,#4973,.T.);
#3200=EDGE_CURVE('',#3357,#3914,#4974,.T.);
#3201=EDGE_CURVE('',#3369,#3950,#4975,.T.);
#3202=EDGE_CURVE('',#3367,#3950,#4976,.T.);
#3203=EDGE_CURVE('',#3951,#3379,#4977,.T.);
#3204=EDGE_CURVE('',#3381,#3951,#4978,.T.);
#3205=EDGE_CURVE('',#3952,#3514,#4979,.T.);
#3206=EDGE_CURVE('',#3952,#3953,#4980,.T.);
#3207=EDGE_CURVE('',#3953,#3954,#4981,.T.);
#3208=EDGE_CURVE('',#3954,#3411,#4982,.T.);
#3209=EDGE_CURVE('',#3382,#3512,#4983,.T.);
#3210=EDGE_CURVE('',#3908,#3911,#30,.T.);
#3211=EDGE_CURVE('',#3910,#3909,#31,.T.);
#3212=EDGE_CURVE('',#3955,#3952,#4984,.T.);
#3213=EDGE_CURVE('',#3515,#3955,#4985,.T.);
#3214=EDGE_CURVE('',#3954,#3956,#4986,.T.);
#3215=EDGE_CURVE('',#3956,#3410,#4987,.T.);
#3216=EDGE_CURVE('',#3953,#3957,#4988,.T.);
#3217=EDGE_CURVE('',#3957,#3956,#4989,.T.);
#3218=EDGE_CURVE('',#3955,#3957,#4990,.T.);
#3219=EDGE_CURVE('',#3383,#3513,#4991,.T.);
#3220=EDGE_CURVE('',#3958,#3951,#4992,.T.);
#3221=EDGE_CURVE('',#3958,#3380,#4993,.T.);
#3222=EDGE_CURVE('',#3958,#3378,#4994,.T.);
#3223=EDGE_CURVE('',#3959,#3950,#4995,.T.);
#3224=EDGE_CURVE('',#3366,#3959,#4996,.T.);
#3225=EDGE_CURVE('',#3368,#3959,#4997,.F.);
#3226=EDGE_CURVE('',#3915,#3356,#4998,.T.);
#3227=EDGE_CURVE('',#3960,#3949,#4999,.T.);
#3228=EDGE_CURVE('',#3960,#3931,#5000,.T.);
#3229=EDGE_CURVE('',#3961,#3948,#5001,.T.);
#3230=EDGE_CURVE('',#3961,#3960,#5002,.T.);
#3231=EDGE_CURVE('',#3961,#3351,#5003,.T.);
#3232=EDGE_CURVE('',#3939,#3348,#5004,.T.);
#3233=EDGE_CURVE('',#3339,#3447,#5005,.T.);
#3234=EDGE_CURVE('',#3438,#3431,#5006,.T.);
#3235=EDGE_CURVE('',#3454,#3962,#5007,.F.);
#3236=EDGE_CURVE('',#3962,#3947,#5008,.T.);
#3237=EDGE_CURVE('',#3962,#3321,#5009,.T.);
#3238=EDGE_CURVE('',#3459,#3483,#5010,.T.);
#3239=EDGE_CURVE('',#3485,#3479,#5011,.T.);
#3240=EDGE_CURVE('',#3945,#3963,#5012,.T.);
#3241=EDGE_CURVE('',#3963,#3286,#5013,.F.);
#3242=EDGE_CURVE('',#3913,#3262,#5014,.T.);
#3243=EDGE_CURVE('',#3964,#3963,#5015,.T.);
#3244=EDGE_CURVE('',#3283,#3964,#5016,.T.);
#3245=EDGE_CURVE('',#3435,#3965,#5017,.T.);
#3246=EDGE_CURVE('',#3965,#3966,#5018,.T.);
#3247=EDGE_CURVE('',#3967,#3274,#5019,.F.);
#3248=EDGE_CURVE('',#3278,#3967,#5020,.T.);
#3249=EDGE_CURVE('',#3944,#3964,#5021,.T.);
#3250=EDGE_CURVE('',#3967,#3946,#5022,.T.);
#3251=EDGE_CURVE('',#3264,#3524,#5023,.T.);
#3252=EDGE_CURVE('',#3912,#3906,#32,.T.);
#3253=EDGE_CURVE('',#3907,#3525,#33,.T.);
#3254=VERTEX_POINT('',#9688);
#3255=VERTEX_POINT('',#9689);
#3256=VERTEX_POINT('',#9691);
#3257=VERTEX_POINT('',#9693);
#3258=VERTEX_POINT('',#9697);
#3259=VERTEX_POINT('',#9698);
#3260=VERTEX_POINT('',#9703);
#3261=VERTEX_POINT('',#9704);
#3262=VERTEX_POINT('',#9712);
#3263=VERTEX_POINT('',#9713);
#3264=VERTEX_POINT('',#9715);
#3265=VERTEX_POINT('',#9717);
#3266=VERTEX_POINT('',#9721);
#3267=VERTEX_POINT('',#9722);
#3268=VERTEX_POINT('',#9724);
#3269=VERTEX_POINT('',#9726);
#3270=VERTEX_POINT('',#9730);
#3271=VERTEX_POINT('',#9731);
#3272=VERTEX_POINT('',#9733);
#3273=VERTEX_POINT('',#9735);
#3274=VERTEX_POINT('',#9739);
#3275=VERTEX_POINT('',#9740);
#3276=VERTEX_POINT('',#9745);
#3277=VERTEX_POINT('',#9746);
#3278=VERTEX_POINT('',#9748);
#3279=VERTEX_POINT('',#9750);
#3280=VERTEX_POINT('',#9754);
#3281=VERTEX_POINT('',#9756);
#3282=VERTEX_POINT('',#9760);
#3283=VERTEX_POINT('',#9761);
#3284=VERTEX_POINT('',#9763);
#3285=VERTEX_POINT('',#9765);
#3286=VERTEX_POINT('',#9769);
#3287=VERTEX_POINT('',#9771);
#3288=VERTEX_POINT('',#9775);
#3289=VERTEX_POINT('',#9776);
#3290=VERTEX_POINT('',#9781);
#3291=VERTEX_POINT('',#9783);
#3292=VERTEX_POINT('',#9787);
#3293=VERTEX_POINT('',#9788);
#3294=VERTEX_POINT('',#9793);
#3295=VERTEX_POINT('',#9794);
#3296=VERTEX_POINT('',#9796);
#3297=VERTEX_POINT('',#9798);
#3298=VERTEX_POINT('',#9802);
#3299=VERTEX_POINT('',#9804);
#3300=VERTEX_POINT('',#9808);
#3301=VERTEX_POINT('',#9809);
#3302=VERTEX_POINT('',#9814);
#3303=VERTEX_POINT('',#9815);
#3304=VERTEX_POINT('',#9817);
#3305=VERTEX_POINT('',#9819);
#3306=VERTEX_POINT('',#9823);
#3307=VERTEX_POINT('',#9825);
#3308=VERTEX_POINT('',#9829);
#3309=VERTEX_POINT('',#9830);
#3310=VERTEX_POINT('',#9832);
#3311=VERTEX_POINT('',#9834);
#3312=VERTEX_POINT('',#9838);
#3313=VERTEX_POINT('',#9839);
#3314=VERTEX_POINT('',#9841);
#3315=VERTEX_POINT('',#9843);
#3316=VERTEX_POINT('',#9847);
#3317=VERTEX_POINT('',#9849);
#3318=VERTEX_POINT('',#9853);
#3319=VERTEX_POINT('',#9855);
#3320=VERTEX_POINT('',#9859);
#3321=VERTEX_POINT('',#9861);
#3322=VERTEX_POINT('',#9865);
#3323=VERTEX_POINT('',#9866);
#3324=VERTEX_POINT('',#9871);
#3325=VERTEX_POINT('',#9873);
#3326=VERTEX_POINT('',#9877);
#3327=VERTEX_POINT('',#9879);
#3328=VERTEX_POINT('',#9883);
#3329=VERTEX_POINT('',#9885);
#3330=VERTEX_POINT('',#9892);
#3331=VERTEX_POINT('',#9894);
#3332=VERTEX_POINT('',#9898);
#3333=VERTEX_POINT('',#9900);
#3334=VERTEX_POINT('',#9904);
#3335=VERTEX_POINT('',#9906);
#3336=VERTEX_POINT('',#9910);
#3337=VERTEX_POINT('',#9912);
#3338=VERTEX_POINT('',#9916);
#3339=VERTEX_POINT('',#9917);
#3340=VERTEX_POINT('',#9919);
#3341=VERTEX_POINT('',#9921);
#3342=VERTEX_POINT('',#9925);
#3343=VERTEX_POINT('',#9926);
#3344=VERTEX_POINT('',#9931);
#3345=VERTEX_POINT('',#9933);
#3346=VERTEX_POINT('',#9937);
#3347=VERTEX_POINT('',#9939);
#3348=VERTEX_POINT('',#9943);
#3349=VERTEX_POINT('',#9945);
#3350=VERTEX_POINT('',#9949);
#3351=VERTEX_POINT('',#9950);
#3352=VERTEX_POINT('',#9955);
#3353=VERTEX_POINT('',#9956);
#3354=VERTEX_POINT('',#9958);
#3355=VERTEX_POINT('',#9960);
#3356=VERTEX_POINT('',#9964);
#3357=VERTEX_POINT('',#9966);
#3358=VERTEX_POINT('',#9970);
#3359=VERTEX_POINT('',#9971);
#3360=VERTEX_POINT('',#9973);
#3361=VERTEX_POINT('',#9975);
#3362=VERTEX_POINT('',#9979);
#3363=VERTEX_POINT('',#9981);
#3364=VERTEX_POINT('',#9985);
#3365=VERTEX_POINT('',#9987);
#3366=VERTEX_POINT('',#9991);
#3367=VERTEX_POINT('',#9992);
#3368=VERTEX_POINT('',#9997);
#3369=VERTEX_POINT('',#9999);
#3370=VERTEX_POINT('',#10003);
#3371=VERTEX_POINT('',#10004);
#3372=VERTEX_POINT('',#10006);
#3373=VERTEX_POINT('',#10008);
#3374=VERTEX_POINT('',#10012);
#3375=VERTEX_POINT('',#10014);
#3376=VERTEX_POINT('',#10018);
#3377=VERTEX_POINT('',#10020);
#3378=VERTEX_POINT('',#10024);
#3379=VERTEX_POINT('',#10026);
#3380=VERTEX_POINT('',#10030);
#3381=VERTEX_POINT('',#10032);
#3382=VERTEX_POINT('',#10036);
#3383=VERTEX_POINT('',#10037);
#3384=VERTEX_POINT('',#10039);
#3385=VERTEX_POINT('',#10041);
#3386=VERTEX_POINT('',#10045);
#3387=VERTEX_POINT('',#10046);
#3388=VERTEX_POINT('',#10048);
#3389=VERTEX_POINT('',#10050);
#3390=VERTEX_POINT('',#10054);
#3391=VERTEX_POINT('',#10056);
#3392=VERTEX_POINT('',#10060);
#3393=VERTEX_POINT('',#10062);
#3394=VERTEX_POINT('',#10066);
#3395=VERTEX_POINT('',#10068);
#3396=VERTEX_POINT('',#10072);
#3397=VERTEX_POINT('',#10074);
#3398=VERTEX_POINT('',#10078);
#3399=VERTEX_POINT('',#10080);
#3400=VERTEX_POINT('',#10084);
#3401=VERTEX_POINT('',#10086);
#3402=VERTEX_POINT('',#10090);
#3403=VERTEX_POINT('',#10092);
#3404=VERTEX_POINT('',#10096);
#3405=VERTEX_POINT('',#10097);
#3406=VERTEX_POINT('',#10102);
#3407=VERTEX_POINT('',#10104);
#3408=VERTEX_POINT('',#10108);
#3409=VERTEX_POINT('',#10110);
#3410=VERTEX_POINT('',#10114);
#3411=VERTEX_POINT('',#10116);
#3412=VERTEX_POINT('',#10120);
#3413=VERTEX_POINT('',#10121);
#3414=VERTEX_POINT('',#10126);
#3415=VERTEX_POINT('',#10127);
#3416=VERTEX_POINT('',#10129);
#3417=VERTEX_POINT('',#10131);
#3418=VERTEX_POINT('',#10135);
#3419=VERTEX_POINT('',#10137);
#3420=VERTEX_POINT('',#10141);
#3421=VERTEX_POINT('',#10142);
#3422=VERTEX_POINT('',#10144);
#3423=VERTEX_POINT('',#10146);
#3424=VERTEX_POINT('',#10150);
#3425=VERTEX_POINT('',#10151);
#3426=VERTEX_POINT('',#10153);
#3427=VERTEX_POINT('',#10155);
#3428=VERTEX_POINT('',#10162);
#3429=VERTEX_POINT('',#10164);
#3430=VERTEX_POINT('',#10168);
#3431=VERTEX_POINT('',#10170);
#3432=VERTEX_POINT('',#10174);
#3433=VERTEX_POINT('',#10176);
#3434=VERTEX_POINT('',#10186);
#3435=VERTEX_POINT('',#10187);
#3436=VERTEX_POINT('',#10193);
#3437=VERTEX_POINT('',#10194);
#3438=VERTEX_POINT('',#10196);
#3439=VERTEX_POINT('',#10198);
#3440=VERTEX_POINT('',#10202);
#3441=VERTEX_POINT('',#10203);
#3442=VERTEX_POINT('',#10208);
#3443=VERTEX_POINT('',#10210);
#3444=VERTEX_POINT('',#10214);
#3445=VERTEX_POINT('',#10215);
#3446=VERTEX_POINT('',#10217);
#3447=VERTEX_POINT('',#10219);
#3448=VERTEX_POINT('',#10223);
#3449=VERTEX_POINT('',#10225);
#3450=VERTEX_POINT('',#10232);
#3451=VERTEX_POINT('',#10233);
#3452=VERTEX_POINT('',#10238);
#3453=VERTEX_POINT('',#10239);
#3454=VERTEX_POINT('',#10247);
#3455=VERTEX_POINT('',#10248);
#3456=VERTEX_POINT('',#10250);
#3457=VERTEX_POINT('',#10252);
#3458=VERTEX_POINT('',#10256);
#3459=VERTEX_POINT('',#10257);
#3460=VERTEX_POINT('',#10259);
#3461=VERTEX_POINT('',#10261);
#3462=VERTEX_POINT('',#10265);
#3463=VERTEX_POINT('',#10267);
#3464=VERTEX_POINT('',#10271);
#3465=VERTEX_POINT('',#10272);
#3466=VERTEX_POINT('',#10274);
#3467=VERTEX_POINT('',#10276);
#3468=VERTEX_POINT('',#10280);
#3469=VERTEX_POINT('',#10282);
#3470=VERTEX_POINT('',#10286);
#3471=VERTEX_POINT('',#10288);
#3472=VERTEX_POINT('',#10292);
#3473=VERTEX_POINT('',#10294);
#3474=VERTEX_POINT('',#10301);
#3475=VERTEX_POINT('',#10303);
#3476=VERTEX_POINT('',#10307);
#3477=VERTEX_POINT('',#10308);
#3478=VERTEX_POINT('',#10316);
#3479=VERTEX_POINT('',#10321);
#3480=VERTEX_POINT('',#10325);
#3481=VERTEX_POINT('',#10326);
#3482=VERTEX_POINT('',#10328);
#3483=VERTEX_POINT('',#10330);
#3484=VERTEX_POINT('',#10334);
#3485=VERTEX_POINT('',#10335);
#3486=VERTEX_POINT('',#10337);
#3487=VERTEX_POINT('',#10339);
#3488=VERTEX_POINT('',#10343);
#3489=VERTEX_POINT('',#10344);
#3490=VERTEX_POINT('',#10349);
#3491=VERTEX_POINT('',#10351);
#3492=VERTEX_POINT('',#10358);
#3493=VERTEX_POINT('',#10360);
#3494=VERTEX_POINT('',#10364);
#3495=VERTEX_POINT('',#10366);
#3496=VERTEX_POINT('',#10373);
#3497=VERTEX_POINT('',#10374);
#3498=VERTEX_POINT('',#10376);
#3499=VERTEX_POINT('',#10378);
#3500=VERTEX_POINT('',#10382);
#3501=VERTEX_POINT('',#10383);
#3502=VERTEX_POINT('',#10388);
#3503=VERTEX_POINT('',#10389);
#3504=VERTEX_POINT('',#10394);
#3505=VERTEX_POINT('',#10396);
#3506=VERTEX_POINT('',#10400);
#3507=VERTEX_POINT('',#10401);
#3508=VERTEX_POINT('',#10406);
#3509=VERTEX_POINT('',#10408);
#3510=VERTEX_POINT('',#10412);
#3511=VERTEX_POINT('',#10413);
#3512=VERTEX_POINT('',#10415);
#3513=VERTEX_POINT('',#10417);
#3514=VERTEX_POINT('',#10421);
#3515=VERTEX_POINT('',#10422);
#3516=VERTEX_POINT('',#10424);
#3517=VERTEX_POINT('',#10426);
#3518=VERTEX_POINT('',#10433);
#3519=VERTEX_POINT('',#10434);
#3520=VERTEX_POINT('',#10436);
#3521=VERTEX_POINT('',#10438);
#3522=VERTEX_POINT('',#10442);
#3523=VERTEX_POINT('',#10443);
#3524=VERTEX_POINT('',#10448);
#3525=VERTEX_POINT('',#10449);
#3526=VERTEX_POINT('',#11050);
#3527=VERTEX_POINT('',#11052);
#3528=VERTEX_POINT('',#11656);
#3529=VERTEX_POINT('',#11658);
#3530=VERTEX_POINT('',#11662);
#3531=VERTEX_POINT('',#11664);
#3532=VERTEX_POINT('',#11671);
#3533=VERTEX_POINT('',#11672);
#3534=VERTEX_POINT('',#11674);
#3535=VERTEX_POINT('',#11676);
#3536=VERTEX_POINT('',#11680);
#3537=VERTEX_POINT('',#11681);
#3538=VERTEX_POINT('',#11683);
#3539=VERTEX_POINT('',#11685);
#3540=VERTEX_POINT('',#11689);
#3541=VERTEX_POINT('',#11690);
#3542=VERTEX_POINT('',#11695);
#3543=VERTEX_POINT('',#11696);
#3544=VERTEX_POINT('',#11698);
#3545=VERTEX_POINT('',#11700);
#3546=VERTEX_POINT('',#11704);
#3547=VERTEX_POINT('',#11705);
#3548=VERTEX_POINT('',#11707);
#3549=VERTEX_POINT('',#11709);
#3550=VERTEX_POINT('',#11713);
#3551=VERTEX_POINT('',#11714);
#3552=VERTEX_POINT('',#11719);
#3553=VERTEX_POINT('',#11720);
#3554=VERTEX_POINT('',#11722);
#3555=VERTEX_POINT('',#11724);
#3556=VERTEX_POINT('',#11728);
#3557=VERTEX_POINT('',#11729);
#3558=VERTEX_POINT('',#11731);
#3559=VERTEX_POINT('',#11733);
#3560=VERTEX_POINT('',#11737);
#3561=VERTEX_POINT('',#11738);
#3562=VERTEX_POINT('',#11743);
#3563=VERTEX_POINT('',#11745);
#3564=VERTEX_POINT('',#11749);
#3565=VERTEX_POINT('',#11751);
#3566=VERTEX_POINT('',#11755);
#3567=VERTEX_POINT('',#11756);
#3568=VERTEX_POINT('',#11758);
#3569=VERTEX_POINT('',#11760);
#3570=VERTEX_POINT('',#11764);
#3571=VERTEX_POINT('',#11766);
#3572=VERTEX_POINT('',#11770);
#3573=VERTEX_POINT('',#11771);
#3574=VERTEX_POINT('',#11776);
#3575=VERTEX_POINT('',#11777);
#3576=VERTEX_POINT('',#11779);
#3577=VERTEX_POINT('',#11781);
#3578=VERTEX_POINT('',#11785);
#3579=VERTEX_POINT('',#11786);
#3580=VERTEX_POINT('',#11791);
#3581=VERTEX_POINT('',#11793);
#3582=VERTEX_POINT('',#11797);
#3583=VERTEX_POINT('',#11798);
#3584=VERTEX_POINT('',#11803);
#3585=VERTEX_POINT('',#11804);
#3586=VERTEX_POINT('',#11806);
#3587=VERTEX_POINT('',#11808);
#3588=VERTEX_POINT('',#11812);
#3589=VERTEX_POINT('',#11814);
#3590=VERTEX_POINT('',#11818);
#3591=VERTEX_POINT('',#11819);
#3592=VERTEX_POINT('',#11827);
#3593=VERTEX_POINT('',#11828);
#3594=VERTEX_POINT('',#11833);
#3595=VERTEX_POINT('',#11835);
#3596=VERTEX_POINT('',#11839);
#3597=VERTEX_POINT('',#11841);
#3598=VERTEX_POINT('',#11845);
#3599=VERTEX_POINT('',#11846);
#3600=VERTEX_POINT('',#11848);
#3601=VERTEX_POINT('',#11850);
#3602=VERTEX_POINT('',#11854);
#3603=VERTEX_POINT('',#11855);
#3604=VERTEX_POINT('',#11857);
#3605=VERTEX_POINT('',#11859);
#3606=VERTEX_POINT('',#11863);
#3607=VERTEX_POINT('',#11864);
#3608=VERTEX_POINT('',#11866);
#3609=VERTEX_POINT('',#11868);
#3610=VERTEX_POINT('',#11872);
#3611=VERTEX_POINT('',#11874);
#3612=VERTEX_POINT('',#11878);
#3613=VERTEX_POINT('',#11879);
#3614=VERTEX_POINT('',#11881);
#3615=VERTEX_POINT('',#11883);
#3616=VERTEX_POINT('',#11890);
#3617=VERTEX_POINT('',#11891);
#3618=VERTEX_POINT('',#11893);
#3619=VERTEX_POINT('',#11895);
#3620=VERTEX_POINT('',#11899);
#3621=VERTEX_POINT('',#11900);
#3622=VERTEX_POINT('',#11905);
#3623=VERTEX_POINT('',#11907);
#3624=VERTEX_POINT('',#11911);
#3625=VERTEX_POINT('',#11912);
#3626=VERTEX_POINT('',#11917);
#3627=VERTEX_POINT('',#11918);
#3628=VERTEX_POINT('',#11923);
#3629=VERTEX_POINT('',#11925);
#3630=VERTEX_POINT('',#11929);
#3631=VERTEX_POINT('',#11930);
#3632=VERTEX_POINT('',#11935);
#3633=VERTEX_POINT('',#11936);
#3634=VERTEX_POINT('',#11938);
#3635=VERTEX_POINT('',#11940);
#3636=VERTEX_POINT('',#11944);
#3637=VERTEX_POINT('',#11945);
#3638=VERTEX_POINT('',#11947);
#3639=VERTEX_POINT('',#11949);
#3640=VERTEX_POINT('',#11953);
#3641=VERTEX_POINT('',#11954);
#3642=VERTEX_POINT('',#11959);
#3643=VERTEX_POINT('',#11960);
#3644=VERTEX_POINT('',#11968);
#3645=VERTEX_POINT('',#11969);
#3646=VERTEX_POINT('',#11974);
#3647=VERTEX_POINT('',#11976);
#3648=VERTEX_POINT('',#11983);
#3649=VERTEX_POINT('',#11984);
#3650=VERTEX_POINT('',#11992);
#3651=VERTEX_POINT('',#11994);
#3652=VERTEX_POINT('',#12001);
#3653=VERTEX_POINT('',#12003);
#3654=VERTEX_POINT('',#12007);
#3655=VERTEX_POINT('',#12009);
#3656=VERTEX_POINT('',#12013);
#3657=VERTEX_POINT('',#12014);
#3658=VERTEX_POINT('',#12019);
#3659=VERTEX_POINT('',#12020);
#3660=VERTEX_POINT('',#12028);
#3661=VERTEX_POINT('',#12030);
#3662=VERTEX_POINT('',#12037);
#3663=VERTEX_POINT('',#12039);
#3664=VERTEX_POINT('',#12043);
#3665=VERTEX_POINT('',#12045);
#3666=VERTEX_POINT('',#12049);
#3667=VERTEX_POINT('',#12051);
#3668=VERTEX_POINT('',#12055);
#3669=VERTEX_POINT('',#12056);
#3670=VERTEX_POINT('',#12058);
#3671=VERTEX_POINT('',#12060);
#3672=VERTEX_POINT('',#12064);
#3673=VERTEX_POINT('',#12065);
#3674=VERTEX_POINT('',#12070);
#3675=VERTEX_POINT('',#12072);
#3676=VERTEX_POINT('',#12076);
#3677=VERTEX_POINT('',#12078);
#3678=VERTEX_POINT('',#12082);
#3679=VERTEX_POINT('',#12083);
#3680=VERTEX_POINT('',#12091);
#3681=VERTEX_POINT('',#12092);
#3682=VERTEX_POINT('',#12097);
#3683=VERTEX_POINT('',#12098);
#3684=VERTEX_POINT('',#12103);
#3685=VERTEX_POINT('',#12104);
#3686=VERTEX_POINT('',#12106);
#3687=VERTEX_POINT('',#12110);
#3688=VERTEX_POINT('',#12111);
#3689=VERTEX_POINT('',#12116);
#3690=VERTEX_POINT('',#12117);
#3691=VERTEX_POINT('',#12122);
#3692=VERTEX_POINT('',#12124);
#3693=VERTEX_POINT('',#12128);
#3694=VERTEX_POINT('',#12130);
#3695=VERTEX_POINT('',#12134);
#3696=VERTEX_POINT('',#12136);
#3697=VERTEX_POINT('',#12140);
#3698=VERTEX_POINT('',#12142);
#3699=VERTEX_POINT('',#12146);
#3700=VERTEX_POINT('',#12147);
#3701=VERTEX_POINT('',#12158);
#3702=VERTEX_POINT('',#12160);
#3703=VERTEX_POINT('',#12165);
#3704=VERTEX_POINT('',#12167);
#3705=VERTEX_POINT('',#12172);
#3706=VERTEX_POINT('',#12173);
#3707=VERTEX_POINT('',#12178);
#3708=VERTEX_POINT('',#12187);
#3709=VERTEX_POINT('',#12189);
#3710=VERTEX_POINT('',#12196);
#3711=VERTEX_POINT('',#12197);
#3712=VERTEX_POINT('',#12205);
#3713=VERTEX_POINT('',#12207);
#3714=VERTEX_POINT('',#12211);
#3715=VERTEX_POINT('',#12213);
#3716=VERTEX_POINT('',#12217);
#3717=VERTEX_POINT('',#12218);
#3718=VERTEX_POINT('',#12223);
#3719=VERTEX_POINT('',#12224);
#3720=VERTEX_POINT('',#12232);
#3721=VERTEX_POINT('',#12233);
#3722=VERTEX_POINT('',#12238);
#3723=VERTEX_POINT('',#12239);
#3724=VERTEX_POINT('',#12241);
#3725=VERTEX_POINT('',#12243);
#3726=VERTEX_POINT('',#12247);
#3727=VERTEX_POINT('',#12248);
#3728=VERTEX_POINT('',#12256);
#3729=VERTEX_POINT('',#12257);
#3730=VERTEX_POINT('',#12259);
#3731=VERTEX_POINT('',#12261);
#3732=VERTEX_POINT('',#12265);
#3733=VERTEX_POINT('',#12266);
#3734=VERTEX_POINT('',#12271);
#3735=VERTEX_POINT('',#12273);
#3736=VERTEX_POINT('',#12277);
#3737=VERTEX_POINT('',#12278);
#3738=VERTEX_POINT('',#12280);
#3739=VERTEX_POINT('',#12282);
#3740=VERTEX_POINT('',#12286);
#3741=VERTEX_POINT('',#12287);
#3742=VERTEX_POINT('',#12292);
#3743=VERTEX_POINT('',#12293);
#3744=VERTEX_POINT('',#12301);
#3745=VERTEX_POINT('',#12303);
#3746=VERTEX_POINT('',#12307);
#3747=VERTEX_POINT('',#12309);
#3748=VERTEX_POINT('',#12316);
#3749=VERTEX_POINT('',#12318);
#3750=VERTEX_POINT('',#12325);
#3751=VERTEX_POINT('',#12327);
#3752=VERTEX_POINT('',#12334);
#3753=VERTEX_POINT('',#12335);
#3754=VERTEX_POINT('',#12340);
#3755=VERTEX_POINT('',#12341);
#3756=VERTEX_POINT('',#12346);
#3757=VERTEX_POINT('',#12348);
#3758=VERTEX_POINT('',#12355);
#3759=VERTEX_POINT('',#12356);
#3760=VERTEX_POINT('',#12358);
#3761=VERTEX_POINT('',#12360);
#3762=VERTEX_POINT('',#12364);
#3763=VERTEX_POINT('',#12365);
#3764=VERTEX_POINT('',#12370);
#3765=VERTEX_POINT('',#12371);
#3766=VERTEX_POINT('',#12376);
#3767=VERTEX_POINT('',#12377);
#3768=VERTEX_POINT('',#12379);
#3769=VERTEX_POINT('',#12381);
#3770=VERTEX_POINT('',#12385);
#3771=VERTEX_POINT('',#12386);
#3772=VERTEX_POINT('',#12394);
#3773=VERTEX_POINT('',#12395);
#3774=VERTEX_POINT('',#12397);
#3775=VERTEX_POINT('',#12399);
#3776=VERTEX_POINT('',#12403);
#3777=VERTEX_POINT('',#12404);
#3778=VERTEX_POINT('',#12409);
#3779=VERTEX_POINT('',#12411);
#3780=VERTEX_POINT('',#12418);
#3781=VERTEX_POINT('',#12419);
#3782=VERTEX_POINT('',#12424);
#3783=VERTEX_POINT('',#12425);
#3784=VERTEX_POINT('',#12427);
#3785=VERTEX_POINT('',#12429);
#3786=VERTEX_POINT('',#12433);
#3787=VERTEX_POINT('',#12435);
#3788=VERTEX_POINT('',#12439);
#3789=VERTEX_POINT('',#12440);
#3790=VERTEX_POINT('',#12448);
#3791=VERTEX_POINT('',#12449);
#3792=VERTEX_POINT('',#12451);
#3793=VERTEX_POINT('',#12453);
#3794=VERTEX_POINT('',#12457);
#3795=VERTEX_POINT('',#12458);
#3796=VERTEX_POINT('',#12463);
#3797=VERTEX_POINT('',#12464);
#3798=VERTEX_POINT('',#12469);
#3799=VERTEX_POINT('',#12470);
#3800=VERTEX_POINT('',#12472);
#3801=VERTEX_POINT('',#12474);
#3802=VERTEX_POINT('',#12481);
#3803=VERTEX_POINT('',#12482);
#3804=VERTEX_POINT('',#12487);
#3805=VERTEX_POINT('',#12489);
#3806=VERTEX_POINT('',#12493);
#3807=VERTEX_POINT('',#12494);
#3808=VERTEX_POINT('',#12499);
#3809=VERTEX_POINT('',#12500);
#3810=VERTEX_POINT('',#12505);
#3811=VERTEX_POINT('',#12507);
#3812=VERTEX_POINT('',#12511);
#3813=VERTEX_POINT('',#12512);
#3814=VERTEX_POINT('',#12517);
#3815=VERTEX_POINT('',#12518);
#3816=VERTEX_POINT('',#12523);
#3817=VERTEX_POINT('',#12524);
#3818=VERTEX_POINT('',#12529);
#3819=VERTEX_POINT('',#12530);
#3820=VERTEX_POINT('',#12532);
#3821=VERTEX_POINT('',#12534);
#3822=VERTEX_POINT('',#12541);
#3823=VERTEX_POINT('',#12542);
#3824=VERTEX_POINT('',#12547);
#3825=VERTEX_POINT('',#12549);
#3826=VERTEX_POINT('',#12553);
#3827=VERTEX_POINT('',#12554);
#3828=VERTEX_POINT('',#12556);
#3829=VERTEX_POINT('',#12558);
#3830=VERTEX_POINT('',#12562);
#3831=VERTEX_POINT('',#12563);
#3832=VERTEX_POINT('',#12571);
#3833=VERTEX_POINT('',#12572);
#3834=VERTEX_POINT('',#12577);
#3835=VERTEX_POINT('',#12579);
#3836=VERTEX_POINT('',#12583);
#3837=VERTEX_POINT('',#12585);
#3838=VERTEX_POINT('',#12592);
#3839=VERTEX_POINT('',#12593);
#3840=VERTEX_POINT('',#12601);
#3841=VERTEX_POINT('',#12602);
#3842=VERTEX_POINT('',#12607);
#3843=VERTEX_POINT('',#12608);
#3844=VERTEX_POINT('',#12610);
#3845=VERTEX_POINT('',#12612);
#3846=VERTEX_POINT('',#12619);
#3847=VERTEX_POINT('',#12620);
#3848=VERTEX_POINT('',#12625);
#3849=VERTEX_POINT('',#12627);
#3850=VERTEX_POINT('',#12631);
#3851=VERTEX_POINT('',#12633);
#3852=VERTEX_POINT('',#12637);
#3853=VERTEX_POINT('',#12638);
#3854=VERTEX_POINT('',#12643);
#3855=VERTEX_POINT('',#12644);
#3856=VERTEX_POINT('',#12649);
#3857=VERTEX_POINT('',#12650);
#3858=VERTEX_POINT('',#12655);
#3859=VERTEX_POINT('',#12657);
#3860=VERTEX_POINT('',#12661);
#3861=VERTEX_POINT('',#12662);
#3862=VERTEX_POINT('',#12667);
#3863=VERTEX_POINT('',#12668);
#3864=VERTEX_POINT('',#12670);
#3865=VERTEX_POINT('',#12672);
#3866=VERTEX_POINT('',#12676);
#3867=VERTEX_POINT('',#12678);
#3868=VERTEX_POINT('',#12682);
#3869=VERTEX_POINT('',#12684);
#3870=VERTEX_POINT('',#12688);
#3871=VERTEX_POINT('',#12689);
#3872=VERTEX_POINT('',#12694);
#3873=VERTEX_POINT('',#12695);
#3874=VERTEX_POINT('',#12703);
#3875=VERTEX_POINT('',#12704);
#3876=VERTEX_POINT('',#12709);
#3877=VERTEX_POINT('',#12710);
#3878=VERTEX_POINT('',#12715);
#3879=VERTEX_POINT('',#12716);
#3880=VERTEX_POINT('',#12721);
#3881=VERTEX_POINT('',#12722);
#3882=VERTEX_POINT('',#12727);
#3883=VERTEX_POINT('',#12729);
#3884=VERTEX_POINT('',#12733);
#3885=VERTEX_POINT('',#12734);
#3886=VERTEX_POINT('',#12739);
#3887=VERTEX_POINT('',#12740);
#3888=VERTEX_POINT('',#12745);
#3889=VERTEX_POINT('',#12747);
#3890=VERTEX_POINT('',#12754);
#3891=VERTEX_POINT('',#12756);
#3892=VERTEX_POINT('',#12760);
#3893=VERTEX_POINT('',#12761);
#3894=VERTEX_POINT('',#12769);
#3895=VERTEX_POINT('',#12770);
#3896=VERTEX_POINT('',#12778);
#3897=VERTEX_POINT('',#12780);
#3898=VERTEX_POINT('',#12784);
#3899=VERTEX_POINT('',#12786);
#3900=VERTEX_POINT('',#12790);
#3901=VERTEX_POINT('',#12791);
#3902=VERTEX_POINT('',#12799);
#3903=VERTEX_POINT('',#12801);
#3904=VERTEX_POINT('',#12805);
#3905=VERTEX_POINT('',#12806);
#3906=VERTEX_POINT('',#12814);
#3907=VERTEX_POINT('',#12815);
#3908=VERTEX_POINT('',#13284);
#3909=VERTEX_POINT('',#13286);
#3910=VERTEX_POINT('',#14697);
#3911=VERTEX_POINT('',#14698);
#3912=VERTEX_POINT('',#15302);
#3913=VERTEX_POINT('',#15304);
#3914=VERTEX_POINT('',#15908);
#3915=VERTEX_POINT('',#15909);
#3916=VERTEX_POINT('',#15911);
#3917=VERTEX_POINT('',#15913);
#3918=VERTEX_POINT('',#15917);
#3919=VERTEX_POINT('',#15919);
#3920=VERTEX_POINT('',#15923);
#3921=VERTEX_POINT('',#15925);
#3922=VERTEX_POINT('',#15929);
#3923=VERTEX_POINT('',#15931);
#3924=VERTEX_POINT('',#15935);
#3925=VERTEX_POINT('',#15937);
#3926=VERTEX_POINT('',#15941);
#3927=VERTEX_POINT('',#15942);
#3928=VERTEX_POINT('',#15944);
#3929=VERTEX_POINT('',#15946);
#3930=VERTEX_POINT('',#15950);
#3931=VERTEX_POINT('',#15952);
#3932=VERTEX_POINT('',#15956);
#3933=VERTEX_POINT('',#15958);
#3934=VERTEX_POINT('',#15965);
#3935=VERTEX_POINT('',#15966);
#3936=VERTEX_POINT('',#15968);
#3937=VERTEX_POINT('',#15970);
#3938=VERTEX_POINT('',#15977);
#3939=VERTEX_POINT('',#15978);
#3940=VERTEX_POINT('',#15980);
#3941=VERTEX_POINT('',#15982);
#3942=VERTEX_POINT('',#15989);
#3943=VERTEX_POINT('',#15991);
#3944=VERTEX_POINT('',#15998);
#3945=VERTEX_POINT('',#16000);
#3946=VERTEX_POINT('',#16003);
#3947=VERTEX_POINT('',#16008);
#3948=VERTEX_POINT('',#16011);
#3949=VERTEX_POINT('',#16013);
#3950=VERTEX_POINT('',#16020);
#3951=VERTEX_POINT('',#16023);
#3952=VERTEX_POINT('',#16026);
#3953=VERTEX_POINT('',#16028);
#3954=VERTEX_POINT('',#16030);
#3955=VERTEX_POINT('',#16043);
#3956=VERTEX_POINT('',#16047);
#3957=VERTEX_POINT('',#16051);
#3958=VERTEX_POINT('',#16059);
#3959=VERTEX_POINT('',#16065);
#3960=VERTEX_POINT('',#16073);
#3961=VERTEX_POINT('',#16077);
#3962=VERTEX_POINT('',#16089);
#3963=VERTEX_POINT('',#16099);
#3964=VERTEX_POINT('',#16104);
#3965=VERTEX_POINT('',#16107);
#3966=VERTEX_POINT('',#16109);
#3967=VERTEX_POINT('',#16111);
#3968=LINE('',#9687,#5024);
#3969=LINE('',#9690,#5025);
#3970=LINE('',#9692,#5026);
#3971=LINE('',#9694,#5027);
#3972=LINE('',#9696,#5028);
#3973=LINE('',#9699,#5029);
#3974=LINE('',#9700,#5030);
#3975=LINE('',#9702,#5031);
#3976=LINE('',#9705,#5032);
#3977=LINE('',#9706,#5033);
#3978=LINE('',#9708,#5034);
#3979=LINE('',#9709,#5035);
#3980=LINE('',#9711,#5036);
#3981=LINE('',#9714,#5037);
#3982=LINE('',#9716,#5038);
#3983=LINE('',#9718,#5039);
#3984=LINE('',#9720,#5040);
#3985=LINE('',#9723,#5041);
#3986=LINE('',#9725,#5042);
#3987=LINE('',#9727,#5043);
#3988=LINE('',#9729,#5044);
#3989=LINE('',#9732,#5045);
#3990=LINE('',#9734,#5046);
#3991=LINE('',#9736,#5047);
#3992=LINE('',#9738,#5048);
#3993=LINE('',#9741,#5049);
#3994=LINE('',#9742,#5050);
#3995=LINE('',#9744,#5051);
#3996=LINE('',#9747,#5052);
#3997=LINE('',#9749,#5053);
#3998=LINE('',#9751,#5054);
#3999=LINE('',#9753,#5055);
#4000=LINE('',#9755,#5056);
#4001=LINE('',#9757,#5057);
#4002=LINE('',#9759,#5058);
#4003=LINE('',#9762,#5059);
#4004=LINE('',#9764,#5060);
#4005=LINE('',#9766,#5061);
#4006=LINE('',#9768,#5062);
#4007=LINE('',#9770,#5063);
#4008=LINE('',#9772,#5064);
#4009=LINE('',#9774,#5065);
#4010=LINE('',#9777,#5066);
#4011=LINE('',#9778,#5067);
#4012=LINE('',#9780,#5068);
#4013=LINE('',#9782,#5069);
#4014=LINE('',#9784,#5070);
#4015=LINE('',#9786,#5071);
#4016=LINE('',#9789,#5072);
#4017=LINE('',#9790,#5073);
#4018=LINE('',#9792,#5074);
#4019=LINE('',#9795,#5075);
#4020=LINE('',#9797,#5076);
#4021=LINE('',#9799,#5077);
#4022=LINE('',#9801,#5078);
#4023=LINE('',#9803,#5079);
#4024=LINE('',#9805,#5080);
#4025=LINE('',#9807,#5081);
#4026=LINE('',#9810,#5082);
#4027=LINE('',#9811,#5083);
#4028=LINE('',#9813,#5084);
#4029=LINE('',#9816,#5085);
#4030=LINE('',#9818,#5086);
#4031=LINE('',#9820,#5087);
#4032=LINE('',#9822,#5088);
#4033=LINE('',#9824,#5089);
#4034=LINE('',#9826,#5090);
#4035=LINE('',#9828,#5091);
#4036=LINE('',#9831,#5092);
#4037=LINE('',#9833,#5093);
#4038=LINE('',#9835,#5094);
#4039=LINE('',#9837,#5095);
#4040=LINE('',#9840,#5096);
#4041=LINE('',#9842,#5097);
#4042=LINE('',#9844,#5098);
#4043=LINE('',#9846,#5099);
#4044=LINE('',#9848,#5100);
#4045=LINE('',#9850,#5101);
#4046=LINE('',#9852,#5102);
#4047=LINE('',#9854,#5103);
#4048=LINE('',#9856,#5104);
#4049=LINE('',#9858,#5105);
#4050=LINE('',#9860,#5106);
#4051=LINE('',#9862,#5107);
#4052=LINE('',#9864,#5108);
#4053=LINE('',#9867,#5109);
#4054=LINE('',#9868,#5110);
#4055=LINE('',#9870,#5111);
#4056=LINE('',#9872,#5112);
#4057=LINE('',#9874,#5113);
#4058=LINE('',#9876,#5114);
#4059=LINE('',#9878,#5115);
#4060=LINE('',#9880,#5116);
#4061=LINE('',#9882,#5117);
#4062=LINE('',#9884,#5118);
#4063=LINE('',#9886,#5119);
#4064=LINE('',#9888,#5120);
#4065=LINE('',#9889,#5121);
#4066=LINE('',#9891,#5122);
#4067=LINE('',#9893,#5123);
#4068=LINE('',#9895,#5124);
#4069=LINE('',#9897,#5125);
#4070=LINE('',#9899,#5126);
#4071=LINE('',#9901,#5127);
#4072=LINE('',#9903,#5128);
#4073=LINE('',#9905,#5129);
#4074=LINE('',#9907,#5130);
#4075=LINE('',#9909,#5131);
#4076=LINE('',#9911,#5132);
#4077=LINE('',#9913,#5133);
#4078=LINE('',#9915,#5134);
#4079=LINE('',#9918,#5135);
#4080=LINE('',#9920,#5136);
#4081=LINE('',#9922,#5137);
#4082=LINE('',#9924,#5138);
#4083=LINE('',#9927,#5139);
#4084=LINE('',#9928,#5140);
#4085=LINE('',#9930,#5141);
#4086=LINE('',#9932,#5142);
#4087=LINE('',#9934,#5143);
#4088=LINE('',#9936,#5144);
#4089=LINE('',#9938,#5145);
#4090=LINE('',#9940,#5146);
#4091=LINE('',#9942,#5147);
#4092=LINE('',#9944,#5148);
#4093=LINE('',#9946,#5149);
#4094=LINE('',#9948,#5150);
#4095=LINE('',#9951,#5151);
#4096=LINE('',#9952,#5152);
#4097=LINE('',#9954,#5153);
#4098=LINE('',#9957,#5154);
#4099=LINE('',#9959,#5155);
#4100=LINE('',#9961,#5156);
#4101=LINE('',#9963,#5157);
#4102=LINE('',#9965,#5158);
#4103=LINE('',#9967,#5159);
#4104=LINE('',#9969,#5160);
#4105=LINE('',#9972,#5161);
#4106=LINE('',#9974,#5162);
#4107=LINE('',#9976,#5163);
#4108=LINE('',#9978,#5164);
#4109=LINE('',#9980,#5165);
#4110=LINE('',#9982,#5166);
#4111=LINE('',#9984,#5167);
#4112=LINE('',#9986,#5168);
#4113=LINE('',#9988,#5169);
#4114=LINE('',#9990,#5170);
#4115=LINE('',#9993,#5171);
#4116=LINE('',#9994,#5172);
#4117=LINE('',#9996,#5173);
#4118=LINE('',#9998,#5174);
#4119=LINE('',#10000,#5175);
#4120=LINE('',#10002,#5176);
#4121=LINE('',#10005,#5177);
#4122=LINE('',#10007,#5178);
#4123=LINE('',#10009,#5179);
#4124=LINE('',#10011,#5180);
#4125=LINE('',#10013,#5181);
#4126=LINE('',#10015,#5182);
#4127=LINE('',#10017,#5183);
#4128=LINE('',#10019,#5184);
#4129=LINE('',#10021,#5185);
#4130=LINE('',#10023,#5186);
#4131=LINE('',#10025,#5187);
#4132=LINE('',#10027,#5188);
#4133=LINE('',#10029,#5189);
#4134=LINE('',#10031,#5190);
#4135=LINE('',#10033,#5191);
#4136=LINE('',#10035,#5192);
#4137=LINE('',#10038,#5193);
#4138=LINE('',#10040,#5194);
#4139=LINE('',#10042,#5195);
#4140=LINE('',#10044,#5196);
#4141=LINE('',#10047,#5197);
#4142=LINE('',#10049,#5198);
#4143=LINE('',#10051,#5199);
#4144=LINE('',#10053,#5200);
#4145=LINE('',#10055,#5201);
#4146=LINE('',#10057,#5202);
#4147=LINE('',#10059,#5203);
#4148=LINE('',#10061,#5204);
#4149=LINE('',#10063,#5205);
#4150=LINE('',#10065,#5206);
#4151=LINE('',#10067,#5207);
#4152=LINE('',#10069,#5208);
#4153=LINE('',#10071,#5209);
#4154=LINE('',#10073,#5210);
#4155=LINE('',#10075,#5211);
#4156=LINE('',#10077,#5212);
#4157=LINE('',#10079,#5213);
#4158=LINE('',#10081,#5214);
#4159=LINE('',#10083,#5215);
#4160=LINE('',#10085,#5216);
#4161=LINE('',#10087,#5217);
#4162=LINE('',#10089,#5218);
#4163=LINE('',#10091,#5219);
#4164=LINE('',#10093,#5220);
#4165=LINE('',#10095,#5221);
#4166=LINE('',#10098,#5222);
#4167=LINE('',#10099,#5223);
#4168=LINE('',#10101,#5224);
#4169=LINE('',#10103,#5225);
#4170=LINE('',#10105,#5226);
#4171=LINE('',#10107,#5227);
#4172=LINE('',#10109,#5228);
#4173=LINE('',#10111,#5229);
#4174=LINE('',#10113,#5230);
#4175=LINE('',#10115,#5231);
#4176=LINE('',#10117,#5232);
#4177=LINE('',#10119,#5233);
#4178=LINE('',#10122,#5234);
#4179=LINE('',#10123,#5235);
#4180=LINE('',#10125,#5236);
#4181=LINE('',#10128,#5237);
#4182=LINE('',#10130,#5238);
#4183=LINE('',#10132,#5239);
#4184=LINE('',#10134,#5240);
#4185=LINE('',#10136,#5241);
#4186=LINE('',#10138,#5242);
#4187=LINE('',#10140,#5243);
#4188=LINE('',#10143,#5244);
#4189=LINE('',#10145,#5245);
#4190=LINE('',#10147,#5246);
#4191=LINE('',#10149,#5247);
#4192=LINE('',#10152,#5248);
#4193=LINE('',#10154,#5249);
#4194=LINE('',#10156,#5250);
#4195=LINE('',#10158,#5251);
#4196=LINE('',#10159,#5252);
#4197=LINE('',#10161,#5253);
#4198=LINE('',#10163,#5254);
#4199=LINE('',#10165,#5255);
#4200=LINE('',#10167,#5256);
#4201=LINE('',#10169,#5257);
#4202=LINE('',#10171,#5258);
#4203=LINE('',#10173,#5259);
#4204=LINE('',#10175,#5260);
#4205=LINE('',#10177,#5261);
#4206=LINE('',#10179,#5262);
#4207=LINE('',#10180,#5263);
#4208=LINE('',#10188,#5264);
#4209=LINE('',#10189,#5265);
#4210=LINE('',#10190,#5266);
#4211=LINE('',#10192,#5267);
#4212=LINE('',#10195,#5268);
#4213=LINE('',#10197,#5269);
#4214=LINE('',#10199,#5270);
#4215=LINE('',#10201,#5271);
#4216=LINE('',#10204,#5272);
#4217=LINE('',#10205,#5273);
#4218=LINE('',#10207,#5274);
#4219=LINE('',#10209,#5275);
#4220=LINE('',#10211,#5276);
#4221=LINE('',#10213,#5277);
#4222=LINE('',#10216,#5278);
#4223=LINE('',#10218,#5279);
#4224=LINE('',#10220,#5280);
#4225=LINE('',#10222,#5281);
#4226=LINE('',#10224,#5282);
#4227=LINE('',#10226,#5283);
#4228=LINE('',#10228,#5284);
#4229=LINE('',#10229,#5285);
#4230=LINE('',#10231,#5286);
#4231=LINE('',#10234,#5287);
#4232=LINE('',#10235,#5288);
#4233=LINE('',#10237,#5289);
#4234=LINE('',#10240,#5290);
#4235=LINE('',#10241,#5291);
#4236=LINE('',#10243,#5292);
#4237=LINE('',#10244,#5293);
#4238=LINE('',#10246,#5294);
#4239=LINE('',#10249,#5295);
#4240=LINE('',#10251,#5296);
#4241=LINE('',#10253,#5297);
#4242=LINE('',#10255,#5298);
#4243=LINE('',#10258,#5299);
#4244=LINE('',#10260,#5300);
#4245=LINE('',#10262,#5301);
#4246=LINE('',#10264,#5302);
#4247=LINE('',#10266,#5303);
#4248=LINE('',#10268,#5304);
#4249=LINE('',#10270,#5305);
#4250=LINE('',#10273,#5306);
#4251=LINE('',#10275,#5307);
#4252=LINE('',#10277,#5308);
#4253=LINE('',#10279,#5309);
#4254=LINE('',#10281,#5310);
#4255=LINE('',#10283,#5311);
#4256=LINE('',#10285,#5312);
#4257=LINE('',#10287,#5313);
#4258=LINE('',#10289,#5314);
#4259=LINE('',#10291,#5315);
#4260=LINE('',#10293,#5316);
#4261=LINE('',#10295,#5317);
#4262=LINE('',#10297,#5318);
#4263=LINE('',#10298,#5319);
#4264=LINE('',#10300,#5320);
#4265=LINE('',#10302,#5321);
#4266=LINE('',#10304,#5322);
#4267=LINE('',#10306,#5323);
#4268=LINE('',#10309,#5324);
#4269=LINE('',#10310,#5325);
#4270=LINE('',#10312,#5326);
#4271=LINE('',#10313,#5327);
#4272=LINE('',#10315,#5328);
#4273=LINE('',#10322,#5329);
#4274=LINE('',#10324,#5330);
#4275=LINE('',#10327,#5331);
#4276=LINE('',#10329,#5332);
#4277=LINE('',#10331,#5333);
#4278=LINE('',#10333,#5334);
#4279=LINE('',#10336,#5335);
#4280=LINE('',#10338,#5336);
#4281=LINE('',#10340,#5337);
#4282=LINE('',#10342,#5338);
#4283=LINE('',#10345,#5339);
#4284=LINE('',#10346,#5340);
#4285=LINE('',#10348,#5341);
#4286=LINE('',#10350,#5342);
#4287=LINE('',#10352,#5343);
#4288=LINE('',#10354,#5344);
#4289=LINE('',#10355,#5345);
#4290=LINE('',#10357,#5346);
#4291=LINE('',#10359,#5347);
#4292=LINE('',#10361,#5348);
#4293=LINE('',#10363,#5349);
#4294=LINE('',#10365,#5350);
#4295=LINE('',#10367,#5351);
#4296=LINE('',#10369,#5352);
#4297=LINE('',#10370,#5353);
#4298=LINE('',#10372,#5354);
#4299=LINE('',#10375,#5355);
#4300=LINE('',#10377,#5356);
#4301=LINE('',#10379,#5357);
#4302=LINE('',#10381,#5358);
#4303=LINE('',#10384,#5359);
#4304=LINE('',#10385,#5360);
#4305=LINE('',#10387,#5361);
#4306=LINE('',#10390,#5362);
#4307=LINE('',#10391,#5363);
#4308=LINE('',#10393,#5364);
#4309=LINE('',#10395,#5365);
#4310=LINE('',#10397,#5366);
#4311=LINE('',#10399,#5367);
#4312=LINE('',#10402,#5368);
#4313=LINE('',#10403,#5369);
#4314=LINE('',#10405,#5370);
#4315=LINE('',#10407,#5371);
#4316=LINE('',#10409,#5372);
#4317=LINE('',#10411,#5373);
#4318=LINE('',#10414,#5374);
#4319=LINE('',#10416,#5375);
#4320=LINE('',#10418,#5376);
#4321=LINE('',#10420,#5377);
#4322=LINE('',#10423,#5378);
#4323=LINE('',#10425,#5379);
#4324=LINE('',#10427,#5380);
#4325=LINE('',#10429,#5381);
#4326=LINE('',#10430,#5382);
#4327=LINE('',#10432,#5383);
#4328=LINE('',#10435,#5384);
#4329=LINE('',#10437,#5385);
#4330=LINE('',#10439,#5386);
#4331=LINE('',#10441,#5387);
#4332=LINE('',#10444,#5388);
#4333=LINE('',#10445,#5389);
#4334=LINE('',#10447,#5390);
#4335=LINE('',#11051,#5391);
#4336=LINE('',#11657,#5392);
#4337=LINE('',#11659,#5393);
#4338=LINE('',#11661,#5394);
#4339=LINE('',#11663,#5395);
#4340=LINE('',#11665,#5396);
#4341=LINE('',#11667,#5397);
#4342=LINE('',#11668,#5398);
#4343=LINE('',#11670,#5399);
#4344=LINE('',#11673,#5400);
#4345=LINE('',#11675,#5401);
#4346=LINE('',#11677,#5402);
#4347=LINE('',#11679,#5403);
#4348=LINE('',#11682,#5404);
#4349=LINE('',#11684,#5405);
#4350=LINE('',#11686,#5406);
#4351=LINE('',#11688,#5407);
#4352=LINE('',#11691,#5408);
#4353=LINE('',#11692,#5409);
#4354=LINE('',#11694,#5410);
#4355=LINE('',#11697,#5411);
#4356=LINE('',#11699,#5412);
#4357=LINE('',#11701,#5413);
#4358=LINE('',#11703,#5414);
#4359=LINE('',#11706,#5415);
#4360=LINE('',#11708,#5416);
#4361=LINE('',#11710,#5417);
#4362=LINE('',#11712,#5418);
#4363=LINE('',#11715,#5419);
#4364=LINE('',#11716,#5420);
#4365=LINE('',#11718,#5421);
#4366=LINE('',#11721,#5422);
#4367=LINE('',#11723,#5423);
#4368=LINE('',#11725,#5424);
#4369=LINE('',#11727,#5425);
#4370=LINE('',#11730,#5426);
#4371=LINE('',#11732,#5427);
#4372=LINE('',#11734,#5428);
#4373=LINE('',#11736,#5429);
#4374=LINE('',#11739,#5430);
#4375=LINE('',#11740,#5431);
#4376=LINE('',#11742,#5432);
#4377=LINE('',#11744,#5433);
#4378=LINE('',#11746,#5434);
#4379=LINE('',#11748,#5435);
#4380=LINE('',#11750,#5436);
#4381=LINE('',#11752,#5437);
#4382=LINE('',#11754,#5438);
#4383=LINE('',#11757,#5439);
#4384=LINE('',#11759,#5440);
#4385=LINE('',#11761,#5441);
#4386=LINE('',#11763,#5442);
#4387=LINE('',#11765,#5443);
#4388=LINE('',#11767,#5444);
#4389=LINE('',#11769,#5445);
#4390=LINE('',#11772,#5446);
#4391=LINE('',#11773,#5447);
#4392=LINE('',#11775,#5448);
#4393=LINE('',#11778,#5449);
#4394=LINE('',#11780,#5450);
#4395=LINE('',#11782,#5451);
#4396=LINE('',#11784,#5452);
#4397=LINE('',#11787,#5453);
#4398=LINE('',#11788,#5454);
#4399=LINE('',#11790,#5455);
#4400=LINE('',#11792,#5456);
#4401=LINE('',#11794,#5457);
#4402=LINE('',#11796,#5458);
#4403=LINE('',#11799,#5459);
#4404=LINE('',#11800,#5460);
#4405=LINE('',#11802,#5461);
#4406=LINE('',#11805,#5462);
#4407=LINE('',#11807,#5463);
#4408=LINE('',#11809,#5464);
#4409=LINE('',#11811,#5465);
#4410=LINE('',#11813,#5466);
#4411=LINE('',#11815,#5467);
#4412=LINE('',#11817,#5468);
#4413=LINE('',#11820,#5469);
#4414=LINE('',#11821,#5470);
#4415=LINE('',#11823,#5471);
#4416=LINE('',#11824,#5472);
#4417=LINE('',#11826,#5473);
#4418=LINE('',#11829,#5474);
#4419=LINE('',#11830,#5475);
#4420=LINE('',#11832,#5476);
#4421=LINE('',#11834,#5477);
#4422=LINE('',#11836,#5478);
#4423=LINE('',#11838,#5479);
#4424=LINE('',#11840,#5480);
#4425=LINE('',#11842,#5481);
#4426=LINE('',#11844,#5482);
#4427=LINE('',#11847,#5483);
#4428=LINE('',#11849,#5484);
#4429=LINE('',#11851,#5485);
#4430=LINE('',#11853,#5486);
#4431=LINE('',#11856,#5487);
#4432=LINE('',#11858,#5488);
#4433=LINE('',#11860,#5489);
#4434=LINE('',#11862,#5490);
#4435=LINE('',#11865,#5491);
#4436=LINE('',#11867,#5492);
#4437=LINE('',#11869,#5493);
#4438=LINE('',#11871,#5494);
#4439=LINE('',#11873,#5495);
#4440=LINE('',#11875,#5496);
#4441=LINE('',#11877,#5497);
#4442=LINE('',#11880,#5498);
#4443=LINE('',#11882,#5499);
#4444=LINE('',#11884,#5500);
#4445=LINE('',#11886,#5501);
#4446=LINE('',#11887,#5502);
#4447=LINE('',#11889,#5503);
#4448=LINE('',#11892,#5504);
#4449=LINE('',#11894,#5505);
#4450=LINE('',#11896,#5506);
#4451=LINE('',#11898,#5507);
#4452=LINE('',#11901,#5508);
#4453=LINE('',#11902,#5509);
#4454=LINE('',#11904,#5510);
#4455=LINE('',#11906,#5511);
#4456=LINE('',#11908,#5512);
#4457=LINE('',#11910,#5513);
#4458=LINE('',#11913,#5514);
#4459=LINE('',#11914,#5515);
#4460=LINE('',#11916,#5516);
#4461=LINE('',#11919,#5517);
#4462=LINE('',#11920,#5518);
#4463=LINE('',#11922,#5519);
#4464=LINE('',#11924,#5520);
#4465=LINE('',#11926,#5521);
#4466=LINE('',#11928,#5522);
#4467=LINE('',#11931,#5523);
#4468=LINE('',#11932,#5524);
#4469=LINE('',#11934,#5525);
#4470=LINE('',#11937,#5526);
#4471=LINE('',#11939,#5527);
#4472=LINE('',#11941,#5528);
#4473=LINE('',#11943,#5529);
#4474=LINE('',#11946,#5530);
#4475=LINE('',#11948,#5531);
#4476=LINE('',#11950,#5532);
#4477=LINE('',#11952,#5533);
#4478=LINE('',#11955,#5534);
#4479=LINE('',#11956,#5535);
#4480=LINE('',#11958,#5536);
#4481=LINE('',#11961,#5537);
#4482=LINE('',#11962,#5538);
#4483=LINE('',#11964,#5539);
#4484=LINE('',#11965,#5540);
#4485=LINE('',#11967,#5541);
#4486=LINE('',#11970,#5542);
#4487=LINE('',#11971,#5543);
#4488=LINE('',#11973,#5544);
#4489=LINE('',#11975,#5545);
#4490=LINE('',#11977,#5546);
#4491=LINE('',#11979,#5547);
#4492=LINE('',#11980,#5548);
#4493=LINE('',#11982,#5549);
#4494=LINE('',#11985,#5550);
#4495=LINE('',#11986,#5551);
#4496=LINE('',#11988,#5552);
#4497=LINE('',#11989,#5553);
#4498=LINE('',#11991,#5554);
#4499=LINE('',#11993,#5555);
#4500=LINE('',#11995,#5556);
#4501=LINE('',#11997,#5557);
#4502=LINE('',#11998,#5558);
#4503=LINE('',#12000,#5559);
#4504=LINE('',#12002,#5560);
#4505=LINE('',#12004,#5561);
#4506=LINE('',#12006,#5562);
#4507=LINE('',#12008,#5563);
#4508=LINE('',#12010,#5564);
#4509=LINE('',#12012,#5565);
#4510=LINE('',#12015,#5566);
#4511=LINE('',#12016,#5567);
#4512=LINE('',#12018,#5568);
#4513=LINE('',#12021,#5569);
#4514=LINE('',#12022,#5570);
#4515=LINE('',#12024,#5571);
#4516=LINE('',#12025,#5572);
#4517=LINE('',#12027,#5573);
#4518=LINE('',#12029,#5574);
#4519=LINE('',#12031,#5575);
#4520=LINE('',#12033,#5576);
#4521=LINE('',#12034,#5577);
#4522=LINE('',#12036,#5578);
#4523=LINE('',#12038,#5579);
#4524=LINE('',#12040,#5580);
#4525=LINE('',#12042,#5581);
#4526=LINE('',#12044,#5582);
#4527=LINE('',#12046,#5583);
#4528=LINE('',#12048,#5584);
#4529=LINE('',#12050,#5585);
#4530=LINE('',#12052,#5586);
#4531=LINE('',#12054,#5587);
#4532=LINE('',#12057,#5588);
#4533=LINE('',#12059,#5589);
#4534=LINE('',#12061,#5590);
#4535=LINE('',#12063,#5591);
#4536=LINE('',#12066,#5592);
#4537=LINE('',#12067,#5593);
#4538=LINE('',#12069,#5594);
#4539=LINE('',#12071,#5595);
#4540=LINE('',#12073,#5596);
#4541=LINE('',#12075,#5597);
#4542=LINE('',#12077,#5598);
#4543=LINE('',#12079,#5599);
#4544=LINE('',#12081,#5600);
#4545=LINE('',#12084,#5601);
#4546=LINE('',#12085,#5602);
#4547=LINE('',#12087,#5603);
#4548=LINE('',#12088,#5604);
#4549=LINE('',#12090,#5605);
#4550=LINE('',#12093,#5606);
#4551=LINE('',#12094,#5607);
#4552=LINE('',#12096,#5608);
#4553=LINE('',#12099,#5609);
#4554=LINE('',#12100,#5610);
#4555=LINE('',#12102,#5611);
#4556=LINE('',#12105,#5612);
#4557=LINE('',#12107,#5613);
#4558=LINE('',#12109,#5614);
#4559=LINE('',#12112,#5615);
#4560=LINE('',#12113,#5616);
#4561=LINE('',#12115,#5617);
#4562=LINE('',#12118,#5618);
#4563=LINE('',#12119,#5619);
#4564=LINE('',#12121,#5620);
#4565=LINE('',#12123,#5621);
#4566=LINE('',#12125,#5622);
#4567=LINE('',#12127,#5623);
#4568=LINE('',#12129,#5624);
#4569=LINE('',#12131,#5625);
#4570=LINE('',#12133,#5626);
#4571=LINE('',#12135,#5627);
#4572=LINE('',#12137,#5628);
#4573=LINE('',#12139,#5629);
#4574=LINE('',#12141,#5630);
#4575=LINE('',#12143,#5631);
#4576=LINE('',#12145,#5632);
#4577=LINE('',#12148,#5633);
#4578=LINE('',#12149,#5634);
#4579=LINE('',#12151,#5635);
#4580=LINE('',#12152,#5636);
#4581=LINE('',#12159,#5637);
#4582=LINE('',#12166,#5638);
#4583=LINE('',#12168,#5639);
#4584=LINE('',#12169,#5640);
#4585=LINE('',#12171,#5641);
#4586=LINE('',#12174,#5642);
#4587=LINE('',#12175,#5643);
#4588=LINE('',#12177,#5644);
#4589=LINE('',#12179,#5645);
#4590=LINE('',#12181,#5646);
#4591=LINE('',#12188,#5647);
#4592=LINE('',#12195,#5648);
#4593=LINE('',#12198,#5649);
#4594=LINE('',#12199,#5650);
#4595=LINE('',#12201,#5651);
#4596=LINE('',#12202,#5652);
#4597=LINE('',#12204,#5653);
#4598=LINE('',#12206,#5654);
#4599=LINE('',#12208,#5655);
#4600=LINE('',#12210,#5656);
#4601=LINE('',#12212,#5657);
#4602=LINE('',#12214,#5658);
#4603=LINE('',#12216,#5659);
#4604=LINE('',#12219,#5660);
#4605=LINE('',#12220,#5661);
#4606=LINE('',#12222,#5662);
#4607=LINE('',#12225,#5663);
#4608=LINE('',#12226,#5664);
#4609=LINE('',#12228,#5665);
#4610=LINE('',#12229,#5666);
#4611=LINE('',#12231,#5667);
#4612=LINE('',#12234,#5668);
#4613=LINE('',#12235,#5669);
#4614=LINE('',#12237,#5670);
#4615=LINE('',#12240,#5671);
#4616=LINE('',#12242,#5672);
#4617=LINE('',#12244,#5673);
#4618=LINE('',#12246,#5674);
#4619=LINE('',#12249,#5675);
#4620=LINE('',#12250,#5676);
#4621=LINE('',#12252,#5677);
#4622=LINE('',#12253,#5678);
#4623=LINE('',#12255,#5679);
#4624=LINE('',#12258,#5680);
#4625=LINE('',#12260,#5681);
#4626=LINE('',#12262,#5682);
#4627=LINE('',#12264,#5683);
#4628=LINE('',#12267,#5684);
#4629=LINE('',#12268,#5685);
#4630=LINE('',#12270,#5686);
#4631=LINE('',#12272,#5687);
#4632=LINE('',#12274,#5688);
#4633=LINE('',#12276,#5689);
#4634=LINE('',#12279,#5690);
#4635=LINE('',#12281,#5691);
#4636=LINE('',#12283,#5692);
#4637=LINE('',#12285,#5693);
#4638=LINE('',#12288,#5694);
#4639=LINE('',#12289,#5695);
#4640=LINE('',#12291,#5696);
#4641=LINE('',#12294,#5697);
#4642=LINE('',#12295,#5698);
#4643=LINE('',#12297,#5699);
#4644=LINE('',#12298,#5700);
#4645=LINE('',#12300,#5701);
#4646=LINE('',#12302,#5702);
#4647=LINE('',#12304,#5703);
#4648=LINE('',#12306,#5704);
#4649=LINE('',#12308,#5705);
#4650=LINE('',#12310,#5706);
#4651=LINE('',#12312,#5707);
#4652=LINE('',#12313,#5708);
#4653=LINE('',#12315,#5709);
#4654=LINE('',#12317,#5710);
#4655=LINE('',#12319,#5711);
#4656=LINE('',#12321,#5712);
#4657=LINE('',#12322,#5713);
#4658=LINE('',#12324,#5714);
#4659=LINE('',#12326,#5715);
#4660=LINE('',#12328,#5716);
#4661=LINE('',#12330,#5717);
#4662=LINE('',#12331,#5718);
#4663=LINE('',#12333,#5719);
#4664=LINE('',#12336,#5720);
#4665=LINE('',#12337,#5721);
#4666=LINE('',#12339,#5722);
#4667=LINE('',#12342,#5723);
#4668=LINE('',#12343,#5724);
#4669=LINE('',#12345,#5725);
#4670=LINE('',#12347,#5726);
#4671=LINE('',#12349,#5727);
#4672=LINE('',#12351,#5728);
#4673=LINE('',#12352,#5729);
#4674=LINE('',#12354,#5730);
#4675=LINE('',#12357,#5731);
#4676=LINE('',#12359,#5732);
#4677=LINE('',#12361,#5733);
#4678=LINE('',#12363,#5734);
#4679=LINE('',#12366,#5735);
#4680=LINE('',#12367,#5736);
#4681=LINE('',#12369,#5737);
#4682=LINE('',#12372,#5738);
#4683=LINE('',#12373,#5739);
#4684=LINE('',#12375,#5740);
#4685=LINE('',#12378,#5741);
#4686=LINE('',#12380,#5742);
#4687=LINE('',#12382,#5743);
#4688=LINE('',#12384,#5744);
#4689=LINE('',#12387,#5745);
#4690=LINE('',#12388,#5746);
#4691=LINE('',#12390,#5747);
#4692=LINE('',#12391,#5748);
#4693=LINE('',#12393,#5749);
#4694=LINE('',#12396,#5750);
#4695=LINE('',#12398,#5751);
#4696=LINE('',#12400,#5752);
#4697=LINE('',#12402,#5753);
#4698=LINE('',#12405,#5754);
#4699=LINE('',#12406,#5755);
#4700=LINE('',#12408,#5756);
#4701=LINE('',#12410,#5757);
#4702=LINE('',#12412,#5758);
#4703=LINE('',#12414,#5759);
#4704=LINE('',#12415,#5760);
#4705=LINE('',#12417,#5761);
#4706=LINE('',#12420,#5762);
#4707=LINE('',#12421,#5763);
#4708=LINE('',#12423,#5764);
#4709=LINE('',#12426,#5765);
#4710=LINE('',#12428,#5766);
#4711=LINE('',#12430,#5767);
#4712=LINE('',#12432,#5768);
#4713=LINE('',#12434,#5769);
#4714=LINE('',#12436,#5770);
#4715=LINE('',#12438,#5771);
#4716=LINE('',#12441,#5772);
#4717=LINE('',#12442,#5773);
#4718=LINE('',#12444,#5774);
#4719=LINE('',#12445,#5775);
#4720=LINE('',#12447,#5776);
#4721=LINE('',#12450,#5777);
#4722=LINE('',#12452,#5778);
#4723=LINE('',#12454,#5779);
#4724=LINE('',#12456,#5780);
#4725=LINE('',#12459,#5781);
#4726=LINE('',#12460,#5782);
#4727=LINE('',#12462,#5783);
#4728=LINE('',#12465,#5784);
#4729=LINE('',#12466,#5785);
#4730=LINE('',#12468,#5786);
#4731=LINE('',#12471,#5787);
#4732=LINE('',#12473,#5788);
#4733=LINE('',#12475,#5789);
#4734=LINE('',#12477,#5790);
#4735=LINE('',#12478,#5791);
#4736=LINE('',#12480,#5792);
#4737=LINE('',#12483,#5793);
#4738=LINE('',#12484,#5794);
#4739=LINE('',#12486,#5795);
#4740=LINE('',#12488,#5796);
#4741=LINE('',#12490,#5797);
#4742=LINE('',#12492,#5798);
#4743=LINE('',#12495,#5799);
#4744=LINE('',#12496,#5800);
#4745=LINE('',#12498,#5801);
#4746=LINE('',#12501,#5802);
#4747=LINE('',#12502,#5803);
#4748=LINE('',#12504,#5804);
#4749=LINE('',#12506,#5805);
#4750=LINE('',#12508,#5806);
#4751=LINE('',#12510,#5807);
#4752=LINE('',#12513,#5808);
#4753=LINE('',#12514,#5809);
#4754=LINE('',#12516,#5810);
#4755=LINE('',#12519,#5811);
#4756=LINE('',#12520,#5812);
#4757=LINE('',#12522,#5813);
#4758=LINE('',#12525,#5814);
#4759=LINE('',#12526,#5815);
#4760=LINE('',#12528,#5816);
#4761=LINE('',#12531,#5817);
#4762=LINE('',#12533,#5818);
#4763=LINE('',#12535,#5819);
#4764=LINE('',#12537,#5820);
#4765=LINE('',#12538,#5821);
#4766=LINE('',#12540,#5822);
#4767=LINE('',#12543,#5823);
#4768=LINE('',#12544,#5824);
#4769=LINE('',#12546,#5825);
#4770=LINE('',#12548,#5826);
#4771=LINE('',#12550,#5827);
#4772=LINE('',#12552,#5828);
#4773=LINE('',#12555,#5829);
#4774=LINE('',#12557,#5830);
#4775=LINE('',#12559,#5831);
#4776=LINE('',#12561,#5832);
#4777=LINE('',#12564,#5833);
#4778=LINE('',#12565,#5834);
#4779=LINE('',#12567,#5835);
#4780=LINE('',#12568,#5836);
#4781=LINE('',#12570,#5837);
#4782=LINE('',#12573,#5838);
#4783=LINE('',#12574,#5839);
#4784=LINE('',#12576,#5840);
#4785=LINE('',#12578,#5841);
#4786=LINE('',#12580,#5842);
#4787=LINE('',#12582,#5843);
#4788=LINE('',#12584,#5844);
#4789=LINE('',#12586,#5845);
#4790=LINE('',#12588,#5846);
#4791=LINE('',#12589,#5847);
#4792=LINE('',#12591,#5848);
#4793=LINE('',#12594,#5849);
#4794=LINE('',#12595,#5850);
#4795=LINE('',#12597,#5851);
#4796=LINE('',#12598,#5852);
#4797=LINE('',#12600,#5853);
#4798=LINE('',#12603,#5854);
#4799=LINE('',#12604,#5855);
#4800=LINE('',#12606,#5856);
#4801=LINE('',#12609,#5857);
#4802=LINE('',#12611,#5858);
#4803=LINE('',#12613,#5859);
#4804=LINE('',#12615,#5860);
#4805=LINE('',#12616,#5861);
#4806=LINE('',#12618,#5862);
#4807=LINE('',#12621,#5863);
#4808=LINE('',#12622,#5864);
#4809=LINE('',#12624,#5865);
#4810=LINE('',#12626,#5866);
#4811=LINE('',#12628,#5867);
#4812=LINE('',#12630,#5868);
#4813=LINE('',#12632,#5869);
#4814=LINE('',#12634,#5870);
#4815=LINE('',#12636,#5871);
#4816=LINE('',#12639,#5872);
#4817=LINE('',#12640,#5873);
#4818=LINE('',#12642,#5874);
#4819=LINE('',#12645,#5875);
#4820=LINE('',#12646,#5876);
#4821=LINE('',#12648,#5877);
#4822=LINE('',#12651,#5878);
#4823=LINE('',#12652,#5879);
#4824=LINE('',#12654,#5880);
#4825=LINE('',#12656,#5881);
#4826=LINE('',#12658,#5882);
#4827=LINE('',#12660,#5883);
#4828=LINE('',#12663,#5884);
#4829=LINE('',#12664,#5885);
#4830=LINE('',#12666,#5886);
#4831=LINE('',#12669,#5887);
#4832=LINE('',#12671,#5888);
#4833=LINE('',#12673,#5889);
#4834=LINE('',#12675,#5890);
#4835=LINE('',#12677,#5891);
#4836=LINE('',#12679,#5892);
#4837=LINE('',#12681,#5893);
#4838=LINE('',#12683,#5894);
#4839=LINE('',#12685,#5895);
#4840=LINE('',#12687,#5896);
#4841=LINE('',#12690,#5897);
#4842=LINE('',#12691,#5898);
#4843=LINE('',#12693,#5899);
#4844=LINE('',#12696,#5900);
#4845=LINE('',#12697,#5901);
#4846=LINE('',#12699,#5902);
#4847=LINE('',#12700,#5903);
#4848=LINE('',#12702,#5904);
#4849=LINE('',#12705,#5905);
#4850=LINE('',#12706,#5906);
#4851=LINE('',#12708,#5907);
#4852=LINE('',#12711,#5908);
#4853=LINE('',#12712,#5909);
#4854=LINE('',#12714,#5910);
#4855=LINE('',#12717,#5911);
#4856=LINE('',#12718,#5912);
#4857=LINE('',#12720,#5913);
#4858=LINE('',#12723,#5914);
#4859=LINE('',#12724,#5915);
#4860=LINE('',#12726,#5916);
#4861=LINE('',#12728,#5917);
#4862=LINE('',#12730,#5918);
#4863=LINE('',#12732,#5919);
#4864=LINE('',#12735,#5920);
#4865=LINE('',#12736,#5921);
#4866=LINE('',#12738,#5922);
#4867=LINE('',#12741,#5923);
#4868=LINE('',#12742,#5924);
#4869=LINE('',#12744,#5925);
#4870=LINE('',#12746,#5926);
#4871=LINE('',#12748,#5927);
#4872=LINE('',#12750,#5928);
#4873=LINE('',#12751,#5929);
#4874=LINE('',#12753,#5930);
#4875=LINE('',#12755,#5931);
#4876=LINE('',#12757,#5932);
#4877=LINE('',#12759,#5933);
#4878=LINE('',#12762,#5934);
#4879=LINE('',#12763,#5935);
#4880=LINE('',#12765,#5936);
#4881=LINE('',#12766,#5937);
#4882=LINE('',#12768,#5938);
#4883=LINE('',#12771,#5939);
#4884=LINE('',#12772,#5940);
#4885=LINE('',#12774,#5941);
#4886=LINE('',#12775,#5942);
#4887=LINE('',#12777,#5943);
#4888=LINE('',#12779,#5944);
#4889=LINE('',#12781,#5945);
#4890=LINE('',#12783,#5946);
#4891=LINE('',#12785,#5947);
#4892=LINE('',#12787,#5948);
#4893=LINE('',#12789,#5949);
#4894=LINE('',#12792,#5950);
#4895=LINE('',#12793,#5951);
#4896=LINE('',#12795,#5952);
#4897=LINE('',#12796,#5953);
#4898=LINE('',#12798,#5954);
#4899=LINE('',#12800,#5955);
#4900=LINE('',#12802,#5956);
#4901=LINE('',#12804,#5957);
#4902=LINE('',#12807,#5958);
#4903=LINE('',#12808,#5959);
#4904=LINE('',#12810,#5960);
#4905=LINE('',#12811,#5961);
#4906=LINE('',#12813,#5962);
#4907=LINE('',#13285,#5963);
#4908=LINE('',#14692,#5964);
#4909=LINE('',#14693,#5965);
#4910=LINE('',#14694,#5966);
#4911=LINE('',#14696,#5967);
#4912=LINE('',#15303,#5968);
#4913=LINE('',#15305,#5969);
#4914=LINE('',#15907,#5970);
#4915=LINE('',#15910,#5971);
#4916=LINE('',#15912,#5972);
#4917=LINE('',#15914,#5973);
#4918=LINE('',#15916,#5974);
#4919=LINE('',#15918,#5975);
#4920=LINE('',#15920,#5976);
#4921=LINE('',#15922,#5977);
#4922=LINE('',#15924,#5978);
#4923=LINE('',#15926,#5979);
#4924=LINE('',#15928,#5980);
#4925=LINE('',#15930,#5981);
#4926=LINE('',#15932,#5982);
#4927=LINE('',#15934,#5983);
#4928=LINE('',#15936,#5984);
#4929=LINE('',#15938,#5985);
#4930=LINE('',#15940,#5986);
#4931=LINE('',#15943,#5987);
#4932=LINE('',#15945,#5988);
#4933=LINE('',#15947,#5989);
#4934=LINE('',#15949,#5990);
#4935=LINE('',#15951,#5991);
#4936=LINE('',#15953,#5992);
#4937=LINE('',#15955,#5993);
#4938=LINE('',#15957,#5994);
#4939=LINE('',#15959,#5995);
#4940=LINE('',#15961,#5996);
#4941=LINE('',#15962,#5997);
#4942=LINE('',#15964,#5998);
#4943=LINE('',#15967,#5999);
#4944=LINE('',#15969,#6000);
#4945=LINE('',#15971,#6001);
#4946=LINE('',#15973,#6002);
#4947=LINE('',#15974,#6003);
#4948=LINE('',#15976,#6004);
#4949=LINE('',#15979,#6005);
#4950=LINE('',#15981,#6006);
#4951=LINE('',#15983,#6007);
#4952=LINE('',#15985,#6008);
#4953=LINE('',#15986,#6009);
#4954=LINE('',#15988,#6010);
#4955=LINE('',#15990,#6011);
#4956=LINE('',#15992,#6012);
#4957=LINE('',#15994,#6013);
#4958=LINE('',#15995,#6014);
#4959=LINE('',#15997,#6015);
#4960=LINE('',#15999,#6016);
#4961=LINE('',#16001,#6017);
#4962=LINE('',#16002,#6018);
#4963=LINE('',#16004,#6019);
#4964=LINE('',#16005,#6020);
#4965=LINE('',#16006,#6021);
#4966=LINE('',#16007,#6022);
#4967=LINE('',#16009,#6023);
#4968=LINE('',#16010,#6024);
#4969=LINE('',#16012,#6025);
#4970=LINE('',#16014,#6026);
#4971=LINE('',#16015,#6027);
#4972=LINE('',#16016,#6028);
#4973=LINE('',#16017,#6029);
#4974=LINE('',#16018,#6030);
#4975=LINE('',#16019,#6031);
#4976=LINE('',#16021,#6032);
#4977=LINE('',#16022,#6033);
#4978=LINE('',#16024,#6034);
#4979=LINE('',#16025,#6035);
#4980=LINE('',#16027,#6036);
#4981=LINE('',#16029,#6037);
#4982=LINE('',#16031,#6038);
#4983=LINE('',#16032,#6039);
#4984=LINE('',#16042,#6040);
#4985=LINE('',#16044,#6041);
#4986=LINE('',#16046,#6042);
#4987=LINE('',#16048,#6043);
#4988=LINE('',#16050,#6044);
#4989=LINE('',#16052,#6045);
#4990=LINE('',#16054,#6046);
#4991=LINE('',#16056,#6047);
#4992=LINE('',#16058,#6048);
#4993=LINE('',#16060,#6049);
#4994=LINE('',#16062,#6050);
#4995=LINE('',#16064,#6051);
#4996=LINE('',#16066,#6052);
#4997=LINE('',#16068,#6053);
#4998=LINE('',#16070,#6054);
#4999=LINE('',#16072,#6055);
#5000=LINE('',#16074,#6056);
#5001=LINE('',#16076,#6057);
#5002=LINE('',#16078,#6058);
#5003=LINE('',#16080,#6059);
#5004=LINE('',#16082,#6060);
#5005=LINE('',#16084,#6061);
#5006=LINE('',#16086,#6062);
#5007=LINE('',#16088,#6063);
#5008=LINE('',#16090,#6064);
#5009=LINE('',#16092,#6065);
#5010=LINE('',#16094,#6066);
#5011=LINE('',#16096,#6067);
#5012=LINE('',#16098,#6068);
#5013=LINE('',#16100,#6069);
#5014=LINE('',#16102,#6070);
#5015=LINE('',#16103,#6071);
#5016=LINE('',#16105,#6072);
#5017=LINE('',#16106,#6073);
#5018=LINE('',#16108,#6074);
#5019=LINE('',#16110,#6075);
#5020=LINE('',#16112,#6076);
#5021=LINE('',#16114,#6077);
#5022=LINE('',#16117,#6078);
#5023=LINE('',#16120,#6079);
#5024=VECTOR('',#7919,1.);
#5025=VECTOR('',#7920,1.);
#5026=VECTOR('',#7921,1.);
#5027=VECTOR('',#7922,1.);
#5028=VECTOR('',#7925,1.);
#5029=VECTOR('',#7926,1.);
#5030=VECTOR('',#7927,1.);
#5031=VECTOR('',#7930,1.);
#5032=VECTOR('',#7931,1.);
#5033=VECTOR('',#7932,1.);
#5034=VECTOR('',#7935,1.);
#5035=VECTOR('',#7936,1.);
#5036=VECTOR('',#7939,1.);
#5037=VECTOR('',#7940,1.);
#5038=VECTOR('',#7941,1.);
#5039=VECTOR('',#7942,1.);
#5040=VECTOR('',#7945,1.);
#5041=VECTOR('',#7946,1.);
#5042=VECTOR('',#7947,1.);
#5043=VECTOR('',#7948,1.);
#5044=VECTOR('',#7951,1.);
#5045=VECTOR('',#7952,1.);
#5046=VECTOR('',#7953,1.);
#5047=VECTOR('',#7954,1.);
#5048=VECTOR('',#7957,1.);
#5049=VECTOR('',#7958,1.);
#5050=VECTOR('',#7959,1.);
#5051=VECTOR('',#7962,1.);
#5052=VECTOR('',#7963,1.);
#5053=VECTOR('',#7964,1.);
#5054=VECTOR('',#7965,1.);
#5055=VECTOR('',#7968,1.);
#5056=VECTOR('',#7969,1.);
#5057=VECTOR('',#7970,1.);
#5058=VECTOR('',#7973,1.);
#5059=VECTOR('',#7974,1.);
#5060=VECTOR('',#7975,1.);
#5061=VECTOR('',#7976,1.);
#5062=VECTOR('',#7979,1.);
#5063=VECTOR('',#7980,1.);
#5064=VECTOR('',#7981,1.);
#5065=VECTOR('',#7984,1.);
#5066=VECTOR('',#7985,1.);
#5067=VECTOR('',#7986,1.);
#5068=VECTOR('',#7989,1.);
#5069=VECTOR('',#7990,1.);
#5070=VECTOR('',#7991,1.);
#5071=VECTOR('',#7994,1.);
#5072=VECTOR('',#7995,1.);
#5073=VECTOR('',#7996,1.);
#5074=VECTOR('',#7999,1.);
#5075=VECTOR('',#8000,1.);
#5076=VECTOR('',#8001,1.);
#5077=VECTOR('',#8002,1.);
#5078=VECTOR('',#8005,1.);
#5079=VECTOR('',#8006,1.);
#5080=VECTOR('',#8007,1.);
#5081=VECTOR('',#8010,1.);
#5082=VECTOR('',#8011,1.);
#5083=VECTOR('',#8012,1.);
#5084=VECTOR('',#8015,1.);
#5085=VECTOR('',#8016,1.);
#5086=VECTOR('',#8017,1.);
#5087=VECTOR('',#8018,1.);
#5088=VECTOR('',#8021,1.);
#5089=VECTOR('',#8022,1.);
#5090=VECTOR('',#8023,1.);
#5091=VECTOR('',#8026,1.);
#5092=VECTOR('',#8027,1.);
#5093=VECTOR('',#8028,1.);
#5094=VECTOR('',#8029,1.);
#5095=VECTOR('',#8032,1.);
#5096=VECTOR('',#8033,1.);
#5097=VECTOR('',#8034,1.);
#5098=VECTOR('',#8035,1.);
#5099=VECTOR('',#8038,1.);
#5100=VECTOR('',#8039,1.);
#5101=VECTOR('',#8040,1.);
#5102=VECTOR('',#8043,1.);
#5103=VECTOR('',#8044,1.);
#5104=VECTOR('',#8045,1.);
#5105=VECTOR('',#8048,1.);
#5106=VECTOR('',#8049,1.);
#5107=VECTOR('',#8050,1.);
#5108=VECTOR('',#8053,1.);
#5109=VECTOR('',#8054,1.);
#5110=VECTOR('',#8055,1.);
#5111=VECTOR('',#8058,1.);
#5112=VECTOR('',#8059,1.);
#5113=VECTOR('',#8060,1.);
#5114=VECTOR('',#8063,1.);
#5115=VECTOR('',#8064,1.);
#5116=VECTOR('',#8065,1.);
#5117=VECTOR('',#8068,1.);
#5118=VECTOR('',#8069,1.);
#5119=VECTOR('',#8070,1.);
#5120=VECTOR('',#8073,1.);
#5121=VECTOR('',#8074,1.);
#5122=VECTOR('',#8077,1.);
#5123=VECTOR('',#8078,1.);
#5124=VECTOR('',#8079,1.);
#5125=VECTOR('',#8082,1.);
#5126=VECTOR('',#8083,1.);
#5127=VECTOR('',#8084,1.);
#5128=VECTOR('',#8087,1.);
#5129=VECTOR('',#8088,1.);
#5130=VECTOR('',#8089,1.);
#5131=VECTOR('',#8092,1.);
#5132=VECTOR('',#8093,1.);
#5133=VECTOR('',#8094,1.);
#5134=VECTOR('',#8097,1.);
#5135=VECTOR('',#8098,1.);
#5136=VECTOR('',#8099,1.);
#5137=VECTOR('',#8100,1.);
#5138=VECTOR('',#8103,1.);
#5139=VECTOR('',#8104,1.);
#5140=VECTOR('',#8105,1.);
#5141=VECTOR('',#8108,1.);
#5142=VECTOR('',#8109,1.);
#5143=VECTOR('',#8110,1.);
#5144=VECTOR('',#8113,1.);
#5145=VECTOR('',#8114,1.);
#5146=VECTOR('',#8115,1.);
#5147=VECTOR('',#8118,1.);
#5148=VECTOR('',#8119,1.);
#5149=VECTOR('',#8120,1.);
#5150=VECTOR('',#8123,1.);
#5151=VECTOR('',#8124,1.);
#5152=VECTOR('',#8125,1.);
#5153=VECTOR('',#8128,1.);
#5154=VECTOR('',#8129,1.);
#5155=VECTOR('',#8130,1.);
#5156=VECTOR('',#8131,1.);
#5157=VECTOR('',#8134,1.);
#5158=VECTOR('',#8135,1.);
#5159=VECTOR('',#8136,1.);
#5160=VECTOR('',#8139,1.);
#5161=VECTOR('',#8140,1.);
#5162=VECTOR('',#8141,1.);
#5163=VECTOR('',#8142,1.);
#5164=VECTOR('',#8145,1.);
#5165=VECTOR('',#8146,1.);
#5166=VECTOR('',#8147,1.);
#5167=VECTOR('',#8150,1.);
#5168=VECTOR('',#8151,1.);
#5169=VECTOR('',#8152,1.);
#5170=VECTOR('',#8155,1.);
#5171=VECTOR('',#8156,1.);
#5172=VECTOR('',#8157,1.);
#5173=VECTOR('',#8160,1.);
#5174=VECTOR('',#8161,1.);
#5175=VECTOR('',#8162,1.);
#5176=VECTOR('',#8165,1.);
#5177=VECTOR('',#8166,1.);
#5178=VECTOR('',#8167,1.);
#5179=VECTOR('',#8168,1.);
#5180=VECTOR('',#8171,1.);
#5181=VECTOR('',#8172,1.);
#5182=VECTOR('',#8173,1.);
#5183=VECTOR('',#8176,1.);
#5184=VECTOR('',#8177,1.);
#5185=VECTOR('',#8178,1.);
#5186=VECTOR('',#8181,1.);
#5187=VECTOR('',#8182,1.);
#5188=VECTOR('',#8183,1.);
#5189=VECTOR('',#8186,1.);
#5190=VECTOR('',#8187,1.);
#5191=VECTOR('',#8188,1.);
#5192=VECTOR('',#8191,1.);
#5193=VECTOR('',#8192,1.);
#5194=VECTOR('',#8193,1.);
#5195=VECTOR('',#8194,1.);
#5196=VECTOR('',#8197,1.);
#5197=VECTOR('',#8198,1.);
#5198=VECTOR('',#8199,1.);
#5199=VECTOR('',#8200,1.);
#5200=VECTOR('',#8203,1.);
#5201=VECTOR('',#8204,1.);
#5202=VECTOR('',#8205,1.);
#5203=VECTOR('',#8208,1.);
#5204=VECTOR('',#8209,1.);
#5205=VECTOR('',#8210,1.);
#5206=VECTOR('',#8213,1.);
#5207=VECTOR('',#8214,1.);
#5208=VECTOR('',#8215,1.);
#5209=VECTOR('',#8218,1.);
#5210=VECTOR('',#8219,1.);
#5211=VECTOR('',#8220,1.);
#5212=VECTOR('',#8223,1.);
#5213=VECTOR('',#8224,1.);
#5214=VECTOR('',#8225,1.);
#5215=VECTOR('',#8228,1.);
#5216=VECTOR('',#8229,1.);
#5217=VECTOR('',#8230,1.);
#5218=VECTOR('',#8233,1.);
#5219=VECTOR('',#8234,1.);
#5220=VECTOR('',#8235,1.);
#5221=VECTOR('',#8238,1.);
#5222=VECTOR('',#8239,1.);
#5223=VECTOR('',#8240,1.);
#5224=VECTOR('',#8243,1.);
#5225=VECTOR('',#8244,1.);
#5226=VECTOR('',#8245,1.);
#5227=VECTOR('',#8248,1.);
#5228=VECTOR('',#8249,1.);
#5229=VECTOR('',#8250,1.);
#5230=VECTOR('',#8253,1.);
#5231=VECTOR('',#8254,1.);
#5232=VECTOR('',#8255,1.);
#5233=VECTOR('',#8258,1.);
#5234=VECTOR('',#8259,1.);
#5235=VECTOR('',#8260,1.);
#5236=VECTOR('',#8263,1.);
#5237=VECTOR('',#8264,1.);
#5238=VECTOR('',#8265,1.);
#5239=VECTOR('',#8266,1.);
#5240=VECTOR('',#8269,1.);
#5241=VECTOR('',#8270,1.);
#5242=VECTOR('',#8271,1.);
#5243=VECTOR('',#8274,1.);
#5244=VECTOR('',#8275,1.);
#5245=VECTOR('',#8276,1.);
#5246=VECTOR('',#8277,1.);
#5247=VECTOR('',#8280,1.);
#5248=VECTOR('',#8281,1.);
#5249=VECTOR('',#8282,1.);
#5250=VECTOR('',#8283,1.);
#5251=VECTOR('',#8286,1.);
#5252=VECTOR('',#8287,1.);
#5253=VECTOR('',#8290,1.);
#5254=VECTOR('',#8291,1.);
#5255=VECTOR('',#8292,1.);
#5256=VECTOR('',#8295,1.);
#5257=VECTOR('',#8296,1.);
#5258=VECTOR('',#8297,1.);
#5259=VECTOR('',#8300,1.);
#5260=VECTOR('',#8301,1.);
#5261=VECTOR('',#8302,1.);
#5262=VECTOR('',#8305,1.);
#5263=VECTOR('',#8306,1.);
#5264=VECTOR('',#8309,1.);
#5265=VECTOR('',#8310,1.);
#5266=VECTOR('',#8311,1.);
#5267=VECTOR('',#8314,1.);
#5268=VECTOR('',#8315,1.);
#5269=VECTOR('',#8316,1.);
#5270=VECTOR('',#8317,1.);
#5271=VECTOR('',#8320,1.);
#5272=VECTOR('',#8321,1.);
#5273=VECTOR('',#8322,1.);
#5274=VECTOR('',#8325,1.);
#5275=VECTOR('',#8326,1.);
#5276=VECTOR('',#8327,1.);
#5277=VECTOR('',#8330,1.);
#5278=VECTOR('',#8331,1.);
#5279=VECTOR('',#8332,1.);
#5280=VECTOR('',#8333,1.);
#5281=VECTOR('',#8336,1.);
#5282=VECTOR('',#8337,1.);
#5283=VECTOR('',#8338,1.);
#5284=VECTOR('',#8341,1.);
#5285=VECTOR('',#8342,1.);
#5286=VECTOR('',#8345,1.);
#5287=VECTOR('',#8346,1.);
#5288=VECTOR('',#8347,1.);
#5289=VECTOR('',#8350,1.);
#5290=VECTOR('',#8351,1.);
#5291=VECTOR('',#8352,1.);
#5292=VECTOR('',#8355,1.);
#5293=VECTOR('',#8356,1.);
#5294=VECTOR('',#8359,1.);
#5295=VECTOR('',#8360,1.);
#5296=VECTOR('',#8361,1.);
#5297=VECTOR('',#8362,1.);
#5298=VECTOR('',#8365,1.);
#5299=VECTOR('',#8366,1.);
#5300=VECTOR('',#8367,1.);
#5301=VECTOR('',#8368,1.);
#5302=VECTOR('',#8371,1.);
#5303=VECTOR('',#8372,1.);
#5304=VECTOR('',#8373,1.);
#5305=VECTOR('',#8376,1.);
#5306=VECTOR('',#8377,1.);
#5307=VECTOR('',#8378,1.);
#5308=VECTOR('',#8379,1.);
#5309=VECTOR('',#8382,1.);
#5310=VECTOR('',#8383,1.);
#5311=VECTOR('',#8384,1.);
#5312=VECTOR('',#8387,1.);
#5313=VECTOR('',#8388,1.);
#5314=VECTOR('',#8389,1.);
#5315=VECTOR('',#8392,1.);
#5316=VECTOR('',#8393,1.);
#5317=VECTOR('',#8394,1.);
#5318=VECTOR('',#8397,1.);
#5319=VECTOR('',#8398,1.);
#5320=VECTOR('',#8401,1.);
#5321=VECTOR('',#8402,1.);
#5322=VECTOR('',#8403,1.);
#5323=VECTOR('',#8406,1.);
#5324=VECTOR('',#8407,1.);
#5325=VECTOR('',#8408,1.);
#5326=VECTOR('',#8411,1.);
#5327=VECTOR('',#8412,1.);
#5328=VECTOR('',#8415,1.);
#5329=VECTOR('',#8416,1.);
#5330=VECTOR('',#8419,1.);
#5331=VECTOR('',#8420,1.);
#5332=VECTOR('',#8421,1.);
#5333=VECTOR('',#8422,1.);
#5334=VECTOR('',#8425,1.);
#5335=VECTOR('',#8426,1.);
#5336=VECTOR('',#8427,1.);
#5337=VECTOR('',#8428,1.);
#5338=VECTOR('',#8431,1.);
#5339=VECTOR('',#8432,1.);
#5340=VECTOR('',#8433,1.);
#5341=VECTOR('',#8436,1.);
#5342=VECTOR('',#8437,1.);
#5343=VECTOR('',#8438,1.);
#5344=VECTOR('',#8441,1.);
#5345=VECTOR('',#8442,1.);
#5346=VECTOR('',#8445,1.);
#5347=VECTOR('',#8446,1.);
#5348=VECTOR('',#8447,1.);
#5349=VECTOR('',#8450,1.);
#5350=VECTOR('',#8451,1.);
#5351=VECTOR('',#8452,1.);
#5352=VECTOR('',#8455,1.);
#5353=VECTOR('',#8456,1.);
#5354=VECTOR('',#8459,1.);
#5355=VECTOR('',#8460,1.);
#5356=VECTOR('',#8461,1.);
#5357=VECTOR('',#8462,1.);
#5358=VECTOR('',#8465,1.);
#5359=VECTOR('',#8466,1.);
#5360=VECTOR('',#8467,1.);
#5361=VECTOR('',#8470,1.);
#5362=VECTOR('',#8471,1.);
#5363=VECTOR('',#8472,1.);
#5364=VECTOR('',#8475,1.);
#5365=VECTOR('',#8476,1.);
#5366=VECTOR('',#8477,1.);
#5367=VECTOR('',#8480,1.);
#5368=VECTOR('',#8481,1.);
#5369=VECTOR('',#8482,1.);
#5370=VECTOR('',#8485,1.);
#5371=VECTOR('',#8486,1.);
#5372=VECTOR('',#8487,1.);
#5373=VECTOR('',#8490,1.);
#5374=VECTOR('',#8491,1.);
#5375=VECTOR('',#8492,1.);
#5376=VECTOR('',#8493,1.);
#5377=VECTOR('',#8496,1.);
#5378=VECTOR('',#8497,1.);
#5379=VECTOR('',#8498,1.);
#5380=VECTOR('',#8499,1.);
#5381=VECTOR('',#8502,1.);
#5382=VECTOR('',#8503,1.);
#5383=VECTOR('',#8506,1.);
#5384=VECTOR('',#8507,1.);
#5385=VECTOR('',#8508,1.);
#5386=VECTOR('',#8509,1.);
#5387=VECTOR('',#8512,1.);
#5388=VECTOR('',#8513,1.);
#5389=VECTOR('',#8514,1.);
#5390=VECTOR('',#8517,1.);
#5391=VECTOR('',#8518,1.);
#5392=VECTOR('',#8519,1.);
#5393=VECTOR('',#8520,1.);
#5394=VECTOR('',#8523,1.);
#5395=VECTOR('',#8524,1.);
#5396=VECTOR('',#8525,1.);
#5397=VECTOR('',#8528,1.);
#5398=VECTOR('',#8529,1.);
#5399=VECTOR('',#8532,1.);
#5400=VECTOR('',#8533,1.);
#5401=VECTOR('',#8534,1.);
#5402=VECTOR('',#8535,1.);
#5403=VECTOR('',#8538,1.);
#5404=VECTOR('',#8539,1.);
#5405=VECTOR('',#8540,1.);
#5406=VECTOR('',#8541,1.);
#5407=VECTOR('',#8544,1.);
#5408=VECTOR('',#8545,1.);
#5409=VECTOR('',#8546,1.);
#5410=VECTOR('',#8549,1.);
#5411=VECTOR('',#8550,1.);
#5412=VECTOR('',#8551,1.);
#5413=VECTOR('',#8552,1.);
#5414=VECTOR('',#8555,1.);
#5415=VECTOR('',#8556,1.);
#5416=VECTOR('',#8557,1.);
#5417=VECTOR('',#8558,1.);
#5418=VECTOR('',#8561,1.);
#5419=VECTOR('',#8562,1.);
#5420=VECTOR('',#8563,1.);
#5421=VECTOR('',#8566,1.);
#5422=VECTOR('',#8567,1.);
#5423=VECTOR('',#8568,1.);
#5424=VECTOR('',#8569,1.);
#5425=VECTOR('',#8572,1.);
#5426=VECTOR('',#8573,1.);
#5427=VECTOR('',#8574,1.);
#5428=VECTOR('',#8575,1.);
#5429=VECTOR('',#8578,1.);
#5430=VECTOR('',#8579,1.);
#5431=VECTOR('',#8580,1.);
#5432=VECTOR('',#8583,1.);
#5433=VECTOR('',#8584,1.);
#5434=VECTOR('',#8585,1.);
#5435=VECTOR('',#8588,1.);
#5436=VECTOR('',#8589,1.);
#5437=VECTOR('',#8590,1.);
#5438=VECTOR('',#8593,1.);
#5439=VECTOR('',#8594,1.);
#5440=VECTOR('',#8595,1.);
#5441=VECTOR('',#8596,1.);
#5442=VECTOR('',#8599,1.);
#5443=VECTOR('',#8600,1.);
#5444=VECTOR('',#8601,1.);
#5445=VECTOR('',#8604,1.);
#5446=VECTOR('',#8605,1.);
#5447=VECTOR('',#8606,1.);
#5448=VECTOR('',#8609,1.);
#5449=VECTOR('',#8610,1.);
#5450=VECTOR('',#8611,1.);
#5451=VECTOR('',#8612,1.);
#5452=VECTOR('',#8615,1.);
#5453=VECTOR('',#8616,1.);
#5454=VECTOR('',#8617,1.);
#5455=VECTOR('',#8620,1.);
#5456=VECTOR('',#8621,1.);
#5457=VECTOR('',#8622,1.);
#5458=VECTOR('',#8625,1.);
#5459=VECTOR('',#8626,1.);
#5460=VECTOR('',#8627,1.);
#5461=VECTOR('',#8630,1.);
#5462=VECTOR('',#8631,1.);
#5463=VECTOR('',#8632,1.);
#5464=VECTOR('',#8633,1.);
#5465=VECTOR('',#8636,1.);
#5466=VECTOR('',#8637,1.);
#5467=VECTOR('',#8638,1.);
#5468=VECTOR('',#8641,1.);
#5469=VECTOR('',#8642,1.);
#5470=VECTOR('',#8643,1.);
#5471=VECTOR('',#8646,1.);
#5472=VECTOR('',#8647,1.);
#5473=VECTOR('',#8650,1.);
#5474=VECTOR('',#8651,1.);
#5475=VECTOR('',#8652,1.);
#5476=VECTOR('',#8655,1.);
#5477=VECTOR('',#8656,1.);
#5478=VECTOR('',#8657,1.);
#5479=VECTOR('',#8660,1.);
#5480=VECTOR('',#8661,1.);
#5481=VECTOR('',#8662,1.);
#5482=VECTOR('',#8665,1.);
#5483=VECTOR('',#8666,1.);
#5484=VECTOR('',#8667,1.);
#5485=VECTOR('',#8668,1.);
#5486=VECTOR('',#8671,1.);
#5487=VECTOR('',#8672,1.);
#5488=VECTOR('',#8673,1.);
#5489=VECTOR('',#8674,1.);
#5490=VECTOR('',#8677,1.);
#5491=VECTOR('',#8678,1.);
#5492=VECTOR('',#8679,1.);
#5493=VECTOR('',#8680,1.);
#5494=VECTOR('',#8683,1.);
#5495=VECTOR('',#8684,1.);
#5496=VECTOR('',#8685,1.);
#5497=VECTOR('',#8688,1.);
#5498=VECTOR('',#8689,1.);
#5499=VECTOR('',#8690,1.);
#5500=VECTOR('',#8691,1.);
#5501=VECTOR('',#8694,1.);
#5502=VECTOR('',#8695,1.);
#5503=VECTOR('',#8698,1.);
#5504=VECTOR('',#8699,1.);
#5505=VECTOR('',#8700,1.);
#5506=VECTOR('',#8701,1.);
#5507=VECTOR('',#8704,1.);
#5508=VECTOR('',#8705,1.);
#5509=VECTOR('',#8706,1.);
#5510=VECTOR('',#8709,1.);
#5511=VECTOR('',#8710,1.);
#5512=VECTOR('',#8711,1.);
#5513=VECTOR('',#8714,1.);
#5514=VECTOR('',#8715,1.);
#5515=VECTOR('',#8716,1.);
#5516=VECTOR('',#8719,1.);
#5517=VECTOR('',#8720,1.);
#5518=VECTOR('',#8721,1.);
#5519=VECTOR('',#8724,1.);
#5520=VECTOR('',#8725,1.);
#5521=VECTOR('',#8726,1.);
#5522=VECTOR('',#8729,1.);
#5523=VECTOR('',#8730,1.);
#5524=VECTOR('',#8731,1.);
#5525=VECTOR('',#8734,1.);
#5526=VECTOR('',#8735,1.);
#5527=VECTOR('',#8736,1.);
#5528=VECTOR('',#8737,1.);
#5529=VECTOR('',#8740,1.);
#5530=VECTOR('',#8741,1.);
#5531=VECTOR('',#8742,1.);
#5532=VECTOR('',#8743,1.);
#5533=VECTOR('',#8746,1.);
#5534=VECTOR('',#8747,1.);
#5535=VECTOR('',#8748,1.);
#5536=VECTOR('',#8751,1.);
#5537=VECTOR('',#8752,1.);
#5538=VECTOR('',#8753,1.);
#5539=VECTOR('',#8756,1.);
#5540=VECTOR('',#8757,1.);
#5541=VECTOR('',#8760,1.);
#5542=VECTOR('',#8761,1.);
#5543=VECTOR('',#8762,1.);
#5544=VECTOR('',#8765,1.);
#5545=VECTOR('',#8766,1.);
#5546=VECTOR('',#8767,1.);
#5547=VECTOR('',#8770,1.);
#5548=VECTOR('',#8771,1.);
#5549=VECTOR('',#8774,1.);
#5550=VECTOR('',#8775,1.);
#5551=VECTOR('',#8776,1.);
#5552=VECTOR('',#8779,1.);
#5553=VECTOR('',#8780,1.);
#5554=VECTOR('',#8783,1.);
#5555=VECTOR('',#8784,1.);
#5556=VECTOR('',#8785,1.);
#5557=VECTOR('',#8788,1.);
#5558=VECTOR('',#8789,1.);
#5559=VECTOR('',#8792,1.);
#5560=VECTOR('',#8793,1.);
#5561=VECTOR('',#8794,1.);
#5562=VECTOR('',#8797,1.);
#5563=VECTOR('',#8798,1.);
#5564=VECTOR('',#8799,1.);
#5565=VECTOR('',#8802,1.);
#5566=VECTOR('',#8803,1.);
#5567=VECTOR('',#8804,1.);
#5568=VECTOR('',#8807,1.);
#5569=VECTOR('',#8808,1.);
#5570=VECTOR('',#8809,1.);
#5571=VECTOR('',#8812,1.);
#5572=VECTOR('',#8813,1.);
#5573=VECTOR('',#8816,1.);
#5574=VECTOR('',#8817,1.);
#5575=VECTOR('',#8818,1.);
#5576=VECTOR('',#8821,1.);
#5577=VECTOR('',#8822,1.);
#5578=VECTOR('',#8825,1.);
#5579=VECTOR('',#8826,1.);
#5580=VECTOR('',#8827,1.);
#5581=VECTOR('',#8830,1.);
#5582=VECTOR('',#8831,1.);
#5583=VECTOR('',#8832,1.);
#5584=VECTOR('',#8835,1.);
#5585=VECTOR('',#8836,1.);
#5586=VECTOR('',#8837,1.);
#5587=VECTOR('',#8840,1.);
#5588=VECTOR('',#8841,1.);
#5589=VECTOR('',#8842,1.);
#5590=VECTOR('',#8843,1.);
#5591=VECTOR('',#8846,1.);
#5592=VECTOR('',#8847,1.);
#5593=VECTOR('',#8848,1.);
#5594=VECTOR('',#8851,1.);
#5595=VECTOR('',#8852,1.);
#5596=VECTOR('',#8853,1.);
#5597=VECTOR('',#8856,1.);
#5598=VECTOR('',#8857,1.);
#5599=VECTOR('',#8858,1.);
#5600=VECTOR('',#8861,1.);
#5601=VECTOR('',#8862,1.);
#5602=VECTOR('',#8863,1.);
#5603=VECTOR('',#8866,1.);
#5604=VECTOR('',#8867,1.);
#5605=VECTOR('',#8870,1.);
#5606=VECTOR('',#8871,1.);
#5607=VECTOR('',#8872,1.);
#5608=VECTOR('',#8875,1.);
#5609=VECTOR('',#8876,1.);
#5610=VECTOR('',#8877,1.);
#5611=VECTOR('',#8880,1.);
#5612=VECTOR('',#8881,1.);
#5613=VECTOR('',#8882,1.);
#5614=VECTOR('',#8885,1.);
#5615=VECTOR('',#8886,1.);
#5616=VECTOR('',#8887,1.);
#5617=VECTOR('',#8890,1.);
#5618=VECTOR('',#8891,1.);
#5619=VECTOR('',#8892,1.);
#5620=VECTOR('',#8895,1.);
#5621=VECTOR('',#8896,1.);
#5622=VECTOR('',#8897,1.);
#5623=VECTOR('',#8900,1.);
#5624=VECTOR('',#8901,1.);
#5625=VECTOR('',#8902,1.);
#5626=VECTOR('',#8905,1.);
#5627=VECTOR('',#8906,1.);
#5628=VECTOR('',#8907,1.);
#5629=VECTOR('',#8910,1.);
#5630=VECTOR('',#8911,1.);
#5631=VECTOR('',#8912,1.);
#5632=VECTOR('',#8915,1.);
#5633=VECTOR('',#8916,1.);
#5634=VECTOR('',#8917,1.);
#5635=VECTOR('',#8920,1.);
#5636=VECTOR('',#8921,1.);
#5637=VECTOR('',#8924,1.);
#5638=VECTOR('',#8925,1.);
#5639=VECTOR('',#8926,1.);
#5640=VECTOR('',#8927,1.);
#5641=VECTOR('',#8930,1.);
#5642=VECTOR('',#8931,1.);
#5643=VECTOR('',#8932,1.);
#5644=VECTOR('',#8935,1.);
#5645=VECTOR('',#8936,1.);
#5646=VECTOR('',#8939,1.);
#5647=VECTOR('',#8942,1.);
#5648=VECTOR('',#8945,1.);
#5649=VECTOR('',#8946,1.);
#5650=VECTOR('',#8947,1.);
#5651=VECTOR('',#8950,1.);
#5652=VECTOR('',#8951,1.);
#5653=VECTOR('',#8954,1.);
#5654=VECTOR('',#8955,1.);
#5655=VECTOR('',#8956,1.);
#5656=VECTOR('',#8959,1.);
#5657=VECTOR('',#8960,1.);
#5658=VECTOR('',#8961,1.);
#5659=VECTOR('',#8964,1.);
#5660=VECTOR('',#8965,1.);
#5661=VECTOR('',#8966,1.);
#5662=VECTOR('',#8969,1.);
#5663=VECTOR('',#8970,1.);
#5664=VECTOR('',#8971,1.);
#5665=VECTOR('',#8974,1.);
#5666=VECTOR('',#8975,1.);
#5667=VECTOR('',#8978,1.);
#5668=VECTOR('',#8979,1.);
#5669=VECTOR('',#8980,1.);
#5670=VECTOR('',#8983,1.);
#5671=VECTOR('',#8984,1.);
#5672=VECTOR('',#8985,1.);
#5673=VECTOR('',#8986,1.);
#5674=VECTOR('',#8989,1.);
#5675=VECTOR('',#8990,1.);
#5676=VECTOR('',#8991,1.);
#5677=VECTOR('',#8994,1.);
#5678=VECTOR('',#8995,1.);
#5679=VECTOR('',#8998,1.);
#5680=VECTOR('',#8999,1.);
#5681=VECTOR('',#9000,1.);
#5682=VECTOR('',#9001,1.);
#5683=VECTOR('',#9004,1.);
#5684=VECTOR('',#9005,1.);
#5685=VECTOR('',#9006,1.);
#5686=VECTOR('',#9009,1.);
#5687=VECTOR('',#9010,1.);
#5688=VECTOR('',#9011,1.);
#5689=VECTOR('',#9014,1.);
#5690=VECTOR('',#9015,1.);
#5691=VECTOR('',#9016,1.);
#5692=VECTOR('',#9017,1.);
#5693=VECTOR('',#9020,1.);
#5694=VECTOR('',#9021,1.);
#5695=VECTOR('',#9022,1.);
#5696=VECTOR('',#9025,1.);
#5697=VECTOR('',#9026,1.);
#5698=VECTOR('',#9027,1.);
#5699=VECTOR('',#9030,1.);
#5700=VECTOR('',#9031,1.);
#5701=VECTOR('',#9034,1.);
#5702=VECTOR('',#9035,1.);
#5703=VECTOR('',#9036,1.);
#5704=VECTOR('',#9039,1.);
#5705=VECTOR('',#9040,1.);
#5706=VECTOR('',#9041,1.);
#5707=VECTOR('',#9044,1.);
#5708=VECTOR('',#9045,1.);
#5709=VECTOR('',#9048,1.);
#5710=VECTOR('',#9049,1.);
#5711=VECTOR('',#9050,1.);
#5712=VECTOR('',#9053,1.);
#5713=VECTOR('',#9054,1.);
#5714=VECTOR('',#9057,1.);
#5715=VECTOR('',#9058,1.);
#5716=VECTOR('',#9059,1.);
#5717=VECTOR('',#9062,1.);
#5718=VECTOR('',#9063,1.);
#5719=VECTOR('',#9066,1.);
#5720=VECTOR('',#9067,1.);
#5721=VECTOR('',#9068,1.);
#5722=VECTOR('',#9071,1.);
#5723=VECTOR('',#9072,1.);
#5724=VECTOR('',#9073,1.);
#5725=VECTOR('',#9076,1.);
#5726=VECTOR('',#9077,1.);
#5727=VECTOR('',#9078,1.);
#5728=VECTOR('',#9081,1.);
#5729=VECTOR('',#9082,1.);
#5730=VECTOR('',#9085,1.);
#5731=VECTOR('',#9086,1.);
#5732=VECTOR('',#9087,1.);
#5733=VECTOR('',#9088,1.);
#5734=VECTOR('',#9091,1.);
#5735=VECTOR('',#9092,1.);
#5736=VECTOR('',#9093,1.);
#5737=VECTOR('',#9096,1.);
#5738=VECTOR('',#9097,1.);
#5739=VECTOR('',#9098,1.);
#5740=VECTOR('',#9101,1.);
#5741=VECTOR('',#9102,1.);
#5742=VECTOR('',#9103,1.);
#5743=VECTOR('',#9104,1.);
#5744=VECTOR('',#9107,1.);
#5745=VECTOR('',#9108,1.);
#5746=VECTOR('',#9109,1.);
#5747=VECTOR('',#9112,1.);
#5748=VECTOR('',#9113,1.);
#5749=VECTOR('',#9116,1.);
#5750=VECTOR('',#9117,1.);
#5751=VECTOR('',#9118,1.);
#5752=VECTOR('',#9119,1.);
#5753=VECTOR('',#9122,1.);
#5754=VECTOR('',#9123,1.);
#5755=VECTOR('',#9124,1.);
#5756=VECTOR('',#9127,1.);
#5757=VECTOR('',#9128,1.);
#5758=VECTOR('',#9129,1.);
#5759=VECTOR('',#9132,1.);
#5760=VECTOR('',#9133,1.);
#5761=VECTOR('',#9136,1.);
#5762=VECTOR('',#9137,1.);
#5763=VECTOR('',#9138,1.);
#5764=VECTOR('',#9141,1.);
#5765=VECTOR('',#9142,1.);
#5766=VECTOR('',#9143,1.);
#5767=VECTOR('',#9144,1.);
#5768=VECTOR('',#9147,1.);
#5769=VECTOR('',#9148,1.);
#5770=VECTOR('',#9149,1.);
#5771=VECTOR('',#9152,1.);
#5772=VECTOR('',#9153,1.);
#5773=VECTOR('',#9154,1.);
#5774=VECTOR('',#9157,1.);
#5775=VECTOR('',#9158,1.);
#5776=VECTOR('',#9161,1.);
#5777=VECTOR('',#9162,1.);
#5778=VECTOR('',#9163,1.);
#5779=VECTOR('',#9164,1.);
#5780=VECTOR('',#9167,1.);
#5781=VECTOR('',#9168,1.);
#5782=VECTOR('',#9169,1.);
#5783=VECTOR('',#9172,1.);
#5784=VECTOR('',#9173,1.);
#5785=VECTOR('',#9174,1.);
#5786=VECTOR('',#9177,1.);
#5787=VECTOR('',#9178,1.);
#5788=VECTOR('',#9179,1.);
#5789=VECTOR('',#9180,1.);
#5790=VECTOR('',#9183,1.);
#5791=VECTOR('',#9184,1.);
#5792=VECTOR('',#9187,1.);
#5793=VECTOR('',#9188,1.);
#5794=VECTOR('',#9189,1.);
#5795=VECTOR('',#9192,1.);
#5796=VECTOR('',#9193,1.);
#5797=VECTOR('',#9194,1.);
#5798=VECTOR('',#9197,1.);
#5799=VECTOR('',#9198,1.);
#5800=VECTOR('',#9199,1.);
#5801=VECTOR('',#9202,1.);
#5802=VECTOR('',#9203,1.);
#5803=VECTOR('',#9204,1.);
#5804=VECTOR('',#9207,1.);
#5805=VECTOR('',#9208,1.);
#5806=VECTOR('',#9209,1.);
#5807=VECTOR('',#9212,1.);
#5808=VECTOR('',#9213,1.);
#5809=VECTOR('',#9214,1.);
#5810=VECTOR('',#9217,1.);
#5811=VECTOR('',#9218,1.);
#5812=VECTOR('',#9219,1.);
#5813=VECTOR('',#9222,1.);
#5814=VECTOR('',#9223,1.);
#5815=VECTOR('',#9224,1.);
#5816=VECTOR('',#9227,1.);
#5817=VECTOR('',#9228,1.);
#5818=VECTOR('',#9229,1.);
#5819=VECTOR('',#9230,1.);
#5820=VECTOR('',#9233,1.);
#5821=VECTOR('',#9234,1.);
#5822=VECTOR('',#9237,1.);
#5823=VECTOR('',#9238,1.);
#5824=VECTOR('',#9239,1.);
#5825=VECTOR('',#9242,1.);
#5826=VECTOR('',#9243,1.);
#5827=VECTOR('',#9244,1.);
#5828=VECTOR('',#9247,1.);
#5829=VECTOR('',#9248,1.);
#5830=VECTOR('',#9249,1.);
#5831=VECTOR('',#9250,1.);
#5832=VECTOR('',#9253,1.);
#5833=VECTOR('',#9254,1.);
#5834=VECTOR('',#9255,1.);
#5835=VECTOR('',#9258,1.);
#5836=VECTOR('',#9259,1.);
#5837=VECTOR('',#9262,1.);
#5838=VECTOR('',#9263,1.);
#5839=VECTOR('',#9264,1.);
#5840=VECTOR('',#9267,1.);
#5841=VECTOR('',#9268,1.);
#5842=VECTOR('',#9269,1.);
#5843=VECTOR('',#9272,1.);
#5844=VECTOR('',#9273,1.);
#5845=VECTOR('',#9274,1.);
#5846=VECTOR('',#9277,1.);
#5847=VECTOR('',#9278,1.);
#5848=VECTOR('',#9281,1.);
#5849=VECTOR('',#9282,1.);
#5850=VECTOR('',#9283,1.);
#5851=VECTOR('',#9286,1.);
#5852=VECTOR('',#9287,1.);
#5853=VECTOR('',#9290,1.);
#5854=VECTOR('',#9291,1.);
#5855=VECTOR('',#9292,1.);
#5856=VECTOR('',#9295,1.);
#5857=VECTOR('',#9296,1.);
#5858=VECTOR('',#9297,1.);
#5859=VECTOR('',#9298,1.);
#5860=VECTOR('',#9301,1.);
#5861=VECTOR('',#9302,1.);
#5862=VECTOR('',#9305,1.);
#5863=VECTOR('',#9306,1.);
#5864=VECTOR('',#9307,1.);
#5865=VECTOR('',#9310,1.);
#5866=VECTOR('',#9311,1.);
#5867=VECTOR('',#9312,1.);
#5868=VECTOR('',#9315,1.);
#5869=VECTOR('',#9316,1.);
#5870=VECTOR('',#9317,1.);
#5871=VECTOR('',#9320,1.);
#5872=VECTOR('',#9321,1.);
#5873=VECTOR('',#9322,1.);
#5874=VECTOR('',#9325,1.);
#5875=VECTOR('',#9326,1.);
#5876=VECTOR('',#9327,1.);
#5877=VECTOR('',#9330,1.);
#5878=VECTOR('',#9331,1.);
#5879=VECTOR('',#9332,1.);
#5880=VECTOR('',#9335,1.);
#5881=VECTOR('',#9336,1.);
#5882=VECTOR('',#9337,1.);
#5883=VECTOR('',#9340,1.);
#5884=VECTOR('',#9341,1.);
#5885=VECTOR('',#9342,1.);
#5886=VECTOR('',#9345,1.);
#5887=VECTOR('',#9346,1.);
#5888=VECTOR('',#9347,1.);
#5889=VECTOR('',#9348,1.);
#5890=VECTOR('',#9351,1.);
#5891=VECTOR('',#9352,1.);
#5892=VECTOR('',#9353,1.);
#5893=VECTOR('',#9356,1.);
#5894=VECTOR('',#9357,1.);
#5895=VECTOR('',#9358,1.);
#5896=VECTOR('',#9361,1.);
#5897=VECTOR('',#9362,1.);
#5898=VECTOR('',#9363,1.);
#5899=VECTOR('',#9366,1.);
#5900=VECTOR('',#9367,1.);
#5901=VECTOR('',#9368,1.);
#5902=VECTOR('',#9371,1.);
#5903=VECTOR('',#9372,1.);
#5904=VECTOR('',#9375,1.);
#5905=VECTOR('',#9376,1.);
#5906=VECTOR('',#9377,1.);
#5907=VECTOR('',#9380,1.);
#5908=VECTOR('',#9381,1.);
#5909=VECTOR('',#9382,1.);
#5910=VECTOR('',#9385,1.);
#5911=VECTOR('',#9386,1.);
#5912=VECTOR('',#9387,1.);
#5913=VECTOR('',#9390,1.);
#5914=VECTOR('',#9391,1.);
#5915=VECTOR('',#9392,1.);
#5916=VECTOR('',#9395,1.);
#5917=VECTOR('',#9396,1.);
#5918=VECTOR('',#9397,1.);
#5919=VECTOR('',#9400,1.);
#5920=VECTOR('',#9401,1.);
#5921=VECTOR('',#9402,1.);
#5922=VECTOR('',#9405,1.);
#5923=VECTOR('',#9406,1.);
#5924=VECTOR('',#9407,1.);
#5925=VECTOR('',#9410,1.);
#5926=VECTOR('',#9411,1.);
#5927=VECTOR('',#9412,1.);
#5928=VECTOR('',#9415,1.);
#5929=VECTOR('',#9416,1.);
#5930=VECTOR('',#9419,1.);
#5931=VECTOR('',#9420,1.);
#5932=VECTOR('',#9421,1.);
#5933=VECTOR('',#9424,1.);
#5934=VECTOR('',#9425,1.);
#5935=VECTOR('',#9426,1.);
#5936=VECTOR('',#9429,1.);
#5937=VECTOR('',#9430,1.);
#5938=VECTOR('',#9433,1.);
#5939=VECTOR('',#9434,1.);
#5940=VECTOR('',#9435,1.);
#5941=VECTOR('',#9438,1.);
#5942=VECTOR('',#9439,1.);
#5943=VECTOR('',#9442,1.);
#5944=VECTOR('',#9443,1.);
#5945=VECTOR('',#9444,1.);
#5946=VECTOR('',#9447,1.);
#5947=VECTOR('',#9448,1.);
#5948=VECTOR('',#9449,1.);
#5949=VECTOR('',#9452,1.);
#5950=VECTOR('',#9453,1.);
#5951=VECTOR('',#9454,1.);
#5952=VECTOR('',#9457,1.);
#5953=VECTOR('',#9458,1.);
#5954=VECTOR('',#9461,1.);
#5955=VECTOR('',#9462,1.);
#5956=VECTOR('',#9463,1.);
#5957=VECTOR('',#9466,1.);
#5958=VECTOR('',#9467,1.);
#5959=VECTOR('',#9468,1.);
#5960=VECTOR('',#9471,1.);
#5961=VECTOR('',#9472,1.);
#5962=VECTOR('',#9475,1.);
#5963=VECTOR('',#9476,1.);
#5964=VECTOR('',#9479,1.);
#5965=VECTOR('',#9480,1.);
#5966=VECTOR('',#9481,1.);
#5967=VECTOR('',#9484,1.);
#5968=VECTOR('',#9485,1.);
#5969=VECTOR('',#9486,1.);
#5970=VECTOR('',#9489,1.);
#5971=VECTOR('',#9490,1.);
#5972=VECTOR('',#9491,1.);
#5973=VECTOR('',#9492,1.);
#5974=VECTOR('',#9495,1.);
#5975=VECTOR('',#9496,1.);
#5976=VECTOR('',#9497,1.);
#5977=VECTOR('',#9500,1.);
#5978=VECTOR('',#9501,1.);
#5979=VECTOR('',#9502,1.);
#5980=VECTOR('',#9505,1.);
#5981=VECTOR('',#9506,1.);
#5982=VECTOR('',#9507,1.);
#5983=VECTOR('',#9510,1.);
#5984=VECTOR('',#9511,1.);
#5985=VECTOR('',#9512,1.);
#5986=VECTOR('',#9515,1.);
#5987=VECTOR('',#9516,1.);
#5988=VECTOR('',#9517,1.);
#5989=VECTOR('',#9518,1.);
#5990=VECTOR('',#9521,1.);
#5991=VECTOR('',#9522,1.);
#5992=VECTOR('',#9523,1.);
#5993=VECTOR('',#9526,1.);
#5994=VECTOR('',#9527,1.);
#5995=VECTOR('',#9528,1.);
#5996=VECTOR('',#9531,1.);
#5997=VECTOR('',#9532,1.);
#5998=VECTOR('',#9535,1.);
#5999=VECTOR('',#9536,1.);
#6000=VECTOR('',#9537,1.);
#6001=VECTOR('',#9538,1.);
#6002=VECTOR('',#9541,1.);
#6003=VECTOR('',#9542,1.);
#6004=VECTOR('',#9545,1.);
#6005=VECTOR('',#9546,1.);
#6006=VECTOR('',#9547,1.);
#6007=VECTOR('',#9548,1.);
#6008=VECTOR('',#9551,1.);
#6009=VECTOR('',#9552,1.);
#6010=VECTOR('',#9555,1.);
#6011=VECTOR('',#9556,1.);
#6012=VECTOR('',#9557,1.);
#6013=VECTOR('',#9560,1.);
#6014=VECTOR('',#9561,1.);
#6015=VECTOR('',#9564,1.);
#6016=VECTOR('',#9565,1.);
#6017=VECTOR('',#9566,1.);
#6018=VECTOR('',#9567,1.);
#6019=VECTOR('',#9568,1.);
#6020=VECTOR('',#9569,1.);
#6021=VECTOR('',#9570,1.);
#6022=VECTOR('',#9571,1.);
#6023=VECTOR('',#9572,1.);
#6024=VECTOR('',#9573,1.);
#6025=VECTOR('',#9574,1.);
#6026=VECTOR('',#9575,1.);
#6027=VECTOR('',#9576,1.);
#6028=VECTOR('',#9577,1.);
#6029=VECTOR('',#9578,1.);
#6030=VECTOR('',#9579,1.);
#6031=VECTOR('',#9580,1.);
#6032=VECTOR('',#9581,1.);
#6033=VECTOR('',#9582,1.);
#6034=VECTOR('',#9583,1.);
#6035=VECTOR('',#9584,1.);
#6036=VECTOR('',#9585,1.);
#6037=VECTOR('',#9586,1.);
#6038=VECTOR('',#9587,1.);
#6039=VECTOR('',#9588,1.);
#6040=VECTOR('',#9591,1.);
#6041=VECTOR('',#9592,1.);
#6042=VECTOR('',#9595,1.);
#6043=VECTOR('',#9596,1.);
#6044=VECTOR('',#9599,1.);
#6045=VECTOR('',#9600,1.);
#6046=VECTOR('',#9603,1.);
#6047=VECTOR('',#9606,1.);
#6048=VECTOR('',#9609,1.);
#6049=VECTOR('',#9610,1.);
#6050=VECTOR('',#9613,1.);
#6051=VECTOR('',#9616,1.);
#6052=VECTOR('',#9617,1.);
#6053=VECTOR('',#9620,1.);
#6054=VECTOR('',#9623,1.);
#6055=VECTOR('',#9626,1.);
#6056=VECTOR('',#9627,1.);
#6057=VECTOR('',#9630,1.);
#6058=VECTOR('',#9631,1.);
#6059=VECTOR('',#9634,1.);
#6060=VECTOR('',#9637,1.);
#6061=VECTOR('',#9640,1.);
#6062=VECTOR('',#9643,1.);
#6063=VECTOR('',#9646,1.);
#6064=VECTOR('',#9647,1.);
#6065=VECTOR('',#9650,1.);
#6066=VECTOR('',#9653,1.);
#6067=VECTOR('',#9656,1.);
#6068=VECTOR('',#9659,1.);
#6069=VECTOR('',#9660,1.);
#6070=VECTOR('',#9663,1.);
#6071=VECTOR('',#9664,1.);
#6072=VECTOR('',#9665,1.);
#6073=VECTOR('',#9666,1.);
#6074=VECTOR('',#9667,1.);
#6075=VECTOR('',#9668,1.);
#6076=VECTOR('',#9669,1.);
#6077=VECTOR('',#9672,1.);
#6078=VECTOR('',#9677,1.);
#6079=VECTOR('',#9682,1.);
#6080=EDGE_LOOP('',(#34,#35,#36,#37));
#6081=EDGE_LOOP('',(#38,#39,#40,#41));
#6082=EDGE_LOOP('',(#42,#43,#44,#45));
#6083=EDGE_LOOP('',(#46,#47,#48,#49));
#6084=EDGE_LOOP('',(#50,#51,#52,#53));
#6085=EDGE_LOOP('',(#54,#55,#56,#57));
#6086=EDGE_LOOP('',(#58,#59,#60,#61));
#6087=EDGE_LOOP('',(#62,#63,#64,#65));
#6088=EDGE_LOOP('',(#66,#67,#68,#69));
#6089=EDGE_LOOP('',(#70,#71,#72,#73));
#6090=EDGE_LOOP('',(#74,#75,#76,#77));
#6091=EDGE_LOOP('',(#78,#79,#80,#81));
#6092=EDGE_LOOP('',(#82,#83,#84,#85));
#6093=EDGE_LOOP('',(#86,#87,#88,#89));
#6094=EDGE_LOOP('',(#90,#91,#92,#93));
#6095=EDGE_LOOP('',(#94,#95,#96,#97));
#6096=EDGE_LOOP('',(#98,#99,#100,#101));
#6097=EDGE_LOOP('',(#102,#103,#104,#105));
#6098=EDGE_LOOP('',(#106,#107,#108,#109));
#6099=EDGE_LOOP('',(#110,#111,#112,#113));
#6100=EDGE_LOOP('',(#114,#115,#116,#117));
#6101=EDGE_LOOP('',(#118,#119,#120,#121));
#6102=EDGE_LOOP('',(#122,#123,#124,#125));
#6103=EDGE_LOOP('',(#126,#127,#128,#129));
#6104=EDGE_LOOP('',(#130,#131,#132,#133));
#6105=EDGE_LOOP('',(#134,#135,#136,#137));
#6106=EDGE_LOOP('',(#138,#139,#140,#141));
#6107=EDGE_LOOP('',(#142,#143,#144,#145));
#6108=EDGE_LOOP('',(#146,#147,#148,#149));
#6109=EDGE_LOOP('',(#150,#151,#152,#153));
#6110=EDGE_LOOP('',(#154,#155,#156,#157));
#6111=EDGE_LOOP('',(#158,#159,#160,#161));
#6112=EDGE_LOOP('',(#162,#163,#164,#165));
#6113=EDGE_LOOP('',(#166,#167,#168,#169));
#6114=EDGE_LOOP('',(#170,#171,#172,#173));
#6115=EDGE_LOOP('',(#174,#175,#176,#177));
#6116=EDGE_LOOP('',(#178,#179,#180,#181));
#6117=EDGE_LOOP('',(#182,#183,#184,#185));
#6118=EDGE_LOOP('',(#186,#187,#188,#189));
#6119=EDGE_LOOP('',(#190,#191,#192,#193));
#6120=EDGE_LOOP('',(#194,#195,#196,#197));
#6121=EDGE_LOOP('',(#198,#199,#200,#201));
#6122=EDGE_LOOP('',(#202,#203,#204,#205));
#6123=EDGE_LOOP('',(#206,#207,#208,#209));
#6124=EDGE_LOOP('',(#210,#211,#212,#213));
#6125=EDGE_LOOP('',(#214,#215,#216,#217));
#6126=EDGE_LOOP('',(#218,#219,#220,#221));
#6127=EDGE_LOOP('',(#222,#223,#224,#225));
#6128=EDGE_LOOP('',(#226,#227,#228,#229));
#6129=EDGE_LOOP('',(#230,#231,#232,#233));
#6130=EDGE_LOOP('',(#234,#235,#236,#237));
#6131=EDGE_LOOP('',(#238,#239,#240,#241));
#6132=EDGE_LOOP('',(#242,#243,#244,#245));
#6133=EDGE_LOOP('',(#246,#247,#248,#249));
#6134=EDGE_LOOP('',(#250,#251,#252,#253));
#6135=EDGE_LOOP('',(#254,#255,#256,#257));
#6136=EDGE_LOOP('',(#258,#259,#260,#261));
#6137=EDGE_LOOP('',(#262,#263,#264,#265));
#6138=EDGE_LOOP('',(#266,#267,#268,#269));
#6139=EDGE_LOOP('',(#270,#271,#272,#273));
#6140=EDGE_LOOP('',(#274,#275,#276,#277));
#6141=EDGE_LOOP('',(#278,#279,#280,#281));
#6142=EDGE_LOOP('',(#282,#283,#284,#285));
#6143=EDGE_LOOP('',(#286,#287,#288,#289));
#6144=EDGE_LOOP('',(#290,#291,#292,#293));
#6145=EDGE_LOOP('',(#294,#295,#296,#297));
#6146=EDGE_LOOP('',(#298,#299,#300,#301));
#6147=EDGE_LOOP('',(#302,#303,#304,#305));
#6148=EDGE_LOOP('',(#306,#307,#308,#309));
#6149=EDGE_LOOP('',(#310,#311,#312,#313));
#6150=EDGE_LOOP('',(#314,#315,#316,#317));
#6151=EDGE_LOOP('',(#318,#319,#320,#321));
#6152=EDGE_LOOP('',(#322,#323,#324,#325));
#6153=EDGE_LOOP('',(#326,#327,#328,#329));
#6154=EDGE_LOOP('',(#330,#331,#332,#333));
#6155=EDGE_LOOP('',(#334,#335,#336,#337));
#6156=EDGE_LOOP('',(#338,#339,#340,#341));
#6157=EDGE_LOOP('',(#342,#343,#344,#345));
#6158=EDGE_LOOP('',(#346,#347,#348,#349));
#6159=EDGE_LOOP('',(#350,#351,#352,#353));
#6160=EDGE_LOOP('',(#354,#355,#356,#357));
#6161=EDGE_LOOP('',(#358,#359,#360,#361));
#6162=EDGE_LOOP('',(#362,#363,#364,#365));
#6163=EDGE_LOOP('',(#366,#367,#368,#369));
#6164=EDGE_LOOP('',(#370,#371,#372,#373));
#6165=EDGE_LOOP('',(#374,#375,#376,#377));
#6166=EDGE_LOOP('',(#378,#379,#380,#381));
#6167=EDGE_LOOP('',(#382,#383,#384,#385));
#6168=EDGE_LOOP('',(#386,#387,#388,#389));
#6169=EDGE_LOOP('',(#390,#391,#392,#393));
#6170=EDGE_LOOP('',(#394,#395,#396,#397));
#6171=EDGE_LOOP('',(#398,#399,#400,#401));
#6172=EDGE_LOOP('',(#402,#403,#404,#405));
#6173=EDGE_LOOP('',(#406,#407,#408,#409));
#6174=EDGE_LOOP('',(#410,#411,#412,#413));
#6175=EDGE_LOOP('',(#414,#415,#416,#417));
#6176=EDGE_LOOP('',(#418,#419,#420,#421));
#6177=EDGE_LOOP('',(#422,#423,#424,#425));
#6178=EDGE_LOOP('',(#426,#427,#428,#429));
#6179=EDGE_LOOP('',(#430,#431,#432,#433));
#6180=EDGE_LOOP('',(#434,#435,#436,#437));
#6181=EDGE_LOOP('',(#438,#439,#440,#441));
#6182=EDGE_LOOP('',(#442,#443,#444,#445));
#6183=EDGE_LOOP('',(#446,#447,#448,#449));
#6184=EDGE_LOOP('',(#450,#451,#452,#453));
#6185=EDGE_LOOP('',(#454,#455,#456,#457));
#6186=EDGE_LOOP('',(#458,#459,#460,#461));
#6187=EDGE_LOOP('',(#462,#463,#464,#465));
#6188=EDGE_LOOP('',(#466,#467,#468,#469));
#6189=EDGE_LOOP('',(#470,#471,#472,#473));
#6190=EDGE_LOOP('',(#474,#475,#476,#477));
#6191=EDGE_LOOP('',(#478,#479,#480,#481));
#6192=EDGE_LOOP('',(#482,#483,#484,#485));
#6193=EDGE_LOOP('',(#486,#487,#488,#489));
#6194=EDGE_LOOP('',(#490,#491,#492,#493));
#6195=EDGE_LOOP('',(#494,#495,#496,#497));
#6196=EDGE_LOOP('',(#498,#499,#500,#501));
#6197=EDGE_LOOP('',(#502,#503,#504,#505,#506,#507));
#6198=EDGE_LOOP('',(#508,#509,#510,#511));
#6199=EDGE_LOOP('',(#512,#513,#514,#515));
#6200=EDGE_LOOP('',(#516,#517,#518,#519));
#6201=EDGE_LOOP('',(#520,#521,#522,#523));
#6202=EDGE_LOOP('',(#524,#525,#526,#527));
#6203=EDGE_LOOP('',(#528,#529,#530,#531));
#6204=EDGE_LOOP('',(#532,#533,#534,#535));
#6205=EDGE_LOOP('',(#536,#537,#538,#539));
#6206=EDGE_LOOP('',(#540,#541,#542,#543));
#6207=EDGE_LOOP('',(#544,#545,#546,#547));
#6208=EDGE_LOOP('',(#548,#549,#550,#551));
#6209=EDGE_LOOP('',(#552,#553,#554,#555));
#6210=EDGE_LOOP('',(#556,#557,#558,#559));
#6211=EDGE_LOOP('',(#560,#561,#562,#563));
#6212=EDGE_LOOP('',(#564,#565,#566,#567));
#6213=EDGE_LOOP('',(#568,#569,#570,#571));
#6214=EDGE_LOOP('',(#572,#573,#574,#575));
#6215=EDGE_LOOP('',(#576,#577,#578,#579));
#6216=EDGE_LOOP('',(#580,#581,#582,#583));
#6217=EDGE_LOOP('',(#584,#585,#586,#587));
#6218=EDGE_LOOP('',(#588,#589,#590,#591));
#6219=EDGE_LOOP('',(#592,#593,#594,#595));
#6220=EDGE_LOOP('',(#596,#597,#598,#599));
#6221=EDGE_LOOP('',(#600,#601,#602,#603));
#6222=EDGE_LOOP('',(#604,#605,#606,#607));
#6223=EDGE_LOOP('',(#608,#609,#610,#611));
#6224=EDGE_LOOP('',(#612,#613,#614,#615));
#6225=EDGE_LOOP('',(#616,#617,#618,#619));
#6226=EDGE_LOOP('',(#620,#621,#622,#623));
#6227=EDGE_LOOP('',(#624,#625,#626,#627));
#6228=EDGE_LOOP('',(#628,#629,#630,#631));
#6229=EDGE_LOOP('',(#632,#633,#634,#635));
#6230=EDGE_LOOP('',(#636,#637,#638,#639));
#6231=EDGE_LOOP('',(#640,#641,#642,#643));
#6232=EDGE_LOOP('',(#644,#645,#646,#647));
#6233=EDGE_LOOP('',(#648,#649,#650,#651));
#6234=EDGE_LOOP('',(#652,#653,#654,#655));
#6235=EDGE_LOOP('',(#656,#657,#658,#659));
#6236=EDGE_LOOP('',(#660,#661,#662,#663));
#6237=EDGE_LOOP('',(#664,#665,#666,#667));
#6238=EDGE_LOOP('',(#668,#669,#670,#671));
#6239=EDGE_LOOP('',(#672,#673,#674,#675));
#6240=EDGE_LOOP('',(#676,#677,#678,#679));
#6241=EDGE_LOOP('',(#680,#681,#682,#683));
#6242=EDGE_LOOP('',(#684,#685,#686,#687));
#6243=EDGE_LOOP('',(#688,#689,#690,#691));
#6244=EDGE_LOOP('',(#692,#693,#694,#695));
#6245=EDGE_LOOP('',(#696,#697,#698,#699));
#6246=EDGE_LOOP('',(#700,#701,#702,#703));
#6247=EDGE_LOOP('',(#704,#705,#706,#707));
#6248=EDGE_LOOP('',(#708,#709,#710,#711));
#6249=EDGE_LOOP('',(#712,#713,#714,#715));
#6250=EDGE_LOOP('',(#716,#717,#718,#719));
#6251=EDGE_LOOP('',(#720,#721,#722,#723));
#6252=EDGE_LOOP('',(#724,#725,#726,#727));
#6253=EDGE_LOOP('',(#728,#729,#730,#731));
#6254=EDGE_LOOP('',(#732,#733,#734,#735));
#6255=EDGE_LOOP('',(#736,#737,#738,#739));
#6256=EDGE_LOOP('',(#740,#741,#742,#743));
#6257=EDGE_LOOP('',(#744,#745,#746,#747));
#6258=EDGE_LOOP('',(#748,#749,#750,#751));
#6259=EDGE_LOOP('',(#752,#753,#754,#755));
#6260=EDGE_LOOP('',(#756,#757,#758,#759));
#6261=EDGE_LOOP('',(#760,#761,#762,#763));
#6262=EDGE_LOOP('',(#764,#765,#766,#767));
#6263=EDGE_LOOP('',(#768,#769,#770,#771));
#6264=EDGE_LOOP('',(#772,#773,#774,#775));
#6265=EDGE_LOOP('',(#776,#777,#778,#779));
#6266=EDGE_LOOP('',(#780,#781,#782,#783));
#6267=EDGE_LOOP('',(#784,#785,#786,#787));
#6268=EDGE_LOOP('',(#788,#789,#790));
#6269=EDGE_LOOP('',(#791,#792,#793,#794));
#6270=EDGE_LOOP('',(#795,#796,#797,#798));
#6271=EDGE_LOOP('',(#799,#800,#801,#802));
#6272=EDGE_LOOP('',(#803,#804,#805,#806));
#6273=EDGE_LOOP('',(#807,#808,#809,#810));
#6274=EDGE_LOOP('',(#811,#812,#813,#814));
#6275=EDGE_LOOP('',(#815,#816,#817,#818));
#6276=EDGE_LOOP('',(#819,#820,#821,#822));
#6277=EDGE_LOOP('',(#823,#824,#825,#826,#827,#828,#829,#830));
#6278=EDGE_LOOP('',(#831,#832,#833,#834));
#6279=EDGE_LOOP('',(#835,#836,#837));
#6280=EDGE_LOOP('',(#838,#839,#840));
#6281=EDGE_LOOP('',(#841,#842,#843));
#6282=EDGE_LOOP('',(#844,#845,#846,#847));
#6283=EDGE_LOOP('',(#848,#849,#850,#851));
#6284=EDGE_LOOP('',(#852,#853,#854,#855));
#6285=EDGE_LOOP('',(#856,#857,#858,#859));
#6286=EDGE_LOOP('',(#860,#861,#862,#863));
#6287=EDGE_LOOP('',(#864,#865,#866,#867));
#6288=EDGE_LOOP('',(#868,#869,#870,#871));
#6289=EDGE_LOOP('',(#872,#873,#874,#875));
#6290=EDGE_LOOP('',(#876,#877,#878,#879));
#6291=EDGE_LOOP('',(#880,#881,#882,#883));
#6292=EDGE_LOOP('',(#884,#885,#886,#887));
#6293=EDGE_LOOP('',(#888,#889,#890,#891));
#6294=EDGE_LOOP('',(#892,#893,#894,#895));
#6295=EDGE_LOOP('',(#896,#897,#898,#899));
#6296=EDGE_LOOP('',(#900,#901,#902,#903));
#6297=EDGE_LOOP('',(#904,#905,#906,#907));
#6298=EDGE_LOOP('',(#908,#909,#910,#911));
#6299=EDGE_LOOP('',(#912,#913,#914,#915));
#6300=EDGE_LOOP('',(#916,#917,#918,#919));
#6301=EDGE_LOOP('',(#920,#921,#922,#923));
#6302=EDGE_LOOP('',(#924,#925,#926,#927));
#6303=EDGE_LOOP('',(#928,#929,#930,#931));
#6304=EDGE_LOOP('',(#932,#933,#934,#935));
#6305=EDGE_LOOP('',(#936,#937,#938,#939));
#6306=EDGE_LOOP('',(#940,#941,#942,#943));
#6307=EDGE_LOOP('',(#944,#945,#946,#947));
#6308=EDGE_LOOP('',(#948,#949,#950,#951));
#6309=EDGE_LOOP('',(#952,#953,#954,#955));
#6310=EDGE_LOOP('',(#956,#957,#958,#959));
#6311=EDGE_LOOP('',(#960,#961,#962,#963));
#6312=EDGE_LOOP('',(#964,#965,#966,#967));
#6313=EDGE_LOOP('',(#968,#969,#970,#971));
#6314=EDGE_LOOP('',(#972,#973,#974,#975));
#6315=EDGE_LOOP('',(#976,#977,#978,#979));
#6316=EDGE_LOOP('',(#980,#981,#982,#983));
#6317=EDGE_LOOP('',(#984,#985,#986,#987));
#6318=EDGE_LOOP('',(#988,#989,#990,#991));
#6319=EDGE_LOOP('',(#992,#993,#994,#995));
#6320=EDGE_LOOP('',(#996,#997,#998,#999));
#6321=EDGE_LOOP('',(#1000,#1001,#1002,#1003));
#6322=EDGE_LOOP('',(#1004,#1005,#1006,#1007));
#6323=EDGE_LOOP('',(#1008,#1009,#1010,#1011));
#6324=EDGE_LOOP('',(#1012,#1013,#1014,#1015));
#6325=EDGE_LOOP('',(#1016,#1017,#1018,#1019));
#6326=EDGE_LOOP('',(#1020,#1021,#1022,#1023));
#6327=EDGE_LOOP('',(#1024,#1025,#1026,#1027));
#6328=EDGE_LOOP('',(#1028,#1029,#1030,#1031));
#6329=EDGE_LOOP('',(#1032,#1033,#1034,#1035));
#6330=EDGE_LOOP('',(#1036,#1037,#1038,#1039));
#6331=EDGE_LOOP('',(#1040,#1041,#1042,#1043));
#6332=EDGE_LOOP('',(#1044,#1045,#1046,#1047));
#6333=EDGE_LOOP('',(#1048,#1049,#1050,#1051));
#6334=EDGE_LOOP('',(#1052,#1053,#1054,#1055));
#6335=EDGE_LOOP('',(#1056,#1057,#1058,#1059));
#6336=EDGE_LOOP('',(#1060,#1061,#1062,#1063));
#6337=EDGE_LOOP('',(#1064,#1065,#1066,#1067));
#6338=EDGE_LOOP('',(#1068,#1069,#1070,#1071));
#6339=EDGE_LOOP('',(#1072,#1073,#1074,#1075));
#6340=EDGE_LOOP('',(#1076,#1077,#1078,#1079));
#6341=EDGE_LOOP('',(#1080,#1081,#1082,#1083));
#6342=EDGE_LOOP('',(#1084,#1085,#1086,#1087));
#6343=EDGE_LOOP('',(#1088,#1089,#1090,#1091));
#6344=EDGE_LOOP('',(#1092,#1093,#1094,#1095));
#6345=EDGE_LOOP('',(#1096,#1097,#1098,#1099));
#6346=EDGE_LOOP('',(#1100,#1101,#1102,#1103));
#6347=EDGE_LOOP('',(#1104,#1105,#1106,#1107));
#6348=EDGE_LOOP('',(#1108,#1109,#1110,#1111));
#6349=EDGE_LOOP('',(#1112,#1113,#1114,#1115));
#6350=EDGE_LOOP('',(#1116,#1117,#1118,#1119));
#6351=EDGE_LOOP('',(#1120,#1121,#1122,#1123));
#6352=EDGE_LOOP('',(#1124,#1125,#1126,#1127));
#6353=EDGE_LOOP('',(#1128,#1129,#1130,#1131));
#6354=EDGE_LOOP('',(#1132,#1133,#1134,#1135));
#6355=EDGE_LOOP('',(#1136,#1137,#1138,#1139));
#6356=EDGE_LOOP('',(#1140,#1141,#1142,#1143));
#6357=EDGE_LOOP('',(#1144,#1145,#1146,#1147));
#6358=EDGE_LOOP('',(#1148,#1149,#1150,#1151));
#6359=EDGE_LOOP('',(#1152,#1153,#1154,#1155));
#6360=EDGE_LOOP('',(#1156,#1157,#1158,#1159));
#6361=EDGE_LOOP('',(#1160,#1161,#1162,#1163));
#6362=EDGE_LOOP('',(#1164,#1165,#1166,#1167));
#6363=EDGE_LOOP('',(#1168,#1169,#1170,#1171));
#6364=EDGE_LOOP('',(#1172,#1173,#1174,#1175));
#6365=EDGE_LOOP('',(#1176,#1177,#1178,#1179));
#6366=EDGE_LOOP('',(#1180,#1181,#1182,#1183));
#6367=EDGE_LOOP('',(#1184,#1185,#1186,#1187));
#6368=EDGE_LOOP('',(#1188,#1189,#1190,#1191));
#6369=EDGE_LOOP('',(#1192,#1193,#1194,#1195));
#6370=EDGE_LOOP('',(#1196,#1197,#1198,#1199));
#6371=EDGE_LOOP('',(#1200,#1201,#1202,#1203));
#6372=EDGE_LOOP('',(#1204,#1205,#1206,#1207));
#6373=EDGE_LOOP('',(#1208,#1209,#1210,#1211));
#6374=EDGE_LOOP('',(#1212,#1213,#1214,#1215));
#6375=EDGE_LOOP('',(#1216,#1217,#1218,#1219));
#6376=EDGE_LOOP('',(#1220,#1221,#1222,#1223));
#6377=EDGE_LOOP('',(#1224,#1225,#1226,#1227));
#6378=EDGE_LOOP('',(#1228,#1229,#1230,#1231));
#6379=EDGE_LOOP('',(#1232,#1233,#1234,#1235));
#6380=EDGE_LOOP('',(#1236,#1237,#1238,#1239));
#6381=EDGE_LOOP('',(#1240,#1241,#1242,#1243));
#6382=EDGE_LOOP('',(#1244,#1245,#1246,#1247));
#6383=EDGE_LOOP('',(#1248,#1249,#1250,#1251));
#6384=EDGE_LOOP('',(#1252,#1253,#1254,#1255));
#6385=EDGE_LOOP('',(#1256,#1257,#1258,#1259));
#6386=EDGE_LOOP('',(#1260,#1261,#1262,#1263));
#6387=EDGE_LOOP('',(#1264,#1265,#1266,#1267));
#6388=EDGE_LOOP('',(#1268,#1269,#1270,#1271));
#6389=EDGE_LOOP('',(#1272,#1273,#1274,#1275));
#6390=EDGE_LOOP('',(#1276,#1277,#1278,#1279));
#6391=EDGE_LOOP('',(#1280,#1281,#1282,#1283,#1284,#1285,#1286,#1287));
#6392=EDGE_LOOP('',(#1288,#1289,#1290,#1291,#1292,#1293,#1294,#1295,#1296,
#1297,#1298,#1299,#1300,#1301,#1302,#1303,#1304,#1305,#1306,#1307,#1308,
#1309,#1310,#1311,#1312,#1313,#1314,#1315,#1316,#1317,#1318,#1319,#1320,
#1321,#1322,#1323,#1324,#1325,#1326,#1327,#1328,#1329,#1330,#1331,#1332,
#1333,#1334,#1335));
#6393=EDGE_LOOP('',(#1336,#1337,#1338,#1339,#1340,#1341,#1342,#1343,#1344,
#1345,#1346,#1347,#1348,#1349,#1350,#1351,#1352,#1353,#1354,#1355,#1356,
#1357,#1358,#1359,#1360,#1361,#1362,#1363,#1364,#1365,#1366,#1367,#1368,
#1369,#1370,#1371,#1372,#1373,#1374,#1375,#1376,#1377,#1378,#1379,#1380,
#1381,#1382,#1383));
#6394=EDGE_LOOP('',(#1384,#1385,#1386,#1387,#1388,#1389,#1390,#1391,#1392,
#1393,#1394,#1395,#1396,#1397,#1398,#1399,#1400,#1401,#1402,#1403,#1404,
#1405,#1406,#1407,#1408,#1409,#1410,#1411,#1412,#1413,#1414,#1415,#1416,
#1417,#1418,#1419,#1420,#1421,#1422,#1423,#1424,#1425,#1426,#1427,#1428,
#1429,#1430,#1431));
#6395=EDGE_LOOP('',(#1432,#1433,#1434,#1435,#1436,#1437,#1438,#1439,#1440,
#1441,#1442,#1443,#1444,#1445,#1446,#1447,#1448,#1449,#1450,#1451,#1452,
#1453,#1454,#1455,#1456,#1457,#1458,#1459,#1460,#1461,#1462,#1463,#1464,
#1465,#1466,#1467,#1468,#1469,#1470,#1471,#1472,#1473,#1474,#1475,#1476,
#1477,#1478,#1479));
#6396=EDGE_LOOP('',(#1480,#1481,#1482,#1483,#1484,#1485,#1486,#1487,#1488,
#1489,#1490,#1491,#1492,#1493,#1494,#1495,#1496,#1497,#1498,#1499,#1500,
#1501,#1502,#1503,#1504,#1505,#1506,#1507,#1508,#1509,#1510,#1511,#1512,
#1513,#1514,#1515,#1516,#1517,#1518,#1519,#1520,#1521,#1522,#1523,#1524,
#1525,#1526,#1527,#1528,#1529,#1530,#1531,#1532,#1533));
#6397=EDGE_LOOP('',(#1534,#1535,#1536,#1537,#1538,#1539,#1540,#1541,#1542,
#1543,#1544,#1545,#1546,#1547,#1548,#1549,#1550,#1551,#1552,#1553,#1554,
#1555,#1556,#1557,#1558,#1559,#1560,#1561,#1562,#1563,#1564,#1565,#1566,
#1567,#1568,#1569,#1570,#1571,#1572,#1573,#1574,#1575,#1576,#1577,#1578,
#1579,#1580,#1581));
#6398=EDGE_LOOP('',(#1582,#1583,#1584,#1585,#1586,#1587,#1588,#1589,#1590,
#1591,#1592,#1593,#1594,#1595,#1596,#1597,#1598,#1599,#1600,#1601,#1602,
#1603,#1604,#1605,#1606,#1607,#1608,#1609,#1610,#1611,#1612,#1613,#1614,
#1615,#1616,#1617,#1618,#1619,#1620,#1621,#1622,#1623,#1624,#1625,#1626,
#1627,#1628,#1629));
#6399=EDGE_LOOP('',(#1630,#1631,#1632,#1633,#1634,#1635,#1636,#1637,#1638,
#1639,#1640,#1641,#1642,#1643,#1644,#1645,#1646,#1647,#1648,#1649,#1650,
#1651,#1652,#1653,#1654,#1655,#1656,#1657,#1658,#1659,#1660,#1661,#1662,
#1663,#1664,#1665,#1666,#1667,#1668,#1669,#1670,#1671,#1672,#1673,#1674,
#1675,#1676,#1677));
#6400=EDGE_LOOP('',(#1678,#1679,#1680,#1681,#1682,#1683));
#6401=EDGE_LOOP('',(#1684,#1685,#1686,#1687));
#6402=EDGE_LOOP('',(#1688,#1689,#1690,#1691));
#6403=EDGE_LOOP('',(#1692,#1693,#1694,#1695));
#6404=EDGE_LOOP('',(#1696,#1697,#1698,#1699));
#6405=EDGE_LOOP('',(#1700,#1701,#1702,#1703));
#6406=EDGE_LOOP('',(#1704,#1705,#1706,#1707));
#6407=EDGE_LOOP('',(#1708,#1709,#1710,#1711));
#6408=EDGE_LOOP('',(#1712,#1713,#1714,#1715));
#6409=EDGE_LOOP('',(#1716,#1717,#1718,#1719));
#6410=EDGE_LOOP('',(#1720,#1721,#1722,#1723));
#6411=EDGE_LOOP('',(#1724,#1725,#1726,#1727));
#6412=EDGE_LOOP('',(#1728,#1729,#1730,#1731));
#6413=EDGE_LOOP('',(#1732,#1733,#1734,#1735));
#6414=EDGE_LOOP('',(#1736,#1737,#1738,#1739));
#6415=EDGE_LOOP('',(#1740,#1741,#1742,#1743));
#6416=EDGE_LOOP('',(#1744,#1745,#1746,#1747,#1748,#1749,#1750,#1751,#1752,
#1753,#1754,#1755,#1756,#1757,#1758,#1759,#1760,#1761,#1762,#1763,#1764,
#1765,#1766,#1767,#1768,#1769,#1770,#1771,#1772,#1773,#1774,#1775,#1776,
#1777,#1778,#1779,#1780,#1781,#1782,#1783,#1784,#1785,#1786,#1787,#1788,
#1789,#1790,#1791));
#6417=EDGE_LOOP('',(#1792,#1793,#1794,#1795,#1796,#1797,#1798,#1799,#1800,
#1801,#1802,#1803,#1804,#1805,#1806,#1807,#1808,#1809,#1810,#1811,#1812,
#1813,#1814,#1815,#1816,#1817,#1818,#1819,#1820,#1821,#1822,#1823,#1824,
#1825,#1826,#1827,#1828,#1829,#1830,#1831,#1832,#1833,#1834,#1835,#1836,
#1837,#1838,#1839));
#6418=EDGE_LOOP('',(#1840,#1841,#1842,#1843,#1844,#1845,#1846,#1847,#1848,
#1849,#1850,#1851,#1852,#1853,#1854,#1855,#1856,#1857,#1858,#1859,#1860,
#1861,#1862,#1863,#1864,#1865,#1866,#1867,#1868,#1869,#1870,#1871,#1872,
#1873,#1874,#1875,#1876,#1877,#1878,#1879,#1880,#1881,#1882,#1883,#1884,
#1885,#1886,#1887));
#6419=EDGE_LOOP('',(#1888,#1889,#1890,#1891));
#6420=EDGE_LOOP('',(#1892,#1893,#1894,#1895));
#6421=EDGE_LOOP('',(#1896,#1897,#1898,#1899));
#6422=EDGE_LOOP('',(#1900,#1901,#1902,#1903));
#6423=EDGE_LOOP('',(#1904,#1905,#1906,#1907));
#6424=EDGE_LOOP('',(#1908,#1909,#1910,#1911));
#6425=EDGE_LOOP('',(#1912,#1913,#1914,#1915));
#6426=EDGE_LOOP('',(#1916,#1917,#1918,#1919));
#6427=EDGE_LOOP('',(#1920,#1921,#1922,#1923));
#6428=EDGE_LOOP('',(#1924,#1925,#1926,#1927));
#6429=EDGE_LOOP('',(#1928,#1929,#1930,#1931));
#6430=EDGE_LOOP('',(#1932,#1933,#1934,#1935));
#6431=EDGE_LOOP('',(#1936,#1937,#1938,#1939));
#6432=EDGE_LOOP('',(#1940,#1941,#1942,#1943));
#6433=EDGE_LOOP('',(#1944,#1945,#1946,#1947));
#6434=EDGE_LOOP('',(#1948,#1949,#1950,#1951));
#6435=EDGE_LOOP('',(#1952,#1953,#1954,#1955));
#6436=EDGE_LOOP('',(#1956,#1957,#1958,#1959));
#6437=EDGE_LOOP('',(#1960,#1961,#1962,#1963));
#6438=EDGE_LOOP('',(#1964,#1965,#1966,#1967));
#6439=EDGE_LOOP('',(#1968,#1969,#1970,#1971));
#6440=EDGE_LOOP('',(#1972,#1973,#1974,#1975));
#6441=EDGE_LOOP('',(#1976,#1977,#1978,#1979,#1980,#1981,#1982,#1983));
#6442=EDGE_LOOP('',(#1984,#1985,#1986,#1987,#1988,#1989,#1990,#1991,#1992,
#1993,#1994,#1995,#1996,#1997,#1998,#1999,#2000,#2001,#2002,#2003,#2004,
#2005,#2006,#2007,#2008,#2009,#2010,#2011,#2012,#2013,#2014,#2015,#2016,
#2017,#2018,#2019,#2020,#2021,#2022,#2023,#2024,#2025,#2026,#2027,#2028,
#2029,#2030,#2031,#2032,#2033,#2034,#2035));
#6443=EDGE_LOOP('',(#2036,#2037,#2038,#2039,#2040,#2041,#2042,#2043,#2044,
#2045,#2046,#2047,#2048,#2049,#2050,#2051,#2052,#2053,#2054,#2055,#2056,
#2057,#2058,#2059,#2060,#2061,#2062,#2063,#2064,#2065,#2066,#2067,#2068,
#2069,#2070,#2071,#2072,#2073,#2074,#2075,#2076,#2077,#2078,#2079,#2080,
#2081,#2082,#2083));
#6444=EDGE_LOOP('',(#2084,#2085,#2086,#2087,#2088,#2089,#2090,#2091,#2092,
#2093,#2094,#2095,#2096,#2097,#2098,#2099,#2100,#2101,#2102,#2103,#2104,
#2105,#2106,#2107,#2108,#2109,#2110,#2111,#2112,#2113,#2114,#2115,#2116,
#2117,#2118,#2119,#2120,#2121,#2122,#2123,#2124,#2125,#2126,#2127,#2128,
#2129,#2130,#2131));
#6445=EDGE_LOOP('',(#2132,#2133,#2134,#2135));
#6446=EDGE_LOOP('',(#2136,#2137,#2138,#2139));
#6447=EDGE_LOOP('',(#2140,#2141,#2142,#2143));
#6448=EDGE_LOOP('',(#2144,#2145,#2146,#2147));
#6449=EDGE_LOOP('',(#2148,#2149,#2150,#2151,#2152,#2153,#2154,#2155));
#6450=EDGE_LOOP('',(#2156,#2157,#2158,#2159,#2160,#2161,#2162,#2163));
#6451=EDGE_LOOP('',(#2164,#2165,#2166,#2167));
#6452=EDGE_LOOP('',(#2168,#2169,#2170,#2171));
#6453=EDGE_LOOP('',(#2172,#2173,#2174,#2175));
#6454=EDGE_LOOP('',(#2176,#2177,#2178,#2179));
#6455=FACE_BOUND('',#6080,.T.);
#6456=FACE_BOUND('',#6081,.T.);
#6457=FACE_BOUND('',#6082,.T.);
#6458=FACE_BOUND('',#6083,.T.);
#6459=FACE_BOUND('',#6084,.T.);
#6460=FACE_BOUND('',#6085,.T.);
#6461=FACE_BOUND('',#6086,.T.);
#6462=FACE_BOUND('',#6087,.T.);
#6463=FACE_BOUND('',#6088,.T.);
#6464=FACE_BOUND('',#6089,.T.);
#6465=FACE_BOUND('',#6090,.T.);
#6466=FACE_BOUND('',#6091,.T.);
#6467=FACE_BOUND('',#6092,.T.);
#6468=FACE_BOUND('',#6093,.T.);
#6469=FACE_BOUND('',#6094,.T.);
#6470=FACE_BOUND('',#6095,.T.);
#6471=FACE_BOUND('',#6096,.T.);
#6472=FACE_BOUND('',#6097,.T.);
#6473=FACE_BOUND('',#6098,.T.);
#6474=FACE_BOUND('',#6099,.T.);
#6475=FACE_BOUND('',#6100,.T.);
#6476=FACE_BOUND('',#6101,.T.);
#6477=FACE_BOUND('',#6102,.T.);
#6478=FACE_BOUND('',#6103,.T.);
#6479=FACE_BOUND('',#6104,.T.);
#6480=FACE_BOUND('',#6105,.T.);
#6481=FACE_BOUND('',#6106,.T.);
#6482=FACE_BOUND('',#6107,.T.);
#6483=FACE_BOUND('',#6108,.T.);
#6484=FACE_BOUND('',#6109,.T.);
#6485=FACE_BOUND('',#6110,.T.);
#6486=FACE_BOUND('',#6111,.T.);
#6487=FACE_BOUND('',#6112,.T.);
#6488=FACE_BOUND('',#6113,.T.);
#6489=FACE_BOUND('',#6114,.T.);
#6490=FACE_BOUND('',#6115,.T.);
#6491=FACE_BOUND('',#6116,.T.);
#6492=FACE_BOUND('',#6117,.T.);
#6493=FACE_BOUND('',#6118,.T.);
#6494=FACE_BOUND('',#6119,.T.);
#6495=FACE_BOUND('',#6120,.T.);
#6496=FACE_BOUND('',#6121,.T.);
#6497=FACE_BOUND('',#6122,.T.);
#6498=FACE_BOUND('',#6123,.T.);
#6499=FACE_BOUND('',#6124,.T.);
#6500=FACE_BOUND('',#6125,.T.);
#6501=FACE_BOUND('',#6126,.T.);
#6502=FACE_BOUND('',#6127,.T.);
#6503=FACE_BOUND('',#6128,.T.);
#6504=FACE_BOUND('',#6129,.T.);
#6505=FACE_BOUND('',#6130,.T.);
#6506=FACE_BOUND('',#6131,.T.);
#6507=FACE_BOUND('',#6132,.T.);
#6508=FACE_BOUND('',#6133,.T.);
#6509=FACE_BOUND('',#6134,.T.);
#6510=FACE_BOUND('',#6135,.T.);
#6511=FACE_BOUND('',#6136,.T.);
#6512=FACE_BOUND('',#6137,.T.);
#6513=FACE_BOUND('',#6138,.T.);
#6514=FACE_BOUND('',#6139,.T.);
#6515=FACE_BOUND('',#6140,.T.);
#6516=FACE_BOUND('',#6141,.T.);
#6517=FACE_BOUND('',#6142,.T.);
#6518=FACE_BOUND('',#6143,.T.);
#6519=FACE_BOUND('',#6144,.T.);
#6520=FACE_BOUND('',#6145,.T.);
#6521=FACE_BOUND('',#6146,.T.);
#6522=FACE_BOUND('',#6147,.T.);
#6523=FACE_BOUND('',#6148,.T.);
#6524=FACE_BOUND('',#6149,.T.);
#6525=FACE_BOUND('',#6150,.T.);
#6526=FACE_BOUND('',#6151,.T.);
#6527=FACE_BOUND('',#6152,.T.);
#6528=FACE_BOUND('',#6153,.T.);
#6529=FACE_BOUND('',#6154,.T.);
#6530=FACE_BOUND('',#6155,.T.);
#6531=FACE_BOUND('',#6156,.T.);
#6532=FACE_BOUND('',#6157,.T.);
#6533=FACE_BOUND('',#6158,.T.);
#6534=FACE_BOUND('',#6159,.T.);
#6535=FACE_BOUND('',#6160,.T.);
#6536=FACE_BOUND('',#6161,.T.);
#6537=FACE_BOUND('',#6162,.T.);
#6538=FACE_BOUND('',#6163,.T.);
#6539=FACE_BOUND('',#6164,.T.);
#6540=FACE_BOUND('',#6165,.T.);
#6541=FACE_BOUND('',#6166,.T.);
#6542=FACE_BOUND('',#6167,.T.);
#6543=FACE_BOUND('',#6168,.T.);
#6544=FACE_BOUND('',#6169,.T.);
#6545=FACE_BOUND('',#6170,.T.);
#6546=FACE_BOUND('',#6171,.T.);
#6547=FACE_BOUND('',#6172,.T.);
#6548=FACE_BOUND('',#6173,.T.);
#6549=FACE_BOUND('',#6174,.T.);
#6550=FACE_BOUND('',#6175,.T.);
#6551=FACE_BOUND('',#6176,.T.);
#6552=FACE_BOUND('',#6177,.T.);
#6553=FACE_BOUND('',#6178,.T.);
#6554=FACE_BOUND('',#6179,.T.);
#6555=FACE_BOUND('',#6180,.T.);
#6556=FACE_BOUND('',#6181,.T.);
#6557=FACE_BOUND('',#6182,.T.);
#6558=FACE_BOUND('',#6183,.T.);
#6559=FACE_BOUND('',#6184,.T.);
#6560=FACE_BOUND('',#6185,.T.);
#6561=FACE_BOUND('',#6186,.T.);
#6562=FACE_BOUND('',#6187,.T.);
#6563=FACE_BOUND('',#6188,.T.);
#6564=FACE_BOUND('',#6189,.T.);
#6565=FACE_BOUND('',#6190,.T.);
#6566=FACE_BOUND('',#6191,.T.);
#6567=FACE_BOUND('',#6192,.T.);
#6568=FACE_BOUND('',#6193,.T.);
#6569=FACE_BOUND('',#6194,.T.);
#6570=FACE_BOUND('',#6195,.T.);
#6571=FACE_BOUND('',#6196,.T.);
#6572=FACE_BOUND('',#6197,.T.);
#6573=FACE_BOUND('',#6198,.T.);
#6574=FACE_BOUND('',#6199,.T.);
#6575=FACE_BOUND('',#6200,.T.);
#6576=FACE_BOUND('',#6201,.T.);
#6577=FACE_BOUND('',#6202,.T.);
#6578=FACE_BOUND('',#6203,.T.);
#6579=FACE_BOUND('',#6204,.T.);
#6580=FACE_BOUND('',#6205,.T.);
#6581=FACE_BOUND('',#6206,.T.);
#6582=FACE_BOUND('',#6207,.T.);
#6583=FACE_BOUND('',#6208,.T.);
#6584=FACE_BOUND('',#6209,.T.);
#6585=FACE_BOUND('',#6210,.T.);
#6586=FACE_BOUND('',#6211,.T.);
#6587=FACE_BOUND('',#6212,.T.);
#6588=FACE_BOUND('',#6213,.T.);
#6589=FACE_BOUND('',#6214,.T.);
#6590=FACE_BOUND('',#6215,.T.);
#6591=FACE_BOUND('',#6216,.T.);
#6592=FACE_BOUND('',#6217,.T.);
#6593=FACE_BOUND('',#6218,.T.);
#6594=FACE_BOUND('',#6219,.T.);
#6595=FACE_BOUND('',#6220,.T.);
#6596=FACE_BOUND('',#6221,.T.);
#6597=FACE_BOUND('',#6222,.T.);
#6598=FACE_BOUND('',#6223,.T.);
#6599=FACE_BOUND('',#6224,.T.);
#6600=FACE_BOUND('',#6225,.T.);
#6601=FACE_BOUND('',#6226,.T.);
#6602=FACE_BOUND('',#6227,.T.);
#6603=FACE_BOUND('',#6228,.T.);
#6604=FACE_BOUND('',#6229,.T.);
#6605=FACE_BOUND('',#6230,.T.);
#6606=FACE_BOUND('',#6231,.T.);
#6607=FACE_BOUND('',#6232,.T.);
#6608=FACE_BOUND('',#6233,.T.);
#6609=FACE_BOUND('',#6234,.T.);
#6610=FACE_BOUND('',#6235,.T.);
#6611=FACE_BOUND('',#6236,.T.);
#6612=FACE_BOUND('',#6237,.T.);
#6613=FACE_BOUND('',#6238,.T.);
#6614=FACE_BOUND('',#6239,.T.);
#6615=FACE_BOUND('',#6240,.T.);
#6616=FACE_BOUND('',#6241,.T.);
#6617=FACE_BOUND('',#6242,.T.);
#6618=FACE_BOUND('',#6243,.T.);
#6619=FACE_BOUND('',#6244,.T.);
#6620=FACE_BOUND('',#6245,.T.);
#6621=FACE_BOUND('',#6246,.T.);
#6622=FACE_BOUND('',#6247,.T.);
#6623=FACE_BOUND('',#6248,.T.);
#6624=FACE_BOUND('',#6249,.T.);
#6625=FACE_BOUND('',#6250,.T.);
#6626=FACE_BOUND('',#6251,.T.);
#6627=FACE_BOUND('',#6252,.T.);
#6628=FACE_BOUND('',#6253,.T.);
#6629=FACE_BOUND('',#6254,.T.);
#6630=FACE_BOUND('',#6255,.T.);
#6631=FACE_BOUND('',#6256,.T.);
#6632=FACE_BOUND('',#6257,.T.);
#6633=FACE_BOUND('',#6258,.T.);
#6634=FACE_BOUND('',#6259,.T.);
#6635=FACE_BOUND('',#6260,.T.);
#6636=FACE_BOUND('',#6261,.T.);
#6637=FACE_BOUND('',#6262,.T.);
#6638=FACE_BOUND('',#6263,.T.);
#6639=FACE_BOUND('',#6264,.T.);
#6640=FACE_BOUND('',#6265,.T.);
#6641=FACE_BOUND('',#6266,.T.);
#6642=FACE_BOUND('',#6267,.T.);
#6643=FACE_BOUND('',#6268,.T.);
#6644=FACE_BOUND('',#6269,.T.);
#6645=FACE_BOUND('',#6270,.T.);
#6646=FACE_BOUND('',#6271,.T.);
#6647=FACE_BOUND('',#6272,.T.);
#6648=FACE_BOUND('',#6273,.T.);
#6649=FACE_BOUND('',#6274,.T.);
#6650=FACE_BOUND('',#6275,.T.);
#6651=FACE_BOUND('',#6276,.T.);
#6652=FACE_BOUND('',#6277,.T.);
#6653=FACE_BOUND('',#6278,.T.);
#6654=FACE_BOUND('',#6279,.T.);
#6655=FACE_BOUND('',#6280,.T.);
#6656=FACE_BOUND('',#6281,.T.);
#6657=FACE_BOUND('',#6282,.T.);
#6658=FACE_BOUND('',#6283,.T.);
#6659=FACE_BOUND('',#6284,.T.);
#6660=FACE_BOUND('',#6285,.T.);
#6661=FACE_BOUND('',#6286,.T.);
#6662=FACE_BOUND('',#6287,.T.);
#6663=FACE_BOUND('',#6288,.T.);
#6664=FACE_BOUND('',#6289,.T.);
#6665=FACE_BOUND('',#6290,.T.);
#6666=FACE_BOUND('',#6291,.T.);
#6667=FACE_BOUND('',#6292,.T.);
#6668=FACE_BOUND('',#6293,.T.);
#6669=FACE_BOUND('',#6294,.T.);
#6670=FACE_BOUND('',#6295,.T.);
#6671=FACE_BOUND('',#6296,.T.);
#6672=FACE_BOUND('',#6297,.T.);
#6673=FACE_BOUND('',#6298,.T.);
#6674=FACE_BOUND('',#6299,.T.);
#6675=FACE_BOUND('',#6300,.T.);
#6676=FACE_BOUND('',#6301,.T.);
#6677=FACE_BOUND('',#6302,.T.);
#6678=FACE_BOUND('',#6303,.T.);
#6679=FACE_BOUND('',#6304,.T.);
#6680=FACE_BOUND('',#6305,.T.);
#6681=FACE_BOUND('',#6306,.T.);
#6682=FACE_BOUND('',#6307,.T.);
#6683=FACE_BOUND('',#6308,.T.);
#6684=FACE_BOUND('',#6309,.T.);
#6685=FACE_BOUND('',#6310,.T.);
#6686=FACE_BOUND('',#6311,.T.);
#6687=FACE_BOUND('',#6312,.T.);
#6688=FACE_BOUND('',#6313,.T.);
#6689=FACE_BOUND('',#6314,.T.);
#6690=FACE_BOUND('',#6315,.T.);
#6691=FACE_BOUND('',#6316,.T.);
#6692=FACE_BOUND('',#6317,.T.);
#6693=FACE_BOUND('',#6318,.T.);
#6694=FACE_BOUND('',#6319,.T.);
#6695=FACE_BOUND('',#6320,.T.);
#6696=FACE_BOUND('',#6321,.T.);
#6697=FACE_BOUND('',#6322,.T.);
#6698=FACE_BOUND('',#6323,.T.);
#6699=FACE_BOUND('',#6324,.T.);
#6700=FACE_BOUND('',#6325,.T.);
#6701=FACE_BOUND('',#6326,.T.);
#6702=FACE_BOUND('',#6327,.T.);
#6703=FACE_BOUND('',#6328,.T.);
#6704=FACE_BOUND('',#6329,.T.);
#6705=FACE_BOUND('',#6330,.T.);
#6706=FACE_BOUND('',#6331,.T.);
#6707=FACE_BOUND('',#6332,.T.);
#6708=FACE_BOUND('',#6333,.T.);
#6709=FACE_BOUND('',#6334,.T.);
#6710=FACE_BOUND('',#6335,.T.);
#6711=FACE_BOUND('',#6336,.T.);
#6712=FACE_BOUND('',#6337,.T.);
#6713=FACE_BOUND('',#6338,.T.);
#6714=FACE_BOUND('',#6339,.T.);
#6715=FACE_BOUND('',#6340,.T.);
#6716=FACE_BOUND('',#6341,.T.);
#6717=FACE_BOUND('',#6342,.T.);
#6718=FACE_BOUND('',#6343,.T.);
#6719=FACE_BOUND('',#6344,.T.);
#6720=FACE_BOUND('',#6345,.T.);
#6721=FACE_BOUND('',#6346,.T.);
#6722=FACE_BOUND('',#6347,.T.);
#6723=FACE_BOUND('',#6348,.T.);
#6724=FACE_BOUND('',#6349,.T.);
#6725=FACE_BOUND('',#6350,.T.);
#6726=FACE_BOUND('',#6351,.T.);
#6727=FACE_BOUND('',#6352,.T.);
#6728=FACE_BOUND('',#6353,.T.);
#6729=FACE_BOUND('',#6354,.T.);
#6730=FACE_BOUND('',#6355,.T.);
#6731=FACE_BOUND('',#6356,.T.);
#6732=FACE_BOUND('',#6357,.T.);
#6733=FACE_BOUND('',#6358,.T.);
#6734=FACE_BOUND('',#6359,.T.);
#6735=FACE_BOUND('',#6360,.T.);
#6736=FACE_BOUND('',#6361,.T.);
#6737=FACE_BOUND('',#6362,.T.);
#6738=FACE_BOUND('',#6363,.T.);
#6739=FACE_BOUND('',#6364,.T.);
#6740=FACE_BOUND('',#6365,.T.);
#6741=FACE_BOUND('',#6366,.T.);
#6742=FACE_BOUND('',#6367,.T.);
#6743=FACE_BOUND('',#6368,.T.);
#6744=FACE_BOUND('',#6369,.T.);
#6745=FACE_BOUND('',#6370,.T.);
#6746=FACE_BOUND('',#6371,.T.);
#6747=FACE_BOUND('',#6372,.T.);
#6748=FACE_BOUND('',#6373,.T.);
#6749=FACE_BOUND('',#6374,.T.);
#6750=FACE_BOUND('',#6375,.T.);
#6751=FACE_BOUND('',#6376,.T.);
#6752=FACE_BOUND('',#6377,.T.);
#6753=FACE_BOUND('',#6378,.T.);
#6754=FACE_BOUND('',#6379,.T.);
#6755=FACE_BOUND('',#6380,.T.);
#6756=FACE_BOUND('',#6381,.T.);
#6757=FACE_BOUND('',#6382,.T.);
#6758=FACE_BOUND('',#6383,.T.);
#6759=FACE_BOUND('',#6384,.T.);
#6760=FACE_BOUND('',#6385,.T.);
#6761=FACE_BOUND('',#6386,.T.);
#6762=FACE_BOUND('',#6387,.T.);
#6763=FACE_BOUND('',#6388,.T.);
#6764=FACE_BOUND('',#6389,.T.);
#6765=FACE_BOUND('',#6390,.T.);
#6766=FACE_BOUND('',#6391,.T.);
#6767=FACE_BOUND('',#6392,.T.);
#6768=FACE_BOUND('',#6393,.T.);
#6769=FACE_BOUND('',#6394,.T.);
#6770=FACE_BOUND('',#6395,.T.);
#6771=FACE_BOUND('',#6396,.T.);
#6772=FACE_BOUND('',#6397,.T.);
#6773=FACE_BOUND('',#6398,.T.);
#6774=FACE_BOUND('',#6399,.T.);
#6775=FACE_BOUND('',#6400,.T.);
#6776=FACE_BOUND('',#6401,.T.);
#6777=FACE_BOUND('',#6402,.T.);
#6778=FACE_BOUND('',#6403,.T.);
#6779=FACE_BOUND('',#6404,.T.);
#6780=FACE_BOUND('',#6405,.T.);
#6781=FACE_BOUND('',#6406,.T.);
#6782=FACE_BOUND('',#6407,.T.);
#6783=FACE_BOUND('',#6408,.T.);
#6784=FACE_BOUND('',#6409,.T.);
#6785=FACE_BOUND('',#6410,.T.);
#6786=FACE_BOUND('',#6411,.T.);
#6787=FACE_BOUND('',#6412,.T.);
#6788=FACE_BOUND('',#6413,.T.);
#6789=FACE_BOUND('',#6414,.T.);
#6790=FACE_BOUND('',#6415,.T.);
#6791=FACE_BOUND('',#6416,.T.);
#6792=FACE_BOUND('',#6417,.T.);
#6793=FACE_BOUND('',#6418,.T.);
#6794=FACE_BOUND('',#6419,.T.);
#6795=FACE_BOUND('',#6420,.T.);
#6796=FACE_BOUND('',#6421,.T.);
#6797=FACE_BOUND('',#6422,.T.);
#6798=FACE_BOUND('',#6423,.T.);
#6799=FACE_BOUND('',#6424,.T.);
#6800=FACE_BOUND('',#6425,.T.);
#6801=FACE_BOUND('',#6426,.T.);
#6802=FACE_BOUND('',#6427,.T.);
#6803=FACE_BOUND('',#6428,.T.);
#6804=FACE_BOUND('',#6429,.T.);
#6805=FACE_BOUND('',#6430,.T.);
#6806=FACE_BOUND('',#6431,.T.);
#6807=FACE_BOUND('',#6432,.T.);
#6808=FACE_BOUND('',#6433,.T.);
#6809=FACE_BOUND('',#6434,.T.);
#6810=FACE_BOUND('',#6435,.T.);
#6811=FACE_BOUND('',#6436,.T.);
#6812=FACE_BOUND('',#6437,.T.);
#6813=FACE_BOUND('',#6438,.T.);
#6814=FACE_BOUND('',#6439,.T.);
#6815=FACE_BOUND('',#6440,.T.);
#6816=FACE_BOUND('',#6441,.T.);
#6817=FACE_BOUND('',#6442,.T.);
#6818=FACE_BOUND('',#6443,.T.);
#6819=FACE_BOUND('',#6444,.T.);
#6820=FACE_BOUND('',#6445,.T.);
#6821=FACE_BOUND('',#6446,.T.);
#6822=FACE_BOUND('',#6447,.T.);
#6823=FACE_BOUND('',#6448,.T.);
#6824=FACE_BOUND('',#6449,.T.);
#6825=FACE_BOUND('',#6450,.T.);
#6826=FACE_BOUND('',#6451,.T.);
#6827=FACE_BOUND('',#6452,.T.);
#6828=FACE_BOUND('',#6453,.T.);
#6829=FACE_BOUND('',#6454,.T.);
#6830=PLANE('',#7559);
#6831=PLANE('',#7560);
#6832=PLANE('',#7561);
#6833=PLANE('',#7562);
#6834=PLANE('',#7563);
#6835=PLANE('',#7564);
#6836=PLANE('',#7565);
#6837=PLANE('',#7566);
#6838=PLANE('',#7567);
#6839=PLANE('',#7568);
#6840=PLANE('',#7569);
#6841=PLANE('',#7570);
#6842=PLANE('',#7571);
#6843=PLANE('',#7572);
#6844=PLANE('',#7573);
#6845=PLANE('',#7574);
#6846=PLANE('',#7575);
#6847=PLANE('',#7576);
#6848=PLANE('',#7577);
#6849=PLANE('',#7578);
#6850=PLANE('',#7579);
#6851=PLANE('',#7580);
#6852=PLANE('',#7581);
#6853=PLANE('',#7582);
#6854=PLANE('',#7583);
#6855=PLANE('',#7584);
#6856=PLANE('',#7585);
#6857=PLANE('',#7586);
#6858=PLANE('',#7587);
#6859=PLANE('',#7588);
#6860=PLANE('',#7589);
#6861=PLANE('',#7590);
#6862=PLANE('',#7591);
#6863=PLANE('',#7592);
#6864=PLANE('',#7593);
#6865=PLANE('',#7594);
#6866=PLANE('',#7595);
#6867=PLANE('',#7596);
#6868=PLANE('',#7597);
#6869=PLANE('',#7598);
#6870=PLANE('',#7599);
#6871=PLANE('',#7600);
#6872=PLANE('',#7601);
#6873=PLANE('',#7602);
#6874=PLANE('',#7603);
#6875=PLANE('',#7604);
#6876=PLANE('',#7605);
#6877=PLANE('',#7606);
#6878=PLANE('',#7607);
#6879=PLANE('',#7608);
#6880=PLANE('',#7609);
#6881=PLANE('',#7610);
#6882=PLANE('',#7611);
#6883=PLANE('',#7612);
#6884=PLANE('',#7613);
#6885=PLANE('',#7614);
#6886=PLANE('',#7615);
#6887=PLANE('',#7616);
#6888=PLANE('',#7617);
#6889=PLANE('',#7618);
#6890=PLANE('',#7619);
#6891=PLANE('',#7620);
#6892=PLANE('',#7621);
#6893=PLANE('',#7622);
#6894=PLANE('',#7623);
#6895=PLANE('',#7624);
#6896=PLANE('',#7625);
#6897=PLANE('',#7626);
#6898=PLANE('',#7627);
#6899=PLANE('',#7628);
#6900=PLANE('',#7629);
#6901=PLANE('',#7630);
#6902=PLANE('',#7631);
#6903=PLANE('',#7632);
#6904=PLANE('',#7633);
#6905=PLANE('',#7634);
#6906=PLANE('',#7635);
#6907=PLANE('',#7636);
#6908=PLANE('',#7637);
#6909=PLANE('',#7638);
#6910=PLANE('',#7639);
#6911=PLANE('',#7640);
#6912=PLANE('',#7641);
#6913=PLANE('',#7642);
#6914=PLANE('',#7643);
#6915=PLANE('',#7644);
#6916=PLANE('',#7645);
#6917=PLANE('',#7646);
#6918=PLANE('',#7647);
#6919=PLANE('',#7648);
#6920=PLANE('',#7649);
#6921=PLANE('',#7650);
#6922=PLANE('',#7651);
#6923=PLANE('',#7652);
#6924=PLANE('',#7653);
#6925=PLANE('',#7654);
#6926=PLANE('',#7655);
#6927=PLANE('',#7656);
#6928=PLANE('',#7657);
#6929=PLANE('',#7658);
#6930=PLANE('',#7659);
#6931=PLANE('',#7660);
#6932=PLANE('',#7661);
#6933=PLANE('',#7662);
#6934=PLANE('',#7663);
#6935=PLANE('',#7664);
#6936=PLANE('',#7665);
#6937=PLANE('',#7666);
#6938=PLANE('',#7667);
#6939=PLANE('',#7668);
#6940=PLANE('',#7669);
#6941=PLANE('',#7670);
#6942=PLANE('',#7671);
#6943=PLANE('',#7672);
#6944=PLANE('',#7673);
#6945=PLANE('',#7674);
#6946=PLANE('',#7675);
#6947=PLANE('',#7676);
#6948=PLANE('',#7677);
#6949=PLANE('',#7678);
#6950=PLANE('',#7679);
#6951=PLANE('',#7680);
#6952=PLANE('',#7681);
#6953=PLANE('',#7682);
#6954=PLANE('',#7683);
#6955=PLANE('',#7684);
#6956=PLANE('',#7685);
#6957=PLANE('',#7686);
#6958=PLANE('',#7687);
#6959=PLANE('',#7688);
#6960=PLANE('',#7689);
#6961=PLANE('',#7690);
#6962=PLANE('',#7691);
#6963=PLANE('',#7692);
#6964=PLANE('',#7693);
#6965=PLANE('',#7694);
#6966=PLANE('',#7695);
#6967=PLANE('',#7696);
#6968=PLANE('',#7697);
#6969=PLANE('',#7698);
#6970=PLANE('',#7699);
#6971=PLANE('',#7700);
#6972=PLANE('',#7701);
#6973=PLANE('',#7702);
#6974=PLANE('',#7703);
#6975=PLANE('',#7704);
#6976=PLANE('',#7705);
#6977=PLANE('',#7706);
#6978=PLANE('',#7707);
#6979=PLANE('',#7708);
#6980=PLANE('',#7709);
#6981=PLANE('',#7710);
#6982=PLANE('',#7711);
#6983=PLANE('',#7712);
#6984=PLANE('',#7713);
#6985=PLANE('',#7714);
#6986=PLANE('',#7715);
#6987=PLANE('',#7716);
#6988=PLANE('',#7717);
#6989=PLANE('',#7718);
#6990=PLANE('',#7719);
#6991=PLANE('',#7720);
#6992=PLANE('',#7721);
#6993=PLANE('',#7722);
#6994=PLANE('',#7723);
#6995=PLANE('',#7724);
#6996=PLANE('',#7725);
#6997=PLANE('',#7726);
#6998=PLANE('',#7727);
#6999=PLANE('',#7728);
#7000=PLANE('',#7729);
#7001=PLANE('',#7730);
#7002=PLANE('',#7731);
#7003=PLANE('',#7732);
#7004=PLANE('',#7733);
#7005=PLANE('',#7734);
#7006=PLANE('',#7735);
#7007=PLANE('',#7736);
#7008=PLANE('',#7737);
#7009=PLANE('',#7738);
#7010=PLANE('',#7739);
#7011=PLANE('',#7740);
#7012=PLANE('',#7741);
#7013=PLANE('',#7742);
#7014=PLANE('',#7743);
#7015=PLANE('',#7744);
#7016=PLANE('',#7745);
#7017=PLANE('',#7746);
#7018=PLANE('',#7747);
#7019=PLANE('',#7748);
#7020=PLANE('',#7749);
#7021=PLANE('',#7750);
#7022=PLANE('',#7751);
#7023=PLANE('',#7752);
#7024=PLANE('',#7753);
#7025=PLANE('',#7754);
#7026=PLANE('',#7755);
#7027=PLANE('',#7756);
#7028=PLANE('',#7757);
#7029=PLANE('',#7758);
#7030=PLANE('',#7759);
#7031=PLANE('',#7760);
#7032=PLANE('',#7761);
#7033=PLANE('',#7762);
#7034=PLANE('',#7763);
#7035=PLANE('',#7764);
#7036=PLANE('',#7765);
#7037=PLANE('',#7766);
#7038=PLANE('',#7767);
#7039=PLANE('',#7768);
#7040=PLANE('',#7769);
#7041=PLANE('',#7770);
#7042=PLANE('',#7771);
#7043=PLANE('',#7772);
#7044=PLANE('',#7773);
#7045=PLANE('',#7774);
#7046=PLANE('',#7775);
#7047=PLANE('',#7776);
#7048=PLANE('',#7777);
#7049=PLANE('',#7778);
#7050=PLANE('',#7779);
#7051=PLANE('',#7780);
#7052=PLANE('',#7781);
#7053=PLANE('',#7782);
#7054=PLANE('',#7783);
#7055=PLANE('',#7784);
#7056=PLANE('',#7785);
#7057=PLANE('',#7786);
#7058=PLANE('',#7787);
#7059=PLANE('',#7788);
#7060=PLANE('',#7789);
#7061=PLANE('',#7790);
#7062=PLANE('',#7791);
#7063=PLANE('',#7792);
#7064=PLANE('',#7793);
#7065=PLANE('',#7794);
#7066=PLANE('',#7795);
#7067=PLANE('',#7796);
#7068=PLANE('',#7797);
#7069=PLANE('',#7798);
#7070=PLANE('',#7799);
#7071=PLANE('',#7800);
#7072=PLANE('',#7801);
#7073=PLANE('',#7802);
#7074=PLANE('',#7803);
#7075=PLANE('',#7804);
#7076=PLANE('',#7805);
#7077=PLANE('',#7806);
#7078=PLANE('',#7807);
#7079=PLANE('',#7808);
#7080=PLANE('',#7809);
#7081=PLANE('',#7810);
#7082=PLANE('',#7811);
#7083=PLANE('',#7812);
#7084=PLANE('',#7813);
#7085=PLANE('',#7814);
#7086=PLANE('',#7815);
#7087=PLANE('',#7816);
#7088=PLANE('',#7817);
#7089=PLANE('',#7818);
#7090=PLANE('',#7819);
#7091=PLANE('',#7820);
#7092=PLANE('',#7821);
#7093=PLANE('',#7822);
#7094=PLANE('',#7823);
#7095=PLANE('',#7824);
#7096=PLANE('',#7825);
#7097=PLANE('',#7826);
#7098=PLANE('',#7827);
#7099=PLANE('',#7828);
#7100=PLANE('',#7829);
#7101=PLANE('',#7830);
#7102=PLANE('',#7831);
#7103=PLANE('',#7832);
#7104=PLANE('',#7833);
#7105=PLANE('',#7834);
#7106=PLANE('',#7835);
#7107=PLANE('',#7836);
#7108=PLANE('',#7837);
#7109=PLANE('',#7838);
#7110=PLANE('',#7839);
#7111=PLANE('',#7840);
#7112=PLANE('',#7841);
#7113=PLANE('',#7842);
#7114=PLANE('',#7843);
#7115=PLANE('',#7844);
#7116=PLANE('',#7845);
#7117=PLANE('',#7846);
#7118=PLANE('',#7847);
#7119=PLANE('',#7848);
#7120=PLANE('',#7849);
#7121=PLANE('',#7850);
#7122=PLANE('',#7851);
#7123=PLANE('',#7852);
#7124=PLANE('',#7853);
#7125=PLANE('',#7854);
#7126=PLANE('',#7855);
#7127=PLANE('',#7856);
#7128=PLANE('',#7857);
#7129=PLANE('',#7858);
#7130=PLANE('',#7859);
#7131=PLANE('',#7860);
#7132=PLANE('',#7861);
#7133=PLANE('',#7862);
#7134=PLANE('',#7863);
#7135=PLANE('',#7864);
#7136=PLANE('',#7865);
#7137=PLANE('',#7866);
#7138=PLANE('',#7867);
#7139=PLANE('',#7868);
#7140=PLANE('',#7869);
#7141=PLANE('',#7870);
#7142=PLANE('',#7871);
#7143=PLANE('',#7872);
#7144=PLANE('',#7873);
#7145=PLANE('',#7874);
#7146=PLANE('',#7875);
#7147=PLANE('',#7876);
#7148=PLANE('',#7877);
#7149=PLANE('',#7878);
#7150=PLANE('',#7879);
#7151=PLANE('',#7880);
#7152=PLANE('',#7881);
#7153=PLANE('',#7882);
#7154=PLANE('',#7883);
#7155=PLANE('',#7884);
#7156=PLANE('',#7885);
#7157=PLANE('',#7886);
#7158=PLANE('',#7887);
#7159=PLANE('',#7888);
#7160=PLANE('',#7889);
#7161=PLANE('',#7890);
#7162=PLANE('',#7891);
#7163=PLANE('',#7892);
#7164=PLANE('',#7893);
#7165=PLANE('',#7894);
#7166=PLANE('',#7895);
#7167=PLANE('',#7896);
#7168=PLANE('',#7897);
#7169=PLANE('',#7898);
#7170=PLANE('',#7899);
#7171=PLANE('',#7900);
#7172=PLANE('',#7901);
#7173=PLANE('',#7902);
#7174=PLANE('',#7903);
#7175=PLANE('',#7904);
#7176=PLANE('',#7905);
#7177=PLANE('',#7906);
#7178=PLANE('',#7907);
#7179=PLANE('',#7908);
#7180=PLANE('',#7909);
#7181=PLANE('',#7910);
#7182=PLANE('',#7911);
#7183=PLANE('',#7912);
#7184=PLANE('',#7913);
#7185=PLANE('',#7914);
#7186=ADVANCED_FACE('',(#6455),#6830,.T.);
#7187=ADVANCED_FACE('',(#6456),#6831,.T.);
#7188=ADVANCED_FACE('',(#6457),#6832,.T.);
#7189=ADVANCED_FACE('',(#6458),#6833,.T.);
#7190=ADVANCED_FACE('',(#6459),#6834,.T.);
#7191=ADVANCED_FACE('',(#6460),#6835,.T.);
#7192=ADVANCED_FACE('',(#6461),#6836,.T.);
#7193=ADVANCED_FACE('',(#6462),#6837,.T.);
#7194=ADVANCED_FACE('',(#6463),#6838,.T.);
#7195=ADVANCED_FACE('',(#6464),#6839,.T.);
#7196=ADVANCED_FACE('',(#6465),#6840,.T.);
#7197=ADVANCED_FACE('',(#6466),#6841,.T.);
#7198=ADVANCED_FACE('',(#6467),#6842,.T.);
#7199=ADVANCED_FACE('',(#6468),#6843,.T.);
#7200=ADVANCED_FACE('',(#6469),#6844,.T.);
#7201=ADVANCED_FACE('',(#6470),#6845,.T.);
#7202=ADVANCED_FACE('',(#6471),#6846,.T.);
#7203=ADVANCED_FACE('',(#6472),#6847,.T.);
#7204=ADVANCED_FACE('',(#6473),#6848,.T.);
#7205=ADVANCED_FACE('',(#6474),#6849,.T.);
#7206=ADVANCED_FACE('',(#6475),#6850,.T.);
#7207=ADVANCED_FACE('',(#6476),#6851,.T.);
#7208=ADVANCED_FACE('',(#6477),#6852,.T.);
#7209=ADVANCED_FACE('',(#6478),#6853,.T.);
#7210=ADVANCED_FACE('',(#6479),#6854,.T.);
#7211=ADVANCED_FACE('',(#6480),#6855,.T.);
#7212=ADVANCED_FACE('',(#6481),#6856,.T.);
#7213=ADVANCED_FACE('',(#6482),#6857,.T.);
#7214=ADVANCED_FACE('',(#6483),#6858,.T.);
#7215=ADVANCED_FACE('',(#6484),#6859,.T.);
#7216=ADVANCED_FACE('',(#6485),#6860,.T.);
#7217=ADVANCED_FACE('',(#6486),#6861,.T.);
#7218=ADVANCED_FACE('',(#6487),#6862,.T.);
#7219=ADVANCED_FACE('',(#6488),#6863,.T.);
#7220=ADVANCED_FACE('',(#6489),#6864,.T.);
#7221=ADVANCED_FACE('',(#6490),#6865,.T.);
#7222=ADVANCED_FACE('',(#6491),#6866,.T.);
#7223=ADVANCED_FACE('',(#6492),#6867,.T.);
#7224=ADVANCED_FACE('',(#6493),#6868,.T.);
#7225=ADVANCED_FACE('',(#6494),#6869,.T.);
#7226=ADVANCED_FACE('',(#6495),#6870,.T.);
#7227=ADVANCED_FACE('',(#6496),#6871,.T.);
#7228=ADVANCED_FACE('',(#6497),#6872,.T.);
#7229=ADVANCED_FACE('',(#6498),#6873,.T.);
#7230=ADVANCED_FACE('',(#6499),#6874,.T.);
#7231=ADVANCED_FACE('',(#6500),#6875,.T.);
#7232=ADVANCED_FACE('',(#6501),#6876,.T.);
#7233=ADVANCED_FACE('',(#6502),#6877,.T.);
#7234=ADVANCED_FACE('',(#6503),#6878,.T.);
#7235=ADVANCED_FACE('',(#6504),#6879,.T.);
#7236=ADVANCED_FACE('',(#6505),#6880,.T.);
#7237=ADVANCED_FACE('',(#6506),#6881,.T.);
#7238=ADVANCED_FACE('',(#6507),#6882,.T.);
#7239=ADVANCED_FACE('',(#6508),#6883,.T.);
#7240=ADVANCED_FACE('',(#6509),#6884,.T.);
#7241=ADVANCED_FACE('',(#6510),#6885,.T.);
#7242=ADVANCED_FACE('',(#6511),#6886,.T.);
#7243=ADVANCED_FACE('',(#6512),#6887,.T.);
#7244=ADVANCED_FACE('',(#6513),#6888,.T.);
#7245=ADVANCED_FACE('',(#6514),#6889,.T.);
#7246=ADVANCED_FACE('',(#6515),#6890,.T.);
#7247=ADVANCED_FACE('',(#6516),#6891,.T.);
#7248=ADVANCED_FACE('',(#6517),#6892,.T.);
#7249=ADVANCED_FACE('',(#6518),#6893,.T.);
#7250=ADVANCED_FACE('',(#6519),#6894,.T.);
#7251=ADVANCED_FACE('',(#6520),#6895,.T.);
#7252=ADVANCED_FACE('',(#6521),#6896,.T.);
#7253=ADVANCED_FACE('',(#6522),#6897,.T.);
#7254=ADVANCED_FACE('',(#6523),#6898,.T.);
#7255=ADVANCED_FACE('',(#6524),#6899,.T.);
#7256=ADVANCED_FACE('',(#6525),#6900,.T.);
#7257=ADVANCED_FACE('',(#6526),#6901,.T.);
#7258=ADVANCED_FACE('',(#6527),#6902,.T.);
#7259=ADVANCED_FACE('',(#6528),#6903,.T.);
#7260=ADVANCED_FACE('',(#6529),#6904,.T.);
#7261=ADVANCED_FACE('',(#6530),#6905,.T.);
#7262=ADVANCED_FACE('',(#6531),#6906,.T.);
#7263=ADVANCED_FACE('',(#6532),#6907,.T.);
#7264=ADVANCED_FACE('',(#6533),#6908,.T.);
#7265=ADVANCED_FACE('',(#6534),#6909,.T.);
#7266=ADVANCED_FACE('',(#6535),#6910,.T.);
#7267=ADVANCED_FACE('',(#6536),#6911,.T.);
#7268=ADVANCED_FACE('',(#6537),#6912,.T.);
#7269=ADVANCED_FACE('',(#6538),#6913,.T.);
#7270=ADVANCED_FACE('',(#6539),#6914,.T.);
#7271=ADVANCED_FACE('',(#6540),#6915,.T.);
#7272=ADVANCED_FACE('',(#6541),#6916,.T.);
#7273=ADVANCED_FACE('',(#6542),#6917,.T.);
#7274=ADVANCED_FACE('',(#6543),#6918,.T.);
#7275=ADVANCED_FACE('',(#6544),#6919,.T.);
#7276=ADVANCED_FACE('',(#6545),#6920,.T.);
#7277=ADVANCED_FACE('',(#6546),#6921,.T.);
#7278=ADVANCED_FACE('',(#6547),#6922,.T.);
#7279=ADVANCED_FACE('',(#6548),#6923,.T.);
#7280=ADVANCED_FACE('',(#6549),#6924,.T.);
#7281=ADVANCED_FACE('',(#6550),#6925,.T.);
#7282=ADVANCED_FACE('',(#6551),#6926,.T.);
#7283=ADVANCED_FACE('',(#6552),#6927,.T.);
#7284=ADVANCED_FACE('',(#6553),#6928,.T.);
#7285=ADVANCED_FACE('',(#6554),#6929,.T.);
#7286=ADVANCED_FACE('',(#6555),#6930,.T.);
#7287=ADVANCED_FACE('',(#6556),#6931,.T.);
#7288=ADVANCED_FACE('',(#6557),#6932,.T.);
#7289=ADVANCED_FACE('',(#6558),#6933,.T.);
#7290=ADVANCED_FACE('',(#6559),#6934,.T.);
#7291=ADVANCED_FACE('',(#6560),#6935,.T.);
#7292=ADVANCED_FACE('',(#6561),#6936,.T.);
#7293=ADVANCED_FACE('',(#6562),#6937,.T.);
#7294=ADVANCED_FACE('',(#6563),#6938,.T.);
#7295=ADVANCED_FACE('',(#6564),#6939,.T.);
#7296=ADVANCED_FACE('',(#6565,#6566),#6940,.T.);
#7297=ADVANCED_FACE('',(#6567),#6941,.T.);
#7298=ADVANCED_FACE('',(#6568),#6942,.T.);
#7299=ADVANCED_FACE('',(#6569),#6943,.T.);
#7300=ADVANCED_FACE('',(#6570),#6944,.T.);
#7301=ADVANCED_FACE('',(#6571),#6945,.T.);
#7302=ADVANCED_FACE('',(#6572),#6946,.T.);
#7303=ADVANCED_FACE('',(#6573),#6947,.T.);
#7304=ADVANCED_FACE('',(#6574),#6948,.T.);
#7305=ADVANCED_FACE('',(#6575),#6949,.T.);
#7306=ADVANCED_FACE('',(#6576),#6950,.T.);
#7307=ADVANCED_FACE('',(#6577),#6951,.T.);
#7308=ADVANCED_FACE('',(#6578),#6952,.T.);
#7309=ADVANCED_FACE('',(#6579),#6953,.T.);
#7310=ADVANCED_FACE('',(#6580),#6954,.T.);
#7311=ADVANCED_FACE('',(#6581),#6955,.T.);
#7312=ADVANCED_FACE('',(#6582),#6956,.T.);
#7313=ADVANCED_FACE('',(#6583),#6957,.T.);
#7314=ADVANCED_FACE('',(#6584),#6958,.T.);
#7315=ADVANCED_FACE('',(#6585),#6959,.T.);
#7316=ADVANCED_FACE('',(#6586),#6960,.T.);
#7317=ADVANCED_FACE('',(#6587),#6961,.T.);
#7318=ADVANCED_FACE('',(#6588),#6962,.T.);
#7319=ADVANCED_FACE('',(#6589),#6963,.T.);
#7320=ADVANCED_FACE('',(#6590),#6964,.T.);
#7321=ADVANCED_FACE('',(#6591),#6965,.T.);
#7322=ADVANCED_FACE('',(#6592),#6966,.T.);
#7323=ADVANCED_FACE('',(#6593),#6967,.T.);
#7324=ADVANCED_FACE('',(#6594),#6968,.T.);
#7325=ADVANCED_FACE('',(#6595),#6969,.T.);
#7326=ADVANCED_FACE('',(#6596),#6970,.T.);
#7327=ADVANCED_FACE('',(#6597),#6971,.T.);
#7328=ADVANCED_FACE('',(#6598),#6972,.T.);
#7329=ADVANCED_FACE('',(#6599),#6973,.T.);
#7330=ADVANCED_FACE('',(#6600),#6974,.T.);
#7331=ADVANCED_FACE('',(#6601),#6975,.T.);
#7332=ADVANCED_FACE('',(#6602),#6976,.T.);
#7333=ADVANCED_FACE('',(#6603),#6977,.T.);
#7334=ADVANCED_FACE('',(#6604),#6978,.T.);
#7335=ADVANCED_FACE('',(#6605),#6979,.T.);
#7336=ADVANCED_FACE('',(#6606),#6980,.T.);
#7337=ADVANCED_FACE('',(#6607),#6981,.T.);
#7338=ADVANCED_FACE('',(#6608),#6982,.T.);
#7339=ADVANCED_FACE('',(#6609),#6983,.T.);
#7340=ADVANCED_FACE('',(#6610),#6984,.T.);
#7341=ADVANCED_FACE('',(#6611),#6985,.T.);
#7342=ADVANCED_FACE('',(#6612),#6986,.T.);
#7343=ADVANCED_FACE('',(#6613),#6987,.T.);
#7344=ADVANCED_FACE('',(#6614),#6988,.T.);
#7345=ADVANCED_FACE('',(#6615),#6989,.T.);
#7346=ADVANCED_FACE('',(#6616),#6990,.T.);
#7347=ADVANCED_FACE('',(#6617),#6991,.T.);
#7348=ADVANCED_FACE('',(#6618),#6992,.T.);
#7349=ADVANCED_FACE('',(#6619),#6993,.T.);
#7350=ADVANCED_FACE('',(#6620),#6994,.T.);
#7351=ADVANCED_FACE('',(#6621),#6995,.T.);
#7352=ADVANCED_FACE('',(#6622),#6996,.T.);
#7353=ADVANCED_FACE('',(#6623),#6997,.T.);
#7354=ADVANCED_FACE('',(#6624),#6998,.T.);
#7355=ADVANCED_FACE('',(#6625),#6999,.T.);
#7356=ADVANCED_FACE('',(#6626),#7000,.T.);
#7357=ADVANCED_FACE('',(#6627),#7001,.T.);
#7358=ADVANCED_FACE('',(#6628),#7002,.T.);
#7359=ADVANCED_FACE('',(#6629),#7003,.T.);
#7360=ADVANCED_FACE('',(#6630),#7004,.T.);
#7361=ADVANCED_FACE('',(#6631),#7005,.T.);
#7362=ADVANCED_FACE('',(#6632),#7006,.T.);
#7363=ADVANCED_FACE('',(#6633),#7007,.T.);
#7364=ADVANCED_FACE('',(#6634),#7008,.T.);
#7365=ADVANCED_FACE('',(#6635),#7009,.T.);
#7366=ADVANCED_FACE('',(#6636),#7010,.T.);
#7367=ADVANCED_FACE('',(#6637),#7011,.T.);
#7368=ADVANCED_FACE('',(#6638),#7012,.T.);
#7369=ADVANCED_FACE('',(#6639),#7013,.T.);
#7370=ADVANCED_FACE('',(#6640),#7014,.T.);
#7371=ADVANCED_FACE('',(#6641),#7015,.T.);
#7372=ADVANCED_FACE('',(#6642),#7016,.T.);
#7373=ADVANCED_FACE('',(#6643),#7017,.T.);
#7374=ADVANCED_FACE('',(#6644),#7018,.T.);
#7375=ADVANCED_FACE('',(#6645),#7019,.T.);
#7376=ADVANCED_FACE('',(#6646),#7020,.T.);
#7377=ADVANCED_FACE('',(#6647),#7021,.T.);
#7378=ADVANCED_FACE('',(#6648),#7022,.T.);
#7379=ADVANCED_FACE('',(#6649),#7023,.T.);
#7380=ADVANCED_FACE('',(#6650),#7024,.T.);
#7381=ADVANCED_FACE('',(#6651),#7025,.T.);
#7382=ADVANCED_FACE('',(#6652,#6653),#7026,.T.);
#7383=ADVANCED_FACE('',(#6654),#7027,.T.);
#7384=ADVANCED_FACE('',(#6655),#7028,.T.);
#7385=ADVANCED_FACE('',(#6656),#7029,.T.);
#7386=ADVANCED_FACE('',(#6657),#7030,.T.);
#7387=ADVANCED_FACE('',(#6658),#7031,.T.);
#7388=ADVANCED_FACE('',(#6659),#7032,.T.);
#7389=ADVANCED_FACE('',(#6660),#7033,.T.);
#7390=ADVANCED_FACE('',(#6661),#7034,.T.);
#7391=ADVANCED_FACE('',(#6662),#7035,.T.);
#7392=ADVANCED_FACE('',(#6663),#7036,.T.);
#7393=ADVANCED_FACE('',(#6664),#7037,.T.);
#7394=ADVANCED_FACE('',(#6665),#7038,.T.);
#7395=ADVANCED_FACE('',(#6666),#7039,.T.);
#7396=ADVANCED_FACE('',(#6667),#7040,.T.);
#7397=ADVANCED_FACE('',(#6668),#7041,.T.);
#7398=ADVANCED_FACE('',(#6669),#7042,.T.);
#7399=ADVANCED_FACE('',(#6670),#7043,.T.);
#7400=ADVANCED_FACE('',(#6671),#7044,.T.);
#7401=ADVANCED_FACE('',(#6672),#7045,.T.);
#7402=ADVANCED_FACE('',(#6673),#7046,.T.);
#7403=ADVANCED_FACE('',(#6674),#7047,.T.);
#7404=ADVANCED_FACE('',(#6675),#7048,.T.);
#7405=ADVANCED_FACE('',(#6676),#7049,.T.);
#7406=ADVANCED_FACE('',(#6677),#7050,.T.);
#7407=ADVANCED_FACE('',(#6678),#7051,.T.);
#7408=ADVANCED_FACE('',(#6679),#7052,.T.);
#7409=ADVANCED_FACE('',(#6680),#7053,.T.);
#7410=ADVANCED_FACE('',(#6681),#7054,.T.);
#7411=ADVANCED_FACE('',(#6682),#7055,.T.);
#7412=ADVANCED_FACE('',(#6683),#7056,.T.);
#7413=ADVANCED_FACE('',(#6684),#7057,.T.);
#7414=ADVANCED_FACE('',(#6685),#7058,.T.);
#7415=ADVANCED_FACE('',(#6686),#7059,.T.);
#7416=ADVANCED_FACE('',(#6687),#7060,.T.);
#7417=ADVANCED_FACE('',(#6688),#7061,.T.);
#7418=ADVANCED_FACE('',(#6689),#7062,.T.);
#7419=ADVANCED_FACE('',(#6690),#7063,.T.);
#7420=ADVANCED_FACE('',(#6691),#7064,.T.);
#7421=ADVANCED_FACE('',(#6692),#7065,.T.);
#7422=ADVANCED_FACE('',(#6693),#7066,.T.);
#7423=ADVANCED_FACE('',(#6694),#7067,.T.);
#7424=ADVANCED_FACE('',(#6695),#7068,.T.);
#7425=ADVANCED_FACE('',(#6696),#7069,.T.);
#7426=ADVANCED_FACE('',(#6697),#7070,.T.);
#7427=ADVANCED_FACE('',(#6698),#7071,.T.);
#7428=ADVANCED_FACE('',(#6699),#7072,.T.);
#7429=ADVANCED_FACE('',(#6700),#7073,.T.);
#7430=ADVANCED_FACE('',(#6701),#7074,.T.);
#7431=ADVANCED_FACE('',(#6702),#7075,.T.);
#7432=ADVANCED_FACE('',(#6703),#7076,.T.);
#7433=ADVANCED_FACE('',(#6704),#7077,.T.);
#7434=ADVANCED_FACE('',(#6705),#7078,.T.);
#7435=ADVANCED_FACE('',(#6706),#7079,.T.);
#7436=ADVANCED_FACE('',(#6707),#7080,.T.);
#7437=ADVANCED_FACE('',(#6708),#7081,.T.);
#7438=ADVANCED_FACE('',(#6709),#7082,.T.);
#7439=ADVANCED_FACE('',(#6710),#7083,.T.);
#7440=ADVANCED_FACE('',(#6711),#7084,.T.);
#7441=ADVANCED_FACE('',(#6712),#7085,.T.);
#7442=ADVANCED_FACE('',(#6713),#7086,.T.);
#7443=ADVANCED_FACE('',(#6714),#7087,.T.);
#7444=ADVANCED_FACE('',(#6715),#7088,.T.);
#7445=ADVANCED_FACE('',(#6716),#7089,.T.);
#7446=ADVANCED_FACE('',(#6717),#7090,.T.);
#7447=ADVANCED_FACE('',(#6718),#7091,.T.);
#7448=ADVANCED_FACE('',(#6719),#7092,.T.);
#7449=ADVANCED_FACE('',(#6720),#7093,.T.);
#7450=ADVANCED_FACE('',(#6721),#7094,.T.);
#7451=ADVANCED_FACE('',(#6722),#7095,.T.);
#7452=ADVANCED_FACE('',(#6723),#7096,.T.);
#7453=ADVANCED_FACE('',(#6724),#7097,.T.);
#7454=ADVANCED_FACE('',(#6725),#7098,.T.);
#7455=ADVANCED_FACE('',(#6726),#7099,.T.);
#7456=ADVANCED_FACE('',(#6727),#7100,.T.);
#7457=ADVANCED_FACE('',(#6728),#7101,.T.);
#7458=ADVANCED_FACE('',(#6729),#7102,.T.);
#7459=ADVANCED_FACE('',(#6730),#7103,.T.);
#7460=ADVANCED_FACE('',(#6731),#7104,.T.);
#7461=ADVANCED_FACE('',(#6732),#7105,.T.);
#7462=ADVANCED_FACE('',(#6733),#7106,.T.);
#7463=ADVANCED_FACE('',(#6734),#7107,.T.);
#7464=ADVANCED_FACE('',(#6735),#7108,.T.);
#7465=ADVANCED_FACE('',(#6736),#7109,.T.);
#7466=ADVANCED_FACE('',(#6737),#7110,.T.);
#7467=ADVANCED_FACE('',(#6738),#7111,.T.);
#7468=ADVANCED_FACE('',(#6739),#7112,.T.);
#7469=ADVANCED_FACE('',(#6740),#7113,.T.);
#7470=ADVANCED_FACE('',(#6741),#7114,.T.);
#7471=ADVANCED_FACE('',(#6742),#7115,.T.);
#7472=ADVANCED_FACE('',(#6743),#7116,.T.);
#7473=ADVANCED_FACE('',(#6744),#7117,.T.);
#7474=ADVANCED_FACE('',(#6745),#7118,.T.);
#7475=ADVANCED_FACE('',(#6746),#7119,.T.);
#7476=ADVANCED_FACE('',(#6747),#7120,.T.);
#7477=ADVANCED_FACE('',(#6748),#7121,.T.);
#7478=ADVANCED_FACE('',(#6749),#7122,.T.);
#7479=ADVANCED_FACE('',(#6750),#7123,.T.);
#7480=ADVANCED_FACE('',(#6751),#7124,.T.);
#7481=ADVANCED_FACE('',(#6752),#7125,.T.);
#7482=ADVANCED_FACE('',(#6753),#7126,.T.);
#7483=ADVANCED_FACE('',(#6754),#7127,.T.);
#7484=ADVANCED_FACE('',(#6755),#7128,.T.);
#7485=ADVANCED_FACE('',(#6756),#7129,.T.);
#7486=ADVANCED_FACE('',(#6757),#7130,.T.);
#7487=ADVANCED_FACE('',(#6758),#7131,.T.);
#7488=ADVANCED_FACE('',(#6759),#7132,.T.);
#7489=ADVANCED_FACE('',(#6760),#7133,.T.);
#7490=ADVANCED_FACE('',(#6761),#7134,.T.);
#7491=ADVANCED_FACE('',(#6762),#7135,.T.);
#7492=ADVANCED_FACE('',(#6763),#7136,.T.);
#7493=ADVANCED_FACE('',(#6764),#7137,.T.);
#7494=ADVANCED_FACE('',(#6765),#7138,.T.);
#7495=ADVANCED_FACE('',(#6766,#6767,#6768,#6769,#6770),#7139,.T.);
#7496=ADVANCED_FACE('',(#6771,#6772,#6773,#6774),#7140,.T.);
#7497=ADVANCED_FACE('',(#6775),#7141,.T.);
#7498=ADVANCED_FACE('',(#6776),#7142,.T.);
#7499=ADVANCED_FACE('',(#6777),#7143,.T.);
#7500=ADVANCED_FACE('',(#6778),#7144,.T.);
#7501=ADVANCED_FACE('',(#6779),#7145,.T.);
#7502=ADVANCED_FACE('',(#6780),#7146,.T.);
#7503=ADVANCED_FACE('',(#6781),#7147,.T.);
#7504=ADVANCED_FACE('',(#6782),#7148,.T.);
#7505=ADVANCED_FACE('',(#6783),#7149,.T.);
#7506=ADVANCED_FACE('',(#6784),#7150,.T.);
#7507=ADVANCED_FACE('',(#6785),#7151,.T.);
#7508=ADVANCED_FACE('',(#6786),#7152,.T.);
#7509=ADVANCED_FACE('',(#6787),#7153,.T.);
#7510=ADVANCED_FACE('',(#6788),#7154,.T.);
#7511=ADVANCED_FACE('',(#6789),#7155,.T.);
#7512=ADVANCED_FACE('',(#6790),#7156,.T.);
#7513=ADVANCED_FACE('',(#6791,#6792,#6793,#6794),#7157,.T.);
#7514=ADVANCED_FACE('',(#6795),#7158,.T.);
#7515=ADVANCED_FACE('',(#6796),#7159,.T.);
#7516=ADVANCED_FACE('',(#6797),#7160,.T.);
#7517=ADVANCED_FACE('',(#6798),#7161,.T.);
#7518=ADVANCED_FACE('',(#6799),#7162,.T.);
#7519=ADVANCED_FACE('',(#6800),#7163,.T.);
#7520=ADVANCED_FACE('',(#6801),#7164,.T.);
#7521=ADVANCED_FACE('',(#6802),#7165,.T.);
#7522=ADVANCED_FACE('',(#6803),#7166,.T.);
#7523=ADVANCED_FACE('',(#6804),#7167,.T.);
#7524=ADVANCED_FACE('',(#6805),#7168,.T.);
#7525=ADVANCED_FACE('',(#6806),#7169,.T.);
#7526=ADVANCED_FACE('',(#6807),#7170,.T.);
#7527=ADVANCED_FACE('',(#6808),#7171,.T.);
#7528=ADVANCED_FACE('',(#6809),#7172,.T.);
#7529=ADVANCED_FACE('',(#6810),#7173,.T.);
#7530=ADVANCED_FACE('',(#6811),#7174,.T.);
#7531=ADVANCED_FACE('',(#6812),#7175,.T.);
#7532=ADVANCED_FACE('',(#6813),#7176,.T.);
#7533=ADVANCED_FACE('',(#6814),#7177,.T.);
#7534=ADVANCED_FACE('',(#6815),#7178,.T.);
#7535=ADVANCED_FACE('',(#6816,#6817,#6818,#6819),#7179,.T.);
#7536=ADVANCED_FACE('',(#6820),#7180,.T.);
#7537=ADVANCED_FACE('',(#6821),#7181,.T.);
#7538=ADVANCED_FACE('',(#6822),#7182,.T.);
#7539=ADVANCED_FACE('',(#6823),#7183,.T.);
#7540=ADVANCED_FACE('',(#6824),#7184,.T.);
#7541=ADVANCED_FACE('',(#6825),#7185,.T.);
#7542=ADVANCED_FACE('',(#6826),#12,.T.);
#7543=ADVANCED_FACE('',(#6827),#13,.T.);
#7544=ADVANCED_FACE('',(#6828),#14,.T.);
#7545=ADVANCED_FACE('',(#6829),#15,.T.);
#7546=OPEN_SHELL('',(#7186,#7187,#7188,#7189,#7190,#7191,#7192,#7193,#7194,
#7195,#7196,#7197,#7198,#7199,#7200,#7201,#7202,#7203,#7204,#7205,#7206,
#7207,#7208,#7209,#7210,#7211,#7212,#7213,#7214,#7215,#7216,#7217,#7218,
#7219,#7220,#7221,#7222,#7223,#7224,#7225,#7226,#7227,#7228,#7229,#7230,
#7231,#7232,#7233,#7234,#7235,#7236,#7237,#7238,#7239,#7240,#7241,#7242,
#7243,#7244,#7245,#7246,#7247,#7248,#7249,#7250,#7251,#7252,#7253,#7254,
#7255,#7256,#7257,#7258,#7259,#7260,#7261,#7262,#7263,#7264,#7265,#7266,
#7267,#7268,#7269,#7270,#7271,#7272,#7273,#7274,#7275,#7276,#7277,#7278,
#7279,#7280,#7281,#7282,#7283,#7284,#7285,#7286,#7287,#7288,#7289,#7290,
#7291,#7292,#7293,#7294,#7295,#7296,#7297,#7298,#7299,#7300,#7301,#7302,
#7303,#7304,#7305,#7306,#7307,#7308,#7309,#7310,#7311,#7312,#7313,#7314,
#7315,#7316,#7317,#7318,#7319,#7320,#7321,#7322,#7323,#7324,#7325,#7326,
#7327,#7328,#7329,#7330,#7331,#7332,#7333,#7334,#7335,#7336,#7337,#7338,
#7339,#7340,#7341,#7342,#7343,#7344,#7345,#7346,#7347,#7348,#7349,#7350,
#7351,#7352,#7353,#7354,#7355,#7356,#7357,#7358,#7359,#7360,#7361,#7362,
#7363,#7364,#7365,#7366,#7367,#7368,#7369,#7370,#7371,#7372,#7373,#7374,
#7375,#7376,#7377,#7378,#7379,#7380,#7381,#7382,#7383,#7384,#7385,#7386,
#7387,#7388,#7389,#7390,#7391,#7392,#7393,#7394,#7395,#7396,#7397,#7398,
#7399,#7400,#7401,#7402,#7403,#7404,#7405,#7406,#7407,#7408,#7409,#7410,
#7411,#7412,#7413,#7414,#7415,#7416,#7417,#7418,#7419,#7420,#7421,#7422,
#7423,#7424,#7425,#7426,#7427,#7428,#7429,#7430,#7431,#7432,#7433,#7434,
#7435,#7436,#7437,#7438,#7439,#7440,#7441,#7442,#7443,#7444,#7445,#7446,
#7447,#7448,#7449,#7450,#7451,#7452,#7453,#7454,#7455,#7456,#7457,#7458,
#7459,#7460,#7461,#7462,#7463,#7464,#7465,#7466,#7467,#7468,#7469,#7470,
#7471,#7472,#7473,#7474,#7475,#7476,#7477,#7478,#7479,#7480,#7481,#7482,
#7483,#7484,#7485,#7486,#7487,#7488,#7489,#7490,#7491,#7492,#7493,#7494,
#7495,#7496,#7497,#7498,#7499,#7500,#7501,#7502,#7503,#7504,#7505,#7506,
#7507,#7508,#7509,#7510,#7511,#7512,#7513,#7514,#7515,#7516,#7517,#7518,
#7519,#7520,#7521,#7522,#7523,#7524,#7525,#7526,#7527,#7528,#7529,#7530,
#7531,#7532,#7533,#7534,#7535,#7536,#7537,#7538,#7539,#7540,#7541,#7542,
#7543,#7544,#7545));
#7547=STYLED_ITEM('',(#7548),#7555);
#7548=PRESENTATION_STYLE_ASSIGNMENT((#7549));
#7549=SURFACE_STYLE_USAGE(.BOTH.,#7550);
#7550=SURFACE_SIDE_STYLE('',(#7551));
#7551=SURFACE_STYLE_FILL_AREA(#7552);
#7552=FILL_AREA_STYLE('',(#7553));
#7553=FILL_AREA_STYLE_COLOUR('',#7554);
#7554=COLOUR_RGB('',0.850980392156863,0.850980392156863,0.850980392156863);
#7555=SHELL_BASED_SURFACE_MODEL('product0',(#7546));
#7556=SHAPE_DEFINITION_REPRESENTATION(#16200,#7557);
#7557=SHAPE_REPRESENTATION('product0',(#7558),#16195);
#7558=AXIS2_PLACEMENT_3D('',#9685,#7915,#7916);
#7559=AXIS2_PLACEMENT_3D('',#9686,#7917,#7918);
#7560=AXIS2_PLACEMENT_3D('',#9695,#7923,#7924);
#7561=AXIS2_PLACEMENT_3D('',#9701,#7928,#7929);
#7562=AXIS2_PLACEMENT_3D('',#9707,#7933,#7934);
#7563=AXIS2_PLACEMENT_3D('',#9710,#7937,#7938);
#7564=AXIS2_PLACEMENT_3D('',#9719,#7943,#7944);
#7565=AXIS2_PLACEMENT_3D('',#9728,#7949,#7950);
#7566=AXIS2_PLACEMENT_3D('',#9737,#7955,#7956);
#7567=AXIS2_PLACEMENT_3D('',#9743,#7960,#7961);
#7568=AXIS2_PLACEMENT_3D('',#9752,#7966,#7967);
#7569=AXIS2_PLACEMENT_3D('',#9758,#7971,#7972);
#7570=AXIS2_PLACEMENT_3D('',#9767,#7977,#7978);
#7571=AXIS2_PLACEMENT_3D('',#9773,#7982,#7983);
#7572=AXIS2_PLACEMENT_3D('',#9779,#7987,#7988);
#7573=AXIS2_PLACEMENT_3D('',#9785,#7992,#7993);
#7574=AXIS2_PLACEMENT_3D('',#9791,#7997,#7998);
#7575=AXIS2_PLACEMENT_3D('',#9800,#8003,#8004);
#7576=AXIS2_PLACEMENT_3D('',#9806,#8008,#8009);
#7577=AXIS2_PLACEMENT_3D('',#9812,#8013,#8014);
#7578=AXIS2_PLACEMENT_3D('',#9821,#8019,#8020);
#7579=AXIS2_PLACEMENT_3D('',#9827,#8024,#8025);
#7580=AXIS2_PLACEMENT_3D('',#9836,#8030,#8031);
#7581=AXIS2_PLACEMENT_3D('',#9845,#8036,#8037);
#7582=AXIS2_PLACEMENT_3D('',#9851,#8041,#8042);
#7583=AXIS2_PLACEMENT_3D('',#9857,#8046,#8047);
#7584=AXIS2_PLACEMENT_3D('',#9863,#8051,#8052);
#7585=AXIS2_PLACEMENT_3D('',#9869,#8056,#8057);
#7586=AXIS2_PLACEMENT_3D('',#9875,#8061,#8062);
#7587=AXIS2_PLACEMENT_3D('',#9881,#8066,#8067);
#7588=AXIS2_PLACEMENT_3D('',#9887,#8071,#8072);
#7589=AXIS2_PLACEMENT_3D('',#9890,#8075,#8076);
#7590=AXIS2_PLACEMENT_3D('',#9896,#8080,#8081);
#7591=AXIS2_PLACEMENT_3D('',#9902,#8085,#8086);
#7592=AXIS2_PLACEMENT_3D('',#9908,#8090,#8091);
#7593=AXIS2_PLACEMENT_3D('',#9914,#8095,#8096);
#7594=AXIS2_PLACEMENT_3D('',#9923,#8101,#8102);
#7595=AXIS2_PLACEMENT_3D('',#9929,#8106,#8107);
#7596=AXIS2_PLACEMENT_3D('',#9935,#8111,#8112);
#7597=AXIS2_PLACEMENT_3D('',#9941,#8116,#8117);
#7598=AXIS2_PLACEMENT_3D('',#9947,#8121,#8122);
#7599=AXIS2_PLACEMENT_3D('',#9953,#8126,#8127);
#7600=AXIS2_PLACEMENT_3D('',#9962,#8132,#8133);
#7601=AXIS2_PLACEMENT_3D('',#9968,#8137,#8138);
#7602=AXIS2_PLACEMENT_3D('',#9977,#8143,#8144);
#7603=AXIS2_PLACEMENT_3D('',#9983,#8148,#8149);
#7604=AXIS2_PLACEMENT_3D('',#9989,#8153,#8154);
#7605=AXIS2_PLACEMENT_3D('',#9995,#8158,#8159);
#7606=AXIS2_PLACEMENT_3D('',#10001,#8163,#8164);
#7607=AXIS2_PLACEMENT_3D('',#10010,#8169,#8170);
#7608=AXIS2_PLACEMENT_3D('',#10016,#8174,#8175);
#7609=AXIS2_PLACEMENT_3D('',#10022,#8179,#8180);
#7610=AXIS2_PLACEMENT_3D('',#10028,#8184,#8185);
#7611=AXIS2_PLACEMENT_3D('',#10034,#8189,#8190);
#7612=AXIS2_PLACEMENT_3D('',#10043,#8195,#8196);
#7613=AXIS2_PLACEMENT_3D('',#10052,#8201,#8202);
#7614=AXIS2_PLACEMENT_3D('',#10058,#8206,#8207);
#7615=AXIS2_PLACEMENT_3D('',#10064,#8211,#8212);
#7616=AXIS2_PLACEMENT_3D('',#10070,#8216,#8217);
#7617=AXIS2_PLACEMENT_3D('',#10076,#8221,#8222);
#7618=AXIS2_PLACEMENT_3D('',#10082,#8226,#8227);
#7619=AXIS2_PLACEMENT_3D('',#10088,#8231,#8232);
#7620=AXIS2_PLACEMENT_3D('',#10094,#8236,#8237);
#7621=AXIS2_PLACEMENT_3D('',#10100,#8241,#8242);
#7622=AXIS2_PLACEMENT_3D('',#10106,#8246,#8247);
#7623=AXIS2_PLACEMENT_3D('',#10112,#8251,#8252);
#7624=AXIS2_PLACEMENT_3D('',#10118,#8256,#8257);
#7625=AXIS2_PLACEMENT_3D('',#10124,#8261,#8262);
#7626=AXIS2_PLACEMENT_3D('',#10133,#8267,#8268);
#7627=AXIS2_PLACEMENT_3D('',#10139,#8272,#8273);
#7628=AXIS2_PLACEMENT_3D('',#10148,#8278,#8279);
#7629=AXIS2_PLACEMENT_3D('',#10157,#8284,#8285);
#7630=AXIS2_PLACEMENT_3D('',#10160,#8288,#8289);
#7631=AXIS2_PLACEMENT_3D('',#10166,#8293,#8294);
#7632=AXIS2_PLACEMENT_3D('',#10172,#8298,#8299);
#7633=AXIS2_PLACEMENT_3D('',#10178,#8303,#8304);
#7634=AXIS2_PLACEMENT_3D('',#10181,#8307,#8308);
#7635=AXIS2_PLACEMENT_3D('',#10191,#8312,#8313);
#7636=AXIS2_PLACEMENT_3D('',#10200,#8318,#8319);
#7637=AXIS2_PLACEMENT_3D('',#10206,#8323,#8324);
#7638=AXIS2_PLACEMENT_3D('',#10212,#8328,#8329);
#7639=AXIS2_PLACEMENT_3D('',#10221,#8334,#8335);
#7640=AXIS2_PLACEMENT_3D('',#10227,#8339,#8340);
#7641=AXIS2_PLACEMENT_3D('',#10230,#8343,#8344);
#7642=AXIS2_PLACEMENT_3D('',#10236,#8348,#8349);
#7643=AXIS2_PLACEMENT_3D('',#10242,#8353,#8354);
#7644=AXIS2_PLACEMENT_3D('',#10245,#8357,#8358);
#7645=AXIS2_PLACEMENT_3D('',#10254,#8363,#8364);
#7646=AXIS2_PLACEMENT_3D('',#10263,#8369,#8370);
#7647=AXIS2_PLACEMENT_3D('',#10269,#8374,#8375);
#7648=AXIS2_PLACEMENT_3D('',#10278,#8380,#8381);
#7649=AXIS2_PLACEMENT_3D('',#10284,#8385,#8386);
#7650=AXIS2_PLACEMENT_3D('',#10290,#8390,#8391);
#7651=AXIS2_PLACEMENT_3D('',#10296,#8395,#8396);
#7652=AXIS2_PLACEMENT_3D('',#10299,#8399,#8400);
#7653=AXIS2_PLACEMENT_3D('',#10305,#8404,#8405);
#7654=AXIS2_PLACEMENT_3D('',#10311,#8409,#8410);
#7655=AXIS2_PLACEMENT_3D('',#10314,#8413,#8414);
#7656=AXIS2_PLACEMENT_3D('',#10323,#8417,#8418);
#7657=AXIS2_PLACEMENT_3D('',#10332,#8423,#8424);
#7658=AXIS2_PLACEMENT_3D('',#10341,#8429,#8430);
#7659=AXIS2_PLACEMENT_3D('',#10347,#8434,#8435);
#7660=AXIS2_PLACEMENT_3D('',#10353,#8439,#8440);
#7661=AXIS2_PLACEMENT_3D('',#10356,#8443,#8444);
#7662=AXIS2_PLACEMENT_3D('',#10362,#8448,#8449);
#7663=AXIS2_PLACEMENT_3D('',#10368,#8453,#8454);
#7664=AXIS2_PLACEMENT_3D('',#10371,#8457,#8458);
#7665=AXIS2_PLACEMENT_3D('',#10380,#8463,#8464);
#7666=AXIS2_PLACEMENT_3D('',#10386,#8468,#8469);
#7667=AXIS2_PLACEMENT_3D('',#10392,#8473,#8474);
#7668=AXIS2_PLACEMENT_3D('',#10398,#8478,#8479);
#7669=AXIS2_PLACEMENT_3D('',#10404,#8483,#8484);
#7670=AXIS2_PLACEMENT_3D('',#10410,#8488,#8489);
#7671=AXIS2_PLACEMENT_3D('',#10419,#8494,#8495);
#7672=AXIS2_PLACEMENT_3D('',#10428,#8500,#8501);
#7673=AXIS2_PLACEMENT_3D('',#10431,#8504,#8505);
#7674=AXIS2_PLACEMENT_3D('',#10440,#8510,#8511);
#7675=AXIS2_PLACEMENT_3D('',#10446,#8515,#8516);
#7676=AXIS2_PLACEMENT_3D('',#11660,#8521,#8522);
#7677=AXIS2_PLACEMENT_3D('',#11666,#8526,#8527);
#7678=AXIS2_PLACEMENT_3D('',#11669,#8530,#8531);
#7679=AXIS2_PLACEMENT_3D('',#11678,#8536,#8537);
#7680=AXIS2_PLACEMENT_3D('',#11687,#8542,#8543);
#7681=AXIS2_PLACEMENT_3D('',#11693,#8547,#8548);
#7682=AXIS2_PLACEMENT_3D('',#11702,#8553,#8554);
#7683=AXIS2_PLACEMENT_3D('',#11711,#8559,#8560);
#7684=AXIS2_PLACEMENT_3D('',#11717,#8564,#8565);
#7685=AXIS2_PLACEMENT_3D('',#11726,#8570,#8571);
#7686=AXIS2_PLACEMENT_3D('',#11735,#8576,#8577);
#7687=AXIS2_PLACEMENT_3D('',#11741,#8581,#8582);
#7688=AXIS2_PLACEMENT_3D('',#11747,#8586,#8587);
#7689=AXIS2_PLACEMENT_3D('',#11753,#8591,#8592);
#7690=AXIS2_PLACEMENT_3D('',#11762,#8597,#8598);
#7691=AXIS2_PLACEMENT_3D('',#11768,#8602,#8603);
#7692=AXIS2_PLACEMENT_3D('',#11774,#8607,#8608);
#7693=AXIS2_PLACEMENT_3D('',#11783,#8613,#8614);
#7694=AXIS2_PLACEMENT_3D('',#11789,#8618,#8619);
#7695=AXIS2_PLACEMENT_3D('',#11795,#8623,#8624);
#7696=AXIS2_PLACEMENT_3D('',#11801,#8628,#8629);
#7697=AXIS2_PLACEMENT_3D('',#11810,#8634,#8635);
#7698=AXIS2_PLACEMENT_3D('',#11816,#8639,#8640);
#7699=AXIS2_PLACEMENT_3D('',#11822,#8644,#8645);
#7700=AXIS2_PLACEMENT_3D('',#11825,#8648,#8649);
#7701=AXIS2_PLACEMENT_3D('',#11831,#8653,#8654);
#7702=AXIS2_PLACEMENT_3D('',#11837,#8658,#8659);
#7703=AXIS2_PLACEMENT_3D('',#11843,#8663,#8664);
#7704=AXIS2_PLACEMENT_3D('',#11852,#8669,#8670);
#7705=AXIS2_PLACEMENT_3D('',#11861,#8675,#8676);
#7706=AXIS2_PLACEMENT_3D('',#11870,#8681,#8682);
#7707=AXIS2_PLACEMENT_3D('',#11876,#8686,#8687);
#7708=AXIS2_PLACEMENT_3D('',#11885,#8692,#8693);
#7709=AXIS2_PLACEMENT_3D('',#11888,#8696,#8697);
#7710=AXIS2_PLACEMENT_3D('',#11897,#8702,#8703);
#7711=AXIS2_PLACEMENT_3D('',#11903,#8707,#8708);
#7712=AXIS2_PLACEMENT_3D('',#11909,#8712,#8713);
#7713=AXIS2_PLACEMENT_3D('',#11915,#8717,#8718);
#7714=AXIS2_PLACEMENT_3D('',#11921,#8722,#8723);
#7715=AXIS2_PLACEMENT_3D('',#11927,#8727,#8728);
#7716=AXIS2_PLACEMENT_3D('',#11933,#8732,#8733);
#7717=AXIS2_PLACEMENT_3D('',#11942,#8738,#8739);
#7718=AXIS2_PLACEMENT_3D('',#11951,#8744,#8745);
#7719=AXIS2_PLACEMENT_3D('',#11957,#8749,#8750);
#7720=AXIS2_PLACEMENT_3D('',#11963,#8754,#8755);
#7721=AXIS2_PLACEMENT_3D('',#11966,#8758,#8759);
#7722=AXIS2_PLACEMENT_3D('',#11972,#8763,#8764);
#7723=AXIS2_PLACEMENT_3D('',#11978,#8768,#8769);
#7724=AXIS2_PLACEMENT_3D('',#11981,#8772,#8773);
#7725=AXIS2_PLACEMENT_3D('',#11987,#8777,#8778);
#7726=AXIS2_PLACEMENT_3D('',#11990,#8781,#8782);
#7727=AXIS2_PLACEMENT_3D('',#11996,#8786,#8787);
#7728=AXIS2_PLACEMENT_3D('',#11999,#8790,#8791);
#7729=AXIS2_PLACEMENT_3D('',#12005,#8795,#8796);
#7730=AXIS2_PLACEMENT_3D('',#12011,#8800,#8801);
#7731=AXIS2_PLACEMENT_3D('',#12017,#8805,#8806);
#7732=AXIS2_PLACEMENT_3D('',#12023,#8810,#8811);
#7733=AXIS2_PLACEMENT_3D('',#12026,#8814,#8815);
#7734=AXIS2_PLACEMENT_3D('',#12032,#8819,#8820);
#7735=AXIS2_PLACEMENT_3D('',#12035,#8823,#8824);
#7736=AXIS2_PLACEMENT_3D('',#12041,#8828,#8829);
#7737=AXIS2_PLACEMENT_3D('',#12047,#8833,#8834);
#7738=AXIS2_PLACEMENT_3D('',#12053,#8838,#8839);
#7739=AXIS2_PLACEMENT_3D('',#12062,#8844,#8845);
#7740=AXIS2_PLACEMENT_3D('',#12068,#8849,#8850);
#7741=AXIS2_PLACEMENT_3D('',#12074,#8854,#8855);
#7742=AXIS2_PLACEMENT_3D('',#12080,#8859,#8860);
#7743=AXIS2_PLACEMENT_3D('',#12086,#8864,#8865);
#7744=AXIS2_PLACEMENT_3D('',#12089,#8868,#8869);
#7745=AXIS2_PLACEMENT_3D('',#12095,#8873,#8874);
#7746=AXIS2_PLACEMENT_3D('',#12101,#8878,#8879);
#7747=AXIS2_PLACEMENT_3D('',#12108,#8883,#8884);
#7748=AXIS2_PLACEMENT_3D('',#12114,#8888,#8889);
#7749=AXIS2_PLACEMENT_3D('',#12120,#8893,#8894);
#7750=AXIS2_PLACEMENT_3D('',#12126,#8898,#8899);
#7751=AXIS2_PLACEMENT_3D('',#12132,#8903,#8904);
#7752=AXIS2_PLACEMENT_3D('',#12138,#8908,#8909);
#7753=AXIS2_PLACEMENT_3D('',#12144,#8913,#8914);
#7754=AXIS2_PLACEMENT_3D('',#12150,#8918,#8919);
#7755=AXIS2_PLACEMENT_3D('',#12153,#8922,#8923);
#7756=AXIS2_PLACEMENT_3D('',#12170,#8928,#8929);
#7757=AXIS2_PLACEMENT_3D('',#12176,#8933,#8934);
#7758=AXIS2_PLACEMENT_3D('',#12180,#8937,#8938);
#7759=AXIS2_PLACEMENT_3D('',#12182,#8940,#8941);
#7760=AXIS2_PLACEMENT_3D('',#12194,#8943,#8944);
#7761=AXIS2_PLACEMENT_3D('',#12200,#8948,#8949);
#7762=AXIS2_PLACEMENT_3D('',#12203,#8952,#8953);
#7763=AXIS2_PLACEMENT_3D('',#12209,#8957,#8958);
#7764=AXIS2_PLACEMENT_3D('',#12215,#8962,#8963);
#7765=AXIS2_PLACEMENT_3D('',#12221,#8967,#8968);
#7766=AXIS2_PLACEMENT_3D('',#12227,#8972,#8973);
#7767=AXIS2_PLACEMENT_3D('',#12230,#8976,#8977);
#7768=AXIS2_PLACEMENT_3D('',#12236,#8981,#8982);
#7769=AXIS2_PLACEMENT_3D('',#12245,#8987,#8988);
#7770=AXIS2_PLACEMENT_3D('',#12251,#8992,#8993);
#7771=AXIS2_PLACEMENT_3D('',#12254,#8996,#8997);
#7772=AXIS2_PLACEMENT_3D('',#12263,#9002,#9003);
#7773=AXIS2_PLACEMENT_3D('',#12269,#9007,#9008);
#7774=AXIS2_PLACEMENT_3D('',#12275,#9012,#9013);
#7775=AXIS2_PLACEMENT_3D('',#12284,#9018,#9019);
#7776=AXIS2_PLACEMENT_3D('',#12290,#9023,#9024);
#7777=AXIS2_PLACEMENT_3D('',#12296,#9028,#9029);
#7778=AXIS2_PLACEMENT_3D('',#12299,#9032,#9033);
#7779=AXIS2_PLACEMENT_3D('',#12305,#9037,#9038);
#7780=AXIS2_PLACEMENT_3D('',#12311,#9042,#9043);
#7781=AXIS2_PLACEMENT_3D('',#12314,#9046,#9047);
#7782=AXIS2_PLACEMENT_3D('',#12320,#9051,#9052);
#7783=AXIS2_PLACEMENT_3D('',#12323,#9055,#9056);
#7784=AXIS2_PLACEMENT_3D('',#12329,#9060,#9061);
#7785=AXIS2_PLACEMENT_3D('',#12332,#9064,#9065);
#7786=AXIS2_PLACEMENT_3D('',#12338,#9069,#9070);
#7787=AXIS2_PLACEMENT_3D('',#12344,#9074,#9075);
#7788=AXIS2_PLACEMENT_3D('',#12350,#9079,#9080);
#7789=AXIS2_PLACEMENT_3D('',#12353,#9083,#9084);
#7790=AXIS2_PLACEMENT_3D('',#12362,#9089,#9090);
#7791=AXIS2_PLACEMENT_3D('',#12368,#9094,#9095);
#7792=AXIS2_PLACEMENT_3D('',#12374,#9099,#9100);
#7793=AXIS2_PLACEMENT_3D('',#12383,#9105,#9106);
#7794=AXIS2_PLACEMENT_3D('',#12389,#9110,#9111);
#7795=AXIS2_PLACEMENT_3D('',#12392,#9114,#9115);
#7796=AXIS2_PLACEMENT_3D('',#12401,#9120,#9121);
#7797=AXIS2_PLACEMENT_3D('',#12407,#9125,#9126);
#7798=AXIS2_PLACEMENT_3D('',#12413,#9130,#9131);
#7799=AXIS2_PLACEMENT_3D('',#12416,#9134,#9135);
#7800=AXIS2_PLACEMENT_3D('',#12422,#9139,#9140);
#7801=AXIS2_PLACEMENT_3D('',#12431,#9145,#9146);
#7802=AXIS2_PLACEMENT_3D('',#12437,#9150,#9151);
#7803=AXIS2_PLACEMENT_3D('',#12443,#9155,#9156);
#7804=AXIS2_PLACEMENT_3D('',#12446,#9159,#9160);
#7805=AXIS2_PLACEMENT_3D('',#12455,#9165,#9166);
#7806=AXIS2_PLACEMENT_3D('',#12461,#9170,#9171);
#7807=AXIS2_PLACEMENT_3D('',#12467,#9175,#9176);
#7808=AXIS2_PLACEMENT_3D('',#12476,#9181,#9182);
#7809=AXIS2_PLACEMENT_3D('',#12479,#9185,#9186);
#7810=AXIS2_PLACEMENT_3D('',#12485,#9190,#9191);
#7811=AXIS2_PLACEMENT_3D('',#12491,#9195,#9196);
#7812=AXIS2_PLACEMENT_3D('',#12497,#9200,#9201);
#7813=AXIS2_PLACEMENT_3D('',#12503,#9205,#9206);
#7814=AXIS2_PLACEMENT_3D('',#12509,#9210,#9211);
#7815=AXIS2_PLACEMENT_3D('',#12515,#9215,#9216);
#7816=AXIS2_PLACEMENT_3D('',#12521,#9220,#9221);
#7817=AXIS2_PLACEMENT_3D('',#12527,#9225,#9226);
#7818=AXIS2_PLACEMENT_3D('',#12536,#9231,#9232);
#7819=AXIS2_PLACEMENT_3D('',#12539,#9235,#9236);
#7820=AXIS2_PLACEMENT_3D('',#12545,#9240,#9241);
#7821=AXIS2_PLACEMENT_3D('',#12551,#9245,#9246);
#7822=AXIS2_PLACEMENT_3D('',#12560,#9251,#9252);
#7823=AXIS2_PLACEMENT_3D('',#12566,#9256,#9257);
#7824=AXIS2_PLACEMENT_3D('',#12569,#9260,#9261);
#7825=AXIS2_PLACEMENT_3D('',#12575,#9265,#9266);
#7826=AXIS2_PLACEMENT_3D('',#12581,#9270,#9271);
#7827=AXIS2_PLACEMENT_3D('',#12587,#9275,#9276);
#7828=AXIS2_PLACEMENT_3D('',#12590,#9279,#9280);
#7829=AXIS2_PLACEMENT_3D('',#12596,#9284,#9285);
#7830=AXIS2_PLACEMENT_3D('',#12599,#9288,#9289);
#7831=AXIS2_PLACEMENT_3D('',#12605,#9293,#9294);
#7832=AXIS2_PLACEMENT_3D('',#12614,#9299,#9300);
#7833=AXIS2_PLACEMENT_3D('',#12617,#9303,#9304);
#7834=AXIS2_PLACEMENT_3D('',#12623,#9308,#9309);
#7835=AXIS2_PLACEMENT_3D('',#12629,#9313,#9314);
#7836=AXIS2_PLACEMENT_3D('',#12635,#9318,#9319);
#7837=AXIS2_PLACEMENT_3D('',#12641,#9323,#9324);
#7838=AXIS2_PLACEMENT_3D('',#12647,#9328,#9329);
#7839=AXIS2_PLACEMENT_3D('',#12653,#9333,#9334);
#7840=AXIS2_PLACEMENT_3D('',#12659,#9338,#9339);
#7841=AXIS2_PLACEMENT_3D('',#12665,#9343,#9344);
#7842=AXIS2_PLACEMENT_3D('',#12674,#9349,#9350);
#7843=AXIS2_PLACEMENT_3D('',#12680,#9354,#9355);
#7844=AXIS2_PLACEMENT_3D('',#12686,#9359,#9360);
#7845=AXIS2_PLACEMENT_3D('',#12692,#9364,#9365);
#7846=AXIS2_PLACEMENT_3D('',#12698,#9369,#9370);
#7847=AXIS2_PLACEMENT_3D('',#12701,#9373,#9374);
#7848=AXIS2_PLACEMENT_3D('',#12707,#9378,#9379);
#7849=AXIS2_PLACEMENT_3D('',#12713,#9383,#9384);
#7850=AXIS2_PLACEMENT_3D('',#12719,#9388,#9389);
#7851=AXIS2_PLACEMENT_3D('',#12725,#9393,#9394);
#7852=AXIS2_PLACEMENT_3D('',#12731,#9398,#9399);
#7853=AXIS2_PLACEMENT_3D('',#12737,#9403,#9404);
#7854=AXIS2_PLACEMENT_3D('',#12743,#9408,#9409);
#7855=AXIS2_PLACEMENT_3D('',#12749,#9413,#9414);
#7856=AXIS2_PLACEMENT_3D('',#12752,#9417,#9418);
#7857=AXIS2_PLACEMENT_3D('',#12758,#9422,#9423);
#7858=AXIS2_PLACEMENT_3D('',#12764,#9427,#9428);
#7859=AXIS2_PLACEMENT_3D('',#12767,#9431,#9432);
#7860=AXIS2_PLACEMENT_3D('',#12773,#9436,#9437);
#7861=AXIS2_PLACEMENT_3D('',#12776,#9440,#9441);
#7862=AXIS2_PLACEMENT_3D('',#12782,#9445,#9446);
#7863=AXIS2_PLACEMENT_3D('',#12788,#9450,#9451);
#7864=AXIS2_PLACEMENT_3D('',#12794,#9455,#9456);
#7865=AXIS2_PLACEMENT_3D('',#12797,#9459,#9460);
#7866=AXIS2_PLACEMENT_3D('',#12803,#9464,#9465);
#7867=AXIS2_PLACEMENT_3D('',#12809,#9469,#9470);
#7868=AXIS2_PLACEMENT_3D('',#12812,#9473,#9474);
#7869=AXIS2_PLACEMENT_3D('',#14691,#9477,#9478);
#7870=AXIS2_PLACEMENT_3D('',#14695,#9482,#9483);
#7871=AXIS2_PLACEMENT_3D('',#15906,#9487,#9488);
#7872=AXIS2_PLACEMENT_3D('',#15915,#9493,#9494);
#7873=AXIS2_PLACEMENT_3D('',#15921,#9498,#9499);
#7874=AXIS2_PLACEMENT_3D('',#15927,#9503,#9504);
#7875=AXIS2_PLACEMENT_3D('',#15933,#9508,#9509);
#7876=AXIS2_PLACEMENT_3D('',#15939,#9513,#9514);
#7877=AXIS2_PLACEMENT_3D('',#15948,#9519,#9520);
#7878=AXIS2_PLACEMENT_3D('',#15954,#9524,#9525);
#7879=AXIS2_PLACEMENT_3D('',#15960,#9529,#9530);
#7880=AXIS2_PLACEMENT_3D('',#15963,#9533,#9534);
#7881=AXIS2_PLACEMENT_3D('',#15972,#9539,#9540);
#7882=AXIS2_PLACEMENT_3D('',#15975,#9543,#9544);
#7883=AXIS2_PLACEMENT_3D('',#15984,#9549,#9550);
#7884=AXIS2_PLACEMENT_3D('',#15987,#9553,#9554);
#7885=AXIS2_PLACEMENT_3D('',#15993,#9558,#9559);
#7886=AXIS2_PLACEMENT_3D('',#15996,#9562,#9563);
#7887=AXIS2_PLACEMENT_3D('',#16041,#9589,#9590);
#7888=AXIS2_PLACEMENT_3D('',#16045,#9593,#9594);
#7889=AXIS2_PLACEMENT_3D('',#16049,#9597,#9598);
#7890=AXIS2_PLACEMENT_3D('',#16053,#9601,#9602);
#7891=AXIS2_PLACEMENT_3D('',#16055,#9604,#9605);
#7892=AXIS2_PLACEMENT_3D('',#16057,#9607,#9608);
#7893=AXIS2_PLACEMENT_3D('',#16061,#9611,#9612);
#7894=AXIS2_PLACEMENT_3D('',#16063,#9614,#9615);
#7895=AXIS2_PLACEMENT_3D('',#16067,#9618,#9619);
#7896=AXIS2_PLACEMENT_3D('',#16069,#9621,#9622);
#7897=AXIS2_PLACEMENT_3D('',#16071,#9624,#9625);
#7898=AXIS2_PLACEMENT_3D('',#16075,#9628,#9629);
#7899=AXIS2_PLACEMENT_3D('',#16079,#9632,#9633);
#7900=AXIS2_PLACEMENT_3D('',#16081,#9635,#9636);
#7901=AXIS2_PLACEMENT_3D('',#16083,#9638,#9639);
#7902=AXIS2_PLACEMENT_3D('',#16085,#9641,#9642);
#7903=AXIS2_PLACEMENT_3D('',#16087,#9644,#9645);
#7904=AXIS2_PLACEMENT_3D('',#16091,#9648,#9649);
#7905=AXIS2_PLACEMENT_3D('',#16093,#9651,#9652);
#7906=AXIS2_PLACEMENT_3D('',#16095,#9654,#9655);
#7907=AXIS2_PLACEMENT_3D('',#16097,#9657,#9658);
#7908=AXIS2_PLACEMENT_3D('',#16101,#9661,#9662);
#7909=AXIS2_PLACEMENT_3D('',#16113,#9670,#9671);
#7910=AXIS2_PLACEMENT_3D('',#16115,#9673,#9674);
#7911=AXIS2_PLACEMENT_3D('',#16116,#9675,#9676);
#7912=AXIS2_PLACEMENT_3D('',#16118,#9678,#9679);
#7913=AXIS2_PLACEMENT_3D('',#16119,#9680,#9681);
#7914=AXIS2_PLACEMENT_3D('',#16121,#9683,#9684);
#7915=DIRECTION('',(0.,0.,1.));
#7916=DIRECTION('',(1.,0.,0.));
#7917=DIRECTION('',(0.,0.,1.));
#7918=DIRECTION('',(0.274630427445733,0.961549857428607,0.));
#7919=DIRECTION('',(-1.,0.,0.));
#7920=DIRECTION('',(0.,1.,0.));
#7921=DIRECTION('',(-1.,0.,0.));
#7922=DIRECTION('',(0.,-1.,0.));
#7923=DIRECTION('',(0.,1.,0.));
#7924=DIRECTION('',(0.341605915248115,0.,-0.9398432840998));
#7925=DIRECTION('',(-1.,1.77635683940025E-15,0.));
#7926=DIRECTION('',(0.,0.,-1.));
#7927=DIRECTION('',(0.,0.,-1.));
#7928=DIRECTION('',(0.,0.,-1.));
#7929=DIRECTION('',(0.274630427445733,-0.961549857428607,0.));
#7930=DIRECTION('',(1.,0.,0.));
#7931=DIRECTION('',(0.,-1.,0.));
#7932=DIRECTION('',(0.,-1.,0.));
#7933=DIRECTION('',(0.,-1.,0.));
#7934=DIRECTION('',(-0.341605915248115,0.,-0.9398432840998));
#7935=DIRECTION('',(0.,0.,-1.));
#7936=DIRECTION('',(0.,0.,-1.));
#7937=DIRECTION('',(0.,0.,1.));
#7938=DIRECTION('',(-0.0525588331227637,-0.99861782933251,0.));
#7939=DIRECTION('',(-1.,0.,0.));
#7940=DIRECTION('',(0.,-1.,0.));
#7941=DIRECTION('',(1.,0.,0.));
#7942=DIRECTION('',(0.,1.,0.));
#7943=DIRECTION('',(0.,0.,1.));
#7944=DIRECTION('',(-0.0525588331227637,-0.99861782933251,0.));
#7945=DIRECTION('',(1.,0.,0.));
#7946=DIRECTION('',(0.,-1.,0.));
#7947=DIRECTION('',(-1.,0.,0.));
#7948=DIRECTION('',(0.,1.,0.));
#7949=DIRECTION('',(-0.194482771139998,0.,-0.980905934190281));
#7950=DIRECTION('',(0.,-1.,0.));
#7951=DIRECTION('',(0.,1.,0.));
#7952=DIRECTION('',(-0.980905934190281,0.,0.194482771139998));
#7953=DIRECTION('',(0.,1.,0.));
#7954=DIRECTION('',(0.980905934190281,0.,-0.194482771139998));
#7955=DIRECTION('',(-0.32182645503502,0.,-0.946798675981115));
#7956=DIRECTION('',(0.,-1.,0.));
#7957=DIRECTION('',(0.,1.,0.));
#7958=DIRECTION('',(-0.946798675981115,0.,0.32182645503502));
#7959=DIRECTION('',(0.946798675981115,0.,-0.32182645503502));
#7960=DIRECTION('',(-0.658866598686121,0.,-0.752259798962953));
#7961=DIRECTION('',(-0.212480062331007,-0.959280345815655,0.186100621287541));
#7962=DIRECTION('',(0.,-1.,0.));
#7963=DIRECTION('',(-0.752259798962953,0.,0.658866598686121));
#7964=DIRECTION('',(0.,1.,0.));
#7965=DIRECTION('',(-0.752259798962953,0.,0.658866598686121));
#7966=DIRECTION('',(-0.752260903298279,0.,-0.658865337811041));
#7967=DIRECTION('',(0.186100473773615,0.959280252580484,-0.212480612457606));
#7968=DIRECTION('',(-0.658865337811041,0.,0.752260903298279));
#7969=DIRECTION('',(0.658865337811041,0.,-0.752260903298279));
#7970=DIRECTION('',(0.,-1.,0.));
#7971=DIRECTION('',(-0.997859691044401,0.,-0.0653914137236055));
#7972=DIRECTION('',(0.,1.,0.));
#7973=DIRECTION('',(0.,-1.,0.));
#7974=DIRECTION('',(0.0653914137236055,0.,-0.997859691044401));
#7975=DIRECTION('',(0.,-1.,0.));
#7976=DIRECTION('',(0.0653914137236055,0.,-0.997859691044401));
#7977=DIRECTION('',(-0.831527526877211,0.,-0.555483547952115));
#7978=DIRECTION('',(0.,1.,0.));
#7979=DIRECTION('',(-0.555483547952115,0.,0.831527526877211));
#7980=DIRECTION('',(0.555483547952115,0.,-0.831527526877211));
#7981=DIRECTION('',(0.,-1.,0.));
#7982=DIRECTION('',(-0.066238102608805,0.,-0.997803845333734));
#7983=DIRECTION('',(0.,1.,0.));
#7984=DIRECTION('',(0.,-1.,0.));
#7985=DIRECTION('',(0.997803845333734,0.,-0.066238102608805));
#7986=DIRECTION('',(-0.997803845333734,0.,0.066238102608805));
#7987=DIRECTION('',(-0.997859691044401,0.,0.0653914137236055));
#7988=DIRECTION('',(-0.0184663940216035,0.959297378132125,-0.281793421854858));
#7989=DIRECTION('',(-0.0653914137236055,0.,-0.997859691044401));
#7990=DIRECTION('',(0.,-1.,0.));
#7991=DIRECTION('',(-0.0653914137236058,0.,-0.997859691044401));
#7992=DIRECTION('',(-0.980743726445798,0.,0.195299111716387));
#7993=DIRECTION('',(0.,1.,0.));
#7994=DIRECTION('',(0.,-1.,0.));
#7995=DIRECTION('',(-0.195299111716387,0.,-0.980743726445798));
#7996=DIRECTION('',(-0.195299111716387,0.,-0.980743726445798));
#7997=DIRECTION('',(0.555483547952115,0.,0.831527526877211));
#7998=DIRECTION('',(-0.234790728108975,0.959308298885194,0.156846745851016));
#7999=DIRECTION('',(0.,1.,0.));
#8000=DIRECTION('',(-0.831527526877211,0.,0.555483547952115));
#8001=DIRECTION('',(0.,-1.,0.));
#8002=DIRECTION('',(0.831527526877211,0.,-0.555483547952115));
#8003=DIRECTION('',(0.658865212395852,0.,0.752261013142758));
#8004=DIRECTION('',(0.,1.,0.));
#8005=DIRECTION('',(0.752261013142758,0.,-0.658865212395852));
#8006=DIRECTION('',(0.752261013142758,0.,-0.658865212395852));
#8007=DIRECTION('',(0.,1.,0.));
#8008=DIRECTION('',(0.752260903298279,0.,0.658865337811041));
#8009=DIRECTION('',(0.,-1.,0.));
#8010=DIRECTION('',(0.,1.,0.));
#8011=DIRECTION('',(0.658865337811041,0.,-0.752260903298279));
#8012=DIRECTION('',(0.658865337811041,0.,-0.752260903298279));
#8013=DIRECTION('',(0.997859691044401,0.,0.0653914137236055));
#8014=DIRECTION('',(0.,1.,0.));
#8015=DIRECTION('',(0.,-1.,0.));
#8016=DIRECTION('',(-0.0653914137236055,0.,0.997859691044401));
#8017=DIRECTION('',(0.,-1.,0.));
#8018=DIRECTION('',(0.0653914137236055,0.,-0.997859691044402));
#8019=DIRECTION('',(0.831527526877211,0.,0.555483547952115));
#8020=DIRECTION('',(0.,1.,0.));
#8021=DIRECTION('',(-0.555483547952115,0.,0.831527526877211));
#8022=DIRECTION('',(0.,1.,0.));
#8023=DIRECTION('',(0.555483547952115,0.,-0.831527526877211));
#8024=DIRECTION('',(-0.997803898858911,0.,0.0662372963062112));
#8025=DIRECTION('',(-0.0187062319251903,0.959293100401685,-0.281792165272357));
#8026=DIRECTION('',(0.,-1.,0.));
#8027=DIRECTION('',(-0.0662372963062112,0.,-0.997803898858911));
#8028=DIRECTION('',(0.,-1.,0.));
#8029=DIRECTION('',(0.0662372963062112,0.,0.997803898858911));
#8030=DIRECTION('',(0.442452227631696,0.,-0.896792075268147));
#8031=DIRECTION('',(0.,1.,0.));
#8032=DIRECTION('',(-0.896792075268147,0.,-0.442452227631696));
#8033=DIRECTION('',(0.,-1.,0.));
#8034=DIRECTION('',(-0.896792075268147,0.,-0.442452227631696));
#8035=DIRECTION('',(0.,-1.,0.));
#8036=DIRECTION('',(0.32182645503502,0.,-0.946798675981115));
#8037=DIRECTION('',(0.,1.,0.));
#8038=DIRECTION('',(-0.946798675981115,0.,-0.32182645503502));
#8039=DIRECTION('',(-0.946798675981115,0.,-0.32182645503502));
#8040=DIRECTION('',(0.,-1.,0.));
#8041=DIRECTION('',(0.194482771139998,0.,-0.980905934190281));
#8042=DIRECTION('',(0.,1.,0.));
#8043=DIRECTION('',(0.980905934190281,0.,0.194482771139998));
#8044=DIRECTION('',(0.,-1.,0.));
#8045=DIRECTION('',(-0.980905934190281,0.,-0.194482771139998));
#8046=DIRECTION('',(0.066238102608805,0.,-0.997803845333734));
#8047=DIRECTION('',(0.281792373615144,0.959293034471365,0.0187064744690934));
#8048=DIRECTION('',(-0.997803845333734,0.,-0.066238102608805));
#8049=DIRECTION('',(0.,-1.,0.));
#8050=DIRECTION('',(-0.997803845333734,0.,-0.066238102608805));
#8051=DIRECTION('',(-0.980905964824535,0.,0.194482616631019));
#8052=DIRECTION('',(0.,1.,0.));
#8053=DIRECTION('',(0.,-1.,0.));
#8054=DIRECTION('',(0.194482616631019,0.,0.980905964824535));
#8055=DIRECTION('',(-0.194482616631019,0.,-0.980905964824535));
#8056=DIRECTION('',(-0.946798675981115,0.,0.32182645503502));
#8057=DIRECTION('',(0.,1.,0.));
#8058=DIRECTION('',(-0.32182645503502,0.,-0.946798675981115));
#8059=DIRECTION('',(0.,-1.,0.));
#8060=DIRECTION('',(0.32182645503502,0.,0.946798675981115));
#8061=DIRECTION('',(0.980905964824535,0.,0.194482616631019));
#8062=DIRECTION('',(0.0549199303555125,-0.959299710024185,-0.276997955944193));
#8063=DIRECTION('',(-0.194482616631019,0.,0.980905964824535));
#8064=DIRECTION('',(-0.194482616631019,0.,0.980905964824535));
#8065=DIRECTION('',(0.,1.,0.));
#8066=DIRECTION('',(0.896792396623852,0.,0.44245157628564));
#8067=DIRECTION('',(0.,1.,0.));
#8068=DIRECTION('',(-0.44245157628564,0.,0.896792396623852));
#8069=DIRECTION('',(0.,1.,0.));
#8070=DIRECTION('',(0.44245157628564,0.,-0.896792396623852));
#8071=DIRECTION('',(0.946798675981115,0.,0.32182645503502));
#8072=DIRECTION('',(0.,-1.,0.));
#8073=DIRECTION('',(-0.32182645503502,0.,0.946798675981115));
#8074=DIRECTION('',(-0.32182645503502,0.,0.946798675981115));
#8075=DIRECTION('',(-0.896792396623852,0.,0.44245157628564));
#8076=DIRECTION('',(-0.124948499184541,0.959296626613346,-0.253254525566248));
#8077=DIRECTION('',(0.44245157628564,0.,0.896792396623852));
#8078=DIRECTION('',(-0.44245157628564,0.,-0.896792396623852));
#8079=DIRECTION('',(0.,-1.,0.));
#8080=DIRECTION('',(-0.831527276936601,0.,0.555483922098922));
#8081=DIRECTION('',(0.,1.,0.));
#8082=DIRECTION('',(0.555483922098922,0.,0.831527276936601));
#8083=DIRECTION('',(-0.555483922098922,0.,-0.831527276936601));
#8084=DIRECTION('',(0.,-1.,0.));
#8085=DIRECTION('',(-0.752260853472116,0.,0.658865394700165));
#8086=DIRECTION('',(-0.186100502793171,0.959280246792758,-0.2124806131706));
#8087=DIRECTION('',(0.658865394700165,0.,0.752260853472116));
#8088=DIRECTION('',(-0.658865394700165,0.,-0.752260853472116));
#8089=DIRECTION('',(0.,-1.,0.));
#8090=DIRECTION('',(-0.658865670613374,0.,0.752260611814276));
#8091=DIRECTION('',(0.,1.,0.));
#8092=DIRECTION('',(-0.752260611814277,0.,-0.658865670613374));
#8093=DIRECTION('',(0.,-1.,0.));
#8094=DIRECTION('',(0.752260611814277,0.,0.658865670613374));
#8095=DIRECTION('',(0.555483547952115,0.,0.831527526877211));
#8096=DIRECTION('',(-0.234790709917079,0.959308305324624,0.156846733698323));
#8097=DIRECTION('',(0.,-1.,0.));
#8098=DIRECTION('',(-0.831527526877211,0.,0.555483547952115));
#8099=DIRECTION('',(0.,-1.,0.));
#8100=DIRECTION('',(0.831527526877211,0.,-0.555483547952115));
#8101=DIRECTION('',(0.658865212395852,0.,0.752261013142758));
#8102=DIRECTION('',(0.,1.,0.));
#8103=DIRECTION('',(0.,-1.,0.));
#8104=DIRECTION('',(-0.752261013142758,0.,0.658865212395852));
#8105=DIRECTION('',(-0.752261013142758,0.,0.658865212395852));
#8106=DIRECTION('',(0.752260903298279,0.,0.658865337811041));
#8107=DIRECTION('',(0.,1.,0.));
#8108=DIRECTION('',(-0.658865337811041,0.,0.752260903298279));
#8109=DIRECTION('',(-0.658865337811041,0.,0.752260903298279));
#8110=DIRECTION('',(0.,-1.,0.));
#8111=DIRECTION('',(0.831527526877211,0.,0.555483547952115));
#8112=DIRECTION('',(0.,1.,0.));
#8113=DIRECTION('',(0.555483547952115,0.,-0.831527526877211));
#8114=DIRECTION('',(-0.555483547952115,0.,0.831527526877211));
#8115=DIRECTION('',(0.,-1.,0.));
#8116=DIRECTION('',(0.896792396623852,0.,0.44245157628564));
#8117=DIRECTION('',(0.,1.,0.));
#8118=DIRECTION('',(0.44245157628564,0.,-0.896792396623852));
#8119=DIRECTION('',(-0.44245157628564,0.,0.896792396623852));
#8120=DIRECTION('',(0.,-1.,0.));
#8121=DIRECTION('',(0.555483547952115,0.,-0.831527526877211));
#8122=DIRECTION('',(0.234790709917079,0.959308305324624,0.156846733698323));
#8123=DIRECTION('',(0.,-1.,0.));
#8124=DIRECTION('',(0.831527526877211,0.,0.555483547952115));
#8125=DIRECTION('',(-0.831527526877211,0.,-0.555483547952115));
#8126=DIRECTION('',(-0.555483547952115,0.,-0.831527526877211));
#8127=DIRECTION('',(0.234790728108975,0.959308298885194,-0.156846745851016));
#8128=DIRECTION('',(-0.831527526877211,0.,0.555483547952115));
#8129=DIRECTION('',(0.,1.,0.));
#8130=DIRECTION('',(0.831527526877211,0.,-0.555483547952115));
#8131=DIRECTION('',(0.,-1.,0.));
#8132=DIRECTION('',(-0.658865212395852,0.,-0.752261013142758));
#8133=DIRECTION('',(0.212480643483839,0.959280252580484,-0.186100438349342));
#8134=DIRECTION('',(-0.752261013142758,0.,0.658865212395852));
#8135=DIRECTION('',(0.752261013142758,0.,-0.658865212395852));
#8136=DIRECTION('',(0.,-1.,0.));
#8137=DIRECTION('',(0.32182645503502,0.,-0.946798675981115));
#8138=DIRECTION('',(0.267401681455119,0.95928874025493,0.0908925386106281));
#8139=DIRECTION('',(-0.946798675981115,0.,-0.32182645503502));
#8140=DIRECTION('',(0.,-1.,0.));
#8141=DIRECTION('',(-0.946798675981115,0.,-0.32182645503502));
#8142=DIRECTION('',(0.,-1.,0.));
#8143=DIRECTION('',(0.194482771139998,0.,-0.980905934190281));
#8144=DIRECTION('',(0.276997947293388,0.959299710024185,0.0549199739872905));
#8145=DIRECTION('',(-0.980905934190281,0.,-0.194482771139998));
#8146=DIRECTION('',(0.,-1.,0.));
#8147=DIRECTION('',(-0.980905934190281,0.,-0.194482771139998));
#8148=DIRECTION('',(0.066238102608805,0.,-0.997803845333734));
#8149=DIRECTION('',(0.28179216406674,0.959293096297455,0.0187064605584547));
#8150=DIRECTION('',(-0.997803845333734,0.,-0.066238102608805));
#8151=DIRECTION('',(0.997803845333734,0.,0.066238102608805));
#8152=DIRECTION('',(0.,1.,0.));
#8153=DIRECTION('',(-0.066238102608805,0.,-0.997803845333734));
#8154=DIRECTION('',(0.,-1.,0.));
#8155=DIRECTION('',(0.,1.,0.));
#8156=DIRECTION('',(-0.997803845333734,0.,0.066238102608805));
#8157=DIRECTION('',(0.997803845333734,0.,-0.066238102608805));
#8158=DIRECTION('',(-0.44245157628564,0.,-0.896792396623852));
#8159=DIRECTION('',(0.,-1.,0.));
#8160=DIRECTION('',(0.896792396623852,0.,-0.44245157628564));
#8161=DIRECTION('',(0.,1.,0.));
#8162=DIRECTION('',(0.896792396623852,0.,-0.44245157628564));
#8163=DIRECTION('',(0.946799169486136,0.,-0.321825003162219));
#8164=DIRECTION('',(0.0908920849650744,0.959288780138677,0.267401692572712));
#8165=DIRECTION('',(-0.321825003162219,0.,-0.946799169486136));
#8166=DIRECTION('',(0.,-1.,0.));
#8167=DIRECTION('',(0.321825003162219,0.,0.946799169486136));
#8168=DIRECTION('',(0.,-1.,0.));
#8169=DIRECTION('',(0.896792396623852,0.,-0.44245157628564));
#8170=DIRECTION('',(0.124948374467908,0.959296709592839,0.253254272781685));
#8171=DIRECTION('',(-0.44245157628564,0.,-0.896792396623852));
#8172=DIRECTION('',(0.44245157628564,0.,0.896792396623852));
#8173=DIRECTION('',(0.,-1.,0.));
#8174=DIRECTION('',(0.83152603029044,0.,-0.555485788251528));
#8175=DIRECTION('',(0.156847638211941,0.959308161229818,0.234790694417819));
#8176=DIRECTION('',(0.555485788251528,0.,0.83152603029044));
#8177=DIRECTION('',(0.,-1.,0.));
#8178=DIRECTION('',(-0.555485788251528,0.,-0.83152603029044));
#8179=DIRECTION('',(0.442452227631696,0.,-0.896792075268147));
#8180=DIRECTION('',(0.,1.,0.));
#8181=DIRECTION('',(-0.896792075268147,0.,-0.442452227631696));
#8182=DIRECTION('',(0.,-1.,0.));
#8183=DIRECTION('',(-0.896792075268147,0.,-0.442452227631696));
#8184=DIRECTION('',(0.752262107284902,0.,-0.658863963154216));
#8185=DIRECTION('',(0.,1.,0.));
#8186=DIRECTION('',(-0.658863963154216,0.,-0.752262107284901));
#8187=DIRECTION('',(0.658863963154216,0.,0.752262107284902));
#8188=DIRECTION('',(0.,-1.,0.));
#8189=DIRECTION('',(0.32182645503502,0.,0.946798675981115));
#8190=DIRECTION('',(-0.267401681455119,0.95928874025493,0.0908925386106281));
#8191=DIRECTION('',(0.,-1.,0.));
#8192=DIRECTION('',(0.946798675981115,0.,-0.32182645503502));
#8193=DIRECTION('',(0.,-1.,0.));
#8194=DIRECTION('',(0.946798675981115,0.,-0.32182645503502));
#8195=DIRECTION('',(-0.946798675981115,0.,0.32182645503502));
#8196=DIRECTION('',(-0.0908925386106281,0.95928874025493,-0.267401681455119));
#8197=DIRECTION('',(0.321826455035022,0.,0.946798675981114));
#8198=DIRECTION('',(0.,1.,0.));
#8199=DIRECTION('',(-0.32182645503502,0.,-0.946798675981115));
#8200=DIRECTION('',(0.,-1.,0.));
#8201=DIRECTION('',(-0.896792396623852,0.,0.44245157628564));
#8202=DIRECTION('',(-0.124948457981396,0.959296654027631,-0.253254442052777));
#8203=DIRECTION('',(0.44245157628564,0.,0.896792396623852));
#8204=DIRECTION('',(-0.44245157628564,0.,-0.896792396623852));
#8205=DIRECTION('',(0.,-1.,0.));
#8206=DIRECTION('',(-0.831527276936601,0.,0.555483922098922));
#8207=DIRECTION('',(0.,1.,0.));
#8208=DIRECTION('',(0.555483922098922,0.,0.831527276936601));
#8209=DIRECTION('',(-0.555483922098922,0.,-0.831527276936601));
#8210=DIRECTION('',(0.,-1.,0.));
#8211=DIRECTION('',(-0.752260853472116,0.,0.658865394700165));
#8212=DIRECTION('',(0.,1.,0.));
#8213=DIRECTION('',(0.658865394700165,0.,0.752260853472116));
#8214=DIRECTION('',(-0.658865394700165,0.,-0.752260853472116));
#8215=DIRECTION('',(0.,-1.,0.));
#8216=DIRECTION('',(-0.658865670613374,0.,0.752260611814276));
#8217=DIRECTION('',(-0.212480425812397,0.959280293410415,-0.186100476412639));
#8218=DIRECTION('',(0.752260611814277,0.,0.658865670613374));
#8219=DIRECTION('',(-0.752260611814277,0.,-0.658865670613374));
#8220=DIRECTION('',(0.,-1.,0.));
#8221=DIRECTION('',(-0.555483547952115,0.,0.831527526877211));
#8222=DIRECTION('',(-0.234790728108975,0.959308298885194,-0.156846745851016));
#8223=DIRECTION('',(0.831527526877211,0.,0.555483547952115));
#8224=DIRECTION('',(-0.831527526877211,0.,-0.555483547952115));
#8225=DIRECTION('',(0.,-1.,0.));
#8226=DIRECTION('',(-0.442452227631696,0.,0.896792075268147));
#8227=DIRECTION('',(0.,1.,0.));
#8228=DIRECTION('',(0.896792075268147,0.,0.442452227631696));
#8229=DIRECTION('',(-0.896792075268147,0.,-0.442452227631696));
#8230=DIRECTION('',(0.,-1.,0.));
#8231=DIRECTION('',(-0.32182645503502,0.,0.946798675981115));
#8232=DIRECTION('',(-0.267401681455119,0.95928874025493,-0.0908925386106281));
#8233=DIRECTION('',(0.946798675981115,0.,0.32182645503502));
#8234=DIRECTION('',(0.,-1.,0.));
#8235=DIRECTION('',(0.946798675981115,0.,0.32182645503502));
#8236=DIRECTION('',(0.44245157628564,0.,0.896792396623852));
#8237=DIRECTION('',(0.,-1.,0.));
#8238=DIRECTION('',(0.,-1.,0.));
#8239=DIRECTION('',(0.896792396623852,0.,-0.44245157628564));
#8240=DIRECTION('',(-0.896792396623852,0.,0.44245157628564));
#8241=DIRECTION('',(0.555483547952115,0.,0.831527526877211));
#8242=DIRECTION('',(-0.234790728108975,0.959308298885194,0.156846745851016));
#8243=DIRECTION('',(0.831527526877211,0.,-0.555483547952115));
#8244=DIRECTION('',(-0.831527526877211,0.,0.555483547952115));
#8245=DIRECTION('',(0.,-1.,0.));
#8246=DIRECTION('',(0.658865212395852,0.,0.752261013142758));
#8247=DIRECTION('',(0.,1.,0.));
#8248=DIRECTION('',(0.752261013142758,0.,-0.658865212395852));
#8249=DIRECTION('',(0.752261013142758,0.,-0.658865212395852));
#8250=DIRECTION('',(0.,-1.,0.));
#8251=DIRECTION('',(0.752262458786108,0.,0.658863561825269));
#8252=DIRECTION('',(0.,1.,0.));
#8253=DIRECTION('',(0.658863561825269,0.,-0.752262458786108));
#8254=DIRECTION('',(0.658863561825269,0.,-0.752262458786108));
#8255=DIRECTION('',(0.,-1.,0.));
#8256=DIRECTION('',(0.980905964824535,0.,-0.194482616631019));
#8257=DIRECTION('',(0.0549199303555125,0.959299710024185,0.276997955944193));
#8258=DIRECTION('',(0.,-1.,0.));
#8259=DIRECTION('',(0.194482616631019,0.,0.980905964824535));
#8260=DIRECTION('',(-0.194482616631019,0.,-0.980905964824535));
#8261=DIRECTION('',(-0.658865670613374,0.,0.752260611814276));
#8262=DIRECTION('',(0.,1.,0.));
#8263=DIRECTION('',(0.,-1.,0.));
#8264=DIRECTION('',(-0.752260611814277,0.,-0.658865670613374));
#8265=DIRECTION('',(0.,-1.,0.));
#8266=DIRECTION('',(0.752260611814277,0.,0.658865670613374));
#8267=DIRECTION('',(-0.555483547952115,0.,0.831527526877211));
#8268=DIRECTION('',(-0.234790728108975,0.959308298885194,-0.156846745851016));
#8269=DIRECTION('',(-0.831527526877211,0.,-0.555483547952115));
#8270=DIRECTION('',(0.,-1.,0.));
#8271=DIRECTION('',(-0.831527526877211,0.,-0.555483547952115));
#8272=DIRECTION('',(-0.194482771139998,0.,0.980905934190281));
#8273=DIRECTION('',(-0.276997542262787,0.959299831574197,-0.0549198936824712));
#8274=DIRECTION('',(0.,-1.,0.));
#8275=DIRECTION('',(-0.980905934190281,0.,-0.194482771139998));
#8276=DIRECTION('',(0.,-1.,0.));
#8277=DIRECTION('',(0.980905934190281,0.,0.194482771139998));
#8278=DIRECTION('',(-0.831527276936601,0.,0.555483922098922));
#8279=DIRECTION('',(0.,1.,0.));
#8280=DIRECTION('',(0.,-1.,0.));
#8281=DIRECTION('',(-0.555483922098922,0.,-0.831527276936601));
#8282=DIRECTION('',(0.,-1.,0.));
#8283=DIRECTION('',(0.555483922098922,0.,0.831527276936601));
#8284=DIRECTION('',(-0.752260853472116,0.,0.658865394700165));
#8285=DIRECTION('',(0.,1.,0.));
#8286=DIRECTION('',(-0.658865394700165,0.,-0.752260853472116));
#8287=DIRECTION('',(-0.658865394700165,0.,-0.752260853472116));
#8288=DIRECTION('',(-0.555483547952115,0.,0.831527526877211));
#8289=DIRECTION('',(-0.234790582573814,0.959308350400616,-0.156846648629476));
#8290=DIRECTION('',(-0.831527526877211,0.,-0.555483547952115));
#8291=DIRECTION('',(0.,-1.,0.));
#8292=DIRECTION('',(0.831527526877211,0.,0.555483547952115));
#8293=DIRECTION('',(-0.442452227631696,0.,0.896792075268147));
#8294=DIRECTION('',(-0.25325443481527,0.959296626613346,-0.124948683124924));
#8295=DIRECTION('',(-0.896792075268147,0.,-0.442452227631696));
#8296=DIRECTION('',(0.,-1.,0.));
#8297=DIRECTION('',(0.896792075268147,0.,0.442452227631696));
#8298=DIRECTION('',(-0.946798182474381,0.,0.321827906905552));
#8299=DIRECTION('',(0.,1.,0.));
#8300=DIRECTION('',(-0.321827906905552,0.,-0.946798182474381));
#8301=DIRECTION('',(0.,-1.,0.));
#8302=DIRECTION('',(0.321827906905552,0.,0.946798182474381));
#8303=DIRECTION('',(-0.896792396623852,0.,0.44245157628564));
#8304=DIRECTION('',(-0.124948457981396,0.959296654027631,-0.253254442052777));
#8305=DIRECTION('',(-0.44245157628564,0.,-0.896792396623852));
#8306=DIRECTION('',(-0.44245157628564,0.,-0.896792396623852));
#8307=DIRECTION('',(0.44245157628564,0.,0.896792396623852));
#8308=DIRECTION('',(-0.253254356295231,0.959296682178549,0.12494841567109));
#8309=DIRECTION('',(-0.896792396623852,0.,0.44245157628564));
#8310=DIRECTION('',(0.,-1.,0.));
#8311=DIRECTION('',(0.896792396623853,0.,-0.442451576285639));
#8312=DIRECTION('',(-0.194482771139998,0.,0.980905934190281));
#8313=DIRECTION('',(0.,1.,0.));
#8314=DIRECTION('',(0.,-1.,0.));
#8315=DIRECTION('',(0.980905934190281,0.,0.194482771139998));
#8316=DIRECTION('',(0.,-1.,0.));
#8317=DIRECTION('',(-0.980905934190281,0.,-0.194482771139998));
#8318=DIRECTION('',(-0.0653914137236055,0.,0.997859691044401));
#8319=DIRECTION('',(0.,1.,0.));
#8320=DIRECTION('',(0.,-1.,0.));
#8321=DIRECTION('',(0.997859691044401,0.,0.0653914137236055));
#8322=DIRECTION('',(-0.997859691044401,0.,-0.0653914137236055));
#8323=DIRECTION('',(0.0653914137236055,0.,0.997859691044401));
#8324=DIRECTION('',(-0.281793421854858,0.959297378132125,0.0184663940216035));
#8325=DIRECTION('',(-0.997859691044401,0.,0.0653914137236055));
#8326=DIRECTION('',(0.,-1.,0.));
#8327=DIRECTION('',(0.997859691044401,0.,-0.0653914137236055));
#8328=DIRECTION('',(0.32182645503502,0.,0.946798675981115));
#8329=DIRECTION('',(-0.267401728622681,0.959288725587873,0.0908925546433597));
#8330=DIRECTION('',(0.,-1.,0.));
#8331=DIRECTION('',(-0.946798675981115,0.,0.32182645503502));
#8332=DIRECTION('',(0.,-1.,0.));
#8333=DIRECTION('',(0.946798675981115,0.,-0.32182645503502));
#8334=DIRECTION('',(-0.442452227631696,0.,0.896792075268147));
#8335=DIRECTION('',(-0.253254265544314,0.959296682178549,-0.124948599611349));
#8336=DIRECTION('',(-0.896792075268147,0.,-0.442452227631696));
#8337=DIRECTION('',(0.,-1.,0.));
#8338=DIRECTION('',(-0.896792075268147,0.,-0.442452227631696));
#8339=DIRECTION('',(-0.32182645503502,0.,0.946798675981115));
#8340=DIRECTION('',(-0.267402058795579,0.959288622918408,-0.0908926668724705));
#8341=DIRECTION('',(-0.946798675981115,0.,-0.32182645503502));
#8342=DIRECTION('',(0.946798675981115,0.,0.32182645503502));
#8343=DIRECTION('',(0.194482771139998,0.,0.980905934190281));
#8344=DIRECTION('',(0.,1.,0.));
#8345=DIRECTION('',(0.,-1.,0.));
#8346=DIRECTION('',(0.980905934190281,0.,-0.194482771139998));
#8347=DIRECTION('',(-0.980905934190281,0.,0.194482771139998));
#8348=DIRECTION('',(0.0653914137236055,0.,0.997859691044401));
#8349=DIRECTION('',(-0.281793631429525,0.959297316305207,0.0184664077553819));
#8350=DIRECTION('',(0.,-1.,0.));
#8351=DIRECTION('',(0.997859691044401,0.,-0.0653914137236055));
#8352=DIRECTION('',(0.997859691044401,0.,-0.0653914137236055));
#8353=DIRECTION('',(-0.0653914137236055,0.,0.997859691044401));
#8354=DIRECTION('',(-0.281793631429525,0.959297316305207,-0.0184664077553819));
#8355=DIRECTION('',(-0.997859691044401,0.,-0.0653914137236055));
#8356=DIRECTION('',(-0.997859691044401,0.,-0.0653914137236055));
#8357=DIRECTION('',(-0.32182645503502,0.,-0.946798675981115));
#8358=DIRECTION('',(0.267401681455119,0.95928874025493,-0.0908925386106281));
#8359=DIRECTION('',(0.,1.,0.));
#8360=DIRECTION('',(0.946798675981115,0.,-0.32182645503502));
#8361=DIRECTION('',(0.,-1.,0.));
#8362=DIRECTION('',(-0.946798675981115,0.,0.32182645503502));
#8363=DIRECTION('',(-0.831527526877211,0.,-0.555483547952115));
#8364=DIRECTION('',(0.,1.,0.));
#8365=DIRECTION('',(0.,-1.,0.));
#8366=DIRECTION('',(-0.555483547952115,0.,0.831527526877211));
#8367=DIRECTION('',(0.,-1.,0.));
#8368=DIRECTION('',(-0.555483547952115,0.,0.831527526877211));
#8369=DIRECTION('',(-0.896792396623852,0.,-0.44245157628564));
#8370=DIRECTION('',(0.,1.,0.));
#8371=DIRECTION('',(0.44245157628564,0.,-0.896792396623852));
#8372=DIRECTION('',(0.,-1.,0.));
#8373=DIRECTION('',(-0.44245157628564,0.,0.896792396623852));
#8374=DIRECTION('',(0.831527276936601,0.,-0.555483922098922));
#8375=DIRECTION('',(0.,1.,0.));
#8376=DIRECTION('',(0.,-1.,0.));
#8377=DIRECTION('',(-0.555483922098922,0.,-0.831527276936601));
#8378=DIRECTION('',(0.,1.,0.));
#8379=DIRECTION('',(0.555483922098922,0.,0.831527276936601));
#8380=DIRECTION('',(-0.946798675981115,0.,-0.32182645503502));
#8381=DIRECTION('',(0.0908925386106281,0.95928874025493,-0.267401681455119));
#8382=DIRECTION('',(0.32182645503502,0.,-0.946798675981115));
#8383=DIRECTION('',(0.,-1.,0.));
#8384=DIRECTION('',(0.32182645503502,0.,-0.946798675981115));
#8385=DIRECTION('',(0.896792396623852,0.,-0.44245157628564));
#8386=DIRECTION('',(-0.124948374467908,-0.959296709592839,-0.253254272781685));
#8387=DIRECTION('',(0.44245157628564,0.,0.896792396623852));
#8388=DIRECTION('',(-0.44245157628564,0.,-0.896792396623852));
#8389=DIRECTION('',(0.,-1.,0.));
#8390=DIRECTION('',(-0.980905964824535,0.,-0.194482616631019));
#8391=DIRECTION('',(0.0549199303555125,0.959299710024185,-0.276997955944193));
#8392=DIRECTION('',(0.194482616631019,0.,-0.980905964824535));
#8393=DIRECTION('',(0.,-1.,0.));
#8394=DIRECTION('',(0.194482616631019,0.,-0.980905964824535));
#8395=DIRECTION('',(-0.997803898858911,0.,-0.0662372963062112));
#8396=DIRECTION('',(0.0187062319251903,0.959293100401685,-0.281792165272357));
#8397=DIRECTION('',(0.0662372963062112,0.,-0.997803898858911));
#8398=DIRECTION('',(-0.0662372963062112,0.,0.997803898858911));
#8399=DIRECTION('',(0.946798675981115,0.,-0.32182645503502));
#8400=DIRECTION('',(-0.0908925386106281,-0.95928874025493,-0.267401681455119));
#8401=DIRECTION('',(0.32182645503502,0.,0.946798675981115));
#8402=DIRECTION('',(0.32182645503502,0.,0.946798675981115));
#8403=DIRECTION('',(0.,-1.,0.));
#8404=DIRECTION('',(0.997859691044401,0.,-0.0653914137236055));
#8405=DIRECTION('',(-0.0184663940216035,-0.959297378132125,-0.281793421854858));
#8406=DIRECTION('',(0.,-1.,0.));
#8407=DIRECTION('',(0.0653914137236055,0.,0.997859691044401));
#8408=DIRECTION('',(0.0653914137236055,0.,0.997859691044402));
#8409=DIRECTION('',(0.980905964824535,0.,-0.194482616631019));
#8410=DIRECTION('',(-0.0549199303555125,-0.959299710024185,-0.276997955944193));
#8411=DIRECTION('',(0.194482616631019,0.,0.980905964824535));
#8412=DIRECTION('',(0.194482616631019,0.,0.980905964824535));
#8413=DIRECTION('',(0.752260853472116,0.,-0.658865394700165));
#8414=DIRECTION('',(0.,1.,0.));
#8415=DIRECTION('',(0.658865394700165,0.,0.752260853472116));
#8416=DIRECTION('',(-0.658865394700165,0.,-0.752260853472116));
#8417=DIRECTION('',(-0.658865212395852,0.,-0.752261013142758));
#8418=DIRECTION('',(0.212480762584314,0.959280205962833,-0.186100542663081));
#8419=DIRECTION('',(0.,-1.,0.));
#8420=DIRECTION('',(0.752261013142758,0.,-0.658865212395852));
#8421=DIRECTION('',(0.,-1.,0.));
#8422=DIRECTION('',(-0.752261013142758,0.,0.658865212395852));
#8423=DIRECTION('',(0.555483547952115,0.,-0.831527526877211));
#8424=DIRECTION('',(0.,1.,0.));
#8425=DIRECTION('',(0.,-1.,0.));
#8426=DIRECTION('',(0.831527526877211,0.,0.555483547952115));
#8427=DIRECTION('',(0.,-1.,0.));
#8428=DIRECTION('',(-0.831527526877211,0.,-0.555483547952115));
#8429=DIRECTION('',(0.066238102608805,0.,-0.997803845333734));
#8430=DIRECTION('',(0.28179216406674,0.959293096297455,0.0187064605584547));
#8431=DIRECTION('',(0.,-1.,0.));
#8432=DIRECTION('',(0.997803845333734,0.,0.066238102608805));
#8433=DIRECTION('',(-0.997803845333734,0.,-0.066238102608805));
#8434=DIRECTION('',(-0.44245157628564,0.,-0.896792396623852));
#8435=DIRECTION('',(0.253254442052777,0.959296654027631,-0.124948457981396));
#8436=DIRECTION('',(0.896792396623852,0.,-0.44245157628564));
#8437=DIRECTION('',(0.,-1.,0.));
#8438=DIRECTION('',(-0.896792396623852,0.,0.44245157628564));
#8439=DIRECTION('',(-0.555483547952115,0.,-0.831527526877211));
#8440=DIRECTION('',(0.234790582573814,0.959308350400616,-0.156846648629476));
#8441=DIRECTION('',(0.831527526877211,0.,-0.555483547952115));
#8442=DIRECTION('',(-0.831527526877211,0.,0.555483547952115));
#8443=DIRECTION('',(0.442452227631696,0.,-0.896792075268147));
#8444=DIRECTION('',(0.253254182030798,0.959296709592839,0.124948558408107));
#8445=DIRECTION('',(-0.896792075268147,0.,-0.442452227631696));
#8446=DIRECTION('',(0.,-1.,0.));
#8447=DIRECTION('',(-0.896792075268147,0.,-0.442452227631696));
#8448=DIRECTION('',(0.32182645503502,0.,-0.946798675981115));
#8449=DIRECTION('',(0.267401304114588,0.959288857591294,0.0908924103487613));
#8450=DIRECTION('',(-0.946798675981115,0.,-0.32182645503502));
#8451=DIRECTION('',(0.,-1.,0.));
#8452=DIRECTION('',(0.946798675981115,0.,0.32182645503502));
#8453=DIRECTION('',(0.194482771139998,0.,-0.980905934190281));
#8454=DIRECTION('',(0.27699835232386,0.959299588474018,0.0549200542920843));
#8455=DIRECTION('',(-0.980905934190281,0.,-0.194482771139998));
#8456=DIRECTION('',(-0.980905934190281,0.,-0.194482771139998));
#8457=DIRECTION('',(0.832051787644138,0.554697956259255,0.));
#8458=DIRECTION('',(0.0434656404544854,-0.0651988409785106,0.996925197411993));
#8459=DIRECTION('',(0.,0.,1.));
#8460=DIRECTION('',(0.554697956259255,-0.832051787644138,0.));
#8461=DIRECTION('',(0.,0.,-1.));
#8462=DIRECTION('',(-0.554697956259255,0.832051787644138,0.));
#8463=DIRECTION('',(0.751474654324151,0.659761960034374,0.));
#8464=DIRECTION('',(0.,0.,-1.));
#8465=DIRECTION('',(0.,0.,-1.));
#8466=DIRECTION('',(-0.659761960034374,0.751474654324151,0.));
#8467=DIRECTION('',(-0.659761960034374,0.751474654324151,0.));
#8468=DIRECTION('',(0.659761960034374,0.751474654324151,0.));
#8469=DIRECTION('',(0.,0.,1.));
#8470=DIRECTION('',(0.,0.,1.));
#8471=DIRECTION('',(-0.751474654324151,0.659761960034374,0.));
#8472=DIRECTION('',(-0.751474654324151,0.659761960034374,0.));
#8473=DIRECTION('',(0.896456118805972,0.443132516359759,0.));
#8474=DIRECTION('',(0.,0.,1.));
#8475=DIRECTION('',(-0.443132516359759,0.896456118805972,0.));
#8476=DIRECTION('',(0.,0.,-1.));
#8477=DIRECTION('',(-0.443132516359759,0.896456118805972,0.));
#8478=DIRECTION('',(0.554697956259255,0.832051787644138,0.));
#8479=DIRECTION('',(-0.0651988409785106,0.0434656404544854,-0.996925197411993));
#8480=DIRECTION('',(0.,0.,-1.));
#8481=DIRECTION('',(-0.832051787644138,0.554697956259255,0.));
#8482=DIRECTION('',(-0.832051787644138,0.554697956259255,0.));
#8483=DIRECTION('',(-1.,0.,0.));
#8484=DIRECTION('',(0.,1.,0.));
#8485=DIRECTION('',(0.,0.,1.));
#8486=DIRECTION('',(0.,-1.,0.));
#8487=DIRECTION('',(0.,0.,-1.));
#8488=DIRECTION('',(0.0653914137236055,0.,0.997859691044401));
#8489=DIRECTION('',(0.,1.,0.));
#8490=DIRECTION('',(0.,-1.,0.));
#8491=DIRECTION('',(0.997859691044401,0.,-0.0653914137236055));
#8492=DIRECTION('',(0.,-1.,0.));
#8493=DIRECTION('',(0.997859691044401,0.,-0.0653914137236055));
#8494=DIRECTION('',(0.997803898858911,0.,0.0662372963062112));
#8495=DIRECTION('',(-0.018706231001776,0.959293104505865,0.28179215136197));
#8496=DIRECTION('',(0.,-1.,0.));
#8497=DIRECTION('',(-0.0662372963062112,0.,0.997803898858911));
#8498=DIRECTION('',(0.,1.,0.));
#8499=DIRECTION('',(0.0662372963062112,0.,-0.997803898858911));
#8500=DIRECTION('',(0.997803898858911,0.,-0.0662372963062112));
#8501=DIRECTION('',(-0.018706231001776,-0.959293104505865,-0.28179215136197));
#8502=DIRECTION('',(-0.0662372963062112,0.,-0.997803898858911));
#8503=DIRECTION('',(-0.0662372963062112,0.,-0.997803898858911));
#8504=DIRECTION('',(0.751474654324151,-0.659761960034374,0.));
#8505=DIRECTION('',(-0.0516408547828957,-0.0588193861539977,0.996932044790295));
#8506=DIRECTION('',(0.,0.,-1.));
#8507=DIRECTION('',(-0.659761960034374,-0.751474654324151,0.));
#8508=DIRECTION('',(0.,0.,-1.));
#8509=DIRECTION('',(-0.659761960034374,-0.751474654324151,0.));
#8510=DIRECTION('',(0.659761960034374,-0.751474654324151,0.));
#8511=DIRECTION('',(-0.751474654324151,-0.659761960034374,0.));
#8512=DIRECTION('',(0.,0.,1.));
#8513=DIRECTION('',(0.751474654324151,0.659761960034374,0.));
#8514=DIRECTION('',(0.751474654324151,0.659761960034374,0.));
#8515=DIRECTION('',(0.,-0.78086880944303,0.624695047554424));
#8516=DIRECTION('',(-0.998955719695282,-0.0285415919912938,-0.0356769899891172));
#8517=DIRECTION('',(0.,-0.624695047554424,-0.78086880944303));
#8518=DIRECTION('',(-1.,0.,0.));
#8519=DIRECTION('',(0.,0.624695047554424,0.78086880944303));
#8520=DIRECTION('',(1.,0.,0.));
#8521=DIRECTION('',(-0.194482771139998,0.,0.980905934190281));
#8522=DIRECTION('',(-0.276997947293388,0.959299710024185,-0.0549199739872905));
#8523=DIRECTION('',(-0.980905934190281,0.,-0.194482771139998));
#8524=DIRECTION('',(0.,-1.,0.));
#8525=DIRECTION('',(0.980905934190281,0.,0.194482771139998));
#8526=DIRECTION('',(-0.0653914137236055,0.,0.997859691044401));
#8527=DIRECTION('',(-0.281793421854858,0.959297378132125,-0.0184663940216035));
#8528=DIRECTION('',(-0.997859691044401,0.,-0.0653914137236055));
#8529=DIRECTION('',(0.997859691044401,0.,0.0653914137236055));
#8530=DIRECTION('',(-0.0661742126911698,0.997808084540661,0.));
#8531=DIRECTION('',(0.,0.,1.));
#8532=DIRECTION('',(0.,0.,-1.));
#8533=DIRECTION('',(-0.997808084540661,-0.0661742126911698,0.));
#8534=DIRECTION('',(0.,0.,-1.));
#8535=DIRECTION('',(-0.997808084540661,-0.0661742126911698,0.));
#8536=DIRECTION('',(0.997972896985334,0.0636403714846161,0.));
#8537=DIRECTION('',(-0.00498416178318548,0.0781588519641433,-0.996928458812851));
#8538=DIRECTION('',(0.,0.,1.));
#8539=DIRECTION('',(-0.0636403714846161,0.997972896985334,0.));
#8540=DIRECTION('',(0.,0.,-1.));
#8541=DIRECTION('',(0.0636403714846161,-0.997972896985334,0.));
#8542=DIRECTION('',(0.980581049375363,0.196114266706713,0.));
#8543=DIRECTION('',(0.,0.,-1.));
#8544=DIRECTION('',(0.,0.,-1.));
#8545=DIRECTION('',(-0.196114266706713,0.980581049375363,0.));
#8546=DIRECTION('',(0.196114266706713,-0.980581049375363,0.));
#8547=DIRECTION('',(0.896455164945041,-0.443134446013126,0.));
#8548=DIRECTION('',(0.,0.,-1.));
#8549=DIRECTION('',(0.,0.,-1.));
#8550=DIRECTION('',(0.443134446013126,0.896455164945041,0.));
#8551=DIRECTION('',(0.,0.,-1.));
#8552=DIRECTION('',(-0.443134446013126,-0.896455164945041,0.));
#8553=DIRECTION('',(0.980581049375363,0.196114266706713,0.));
#8554=DIRECTION('',(0.,0.,-1.));
#8555=DIRECTION('',(0.,0.,-1.));
#8556=DIRECTION('',(-0.196114266706713,0.980581049375363,0.));
#8557=DIRECTION('',(0.,0.,1.));
#8558=DIRECTION('',(-0.196114266706713,0.980581049375363,0.));
#8559=DIRECTION('',(0.997972896985334,-0.0636403714846161,0.));
#8560=DIRECTION('',(0.,0.,1.));
#8561=DIRECTION('',(0.,0.,-1.));
#8562=DIRECTION('',(-0.0636403714846161,-0.997972896985334,0.));
#8563=DIRECTION('',(0.0636403714846161,0.997972896985334,0.));
#8564=DIRECTION('',(0.196114266706713,-0.980581049375363,0.));
#8565=DIRECTION('',(0.,0.,1.));
#8566=DIRECTION('',(0.,0.,-1.));
#8567=DIRECTION('',(-0.980581049375363,-0.196114266706713,0.));
#8568=DIRECTION('',(0.,0.,-1.));
#8569=DIRECTION('',(0.980581049375363,0.196114266706713,0.));
#8570=DIRECTION('',(0.0661742126911698,0.997808084540661,0.));
#8571=DIRECTION('',(0.997808084540661,-0.0661742126911698,0.));
#8572=DIRECTION('',(-0.997808084540661,0.0661742126911698,0.));
#8573=DIRECTION('',(0.,0.,-1.));
#8574=DIRECTION('',(-0.997808084540661,0.0661742126911698,0.));
#8575=DIRECTION('',(0.,0.,1.));
#8576=DIRECTION('',(0.320816168248868,-0.947141481611968,0.));
#8577=DIRECTION('',(0.,0.,1.));
#8578=DIRECTION('',(0.,0.,-1.));
#8579=DIRECTION('',(-0.947141481611968,-0.320816168248868,0.));
#8580=DIRECTION('',(-0.947141481611968,-0.320816168248868,0.));
#8581=DIRECTION('',(0.947141981432426,-0.320814692631522,0.));
#8582=DIRECTION('',(-0.0251232616736247,-0.0741714652979834,0.996928992184714));
#8583=DIRECTION('',(0.320814692631522,0.947141981432426,0.));
#8584=DIRECTION('',(-0.320814692631522,-0.947141981432426,0.));
#8585=DIRECTION('',(0.,0.,1.));
#8586=DIRECTION('',(0.980581049375363,-0.196114266706713,0.));
#8587=DIRECTION('',(-0.196114266706713,-0.980581049375363,0.));
#8588=DIRECTION('',(0.196114266706713,0.980581049375363,0.));
#8589=DIRECTION('',(0.196114266706713,0.980581049375363,0.));
#8590=DIRECTION('',(0.,0.,-1.));
#8591=DIRECTION('',(-0.980581049375363,-0.196114266706713,0.));
#8592=DIRECTION('',(0.,0.,-1.));
#8593=DIRECTION('',(0.,0.,1.));
#8594=DIRECTION('',(0.196114266706713,-0.980581049375363,0.));
#8595=DIRECTION('',(0.,0.,1.));
#8596=DIRECTION('',(-0.196114266706713,0.980581049375363,0.));
#8597=DIRECTION('',(-0.947141981432426,-0.320814692631522,0.));
#8598=DIRECTION('',(0.,0.,-1.));
#8599=DIRECTION('',(-0.320814692631522,0.947141981432426,0.));
#8600=DIRECTION('',(0.320814692631522,-0.947141981432426,0.));
#8601=DIRECTION('',(0.,0.,1.));
#8602=DIRECTION('',(-0.896455164945041,-0.443134446013126,0.));
#8603=DIRECTION('',(0.0346931423371015,-0.0701837713499413,-0.996930601453219));
#8604=DIRECTION('',(0.,0.,1.));
#8605=DIRECTION('',(0.443134446013126,-0.896455164945041,0.));
#8606=DIRECTION('',(-0.443134446013126,0.896455164945041,0.));
#8607=DIRECTION('',(-0.554697956259255,0.832051787644138,0.));
#8608=DIRECTION('',(0.,0.,1.));
#8609=DIRECTION('',(0.,0.,1.));
#8610=DIRECTION('',(-0.832051787644138,-0.554697956259255,0.));
#8611=DIRECTION('',(0.,0.,-1.));
#8612=DIRECTION('',(0.832051787644138,0.554697956259255,0.));
#8613=DIRECTION('',(-0.997808105800861,-0.0661738921184003,0.));
#8614=DIRECTION('',(0.,0.,1.));
#8615=DIRECTION('',(0.,0.,-1.));
#8616=DIRECTION('',(-0.0661738921184003,0.997808105800861,0.));
#8617=DIRECTION('',(0.0661738921184003,-0.997808105800861,0.));
#8618=DIRECTION('',(-0.997808105800861,0.0661738921184003,0.));
#8619=DIRECTION('',(-0.0661738921184003,-0.997808105800861,0.));
#8620=DIRECTION('',(0.0661738921184003,0.997808105800861,0.));
#8621=DIRECTION('',(0.,0.,1.));
#8622=DIRECTION('',(0.0661738921184003,0.997808105800861,0.));
#8623=DIRECTION('',(-0.832051787644138,-0.554697956259255,0.));
#8624=DIRECTION('',(0.,0.,-1.));
#8625=DIRECTION('',(0.,0.,-1.));
#8626=DIRECTION('',(0.554697956259255,-0.832051787644138,0.));
#8627=DIRECTION('',(-0.554697956259255,0.832051787644138,0.));
#8628=DIRECTION('',(-0.832051787644138,0.554697956259255,0.));
#8629=DIRECTION('',(0.,0.,1.));
#8630=DIRECTION('',(0.,0.,1.));
#8631=DIRECTION('',(-0.554697956259255,-0.832051787644138,0.));
#8632=DIRECTION('',(0.,0.,1.));
#8633=DIRECTION('',(0.554697956259255,0.832051787644138,0.));
#8634=DIRECTION('',(-0.896455164945041,0.443134446013126,0.));
#8635=DIRECTION('',(-0.443134446013126,-0.896455164945041,0.));
#8636=DIRECTION('',(-0.443134446013126,-0.896455164945041,0.));
#8637=DIRECTION('',(0.443134446013126,0.896455164945041,0.));
#8638=DIRECTION('',(0.,0.,1.));
#8639=DIRECTION('',(-0.947141981432426,0.320814692631522,0.));
#8640=DIRECTION('',(-0.0251232616736247,-0.0741714652979834,-0.996928992184714));
#8641=DIRECTION('',(0.,0.,-1.));
#8642=DIRECTION('',(-0.320814692631522,-0.947141981432426,0.));
#8643=DIRECTION('',(-0.320814692631522,-0.947141981432426,0.));
#8644=DIRECTION('',(-0.980581049375363,0.196114266706713,0.));
#8645=DIRECTION('',(0.,0.,-1.));
#8646=DIRECTION('',(0.196114266706713,0.980581049375363,0.));
#8647=DIRECTION('',(0.196114266706713,0.980581049375363,0.));
#8648=DIRECTION('',(0.832051787644138,-0.554697956259255,0.));
#8649=DIRECTION('',(0.,0.,-1.));
#8650=DIRECTION('',(0.,0.,-1.));
#8651=DIRECTION('',(-0.554697956259255,-0.832051787644138,0.));
#8652=DIRECTION('',(0.554697956259255,0.832051787644138,0.));
#8653=DIRECTION('',(-0.751472539392165,-0.659764368952653,0.));
#8654=DIRECTION('',(0.,0.,1.));
#8655=DIRECTION('',(-0.659764368952653,0.751472539392165,0.));
#8656=DIRECTION('',(0.,0.,-1.));
#8657=DIRECTION('',(0.659764368952653,-0.751472539392165,0.));
#8658=DIRECTION('',(-0.659764703794054,-0.75147224541399,0.));
#8659=DIRECTION('',(0.,0.,1.));
#8660=DIRECTION('',(0.75147224541399,-0.659764703794054,0.));
#8661=DIRECTION('',(0.,0.,-1.));
#8662=DIRECTION('',(0.75147224541399,-0.659764703794054,0.));
#8663=DIRECTION('',(-0.832051787644138,-0.554697956259255,0.));
#8664=DIRECTION('',(-0.0434656404544854,0.0651988409785106,0.996925197411993));
#8665=DIRECTION('',(0.554697956259255,-0.832051787644138,0.));
#8666=DIRECTION('',(0.,0.,-1.));
#8667=DIRECTION('',(-0.554697956259255,0.832051787644138,0.));
#8668=DIRECTION('',(0.,0.,-1.));
#8669=DIRECTION('',(-0.063640679885842,-0.997972877318651,0.));
#8670=DIRECTION('',(0.,0.,-1.));
#8671=DIRECTION('',(0.,0.,1.));
#8672=DIRECTION('',(-0.997972877318651,0.063640679885842,0.));
#8673=DIRECTION('',(0.,0.,-1.));
#8674=DIRECTION('',(0.997972877318651,-0.063640679885842,0.));
#8675=DIRECTION('',(0.196114266706713,0.980581049375363,0.));
#8676=DIRECTION('',(0.,0.,-1.));
#8677=DIRECTION('',(0.,0.,-1.));
#8678=DIRECTION('',(-0.980581049375363,0.196114266706713,0.));
#8679=DIRECTION('',(0.,0.,1.));
#8680=DIRECTION('',(-0.980581049375363,0.196114266706713,0.));
#8681=DIRECTION('',(0.0636503522294562,0.997972260466726,0.));
#8682=DIRECTION('',(-0.0781588501275766,0.00498494651358639,-0.996928455033254));
#8683=DIRECTION('',(-0.997972260466726,0.0636503522294562,0.));
#8684=DIRECTION('',(-0.997972260466726,0.0636503522294562,0.));
#8685=DIRECTION('',(0.,0.,-1.));
#8686=DIRECTION('',(0.443132516359759,0.896456118805972,0.));
#8687=DIRECTION('',(-0.0701841497755086,0.0346931414111111,-0.996930574844266));
#8688=DIRECTION('',(0.,0.,1.));
#8689=DIRECTION('',(-0.896456118805972,0.443132516359759,0.));
#8690=DIRECTION('',(0.,0.,1.));
#8691=DIRECTION('',(-0.896456118805972,0.443132516359759,0.));
#8692=DIRECTION('',(0.320807455277827,0.947144432828576,0.));
#8693=DIRECTION('',(0.,0.,-1.));
#8694=DIRECTION('',(-0.947144432828576,0.320807455277827,0.));
#8695=DIRECTION('',(0.947144432828576,-0.320807455277827,0.));
#8696=DIRECTION('',(-0.196114266706713,-0.980581049375363,0.));
#8697=DIRECTION('',(0.,0.,1.));
#8698=DIRECTION('',(-0.980581049375363,0.196114266706713,0.));
#8699=DIRECTION('',(0.,0.,-1.));
#8700=DIRECTION('',(-0.980581049375363,0.196114266706713,0.));
#8701=DIRECTION('',(0.,0.,-1.));
#8702=DIRECTION('',(-0.0661838802437098,-0.997807443345602,0.));
#8703=DIRECTION('',(0.,0.,1.));
#8704=DIRECTION('',(0.,0.,1.));
#8705=DIRECTION('',(0.997807443345602,-0.0661838802437098,0.));
#8706=DIRECTION('',(0.997807443345602,-0.0661838802437098,0.));
#8707=DIRECTION('',(0.0661838802437098,-0.997807443345602,0.));
#8708=DIRECTION('',(0.,0.,-1.));
#8709=DIRECTION('',(-0.997807443345602,-0.0661838802437098,0.));
#8710=DIRECTION('',(0.,0.,-1.));
#8711=DIRECTION('',(0.997807443345602,0.0661838802437098,0.));
#8712=DIRECTION('',(0.196114266706713,-0.980581049375363,0.));
#8713=DIRECTION('',(0.,0.,-1.));
#8714=DIRECTION('',(0.,0.,-1.));
#8715=DIRECTION('',(0.980581049375363,0.196114266706713,0.));
#8716=DIRECTION('',(-0.980581049375363,-0.196114266706713,0.));
#8717=DIRECTION('',(0.751472539392165,-0.659764368952653,0.));
#8718=DIRECTION('',(-0.0516408559380451,-0.05881900717032,0.996932067090574));
#8719=DIRECTION('',(0.,0.,-1.));
#8720=DIRECTION('',(0.659764368952657,0.751472539392161,0.));
#8721=DIRECTION('',(0.659764368952653,0.751472539392165,0.));
#8722=DIRECTION('',(0.947141981432426,0.320814692631522,0.));
#8723=DIRECTION('',(0.,0.,1.));
#8724=DIRECTION('',(0.320814692631522,-0.947141981432426,0.));
#8725=DIRECTION('',(0.,0.,-1.));
#8726=DIRECTION('',(-0.320814692631522,0.947141981432426,0.));
#8727=DIRECTION('',(0.896455164945041,0.443134446013126,0.));
#8728=DIRECTION('',(0.,0.,1.));
#8729=DIRECTION('',(0.,0.,-1.));
#8730=DIRECTION('',(-0.443134446013126,0.896455164945041,0.));
#8731=DIRECTION('',(0.443134446013126,-0.896455164945041,0.));
#8732=DIRECTION('',(-0.443132516359759,0.896456118805972,0.));
#8733=DIRECTION('',(0.,0.,1.));
#8734=DIRECTION('',(0.,0.,-1.));
#8735=DIRECTION('',(-0.896456118805972,-0.443132516359759,0.));
#8736=DIRECTION('',(0.,0.,-1.));
#8737=DIRECTION('',(-0.896456118805972,-0.443132516359759,0.));
#8738=DIRECTION('',(-0.554697956259255,-0.832051787644138,0.));
#8739=DIRECTION('',(-0.0651988409785106,0.0434656404544854,0.996925197411993));
#8740=DIRECTION('',(0.832051787644138,-0.554697956259255,0.));
#8741=DIRECTION('',(0.,0.,-1.));
#8742=DIRECTION('',(-0.832051787644138,0.554697956259255,0.));
#8743=DIRECTION('',(0.,0.,-1.));
#8744=DIRECTION('',(-0.443132516359759,-0.896456118805972,0.));
#8745=DIRECTION('',(0.,0.,-1.));
#8746=DIRECTION('',(0.,0.,-1.));
#8747=DIRECTION('',(0.896456118805972,-0.443132516359759,0.));
#8748=DIRECTION('',(-0.896456118805972,0.443132516359759,0.));
#8749=DIRECTION('',(-0.320816168248868,-0.947141481611968,0.));
#8750=DIRECTION('',(0.,0.,1.));
#8751=DIRECTION('',(0.,0.,-1.));
#8752=DIRECTION('',(0.947141481611968,-0.320816168248868,0.));
#8753=DIRECTION('',(-0.947141481611968,0.320816168248868,0.));
#8754=DIRECTION('',(-0.196114266706713,-0.980581049375363,0.));
#8755=DIRECTION('',(0.,0.,1.));
#8756=DIRECTION('',(-0.980581049375363,0.196114266706713,0.));
#8757=DIRECTION('',(-0.980581049375363,0.196114266706713,0.));
#8758=DIRECTION('',(-0.0636503522294562,0.997972260466726,0.));
#8759=DIRECTION('',(0.,0.,-1.));
#8760=DIRECTION('',(0.,0.,-1.));
#8761=DIRECTION('',(-0.997972260466726,-0.0636503522294562,0.));
#8762=DIRECTION('',(0.997972260466726,0.0636503522294562,0.));
#8763=DIRECTION('',(-0.320807455277827,0.947144432828576,0.));
#8764=DIRECTION('',(-0.0741710885092015,-0.0251225022658503,-0.99692903935499));
#8765=DIRECTION('',(-0.947144432828576,-0.320807455277827,0.));
#8766=DIRECTION('',(0.,0.,1.));
#8767=DIRECTION('',(0.947144432828576,0.320807455277827,0.));
#8768=DIRECTION('',(-0.196114266706713,0.980581049375363,0.));
#8769=DIRECTION('',(-0.980581049375363,-0.196114266706713,0.));
#8770=DIRECTION('',(-0.980581049375363,-0.196114266706713,0.));
#8771=DIRECTION('',(0.980581049375363,0.196114266706713,0.));
#8772=DIRECTION('',(-0.751474654324151,-0.659761960034374,0.));
#8773=DIRECTION('',(0.,0.,-1.));
#8774=DIRECTION('',(0.,0.,-1.));
#8775=DIRECTION('',(0.659761960034374,-0.751474654324151,0.));
#8776=DIRECTION('',(0.659761960034374,-0.751474654324151,0.));
#8777=DIRECTION('',(-0.659761960034374,-0.751474654324151,0.));
#8778=DIRECTION('',(0.,0.,1.));
#8779=DIRECTION('',(0.751474654324151,-0.659761960034374,0.));
#8780=DIRECTION('',(0.751474654324151,-0.659761960034374,0.));
#8781=DIRECTION('',(0.997972896985334,0.0636403714846161,0.));
#8782=DIRECTION('',(0.,0.,-1.));
#8783=DIRECTION('',(-0.0636403714846161,0.997972896985334,0.));
#8784=DIRECTION('',(0.,0.,-1.));
#8785=DIRECTION('',(0.0636403714846161,-0.997972896985334,0.));
#8786=DIRECTION('',(0.997972896985334,-0.0636403714846161,0.));
#8787=DIRECTION('',(-0.0636403714846161,-0.997972896985334,0.));
#8788=DIRECTION('',(0.0636403714846161,0.997972896985334,0.));
#8789=DIRECTION('',(0.0636403714846161,0.997972896985334,0.));
#8790=DIRECTION('',(-0.554701316203694,0.832049547684445,0.));
#8791=DIRECTION('',(0.,0.,1.));
#8792=DIRECTION('',(-0.832049547684445,-0.554701316203694,0.));
#8793=DIRECTION('',(0.,0.,-1.));
#8794=DIRECTION('',(-0.832049547684445,-0.554701316203694,0.));
#8795=DIRECTION('',(0.832051787644138,0.554697956259255,0.));
#8796=DIRECTION('',(0.,0.,1.));
#8797=DIRECTION('',(0.554697956259255,-0.832051787644138,0.));
#8798=DIRECTION('',(0.,0.,-1.));
#8799=DIRECTION('',(-0.554697956259255,0.832051787644138,0.));
#8800=DIRECTION('',(0.751472539392165,0.659764368952653,0.));
#8801=DIRECTION('',(0.,0.,1.));
#8802=DIRECTION('',(0.,0.,-1.));
#8803=DIRECTION('',(-0.659764368952653,0.751472539392165,0.));
#8804=DIRECTION('',(0.659764368952653,-0.751472539392165,0.));
#8805=DIRECTION('',(0.554701316203694,0.832049547684445,0.));
#8806=DIRECTION('',(0.,0.,1.));
#8807=DIRECTION('',(0.,0.,1.));
#8808=DIRECTION('',(-0.832049547684445,0.554701316203694,0.));
#8809=DIRECTION('',(-0.832049547684445,0.554701316203694,0.));
#8810=DIRECTION('',(0.659764703794054,0.75147224541399,0.));
#8811=DIRECTION('',(0.,0.,1.));
#8812=DIRECTION('',(-0.75147224541399,0.659764703794054,0.));
#8813=DIRECTION('',(-0.75147224541399,0.659764703794054,0.));
#8814=DIRECTION('',(-0.659764703794054,0.75147224541399,0.));
#8815=DIRECTION('',(0.,0.,-1.));
#8816=DIRECTION('',(0.75147224541399,0.659764703794054,0.));
#8817=DIRECTION('',(0.,0.,1.));
#8818=DIRECTION('',(-0.75147224541399,-0.659764703794054,0.));
#8819=DIRECTION('',(-0.751472539392165,0.659764368952653,0.));
#8820=DIRECTION('',(0.659764368952653,0.751472539392165,0.));
#8821=DIRECTION('',(-0.659764368952653,-0.751472539392165,0.));
#8822=DIRECTION('',(-0.659764368952653,-0.751472539392165,0.));
#8823=DIRECTION('',(0.063640679885842,-0.997972877318651,0.));
#8824=DIRECTION('',(-0.0781588504238957,-0.00498418593643235,-0.996928458812851));
#8825=DIRECTION('',(0.997972877318651,0.063640679885842,0.));
#8826=DIRECTION('',(0.,0.,-1.));
#8827=DIRECTION('',(0.997972877318651,0.063640679885842,0.));
#8828=DIRECTION('',(0.196114266706713,-0.980581049375363,0.));
#8829=DIRECTION('',(-0.980581049375363,-0.196114266706713,0.));
#8830=DIRECTION('',(-0.980581049375363,-0.196114266706713,0.));
#8831=DIRECTION('',(0.980581049375363,0.196114266706713,0.));
#8832=DIRECTION('',(0.,0.,-1.));
#8833=DIRECTION('',(0.320816168248868,-0.947141481611968,0.));
#8834=DIRECTION('',(0.,0.,1.));
#8835=DIRECTION('',(0.947141481611968,0.320816168248868,0.));
#8836=DIRECTION('',(0.,0.,-1.));
#8837=DIRECTION('',(-0.947141481611968,-0.320816168248868,0.));
#8838=DIRECTION('',(-0.980581049375363,0.196114266706713,0.));
#8839=DIRECTION('',(0.,0.,1.));
#8840=DIRECTION('',(0.,0.,-1.));
#8841=DIRECTION('',(0.196114266706713,0.980581049375363,0.));
#8842=DIRECTION('',(0.,0.,1.));
#8843=DIRECTION('',(-0.196114266706713,-0.980581049375363,0.));
#8844=DIRECTION('',(-0.997808105800861,0.0661738921184003,0.));
#8845=DIRECTION('',(0.,0.,-1.));
#8846=DIRECTION('',(0.,0.,1.));
#8847=DIRECTION('',(-0.0661738921184003,-0.997808105800861,0.));
#8848=DIRECTION('',(0.0661738921184003,0.997808105800861,0.));
#8849=DIRECTION('',(-0.997808105800861,-0.0661738921184003,0.));
#8850=DIRECTION('',(0.0661738921184003,-0.997808105800861,0.));
#8851=DIRECTION('',(-0.0661738921184003,0.997808105800861,0.));
#8852=DIRECTION('',(0.0661738921184003,-0.997808105800861,0.));
#8853=DIRECTION('',(0.,0.,-1.));
#8854=DIRECTION('',(-0.980581049375363,-0.196114266706713,0.));
#8855=DIRECTION('',(0.,0.,-1.));
#8856=DIRECTION('',(-0.196114266706713,0.980581049375363,0.));
#8857=DIRECTION('',(0.,0.,1.));
#8858=DIRECTION('',(0.196114266706713,-0.980581049375363,0.));
#8859=DIRECTION('',(-0.947141481611968,-0.320816168248868,0.));
#8860=DIRECTION('',(0.,0.,1.));
#8861=DIRECTION('',(0.,0.,-1.));
#8862=DIRECTION('',(0.320816168248868,-0.947141481611968,0.));
#8863=DIRECTION('',(-0.320816168248868,0.947141481611968,0.));
#8864=DIRECTION('',(-0.896456118805972,-0.443132516359759,0.));
#8865=DIRECTION('',(0.,0.,1.));
#8866=DIRECTION('',(-0.443132516359759,0.896456118805972,0.));
#8867=DIRECTION('',(-0.443132516359759,0.896456118805972,0.));
#8868=DIRECTION('',(0.443132516359759,-0.896456118805972,0.));
#8869=DIRECTION('',(0.,0.,-1.));
#8870=DIRECTION('',(0.,0.,-1.));
#8871=DIRECTION('',(0.896456118805972,0.443132516359759,0.));
#8872=DIRECTION('',(0.896456118805972,0.443132516359759,0.));
#8873=DIRECTION('',(0.947141481611968,0.320816168248868,0.));
#8874=DIRECTION('',(0.,0.,-1.));
#8875=DIRECTION('',(0.,0.,-1.));
#8876=DIRECTION('',(-0.320816168248868,0.947141481611968,0.));
#8877=DIRECTION('',(-0.320816168248868,0.947141481611968,0.));
#8878=DIRECTION('',(0.659761960034374,0.751474654324151,0.));
#8879=DIRECTION('',(0.,0.,1.));
#8880=DIRECTION('',(0.,0.,-1.));
#8881=DIRECTION('',(0.751474654324151,-0.659761960034374,0.));
#8882=DIRECTION('',(-0.0588193861539977,0.0516408547828957,-0.996932044790295));
#8883=DIRECTION('',(-0.0661742126911698,0.997808084540661,0.));
#8884=DIRECTION('',(0.,0.,1.));
#8885=DIRECTION('',(0.,0.,1.));
#8886=DIRECTION('',(-0.997808084540661,-0.0661742126911698,0.));
#8887=DIRECTION('',(-0.997808084540661,-0.0661742126911698,0.));
#8888=DIRECTION('',(0.751474654324151,0.659761960034374,0.));
#8889=DIRECTION('',(0.,0.,1.));
#8890=DIRECTION('',(0.,0.,1.));
#8891=DIRECTION('',(0.659761960034374,-0.751474654324151,0.));
#8892=DIRECTION('',(-0.659761960034374,0.751474654324151,0.));
#8893=DIRECTION('',(-0.196114266706713,0.980581049375363,0.));
#8894=DIRECTION('',(0.,0.,-1.));
#8895=DIRECTION('',(-0.980581049375363,-0.196114266706713,0.));
#8896=DIRECTION('',(-0.980581049375363,-0.196114266706713,0.));
#8897=DIRECTION('',(0.,0.,1.));
#8898=DIRECTION('',(-0.659761960034374,0.751474654324151,0.));
#8899=DIRECTION('',(-0.751474654324151,-0.659761960034374,0.));
#8900=DIRECTION('',(-0.751474654324151,-0.659761960034374,0.));
#8901=DIRECTION('',(0.751474654324151,0.659761960034374,0.));
#8902=DIRECTION('',(0.,0.,-1.));
#8903=DIRECTION('',(-0.751474654324151,0.659761960034374,0.));
#8904=DIRECTION('',(0.,0.,1.));
#8905=DIRECTION('',(-0.659761960034374,-0.751474654324151,0.));
#8906=DIRECTION('',(0.,0.,-1.));
#8907=DIRECTION('',(-0.659761960034374,-0.751474654324151,0.));
#8908=DIRECTION('',(-0.832051787644138,0.554697956259255,0.));
#8909=DIRECTION('',(0.,0.,1.));
#8910=DIRECTION('',(-0.554697956259255,-0.832051787644138,0.));
#8911=DIRECTION('',(0.,0.,1.));
#8912=DIRECTION('',(-0.554697956259255,-0.832051787644138,0.));
#8913=DIRECTION('',(-0.320816168248868,0.947141481611968,0.));
#8914=DIRECTION('',(-0.0741710870919124,-0.0251232623822817,-0.996929020305295));
#8915=DIRECTION('',(0.,0.,1.));
#8916=DIRECTION('',(-0.947141481611968,-0.320816168248868,0.));
#8917=DIRECTION('',(-0.947141481611968,-0.320816168248868,0.));
#8918=DIRECTION('',(-0.443132516359759,0.896456118805972,0.));
#8919=DIRECTION('',(-0.896456118805972,-0.443132516359759,0.));
#8920=DIRECTION('',(-0.896456118805972,-0.443132516359759,0.));
#8921=DIRECTION('',(-0.896456118805972,-0.443132516359759,0.));
#8922=DIRECTION('',(1.,0.,0.));
#8923=DIRECTION('',(0.,-1.,0.));
#8924=DIRECTION('',(0.,1.,0.));
#8925=DIRECTION('',(0.,-0.624695047554424,0.78086880944303));
#8926=DIRECTION('',(0.,0.,-1.));
#8927=DIRECTION('',(0.,0.,-1.));
#8928=DIRECTION('',(0.554697956259255,0.832051787644138,0.));
#8929=DIRECTION('',(-0.832051787644138,0.554697956259255,0.));
#8930=DIRECTION('',(0.,0.,-1.));
#8931=DIRECTION('',(-0.0651988409785106,0.0434656404544854,0.996925197411993));
#8932=DIRECTION('',(0.832051787644138,-0.554697956259255,0.));
#8933=DIRECTION('',(0.659761960034374,0.751474654324151,0.));
#8934=DIRECTION('',(0.,0.,1.));
#8935=DIRECTION('',(0.,0.,1.));
#8936=DIRECTION('',(-0.751474654324151,0.659761960034374,0.));
#8937=DIRECTION('',(0.554697956259255,0.832051787644138,0.));
#8938=DIRECTION('',(-0.832051787644138,0.554697956259255,0.));
#8939=DIRECTION('',(0.832051787644138,-0.554697956259255,0.));
#8940=DIRECTION('',(0.,-1.,0.));
#8941=DIRECTION('',(1.,0.,0.));
#8942=DIRECTION('',(1.,0.,0.));
#8943=DIRECTION('',(0.832051787644138,0.554697956259255,0.));
#8944=DIRECTION('',(0.,0.,-1.));
#8945=DIRECTION('',(0.,0.,-1.));
#8946=DIRECTION('',(0.554697956259255,-0.832051787644138,0.));
#8947=DIRECTION('',(-0.554697956259255,0.832051787644138,0.));
#8948=DIRECTION('',(0.896456118805972,0.443132516359759,0.));
#8949=DIRECTION('',(0.,0.,1.));
#8950=DIRECTION('',(-0.443132516359759,0.896456118805972,0.));
#8951=DIRECTION('',(0.443132516359759,-0.896456118805972,0.));
#8952=DIRECTION('',(1.,0.,0.));
#8953=DIRECTION('',(0.,-1.,0.));
#8954=DIRECTION('',(0.,0.,-1.));
#8955=DIRECTION('',(0.,1.,0.));
#8956=DIRECTION('',(0.,0.,1.));
#8957=DIRECTION('',(0.0661742126911698,0.997808084540661,0.));
#8958=DIRECTION('',(0.997808084540661,-0.0661742126911698,0.));
#8959=DIRECTION('',(0.997808084540661,-0.0661742126911698,0.));
#8960=DIRECTION('',(0.997808084540661,-0.0661742126911698,0.));
#8961=DIRECTION('',(0.,0.,1.));
#8962=DIRECTION('',(0.443132516359759,0.896456118805972,0.));
#8963=DIRECTION('',(0.,0.,1.));
#8964=DIRECTION('',(0.,0.,-1.));
#8965=DIRECTION('',(0.896456118805972,-0.443132516359759,0.));
#8966=DIRECTION('',(-0.896456118805972,0.44313251635976,0.));
#8967=DIRECTION('',(0.320816168248868,0.947141481611968,0.));
#8968=DIRECTION('',(0.,0.,-1.));
#8969=DIRECTION('',(0.,0.,-1.));
#8970=DIRECTION('',(-0.947141481611968,0.320816168248868,0.));
#8971=DIRECTION('',(-0.947141481611968,0.320816168248868,0.));
#8972=DIRECTION('',(0.196114266706713,0.980581049375363,0.));
#8973=DIRECTION('',(0.,0.,-1.));
#8974=DIRECTION('',(-0.980581049375363,0.196114266706713,0.));
#8975=DIRECTION('',(0.980581049375363,-0.196114266706713,0.));
#8976=DIRECTION('',(0.947141481611968,0.320816168248868,0.));
#8977=DIRECTION('',(0.0251232623822817,-0.0741710870919124,0.996929020305295));
#8978=DIRECTION('',(0.,0.,1.));
#8979=DIRECTION('',(0.320816168248868,-0.947141481611968,0.));
#8980=DIRECTION('',(-0.320816168248868,0.947141481611968,0.));
#8981=DIRECTION('',(0.997808105800861,-0.0661738921184003,0.));
#8982=DIRECTION('',(0.,0.,-1.));
#8983=DIRECTION('',(0.,0.,1.));
#8984=DIRECTION('',(0.0661738921184003,0.997808105800861,0.));
#8985=DIRECTION('',(0.,0.,-1.));
#8986=DIRECTION('',(-0.0661738921184003,-0.997808105800861,0.));
#8987=DIRECTION('',(0.997808105800861,0.0661738921184003,0.));
#8988=DIRECTION('',(0.,0.,-1.));
#8989=DIRECTION('',(0.,0.,-1.));
#8990=DIRECTION('',(-0.0661738921184003,0.997808105800861,0.));
#8991=DIRECTION('',(0.0661738921184003,-0.997808105800861,0.));
#8992=DIRECTION('',(0.980581049375363,0.196114266706713,0.));
#8993=DIRECTION('',(0.,0.,1.));
#8994=DIRECTION('',(0.196114266706713,-0.980581049375363,0.));
#8995=DIRECTION('',(-0.196114266706713,0.980581049375363,0.));
#8996=DIRECTION('',(0.751474654324151,-0.659761960034374,0.));
#8997=DIRECTION('',(-0.659761960034374,-0.751474654324151,0.));
#8998=DIRECTION('',(0.,0.,-1.));
#8999=DIRECTION('',(-0.659761960034374,-0.751474654324151,0.));
#9000=DIRECTION('',(0.,0.,-1.));
#9001=DIRECTION('',(0.659761960034374,0.751474654324151,0.));
#9002=DIRECTION('',(0.832051787644138,-0.554697956259255,0.));
#9003=DIRECTION('',(0.,0.,-1.));
#9004=DIRECTION('',(0.,0.,-1.));
#9005=DIRECTION('',(0.554697956259255,0.832051787644138,0.));
#9006=DIRECTION('',(-0.554697956259255,-0.832051787644138,0.));
#9007=DIRECTION('',(0.896456118805972,-0.443132516359759,0.));
#9008=DIRECTION('',(-0.0346931414111111,-0.0701841497755086,0.996930574844266));
#9009=DIRECTION('',(0.443132516359759,0.896456118805972,0.));
#9010=DIRECTION('',(-0.443132516359759,-0.896456118805972,0.));
#9011=DIRECTION('',(0.,0.,-1.));
#9012=DIRECTION('',(-0.554697956259255,0.832051787644138,0.));
#9013=DIRECTION('',(-0.0651988409785106,-0.0434656404544854,-0.996925197411993));
#9014=DIRECTION('',(0.832051787644138,0.554697956259255,0.));
#9015=DIRECTION('',(0.,0.,1.));
#9016=DIRECTION('',(-0.832051787644138,-0.554697956259255,0.));
#9017=DIRECTION('',(0.,0.,1.));
#9018=DIRECTION('',(-0.196114266706713,0.980581049375363,0.));
#9019=DIRECTION('',(0.,0.,-1.));
#9020=DIRECTION('',(0.,0.,1.));
#9021=DIRECTION('',(-0.980581049375363,-0.196114266706713,0.));
#9022=DIRECTION('',(-0.980581049375363,-0.196114266706713,0.));
#9023=DIRECTION('',(-0.320816168248868,0.947141481611968,0.));
#9024=DIRECTION('',(0.,0.,-1.));
#9025=DIRECTION('',(0.,0.,1.));
#9026=DIRECTION('',(-0.947141481611968,-0.320816168248868,0.));
#9027=DIRECTION('',(0.947141481611968,0.320816168248868,0.));
#9028=DIRECTION('',(-0.443132516359759,0.896456118805972,0.));
#9029=DIRECTION('',(-0.0701841497755086,-0.0346931414111111,-0.996930574844266));
#9030=DIRECTION('',(0.896456118805972,0.443132516359759,0.));
#9031=DIRECTION('',(-0.896456118805972,-0.443132516359759,0.));
#9032=DIRECTION('',(0.063640679885842,-0.997972877318651,0.));
#9033=DIRECTION('',(-0.0781588504238957,-0.00498418593643235,-0.996928458812851));
#9034=DIRECTION('',(0.997972877318651,0.063640679885842,0.));
#9035=DIRECTION('',(0.997972877318651,0.063640679885842,0.));
#9036=DIRECTION('',(0.,0.,1.));
#9037=DIRECTION('',(0.443132516359759,-0.896456118805972,0.));
#9038=DIRECTION('',(-0.0701841497755086,-0.0346931414111111,0.996930574844266));
#9039=DIRECTION('',(0.896456118805972,0.443132516359759,0.));
#9040=DIRECTION('',(0.,0.,-1.));
#9041=DIRECTION('',(0.896456118805972,0.443132516359759,0.));
#9042=DIRECTION('',(0.554697956259255,-0.832051787644138,0.));
#9043=DIRECTION('',(0.,0.,1.));
#9044=DIRECTION('',(0.832051787644138,0.554697956259255,0.));
#9045=DIRECTION('',(0.832051787644138,0.554697956259255,0.));
#9046=DIRECTION('',(0.554697956259255,-0.832051787644138,0.));
#9047=DIRECTION('',(-0.0651988409785106,-0.0434656404544854,0.996925197411993));
#9048=DIRECTION('',(-0.832051787644138,-0.554697956259255,0.));
#9049=DIRECTION('',(0.,0.,-1.));
#9050=DIRECTION('',(0.832051787644138,0.554697956259255,0.));
#9051=DIRECTION('',(0.659761960034374,-0.751474654324151,0.));
#9052=DIRECTION('',(-0.0588193861539977,-0.0516408547828957,0.996932044790295));
#9053=DIRECTION('',(-0.751474654324151,-0.659761960034374,0.));
#9054=DIRECTION('',(0.751474654324151,0.659761960034374,0.));
#9055=DIRECTION('',(0.947141481611968,-0.320816168248868,0.));
#9056=DIRECTION('',(-0.320816168248868,-0.947141481611968,0.));
#9057=DIRECTION('',(-0.320816168248868,-0.947141481611968,0.));
#9058=DIRECTION('',(0.,0.,-1.));
#9059=DIRECTION('',(0.320816168248868,0.947141481611968,0.));
#9060=DIRECTION('',(0.980581049375363,-0.196114266706713,0.));
#9061=DIRECTION('',(-0.0153526716012778,-0.0767641186044371,0.996931073630262));
#9062=DIRECTION('',(-0.196114266706713,-0.980581049375363,0.));
#9063=DIRECTION('',(0.196114266706713,0.980581049375363,0.));
#9064=DIRECTION('',(0.832051787644138,-0.554697956259255,0.));
#9065=DIRECTION('',(0.,0.,1.));
#9066=DIRECTION('',(0.,0.,-1.));
#9067=DIRECTION('',(-0.554697956259255,-0.832051787644138,0.));
#9068=DIRECTION('',(0.554697956259255,0.832051787644138,0.));
#9069=DIRECTION('',(0.980581049375363,-0.196114266706713,0.));
#9070=DIRECTION('',(0.,0.,1.));
#9071=DIRECTION('',(0.,0.,1.));
#9072=DIRECTION('',(-0.196114266706713,-0.980581049375363,0.));
#9073=DIRECTION('',(0.196114266706713,0.980581049375363,0.));
#9074=DIRECTION('',(0.896456118805972,-0.443132516359759,0.));
#9075=DIRECTION('',(-0.443132516359759,-0.896456118805972,0.));
#9076=DIRECTION('',(0.443132516359759,0.896456118805972,0.));
#9077=DIRECTION('',(0.,0.,-1.));
#9078=DIRECTION('',(0.443132516359759,0.896456118805972,0.));
#9079=DIRECTION('',(0.947141481611968,-0.320816168248868,0.));
#9080=DIRECTION('',(0.,0.,1.));
#9081=DIRECTION('',(-0.320816168248868,-0.947141481611968,0.));
#9082=DIRECTION('',(-0.320816168248868,-0.947141481611968,0.));
#9083=DIRECTION('',(0.997808105800861,-0.0661738921184003,0.));
#9084=DIRECTION('',(0.,0.,1.));
#9085=DIRECTION('',(0.,0.,1.));
#9086=DIRECTION('',(0.0661738921184003,0.997808105800861,0.));
#9087=DIRECTION('',(0.,0.,-1.));
#9088=DIRECTION('',(-0.0661738921184003,-0.997808105800861,0.));
#9089=DIRECTION('',(0.997808105800861,0.0661738921184003,0.));
#9090=DIRECTION('',(-0.00518345669701241,0.078159149216925,-0.996927419208819));
#9091=DIRECTION('',(0.,0.,-1.));
#9092=DIRECTION('',(-0.0661738921184003,0.997808105800861,0.));
#9093=DIRECTION('',(0.0661738921184003,-0.997808105800861,0.));
#9094=DIRECTION('',(0.980581049375363,0.196114266706713,0.));
#9095=DIRECTION('',(0.,0.,-1.));
#9096=DIRECTION('',(0.,0.,-1.));
#9097=DIRECTION('',(-0.196114266706713,0.980581049375363,0.));
#9098=DIRECTION('',(0.196114266706713,-0.980581049375363,0.));
#9099=DIRECTION('',(0.832051787644138,0.554697956259255,0.));
#9100=DIRECTION('',(0.,0.,1.));
#9101=DIRECTION('',(0.,0.,-1.));
#9102=DIRECTION('',(0.554697956259255,-0.832051787644138,0.));
#9103=DIRECTION('',(0.,0.,-1.));
#9104=DIRECTION('',(-0.554697956259255,0.832051787644138,0.));
#9105=DIRECTION('',(0.947141981432426,0.320814692631522,0.));
#9106=DIRECTION('',(0.,0.,-1.));
#9107=DIRECTION('',(0.,0.,-1.));
#9108=DIRECTION('',(-0.320814692631522,0.947141981432426,0.));
#9109=DIRECTION('',(0.320814692631522,-0.947141981432426,0.));
#9110=DIRECTION('',(0.896455164945041,0.443134446013126,0.));
#9111=DIRECTION('',(0.,0.,1.));
#9112=DIRECTION('',(0.443134446013126,-0.896455164945041,0.));
#9113=DIRECTION('',(-0.443134446013126,0.896455164945041,0.));
#9114=DIRECTION('',(0.832051787644138,-0.554697956259255,0.));
#9115=DIRECTION('',(0.,0.,1.));
#9116=DIRECTION('',(0.,0.,-1.));
#9117=DIRECTION('',(-0.554697956259255,-0.832051787644138,0.));
#9118=DIRECTION('',(0.,0.,1.));
#9119=DIRECTION('',(0.554697956259255,0.832051787644138,0.));
#9120=DIRECTION('',(0.980581049375363,-0.196114266706713,0.));
#9121=DIRECTION('',(0.,0.,-1.));
#9122=DIRECTION('',(0.,0.,-1.));
#9123=DIRECTION('',(-0.196114266706713,-0.980581049375363,0.));
#9124=DIRECTION('',(0.196114266706713,0.980581049375363,0.));
#9125=DIRECTION('',(0.896455164945041,-0.443134446013126,0.));
#9126=DIRECTION('',(-0.0346931423371015,-0.0701837713499413,0.996930601453219));
#9127=DIRECTION('',(-0.443134446013126,-0.896455164945041,0.));
#9128=DIRECTION('',(-0.443134446013126,-0.896455164945041,0.));
#9129=DIRECTION('',(0.,0.,-1.));
#9130=DIRECTION('',(0.947141981432426,-0.320814692631522,0.));
#9131=DIRECTION('',(0.,0.,1.));
#9132=DIRECTION('',(0.320814692631522,0.947141981432426,0.));
#9133=DIRECTION('',(0.320814692631522,0.947141981432426,0.));
#9134=DIRECTION('',(0.751472539392165,0.659764368952653,0.));
#9135=DIRECTION('',(0.,0.,-1.));
#9136=DIRECTION('',(0.,0.,-1.));
#9137=DIRECTION('',(-0.659764368952653,0.751472539392165,0.));
#9138=DIRECTION('',(-0.659764368952653,0.751472539392165,0.));
#9139=DIRECTION('',(0.320807455277827,0.947144432828576,0.));
#9140=DIRECTION('',(0.,0.,-1.));
#9141=DIRECTION('',(0.,0.,-1.));
#9142=DIRECTION('',(0.947144432828576,-0.320807455277827,0.));
#9143=DIRECTION('',(0.,0.,1.));
#9144=DIRECTION('',(0.947144432828576,-0.320807455277827,0.));
#9145=DIRECTION('',(0.659764703794054,0.75147224541399,0.));
#9146=DIRECTION('',(-0.0588193849988404,0.0516412340681051,-0.996932025211489));
#9147=DIRECTION('',(-0.75147224541399,0.659764703794054,0.));
#9148=DIRECTION('',(0.75147224541399,-0.659764703794054,0.));
#9149=DIRECTION('',(0.,0.,-1.));
#9150=DIRECTION('',(0.554701316203694,0.832049547684445,0.));
#9151=DIRECTION('',(0.,0.,1.));
#9152=DIRECTION('',(0.,0.,1.));
#9153=DIRECTION('',(-0.832049547684445,0.554701316203694,0.));
#9154=DIRECTION('',(0.832049547684445,-0.554701316203694,0.));
#9155=DIRECTION('',(0.443132516359759,0.896456118805972,0.));
#9156=DIRECTION('',(-0.896456118805972,0.443132516359759,0.));
#9157=DIRECTION('',(0.896456118805972,-0.443132516359759,0.));
#9158=DIRECTION('',(0.896456118805972,-0.443132516359759,0.));
#9159=DIRECTION('',(-0.554701316203694,0.832049547684445,0.));
#9160=DIRECTION('',(0.,0.,1.));
#9161=DIRECTION('',(0.,0.,1.));
#9162=DIRECTION('',(0.832049547684445,0.554701316203694,0.));
#9163=DIRECTION('',(0.,0.,-1.));
#9164=DIRECTION('',(0.832049547684445,0.554701316203694,0.));
#9165=DIRECTION('',(-0.443132516359759,0.896456118805972,0.));
#9166=DIRECTION('',(0.,0.,1.));
#9167=DIRECTION('',(0.,0.,-1.));
#9168=DIRECTION('',(-0.896456118805972,-0.443132516359759,0.));
#9169=DIRECTION('',(-0.896456118805972,-0.443132516359759,0.));
#9170=DIRECTION('',(0.196114266706713,0.980581049375363,0.));
#9171=DIRECTION('',(0.,0.,-1.));
#9172=DIRECTION('',(0.,0.,1.));
#9173=DIRECTION('',(-0.980581049375363,0.196114266706713,0.));
#9174=DIRECTION('',(0.980581049375363,-0.196114266706713,0.));
#9175=DIRECTION('',(-0.0636503522294562,0.997972260466726,0.));
#9176=DIRECTION('',(0.,0.,-1.));
#9177=DIRECTION('',(0.997972260466726,0.0636503522294562,0.));
#9178=DIRECTION('',(0.,0.,-1.));
#9179=DIRECTION('',(0.997972260466726,0.0636503522294562,0.));
#9180=DIRECTION('',(0.,0.,1.));
#9181=DIRECTION('',(0.0636503522294562,0.997972260466726,0.));
#9182=DIRECTION('',(-0.0781588501275766,0.00498494651358639,-0.996928455033254));
#9183=DIRECTION('',(0.997972260466726,-0.0636503522294562,0.));
#9184=DIRECTION('',(0.997972260466726,-0.0636503522294562,0.));
#9185=DIRECTION('',(-0.659761960034374,0.751474654324151,0.));
#9186=DIRECTION('',(0.,0.,-1.));
#9187=DIRECTION('',(0.,0.,1.));
#9188=DIRECTION('',(-0.751474654324151,-0.659761960034374,0.));
#9189=DIRECTION('',(-0.751474654324151,-0.659761960034374,0.));
#9190=DIRECTION('',(-0.751474654324151,0.659761960034374,0.));
#9191=DIRECTION('',(0.659761960034374,0.751474654324151,0.));
#9192=DIRECTION('',(-0.659761960034374,-0.751474654324151,0.));
#9193=DIRECTION('',(0.,0.,1.));
#9194=DIRECTION('',(-0.659761960034374,-0.751474654324151,0.));
#9195=DIRECTION('',(-0.832051787644138,0.554697956259255,0.));
#9196=DIRECTION('',(0.,0.,-1.));
#9197=DIRECTION('',(0.,0.,-1.));
#9198=DIRECTION('',(-0.554697956259255,-0.832051787644138,0.));
#9199=DIRECTION('',(0.554697956259255,0.832051787644138,0.));
#9200=DIRECTION('',(-0.896456118805972,0.443132516359759,0.));
#9201=DIRECTION('',(0.,0.,1.));
#9202=DIRECTION('',(0.,0.,1.));
#9203=DIRECTION('',(-0.443132516359759,-0.896456118805972,0.));
#9204=DIRECTION('',(0.443132516359759,0.896456118805972,0.));
#9205=DIRECTION('',(-0.947141481611968,0.320816168248868,0.));
#9206=DIRECTION('',(-0.320816168248868,-0.947141481611968,0.));
#9207=DIRECTION('',(-0.320816168248868,-0.947141481611968,0.));
#9208=DIRECTION('',(0.320816168248868,0.947141481611968,0.));
#9209=DIRECTION('',(0.,0.,-1.));
#9210=DIRECTION('',(-0.980581049375363,0.196114266706713,0.));
#9211=DIRECTION('',(0.,0.,1.));
#9212=DIRECTION('',(0.,0.,1.));
#9213=DIRECTION('',(-0.196114266706713,-0.980581049375363,0.));
#9214=DIRECTION('',(0.196114266706713,0.980581049375363,0.));
#9215=DIRECTION('',(-0.997972896985334,0.0636403714846161,0.));
#9216=DIRECTION('',(0.,0.,-1.));
#9217=DIRECTION('',(0.,0.,-1.));
#9218=DIRECTION('',(-0.0636403714846161,-0.997972896985334,0.));
#9219=DIRECTION('',(0.0636403714846161,0.997972896985334,0.));
#9220=DIRECTION('',(-0.997972896985334,-0.0636403714846161,0.));
#9221=DIRECTION('',(0.,0.,1.));
#9222=DIRECTION('',(0.,0.,1.));
#9223=DIRECTION('',(0.0636403714846161,-0.997972896985334,0.));
#9224=DIRECTION('',(-0.0636403714846161,0.997972896985334,0.));
#9225=DIRECTION('',(-0.947141481611968,-0.320816168248868,0.));
#9226=DIRECTION('',(0.,0.,1.));
#9227=DIRECTION('',(0.,0.,-1.));
#9228=DIRECTION('',(-0.320816168248868,0.947141481611968,0.));
#9229=DIRECTION('',(0.,0.,1.));
#9230=DIRECTION('',(-0.320816168248868,0.947141481611968,0.));
#9231=DIRECTION('',(-0.980581049375363,-0.196114266706713,0.));
#9232=DIRECTION('',(0.196114266706713,-0.980581049375363,0.));
#9233=DIRECTION('',(-0.196114266706713,0.980581049375363,0.));
#9234=DIRECTION('',(-0.196114266706713,0.980581049375363,0.));
#9235=DIRECTION('',(-0.896456118805972,-0.443132516359759,0.));
#9236=DIRECTION('',(0.0346931414111111,-0.0701841497755086,-0.996930574844266));
#9237=DIRECTION('',(0.,0.,-1.));
#9238=DIRECTION('',(0.443132516359759,-0.896456118805972,0.));
#9239=DIRECTION('',(-0.443132516359759,0.896456118805972,0.));
#9240=DIRECTION('',(-0.832051787644138,-0.554697956259255,0.));
#9241=DIRECTION('',(0.,0.,-1.));
#9242=DIRECTION('',(-0.554697956259255,0.832051787644138,0.));
#9243=DIRECTION('',(0.,0.,1.));
#9244=DIRECTION('',(0.554697956259255,-0.832051787644138,0.));
#9245=DIRECTION('',(-0.554697956259255,-0.832051787644138,0.));
#9246=DIRECTION('',(-0.0651988409785106,0.0434656404544854,0.996925197411993));
#9247=DIRECTION('',(0.,0.,-1.));
#9248=DIRECTION('',(-0.832051787644138,0.554697956259255,0.));
#9249=DIRECTION('',(0.,0.,-1.));
#9250=DIRECTION('',(0.832051787644138,-0.554697956259255,0.));
#9251=DIRECTION('',(-0.751474654324151,-0.659761960034374,0.));
#9252=DIRECTION('',(0.0516408547828957,-0.0588193861539977,-0.996932044790295));
#9253=DIRECTION('',(0.,0.,1.));
#9254=DIRECTION('',(0.659761960034374,-0.751474654324151,0.));
#9255=DIRECTION('',(-0.659761960034374,0.751474654324151,0.));
#9256=DIRECTION('',(-0.659761960034374,-0.751474654324151,0.));
#9257=DIRECTION('',(-0.751474654324151,0.659761960034374,0.));
#9258=DIRECTION('',(-0.751474654324151,0.659761960034374,0.));
#9259=DIRECTION('',(0.751474654324151,-0.659761960034374,0.));
#9260=DIRECTION('',(-0.443132516359759,-0.896456118805972,0.));
#9261=DIRECTION('',(0.,0.,-1.));
#9262=DIRECTION('',(0.,0.,-1.));
#9263=DIRECTION('',(-0.896456118805972,0.443132516359759,0.));
#9264=DIRECTION('',(-0.896456118805972,0.443132516359759,0.));
#9265=DIRECTION('',(-0.063640679885842,-0.997972877318651,0.));
#9266=DIRECTION('',(0.,0.,-1.));
#9267=DIRECTION('',(-0.997972877318651,0.063640679885842,0.));
#9268=DIRECTION('',(0.,0.,-1.));
#9269=DIRECTION('',(0.997972877318651,-0.063640679885842,0.));
#9270=DIRECTION('',(-0.320816168248868,-0.947141481611968,0.));
#9271=DIRECTION('',(-0.0741710870919124,0.0251232623822817,0.996929020305295));
#9272=DIRECTION('',(-0.947141481611968,0.320816168248868,0.));
#9273=DIRECTION('',(-0.947141481611968,0.320816168248868,0.));
#9274=DIRECTION('',(0.,0.,-1.));
#9275=DIRECTION('',(-0.196114266706713,-0.980581049375363,0.));
#9276=DIRECTION('',(-0.0767641186044371,0.0153526716012778,0.996931073630262));
#9277=DIRECTION('',(0.980581049375363,-0.196114266706713,0.));
#9278=DIRECTION('',(0.980581049375363,-0.196114266706713,0.));
#9279=DIRECTION('',(-0.196114266706713,0.980581049375363,0.));
#9280=DIRECTION('',(-0.0767641186044371,-0.0153526716012778,-0.996931073630262));
#9281=DIRECTION('',(0.,0.,-1.));
#9282=DIRECTION('',(0.980581049375363,0.196114266706713,0.));
#9283=DIRECTION('',(0.980581049375363,0.196114266706713,0.));
#9284=DIRECTION('',(-0.320807455277827,0.947144432828576,0.));
#9285=DIRECTION('',(-0.947144432828576,-0.320807455277827,0.));
#9286=DIRECTION('',(0.947144432828576,0.320807455277827,0.));
#9287=DIRECTION('',(0.947144432828576,0.320807455277827,0.));
#9288=DIRECTION('',(-0.659764703794054,0.75147224541399,0.));
#9289=DIRECTION('',(0.,0.,-1.));
#9290=DIRECTION('',(0.,0.,1.));
#9291=DIRECTION('',(-0.75147224541399,-0.659764703794054,0.));
#9292=DIRECTION('',(0.75147224541399,0.659764703794054,0.));
#9293=DIRECTION('',(-0.832051787644138,0.554697956259255,0.));
#9294=DIRECTION('',(0.,0.,1.));
#9295=DIRECTION('',(0.,0.,-1.));
#9296=DIRECTION('',(-0.554697956259255,-0.832051787644138,0.));
#9297=DIRECTION('',(0.,0.,-1.));
#9298=DIRECTION('',(-0.554697956259255,-0.832051787644138,0.));
#9299=DIRECTION('',(-0.751472539392165,0.659764368952653,0.));
#9300=DIRECTION('',(-0.659764368952653,-0.751472539392165,0.));
#9301=DIRECTION('',(0.659764368952653,0.751472539392165,0.));
#9302=DIRECTION('',(0.659764368952653,0.751472539392165,0.));
#9303=DIRECTION('',(-0.896455164945041,0.443134446013126,0.));
#9304=DIRECTION('',(-0.0346931423371015,-0.0701837713499413,-0.996930601453219));
#9305=DIRECTION('',(0.,0.,-1.));
#9306=DIRECTION('',(0.443134446013126,0.896455164945041,0.));
#9307=DIRECTION('',(0.443134446013126,0.896455164945041,0.));
#9308=DIRECTION('',(-0.947141981432426,0.320814692631522,0.));
#9309=DIRECTION('',(0.,0.,-1.));
#9310=DIRECTION('',(0.320814692631522,0.947141981432426,0.));
#9311=DIRECTION('',(0.,0.,1.));
#9312=DIRECTION('',(-0.320814692631522,-0.947141981432426,0.));
#9313=DIRECTION('',(-0.980581049375363,0.196114266706713,0.));
#9314=DIRECTION('',(0.0153525989157182,0.0767637551730381,0.996931102733919));
#9315=DIRECTION('',(-0.196114266706713,-0.980581049375363,0.));
#9316=DIRECTION('',(0.,0.,1.));
#9317=DIRECTION('',(-0.196114266706713,-0.980581049375363,0.));
#9318=DIRECTION('',(-0.997972896985334,0.0636403714846161,0.));
#9319=DIRECTION('',(0.,0.,-1.));
#9320=DIRECTION('',(0.,0.,1.));
#9321=DIRECTION('',(-0.0636403714846161,-0.997972896985334,0.));
#9322=DIRECTION('',(0.0636403714846161,0.997972896985334,0.));
#9323=DIRECTION('',(-0.997972896985334,-0.0636403714846161,0.));
#9324=DIRECTION('',(0.,0.,-1.));
#9325=DIRECTION('',(0.,0.,1.));
#9326=DIRECTION('',(0.0636403714846161,-0.997972896985334,0.));
#9327=DIRECTION('',(0.0636403714846161,-0.997972896985334,0.));
#9328=DIRECTION('',(-0.980581049375363,-0.196114266706713,0.));
#9329=DIRECTION('',(0.,0.,-1.));
#9330=DIRECTION('',(0.,0.,1.));
#9331=DIRECTION('',(0.196114266706713,-0.980581049375363,0.));
#9332=DIRECTION('',(-0.196114266706713,0.980581049375363,0.));
#9333=DIRECTION('',(-0.947141981432426,-0.320814692631522,0.));
#9334=DIRECTION('',(0.,0.,-1.));
#9335=DIRECTION('',(-0.320814692631522,0.947141981432426,0.));
#9336=DIRECTION('',(-0.320814692631522,0.947141981432426,0.));
#9337=DIRECTION('',(0.,0.,-1.));
#9338=DIRECTION('',(-0.896455164945041,-0.443134446013126,0.));
#9339=DIRECTION('',(0.,0.,-1.));
#9340=DIRECTION('',(0.,0.,1.));
#9341=DIRECTION('',(-0.443134446013126,0.896455164945041,0.));
#9342=DIRECTION('',(-0.443134446013126,0.896455164945041,0.));
#9343=DIRECTION('',(-0.554701316203694,-0.832049547684445,0.));
#9344=DIRECTION('',(0.,0.,1.));
#9345=DIRECTION('',(0.,0.,-1.));
#9346=DIRECTION('',(-0.832049547684445,0.554701316203694,0.));
#9347=DIRECTION('',(0.,0.,1.));
#9348=DIRECTION('',(-0.832049547684445,0.554701316203694,0.));
#9349=DIRECTION('',(-0.443132516359759,-0.896456118805972,0.));
#9350=DIRECTION('',(-0.0701841497755086,0.0346931414111111,0.996930574844266));
#9351=DIRECTION('',(0.896456118805972,-0.443132516359759,0.));
#9352=DIRECTION('',(-0.896456118805972,0.443132516359759,0.));
#9353=DIRECTION('',(0.,0.,-1.));
#9354=DIRECTION('',(-0.320807455277827,-0.947144432828576,0.));
#9355=DIRECTION('',(0.,0.,1.));
#9356=DIRECTION('',(0.947144432828576,-0.320807455277827,0.));
#9357=DIRECTION('',(0.,0.,-1.));
#9358=DIRECTION('',(0.947144432828576,-0.320807455277827,0.));
#9359=DIRECTION('',(-0.832051787644138,-0.554697956259255,0.));
#9360=DIRECTION('',(0.,0.,-1.));
#9361=DIRECTION('',(0.,0.,-1.));
#9362=DIRECTION('',(0.554697956259255,-0.832051787644138,0.));
#9363=DIRECTION('',(-0.554697956259255,0.832051787644138,0.));
#9364=DIRECTION('',(-0.751472539392165,-0.659764368952653,0.));
#9365=DIRECTION('',(0.,0.,1.));
#9366=DIRECTION('',(0.,0.,-1.));
#9367=DIRECTION('',(-0.659764368952653,0.751472539392165,0.));
#9368=DIRECTION('',(-0.659764368952653,0.751472539392165,0.));
#9369=DIRECTION('',(-0.659764703794054,-0.75147224541399,0.));
#9370=DIRECTION('',(0.,0.,1.));
#9371=DIRECTION('',(0.75147224541399,-0.659764703794054,0.));
#9372=DIRECTION('',(-0.75147224541399,0.659764703794054,0.));
#9373=DIRECTION('',(-0.196114266706713,-0.980581049375363,0.));
#9374=DIRECTION('',(0.,0.,1.));
#9375=DIRECTION('',(0.,0.,-1.));
#9376=DIRECTION('',(0.980581049375363,-0.196114266706713,0.));
#9377=DIRECTION('',(-0.980581049375363,0.196114266706713,0.));
#9378=DIRECTION('',(-0.0661838802437098,-0.997807443345602,0.));
#9379=DIRECTION('',(0.,0.,1.));
#9380=DIRECTION('',(0.,0.,1.));
#9381=DIRECTION('',(-0.997807443345602,0.0661838802437098,0.));
#9382=DIRECTION('',(-0.997807443345602,0.0661838802437098,0.));
#9383=DIRECTION('',(0.0661838802437098,-0.997807443345602,0.));
#9384=DIRECTION('',(0.0781587709342957,0.00518421742592604,-0.996927444910471));
#9385=DIRECTION('',(0.,0.,-1.));
#9386=DIRECTION('',(-0.997807443345602,-0.0661838802437098,0.));
#9387=DIRECTION('',(-0.997807443345602,-0.0661838802437098,0.));
#9388=DIRECTION('',(0.196114266706713,-0.980581049375363,0.));
#9389=DIRECTION('',(0.,0.,1.));
#9390=DIRECTION('',(0.,0.,-1.));
#9391=DIRECTION('',(-0.980581049375363,-0.196114266706713,0.));
#9392=DIRECTION('',(0.980581049375363,0.196114266706713,0.));
#9393=DIRECTION('',(0.320807455277827,-0.947144432828576,0.));
#9394=DIRECTION('',(0.,0.,1.));
#9395=DIRECTION('',(0.947144432828576,0.320807455277827,0.));
#9396=DIRECTION('',(0.,0.,-1.));
#9397=DIRECTION('',(-0.947144432828576,-0.320807455277827,0.));
#9398=DIRECTION('',(0.443132516359759,-0.896456118805972,0.));
#9399=DIRECTION('',(0.,0.,-1.));
#9400=DIRECTION('',(0.,0.,-1.));
#9401=DIRECTION('',(-0.896456118805972,-0.443132516359759,0.));
#9402=DIRECTION('',(0.896456118805972,0.443132516359759,0.));
#9403=DIRECTION('',(0.751472539392165,-0.659764368952653,0.));
#9404=DIRECTION('',(0.,0.,1.));
#9405=DIRECTION('',(0.,0.,1.));
#9406=DIRECTION('',(0.659764368952653,0.751472539392165,0.));
#9407=DIRECTION('',(-0.659764368952653,-0.751472539392165,0.));
#9408=DIRECTION('',(0.554701316203694,-0.832049547684445,0.));
#9409=DIRECTION('',(-0.0651988399007793,-0.0434660200327783,0.996925180932904));
#9410=DIRECTION('',(-0.832049547684445,-0.554701316203694,0.));
#9411=DIRECTION('',(0.832049547684445,0.554701316203694,0.));
#9412=DIRECTION('',(0.,0.,1.));
#9413=DIRECTION('',(0.659764703794054,-0.75147224541399,0.));
#9414=DIRECTION('',(-0.0588193849988404,-0.0516412340681051,0.996932025211489));
#9415=DIRECTION('',(0.75147224541399,0.659764703794054,0.));
#9416=DIRECTION('',(-0.75147224541399,-0.659764703794054,0.));
#9417=DIRECTION('',(0.443132516359759,0.896456118805972,0.));
#9418=DIRECTION('',(0.,0.,1.));
#9419=DIRECTION('',(-0.896456118805972,0.443132516359759,0.));
#9420=DIRECTION('',(0.,0.,-1.));
#9421=DIRECTION('',(-0.896456118805972,0.443132516359759,0.));
#9422=DIRECTION('',(0.196114266706713,0.980581049375363,0.));
#9423=DIRECTION('',(0.,0.,1.));
#9424=DIRECTION('',(0.,0.,1.));
#9425=DIRECTION('',(0.980581049375363,-0.196114266706713,0.));
#9426=DIRECTION('',(-0.980581049375363,0.196114266706713,0.));
#9427=DIRECTION('',(0.320816168248868,0.947141481611968,0.));
#9428=DIRECTION('',(-0.0741710870919124,0.0251232623822817,-0.996929020305295));
#9429=DIRECTION('',(-0.947141481611968,0.320816168248868,0.));
#9430=DIRECTION('',(-0.947141481611968,0.320816168248868,0.));
#9431=DIRECTION('',(-0.947141481611968,0.320816168248868,0.));
#9432=DIRECTION('',(0.,0.,1.));
#9433=DIRECTION('',(0.,0.,-1.));
#9434=DIRECTION('',(0.320816168248868,0.947141481611968,0.));
#9435=DIRECTION('',(-0.320816168248868,-0.947141481611968,0.));
#9436=DIRECTION('',(-0.896456118805972,0.443132516359759,0.));
#9437=DIRECTION('',(-0.0346931414111111,-0.0701841497755086,-0.996930574844266));
#9438=DIRECTION('',(-0.443132516359759,-0.896456118805972,0.));
#9439=DIRECTION('',(-0.443132516359759,-0.896456118805972,0.));
#9440=DIRECTION('',(0.320807455277827,-0.947144432828576,0.));
#9441=DIRECTION('',(0.,0.,1.));
#9442=DIRECTION('',(0.947144432828576,0.320807455277827,0.));
#9443=DIRECTION('',(0.,0.,-1.));
#9444=DIRECTION('',(0.947144432828576,0.320807455277827,0.));
#9445=DIRECTION('',(0.443132516359759,-0.896456118805972,0.));
#9446=DIRECTION('',(-0.0701841497755086,-0.0346931414111111,0.996930574844266));
#9447=DIRECTION('',(0.896456118805972,0.443132516359759,0.));
#9448=DIRECTION('',(0.896456118805972,0.443132516359759,0.));
#9449=DIRECTION('',(0.,0.,-1.));
#9450=DIRECTION('',(0.554701316203694,-0.832049547684445,0.));
#9451=DIRECTION('',(0.,0.,-1.));
#9452=DIRECTION('',(0.,0.,-1.));
#9453=DIRECTION('',(0.832049547684445,0.554701316203694,0.));
#9454=DIRECTION('',(0.832049547684445,0.554701316203694,0.));
#9455=DIRECTION('',(0.659764703794054,-0.75147224541399,0.));
#9456=DIRECTION('',(0.,0.,-1.));
#9457=DIRECTION('',(-0.75147224541399,-0.659764703794054,0.));
#9458=DIRECTION('',(0.75147224541399,0.659764703794054,0.));
#9459=DIRECTION('',(-0.554701316203694,-0.832049547684445,0.));
#9460=DIRECTION('',(-0.0651988399007793,0.0434660200327783,0.996925180932904));
#9461=DIRECTION('',(0.832049547684445,-0.554701316203694,0.));
#9462=DIRECTION('',(0.832049547684445,-0.554701316203694,0.));
#9463=DIRECTION('',(0.,0.,-1.));
#9464=DIRECTION('',(-0.443132516359759,-0.896456118805972,0.));
#9465=DIRECTION('',(0.,0.,-1.));
#9466=DIRECTION('',(0.,0.,-1.));
#9467=DIRECTION('',(0.896456118805972,-0.443132516359759,0.));
#9468=DIRECTION('',(0.896456118805972,-0.443132516359759,0.));
#9469=DIRECTION('',(-0.320807455277827,-0.947144432828576,0.));
#9470=DIRECTION('',(-0.0741710885092015,0.0251225022658503,0.99692903935499));
#9471=DIRECTION('',(-0.947144432828576,0.320807455277827,0.));
#9472=DIRECTION('',(0.947144432828576,-0.320807455277827,0.));
#9473=DIRECTION('',(0.,0.,-1.));
#9474=DIRECTION('',(-1.,0.,0.));
#9475=DIRECTION('',(0.,-1.,0.));
#9476=DIRECTION('',(-1.,0.,0.));
#9477=DIRECTION('',(0.,0.,1.));
#9478=DIRECTION('',(1.,0.,0.));
#9479=DIRECTION('',(0.570702481438537,-0.821156914164337,0.));
#9480=DIRECTION('',(-1.,0.,0.));
#9481=DIRECTION('',(-1.,0.,0.));
#9482=DIRECTION('',(0.,0.78086880944303,0.624695047554424));
#9483=DIRECTION('',(-0.995842753604379,0.0569028614948452,-0.0711285768685565));
#9484=DIRECTION('',(-1.,0.,0.));
#9485=DIRECTION('',(0.,0.624695047554424,-0.78086880944303));
#9486=DIRECTION('',(1.,0.,0.));
#9487=DIRECTION('',(-0.831527526877211,0.,-0.555483547952115));
#9488=DIRECTION('',(0.156846745851016,0.959308298885194,-0.234790728108975));
#9489=DIRECTION('',(0.,-1.,0.));
#9490=DIRECTION('',(-0.555483547952115,0.,0.831527526877211));
#9491=DIRECTION('',(0.,-1.,0.));
#9492=DIRECTION('',(-0.555483547952115,0.,0.831527526877211));
#9493=DIRECTION('',(-0.896792396623852,0.,-0.44245157628564));
#9494=DIRECTION('',(0.124948374467908,0.959296709592839,-0.253254272781685));
#9495=DIRECTION('',(0.44245157628564,0.,-0.896792396623852));
#9496=DIRECTION('',(0.,-1.,0.));
#9497=DIRECTION('',(-0.44245157628564,0.,0.896792396623852));
#9498=DIRECTION('',(-0.946798675981115,0.,-0.32182645503502));
#9499=DIRECTION('',(0.,1.,0.));
#9500=DIRECTION('',(0.32182645503502,0.,-0.946798675981115));
#9501=DIRECTION('',(0.,-1.,0.));
#9502=DIRECTION('',(-0.321826455035022,0.,0.946798675981114));
#9503=DIRECTION('',(-0.980905964824535,0.,-0.194482616631019));
#9504=DIRECTION('',(0.0549199303555125,0.959299710024185,-0.276997955944193));
#9505=DIRECTION('',(0.194482616631019,0.,-0.980905964824535));
#9506=DIRECTION('',(0.,-1.,0.));
#9507=DIRECTION('',(0.194482616631019,0.,-0.980905964824535));
#9508=DIRECTION('',(-0.997859585348659,0.,-0.0653930265991882));
#9509=DIRECTION('',(0.0184668512942467,0.959297370028785,-0.281793419474503));
#9510=DIRECTION('',(0.0653930265991882,0.,-0.997859585348659));
#9511=DIRECTION('',(0.,-1.,0.));
#9512=DIRECTION('',(0.0653930265991882,0.,-0.997859585348659));
#9513=DIRECTION('',(0.946798675981115,0.,-0.32182645503502));
#9514=DIRECTION('',(0.0908925495100097,0.959288730283962,0.267401713520601));
#9515=DIRECTION('',(0.,-1.,0.));
#9516=DIRECTION('',(0.32182645503502,0.,0.946798675981115));
#9517=DIRECTION('',(0.,-1.,0.));
#9518=DIRECTION('',(-0.32182645503502,0.,-0.946798675981115));
#9519=DIRECTION('',(0.896792396623852,0.,-0.44245157628564));
#9520=DIRECTION('',(0.,-1.,0.));
#9521=DIRECTION('',(0.44245157628564,0.,0.896792396623852));
#9522=DIRECTION('',(0.,1.,0.));
#9523=DIRECTION('',(-0.44245157628564,0.,-0.896792396623852));
#9524=DIRECTION('',(-0.997859585348659,0.,0.0653930265991882));
#9525=DIRECTION('',(0.,1.,0.));
#9526=DIRECTION('',(-0.0653930265991882,0.,-0.997859585348659));
#9527=DIRECTION('',(0.,-1.,0.));
#9528=DIRECTION('',(0.0653930265991882,0.,0.997859585348659));
#9529=DIRECTION('',(-0.980905964824535,0.,0.194482616631019));
#9530=DIRECTION('',(0.,-1.,0.));
#9531=DIRECTION('',(0.194482616631019,0.,0.980905964824535));
#9532=DIRECTION('',(0.194482616631019,0.,0.980905964824535));
#9533=DIRECTION('',(0.997803898858911,0.,-0.0662372963062112));
#9534=DIRECTION('',(-0.0187062319251903,-0.959293100401685,-0.281792165272357));
#9535=DIRECTION('',(0.,-1.,0.));
#9536=DIRECTION('',(0.0662372963062112,0.,0.997803898858911));
#9537=DIRECTION('',(0.,1.,0.));
#9538=DIRECTION('',(0.0662372963062112,0.,0.997803898858911));
#9539=DIRECTION('',(0.980905964824535,0.,-0.194482616631019));
#9540=DIRECTION('',(0.,1.,0.));
#9541=DIRECTION('',(0.194482616631019,0.,0.980905964824535));
#9542=DIRECTION('',(-0.194482616631019,0.,-0.980905964824535));
#9543=DIRECTION('',(0.980905964824535,0.,0.194482616631019));
#9544=DIRECTION('',(0.,1.,0.));
#9545=DIRECTION('',(0.,-1.,0.));
#9546=DIRECTION('',(-0.194482616631019,0.,0.980905964824535));
#9547=DIRECTION('',(0.,-1.,0.));
#9548=DIRECTION('',(0.194482616631019,0.,-0.980905964824535));
#9549=DIRECTION('',(0.997803898858911,0.,0.0662372963062112));
#9550=DIRECTION('',(0.,1.,0.));
#9551=DIRECTION('',(-0.0662372963062112,0.,0.997803898858911));
#9552=DIRECTION('',(-0.0662372963062112,0.,0.997803898858911));
#9553=DIRECTION('',(0.194482771139998,0.,0.980905934190281));
#9554=DIRECTION('',(-0.27699835232386,0.959299588474018,0.0549200542920843));
#9555=DIRECTION('',(-0.980905934190281,0.,0.194482771139998));
#9556=DIRECTION('',(0.,-1.,0.));
#9557=DIRECTION('',(0.980905934190281,0.,-0.194482771139998));
#9558=DIRECTION('',(0.32182645503502,0.,0.946798675981115));
#9559=DIRECTION('',(-0.267401304114588,0.959288857591294,0.0908924103487613));
#9560=DIRECTION('',(-0.946798675981115,0.,0.32182645503502));
#9561=DIRECTION('',(0.946798675981115,0.,-0.32182645503502));
#9562=DIRECTION('',(0.,1.,0.));
#9563=DIRECTION('',(-1.,0.,0.));
#9564=DIRECTION('',(0.195299111716387,0.,-0.980743726445798));
#9565=DIRECTION('',(0.321827906905552,0.,-0.946798182474381));
#9566=DIRECTION('',(0.44245157628564,0.,-0.896792396623852));
#9567=DIRECTION('',(0.831527526877211,0.,-0.555483547952115));
#9568=DIRECTION('',(0.896792396623852,0.,-0.44245157628564));
#9569=DIRECTION('',(0.752260611814277,0.,0.658865670613374));
#9570=DIRECTION('',(-0.658865337811041,0.,0.752260903298279));
#9571=DIRECTION('',(0.980905934190281,0.,-0.194482771139998));
#9572=DIRECTION('',(-0.997803845333734,0.,0.066238102608805));
#9573=DIRECTION('',(0.752260611814277,0.,0.658865670613374));
#9574=DIRECTION('',(0.658865394700165,0.,0.752260853472116));
#9575=DIRECTION('',(0.555483922098922,0.,0.831527276936601));
#9576=DIRECTION('',(-0.32182645503502,0.,0.946798675981115));
#9577=DIRECTION('',(-0.896792396623852,0.,0.44245157628564));
#9578=DIRECTION('',(-0.946798675981115,0.,-0.32182645503502));
#9579=DIRECTION('',(0.658865337811041,0.,-0.752260903298279));
#9580=DIRECTION('',(-0.946798675981115,0.,0.32182645503502));
#9581=DIRECTION('',(0.980905934190281,0.,-0.194482771139998));
#9582=DIRECTION('',(0.831527526877211,0.,0.555483547952115));
#9583=DIRECTION('',(0.752260611814277,0.,0.658865670613374));
#9584=DIRECTION('',(-0.194482616631019,0.,0.980905964824535));
#9585=DIRECTION('',(0.321825003162219,0.,-0.946799169486136));
#9586=DIRECTION('',(0.44245157628564,0.,-0.896792396623852));
#9587=DIRECTION('',(0.555486162398498,0.,-0.831525780348264));
#9588=DIRECTION('',(0.980905934190281,0.,-0.194482771139998));
#9589=DIRECTION('',(0.980905964824535,0.,0.194482616631019));
#9590=DIRECTION('',(0.,1.,0.));
#9591=DIRECTION('',(0.,1.,0.));
#9592=DIRECTION('',(0.194482616631019,0.,-0.980905964824535));
#9593=DIRECTION('',(0.831525780348264,0.,0.555486162398498));
#9594=DIRECTION('',(0.,1.,0.));
#9595=DIRECTION('',(0.,-1.,0.));
#9596=DIRECTION('',(0.555486162398498,0.,-0.831525780348264));
#9597=DIRECTION('',(0.896792396623852,0.,0.44245157628564));
#9598=DIRECTION('',(0.,1.,0.));
#9599=DIRECTION('',(0.,-1.,0.));
#9600=DIRECTION('',(0.44245157628564,0.,-0.896792396623852));
#9601=DIRECTION('',(0.946799169486136,0.,0.321825003162219));
#9602=DIRECTION('',(0.,-1.,0.));
#9603=DIRECTION('',(0.321825003162219,0.,-0.946799169486136));
#9604=DIRECTION('',(0.194482771139998,0.,0.980905934190281));
#9605=DIRECTION('',(-0.276997947293388,0.959299710024185,0.0549199739872905));
#9606=DIRECTION('',(0.980905934190281,0.,-0.194482771139998));
#9607=DIRECTION('',(0.658865670613374,0.,-0.752260611814276));
#9608=DIRECTION('',(0.,-1.,0.));
#9609=DIRECTION('',(0.,1.,0.));
#9610=DIRECTION('',(-0.752260611814277,0.,-0.658865670613374));
#9611=DIRECTION('',(0.555483547952115,0.,-0.831527526877211));
#9612=DIRECTION('',(0.,-1.,0.));
#9613=DIRECTION('',(0.831527526877211,0.,0.555483547952115));
#9614=DIRECTION('',(-0.194482771139998,0.,-0.980905934190281));
#9615=DIRECTION('',(0.,-1.,0.));
#9616=DIRECTION('',(0.,1.,0.));
#9617=DIRECTION('',(0.980905934190281,0.,-0.194482771139998));
#9618=DIRECTION('',(-0.32182645503502,0.,-0.946798675981115));
#9619=DIRECTION('',(0.,-1.,0.));
#9620=DIRECTION('',(0.946798675981115,0.,-0.32182645503502));
#9621=DIRECTION('',(-0.752260903298279,0.,-0.658865337811041));
#9622=DIRECTION('',(0.186100473773615,0.959280252580484,-0.212480612457606));
#9623=DIRECTION('',(-0.658865337811041,0.,0.752260903298279));
#9624=DIRECTION('',(0.831527276936601,0.,-0.555483922098922));
#9625=DIRECTION('',(-0.156846900205461,-0.959308273074867,-0.234790730451723));
#9626=DIRECTION('',(0.,1.,0.));
#9627=DIRECTION('',(-0.555483922098922,0.,-0.831527276936601));
#9628=DIRECTION('',(0.752260853472116,0.,-0.658865394700165));
#9629=DIRECTION('',(-0.18610039276915,-0.959280295962284,-0.21248048755046));
#9630=DIRECTION('',(0.,1.,0.));
#9631=DIRECTION('',(-0.658865394700165,0.,-0.752260853472116));
#9632=DIRECTION('',(0.658865670613374,0.,-0.752260611814277));
#9633=DIRECTION('',(0.212480567345073,-0.959280238012473,0.186100600373696));
#9634=DIRECTION('',(0.752260611814277,0.,0.658865670613374));
#9635=DIRECTION('',(0.946798675981115,0.,0.32182645503502));
#9636=DIRECTION('',(0.,1.,0.));
#9637=DIRECTION('',(0.32182645503502,0.,-0.946798675981115));
#9638=DIRECTION('',(0.44245157628564,0.,0.896792396623852));
#9639=DIRECTION('',(-0.253254419771862,0.959296661341603,0.124948446988634));
#9640=DIRECTION('',(0.896792396623852,0.,-0.44245157628564));
#9641=DIRECTION('',(-0.32182645503502,0.,0.946798675981115));
#9642=DIRECTION('',(-0.267401681455119,0.95928874025493,-0.0908925386106281));
#9643=DIRECTION('',(0.946798675981115,0.,0.32182645503502));
#9644=DIRECTION('',(-0.194482771139998,0.,-0.980905934190281));
#9645=DIRECTION('',(0.,1.,0.));
#9646=DIRECTION('',(0.980905934190281,0.,-0.194482771139998));
#9647=DIRECTION('',(0.,1.,0.));
#9648=DIRECTION('',(-0.066238102608805,0.,-0.997803845333734));
#9649=DIRECTION('',(0.,-1.,0.));
#9650=DIRECTION('',(-0.997803845333734,0.,0.066238102608805));
#9651=DIRECTION('',(-0.752260903298279,0.,-0.658865337811041));
#9652=DIRECTION('',(0.186100382410666,0.959280293410415,-0.212480508143764));
#9653=DIRECTION('',(-0.658865337811041,0.,0.75226090329828));
#9654=DIRECTION('',(0.658865670613374,0.,-0.752260611814276));
#9655=DIRECTION('',(0.212480768327059,0.959280159345139,0.186100776403292));
#9656=DIRECTION('',(-0.752260611814277,0.,-0.658865670613374));
#9657=DIRECTION('',(-0.896792396623852,0.,-0.44245157628564));
#9658=DIRECTION('',(0.124948374467908,0.959296709592839,-0.253254272781685));
#9659=DIRECTION('',(0.,-1.,0.));
#9660=DIRECTION('',(0.44245157628564,0.,-0.896792396623852));
#9661=DIRECTION('',(0.,-1.,0.));
#9662=DIRECTION('',(-1.,0.,0.));
#9663=DIRECTION('',(0.,0.,-1.));
#9664=DIRECTION('',(-0.321827906905552,0.,0.946798182474381));
#9665=DIRECTION('',(-0.195299111716387,0.,0.980743726445798));
#9666=DIRECTION('',(-0.999657160560241,0.,-0.0261832263221344));
#9667=DIRECTION('',(-0.999657160560241,0.,-0.0261832263221345));
#9668=DIRECTION('',(0.896792396623852,0.,-0.44245157628564));
#9669=DIRECTION('',(-0.831527526877211,0.,0.555483547952115));
#9670=DIRECTION('',(-0.946798182474381,0.,-0.321827906905552));
#9671=DIRECTION('',(0.,1.,0.));
#9672=DIRECTION('',(0.,-1.,0.));
#9673=DIRECTION('',(-0.980743726445798,0.,-0.195299111716387));
#9674=DIRECTION('',(-0.0551588958555149,0.959287054560104,0.276994301676767));
#9675=DIRECTION('',(-0.44245157628564,0.,-0.896792396623852));
#9676=DIRECTION('',(0.,-1.,0.));
#9677=DIRECTION('',(0.,1.,0.));
#9678=DIRECTION('',(-0.555483547952115,0.,-0.831527526877211));
#9679=DIRECTION('',(0.,-1.,0.));
#9680=DIRECTION('',(0.,1.,0.));
#9681=DIRECTION('',(-0.624695047554424,0.,-0.78086880944303));
#9682=DIRECTION('',(0.,0.,1.));
#9683=DIRECTION('',(-1.,0.,0.));
#9684=DIRECTION('',(0.,0.07974522228289,0.996815278536125));
#9685=CARTESIAN_POINT('',(0.,0.,0.));
#9686=CARTESIAN_POINT('',(63.,-34.5960006713867,6.9980001449585));
#9687=CARTESIAN_POINT('',(67.,-34.5960006713867,6.9980001449585));
#9688=CARTESIAN_POINT('',(67.,-34.5960006713867,6.99800014495849));
#9689=CARTESIAN_POINT('',(63.,-34.5960006713869,6.99800014495849));
#9690=CARTESIAN_POINT('',(67.,-34.5960006713867,6.9980001449585));
#9691=CARTESIAN_POINT('',(67.,-20.5909996032715,6.9980001449585));
#9692=CARTESIAN_POINT('',(67.,-20.5909996032715,6.9980001449585));
#9693=CARTESIAN_POINT('',(63.,-20.5909996032719,6.99800014495849));
#9694=CARTESIAN_POINT('',(63.,-20.5909996032715,6.9980001449585));
#9695=CARTESIAN_POINT('',(63.,-34.5960006713867,18.0030002593994));
#9696=CARTESIAN_POINT('',(67.,-34.5960006713867,18.0030002593994));
#9697=CARTESIAN_POINT('',(67.,-34.5960006713865,18.0030002593988));
#9698=CARTESIAN_POINT('',(63.,-34.5960006713867,18.0030002593994));
#9699=CARTESIAN_POINT('',(67.,-34.5960006713867,18.0030002593994));
#9700=CARTESIAN_POINT('',(63.,-34.5960006713867,50.));
#9701=CARTESIAN_POINT('',(63.,-20.5909996032715,18.0030002593994));
#9702=CARTESIAN_POINT('',(63.,-20.5909996032715,18.0030002593994));
#9703=CARTESIAN_POINT('',(67.,-20.5909996032714,18.0030002593994));
#9704=CARTESIAN_POINT('',(63.,-20.5909996032715,18.0030002593994));
#9705=CARTESIAN_POINT('',(67.,-20.5909996032715,18.0030002593994));
#9706=CARTESIAN_POINT('',(63.,-48.,18.0030002593994));
#9707=CARTESIAN_POINT('',(67.,-20.5909996032715,18.0030002593994));
#9708=CARTESIAN_POINT('',(63.,-20.5909996032715,18.0030002593994));
#9709=CARTESIAN_POINT('',(67.,-20.5909996032715,50.));
#9710=CARTESIAN_POINT('',(67.,28.,50.));
#9711=CARTESIAN_POINT('',(-69.,28.,50.));
#9712=CARTESIAN_POINT('',(-73.,28.,50.));
#9713=CARTESIAN_POINT('',(-68.9999999784544,28.,49.9999999866711));
#9714=CARTESIAN_POINT('',(-73.,28.,50.));
#9715=CARTESIAN_POINT('',(-73.,-48.0000000000505,50.));
#9716=CARTESIAN_POINT('',(-73.,-48.,50.));
#9717=CARTESIAN_POINT('',(-69.,-48.,50.));
#9718=CARTESIAN_POINT('',(-69.,-48.,50.));
#9719=CARTESIAN_POINT('',(67.,28.,50.));
#9720=CARTESIAN_POINT('',(67.,28.,50.));
#9721=CARTESIAN_POINT('',(62.9999999894368,27.9999999997012,49.9999999863806));
#9722=CARTESIAN_POINT('',(67.,27.9999999976476,50.));
#9723=CARTESIAN_POINT('',(63.,28.,50.));
#9724=CARTESIAN_POINT('',(63.0000000001786,-48.,50.));
#9725=CARTESIAN_POINT('',(67.,-48.,50.));
#9726=CARTESIAN_POINT('',(67.,-48.0000000000046,50.));
#9727=CARTESIAN_POINT('',(67.,28.,50.));
#9728=CARTESIAN_POINT('',(42.7169990719907,32.,26.6959992364737));
#9729=CARTESIAN_POINT('',(42.7170006751013,32.,26.6959989186273));
#9730=CARTESIAN_POINT('',(42.7169994134942,28.0000000000828,26.6959990952415));
#9731=CARTESIAN_POINT('',(42.7169993982008,31.9999999996699,26.6959992208544));
#9732=CARTESIAN_POINT('',(42.7169990719907,28.,26.6959992364737));
#9733=CARTESIAN_POINT('',(41.56199996455,28.0000009057566,26.9249992313184));
#9734=CARTESIAN_POINT('',(41.5619995578059,28.,26.924999284648));
#9735=CARTESIAN_POINT('',(41.5620002043505,31.9999999996875,26.9249991998832));
#9736=CARTESIAN_POINT('',(42.7169990719907,32.,26.6959992364737));
#9737=CARTESIAN_POINT('',(43.8320006336478,32.,26.3169991448356));
#9738=CARTESIAN_POINT('',(43.8320028447717,32.,26.3169983932522));
#9739=CARTESIAN_POINT('',(43.8320019660539,28.0000032006071,26.3169988267863));
#9740=CARTESIAN_POINT('',(43.8320012971054,31.9999999991552,26.3169990355444));
#9741=CARTESIAN_POINT('',(43.8320006336478,28.,26.3169991448356));
#9742=CARTESIAN_POINT('',(43.8320006336478,32.,26.3169991448356));
#9743=CARTESIAN_POINT('',(46.7529983520508,32.,24.3659992218018));
#9744=CARTESIAN_POINT('',(46.7530003995314,28.,24.3659974285163));
#9745=CARTESIAN_POINT('',(46.7529989747423,31.9999999999081,24.3659986764816));
#9746=CARTESIAN_POINT('',(46.7529995429965,28.0000036541831,24.365998178779));
#9747=CARTESIAN_POINT('',(46.7529983520508,28.,24.3659992218018));
#9748=CARTESIAN_POINT('',(45.867000579834,28.,25.1420001983643));
#9749=CARTESIAN_POINT('',(45.867000579834,32.,25.1420001983643));
#9750=CARTESIAN_POINT('',(45.8670005798339,32.,25.1420001983643));
#9751=CARTESIAN_POINT('',(61.231959311084,32.,11.6846040804708));
#9752=CARTESIAN_POINT('',(46.7529986218912,28.,24.3659994581407));
#9753=CARTESIAN_POINT('',(46.7529986218912,28.,24.3659994581407));
#9754=CARTESIAN_POINT('',(47.5290002239323,28.0000037503216,23.4799982020293));
#9755=CARTESIAN_POINT('',(46.7529986218912,32.,24.3659994581407));
#9756=CARTESIAN_POINT('',(47.5289997988971,32.,23.479998838248));
#9757=CARTESIAN_POINT('',(47.5290008613919,28.,23.4799972477532));
#9758=CARTESIAN_POINT('',(49.3129997253418,28.,19.1749992370606));
#9759=CARTESIAN_POINT('',(49.3129997253418,28.,19.1749992370606));
#9760=CARTESIAN_POINT('',(49.3129997253418,32.,19.1749992370606));
#9761=CARTESIAN_POINT('',(49.3129997253418,28.,19.1749992370607));
#9762=CARTESIAN_POINT('',(49.3129997253418,32.,19.1749992370606));
#9763=CARTESIAN_POINT('',(49.3899993896484,32.,18.));
#9764=CARTESIAN_POINT('',(49.3899993896484,31.99999999994,18.));
#9765=CARTESIAN_POINT('',(49.3899993896484,28.,18.));
#9766=CARTESIAN_POINT('',(47.0509965355084,28.,53.6927084532748));
#9767=CARTESIAN_POINT('',(47.5289993286133,28.,23.4799995422364));
#9768=CARTESIAN_POINT('',(48.1829986572266,28.,22.5009994506836));
#9769=CARTESIAN_POINT('',(48.1829986572266,28.,22.5009994506836));
#9770=CARTESIAN_POINT('',(47.5289993286133,32.,23.4799995422364));
#9771=CARTESIAN_POINT('',(48.1829986572266,32.,22.5009994506836));
#9772=CARTESIAN_POINT('',(48.1829986572266,32.,22.5009994506836));
#9773=CARTESIAN_POINT('',(40.3870010375976,28.,27.0030002593994));
#9774=CARTESIAN_POINT('',(40.3870010375976,28.,27.0030002593994));
#9775=CARTESIAN_POINT('',(40.3870010375976,32.,27.0030002593994));
#9776=CARTESIAN_POINT('',(40.3870010375976,28.,27.0030002593994));
#9777=CARTESIAN_POINT('',(40.3870010375976,32.,27.0030002593994));
#9778=CARTESIAN_POINT('',(40.3870010375976,28.,27.0030002593994));
#9779=CARTESIAN_POINT('',(49.3899993896484,28.,18.));
#9780=CARTESIAN_POINT('',(49.3899993896484,32.,18.));
#9781=CARTESIAN_POINT('',(49.3129997253418,32.,16.8250007629395));
#9782=CARTESIAN_POINT('',(49.3129997253418,32.,16.8250007629395));
#9783=CARTESIAN_POINT('',(49.3129997253418,28.,16.8250007629395));
#9784=CARTESIAN_POINT('',(49.3899993896543,28.,18.0000000000888));
#9785=CARTESIAN_POINT('',(49.3129997253418,28.,16.8250007629395));
#9786=CARTESIAN_POINT('',(49.0830001831055,28.,15.670000076294));
#9787=CARTESIAN_POINT('',(49.0830001831055,32.,15.670000076294));
#9788=CARTESIAN_POINT('',(49.0830001831055,28.,15.670000076294));
#9789=CARTESIAN_POINT('',(49.3129997253418,28.,16.8250007629395));
#9790=CARTESIAN_POINT('',(49.3129997253418,32.,16.8250007629395));
#9791=CARTESIAN_POINT('',(35.886001586914,28.,10.2040004730225));
#9792=CARTESIAN_POINT('',(35.886001586914,28.,10.2040004730225));
#9793=CARTESIAN_POINT('',(35.8860015870033,31.999999999925,10.2040004729809));
#9794=CARTESIAN_POINT('',(35.8860015333169,27.9999999995961,10.2040003767353));
#9795=CARTESIAN_POINT('',(35.886001586914,32.,10.2040004730225));
#9796=CARTESIAN_POINT('',(34.9070004516304,32.,10.8580004945481));
#9797=CARTESIAN_POINT('',(34.9069981041311,28.,10.858002067072));
#9798=CARTESIAN_POINT('',(34.9069994714297,28.0000054666186,10.8580010197159));
#9799=CARTESIAN_POINT('',(35.886001586914,28.,10.2040004730225));
#9800=CARTESIAN_POINT('',(34.9070011460547,28.,10.8579994028137));
#9801=CARTESIAN_POINT('',(34.9070011460547,28.,10.8579994028137));
#9802=CARTESIAN_POINT('',(34.0209982871881,28.0000059243079,11.6340018027082));
#9803=CARTESIAN_POINT('',(49.3944875783288,32.,-1.83081559426346));
#9804=CARTESIAN_POINT('',(34.0209991413649,32.,11.6340009545024));
#9805=CARTESIAN_POINT('',(34.0209970038308,28.,11.6340030732833));
#9806=CARTESIAN_POINT('',(33.2449989653863,32.,12.5200004871059));
#9807=CARTESIAN_POINT('',(33.2449973991062,32.,12.5200022754096));
#9808=CARTESIAN_POINT('',(33.2449984113696,28.,12.5200010656456));
#9809=CARTESIAN_POINT('',(33.2449980039531,31.9999967605537,12.5200015538899));
#9810=CARTESIAN_POINT('',(33.2449989653863,28.,12.5200004871059));
#9811=CARTESIAN_POINT('',(47.1570358606162,32.,-3.36409728057189));
#9812=CARTESIAN_POINT('',(31.4619998931885,28.,16.8250007629395));
#9813=CARTESIAN_POINT('',(31.4619998931885,28.,16.8250007629395));
#9814=CARTESIAN_POINT('',(31.4619998931897,32.,16.8250007629394));
#9815=CARTESIAN_POINT('',(31.4619998931898,28.,16.8250007629394));
#9816=CARTESIAN_POINT('',(31.4619998931885,32.,16.8250007629395));
#9817=CARTESIAN_POINT('',(31.3850002288819,32.,18.));
#9818=CARTESIAN_POINT('',(31.3850002288819,32.,18.));
#9819=CARTESIAN_POINT('',(31.3850002288819,28.,18.));
#9820=CARTESIAN_POINT('',(31.3850002288819,28.,18.));
#9821=CARTESIAN_POINT('',(33.2449987116338,28.,12.5200003106298));
#9822=CARTESIAN_POINT('',(33.2449987116338,32.,12.5200003106298));
#9823=CARTESIAN_POINT('',(32.5909996837196,31.9999999999546,13.4989996406353));
#9824=CARTESIAN_POINT('',(32.5909996032715,28.,13.4990000724793));
#9825=CARTESIAN_POINT('',(32.590999704374,28.0000000005444,13.4989996567871));
#9826=CARTESIAN_POINT('',(33.2449987116338,28.,12.5200003106298));
#9827=CARTESIAN_POINT('',(15.0030002593994,28.,18.));
#9828=CARTESIAN_POINT('',(15.0030002593994,28.,18.));
#9829=CARTESIAN_POINT('',(15.0030002594002,32.,18.));
#9830=CARTESIAN_POINT('',(15.0030002593984,28.,18.));
#9831=CARTESIAN_POINT('',(15.0030002593994,32.,18.));
#9832=CARTESIAN_POINT('',(14.9250001907349,32.,16.8250007629395));
#9833=CARTESIAN_POINT('',(14.9250001907349,28.,16.8250007629395));
#9834=CARTESIAN_POINT('',(14.9250001907349,28.,16.8250007629395));
#9835=CARTESIAN_POINT('',(15.0030002593994,28.,18.));
#9836=CARTESIAN_POINT('',(1.49900017747818,28.,25.7959990725366));
#9837=CARTESIAN_POINT('',(1.49900017747818,28.,25.7959990725366));
#9838=CARTESIAN_POINT('',(2.55499878454088,28.0000000002523,26.3169991571729));
#9839=CARTESIAN_POINT('',(1.49899920092687,28.0000000008853,25.7959987949682));
#9840=CARTESIAN_POINT('',(1.49899694597392,28.,25.7959974782025));
#9841=CARTESIAN_POINT('',(1.49899829999943,31.999995036667,25.7959982682697));
#9842=CARTESIAN_POINT('',(31.072346094184,32.,40.3866641109814));
#9843=CARTESIAN_POINT('',(2.55499772680409,31.9999943691055,26.3169987216774));
#9844=CARTESIAN_POINT('',(2.55499612063802,28.,26.3169980535785));
#9845=CARTESIAN_POINT('',(2.55500007910398,28.,26.3169993991011));
#9846=CARTESIAN_POINT('',(2.55500007910398,28.,26.3169993991011));
#9847=CARTESIAN_POINT('',(3.67000007296138,28.000000000054,26.6959991553764));
#9848=CARTESIAN_POINT('',(37.9617319973861,32.,38.3521060238841));
#9849=CARTESIAN_POINT('',(3.67000007004415,31.9999999991136,26.6959991636473));
#9850=CARTESIAN_POINT('',(3.66999979021667,28.,26.6959990887877));
#9851=CARTESIAN_POINT('',(3.67000007629394,28.,26.6959991455078));
#9852=CARTESIAN_POINT('',(3.67000007629394,32.,26.6959991455078));
#9853=CARTESIAN_POINT('',(4.82499981055339,31.9999999998497,26.9249992221789));
#9854=CARTESIAN_POINT('',(4.82499956925001,28.,26.9249991894731));
#9855=CARTESIAN_POINT('',(4.82499981049484,28.0000000009019,26.9249992215587));
#9856=CARTESIAN_POINT('',(3.67000007629394,28.,26.6959991455078));
#9857=CARTESIAN_POINT('',(4.82499981135725,28.,26.9249992055451));
#9858=CARTESIAN_POINT('',(49.0158735867252,32.,29.8585613933382));
#9859=CARTESIAN_POINT('',(6.00000000099334,32.,27.0030002752541));
#9860=CARTESIAN_POINT('',(6.,32.,27.0030002910537));
#9861=CARTESIAN_POINT('',(6.00000000126001,28.0000000008403,27.0030002753061));
#9862=CARTESIAN_POINT('',(4.82499981135725,28.,26.9249992055451));
#9863=CARTESIAN_POINT('',(14.9250001907349,28.,16.8250007629395));
#9864=CARTESIAN_POINT('',(14.6960000991821,28.,15.670000076294));
#9865=CARTESIAN_POINT('',(14.6960000991823,32.,15.670000076294));
#9866=CARTESIAN_POINT('',(14.6960000991815,28.,15.670000076294));
#9867=CARTESIAN_POINT('',(14.9250001907349,28.,16.8250007629395));
#9868=CARTESIAN_POINT('',(14.9250001907349,32.,16.8250007629395));
#9869=CARTESIAN_POINT('',(14.6960000991821,28.,15.670000076294));
#9870=CARTESIAN_POINT('',(14.6960000991821,32.,15.670000076294));
#9871=CARTESIAN_POINT('',(14.317000704638,31.9999977391887,14.5550012253236));
#9872=CARTESIAN_POINT('',(14.3170009241877,28.,14.5550018793818));
#9873=CARTESIAN_POINT('',(14.3170005580172,28.0000000007614,14.5550007888503));
#9874=CARTESIAN_POINT('',(14.6960000991821,28.,15.670000076294));
#9875=CARTESIAN_POINT('',(31.4619998931885,32.,16.8250007629395));
#9876=CARTESIAN_POINT('',(31.4619998931885,32.,16.8250007629395));
#9877=CARTESIAN_POINT('',(31.6909999847415,32.,15.670000076294));
#9878=CARTESIAN_POINT('',(25.523558531738,28.,46.7765339853614));
#9879=CARTESIAN_POINT('',(31.6909999847411,28.,15.670000076294));
#9880=CARTESIAN_POINT('',(31.6909999847412,32.,15.670000076294));
#9881=CARTESIAN_POINT('',(32.5909997924744,28.,13.4989996889893));
#9882=CARTESIAN_POINT('',(32.5909997924744,32.,13.4989996889893));
#9883=CARTESIAN_POINT('',(32.0699999461822,31.9999978429876,14.5549994233606));
#9884=CARTESIAN_POINT('',(32.0700002159106,28.,14.5549987721637));
#9885=CARTESIAN_POINT('',(32.0699997697388,28.000000001072,14.5549998493374));
#9886=CARTESIAN_POINT('',(32.5909997924744,28.,13.4989996889893));
#9887=CARTESIAN_POINT('',(31.6909999847412,32.,15.670000076294));
#9888=CARTESIAN_POINT('',(31.6909999847412,32.,15.670000076294));
#9889=CARTESIAN_POINT('',(23.3639909870418,28.,40.1676787803233));
#9890=CARTESIAN_POINT('',(14.3170001948121,28.,14.5550004010314));
#9891=CARTESIAN_POINT('',(14.3170001948121,28.,14.5550004010314));
#9892=CARTESIAN_POINT('',(13.7959998112746,28.0000000005015,13.49900002112));
#9893=CARTESIAN_POINT('',(14.3170001948121,32.,14.5550004010314));
#9894=CARTESIAN_POINT('',(13.7960000667404,31.9999977626087,13.4990004035806));
#9895=CARTESIAN_POINT('',(13.7960004509697,28.,13.4990009788048));
#9896=CARTESIAN_POINT('',(13.7959995269775,28.,13.4989995956421));
#9897=CARTESIAN_POINT('',(13.7959995269775,28.,13.4989995956421));
#9898=CARTESIAN_POINT('',(13.1419993067795,28.0000037086693,12.5199991187206));
#9899=CARTESIAN_POINT('',(13.7959995269775,32.,13.4989995956421));
#9900=CARTESIAN_POINT('',(13.1419997281229,31.9999999995824,12.519999753774));
#9901=CARTESIAN_POINT('',(13.1419986655803,28.,12.5199981632749));
#9902=CARTESIAN_POINT('',(13.1420004682048,28.,12.5200002214248));
#9903=CARTESIAN_POINT('',(13.1420004682048,28.,12.5200002214248));
#9904=CARTESIAN_POINT('',(12.3660001755355,28.0000000004468,11.6339998244775));
#9905=CARTESIAN_POINT('',(13.1420004682048,32.,12.5200002214248));
#9906=CARTESIAN_POINT('',(12.3660004737809,31.9999979974694,11.6340003517942));
#9907=CARTESIAN_POINT('',(12.3660010010836,28.,11.6340013115927));
#9908=CARTESIAN_POINT('',(12.365999796827,28.,11.6340002568474));
#9909=CARTESIAN_POINT('',(12.365999796827,32.,11.6340002568474));
#9910=CARTESIAN_POINT('',(11.4800005439087,31.9999970137679,10.8580003189016));
#9911=CARTESIAN_POINT('',(11.4800016855448,28.,10.858000914885));
#9912=CARTESIAN_POINT('',(11.4799998533341,28.0000000003724,10.8579999630959));
#9913=CARTESIAN_POINT('',(12.365999796827,28.,11.6340002568474));
#9914=CARTESIAN_POINT('',(1.49899997166168,28.,10.2040005005538));
#9915=CARTESIAN_POINT('',(1.49900240627222,28.,10.2039988741662));
#9916=CARTESIAN_POINT('',(1.49900135431219,31.9999960528628,10.203999481902));
#9917=CARTESIAN_POINT('',(1.4990005106841,28.0000000016396,10.20399995311));
#9918=CARTESIAN_POINT('',(1.49899997166168,32.,10.2040005005538));
#9919=CARTESIAN_POINT('',(0.519999954748322,31.9999999999567,10.8579997990631));
#9920=CARTESIAN_POINT('',(0.520000172524125,28.,10.8579996338256));
#9921=CARTESIAN_POINT('',(0.519999980926514,28.,10.8579998016357));
#9922=CARTESIAN_POINT('',(1.49899997166168,28.,10.2040005005538));
#9923=CARTESIAN_POINT('',(0.519999980926514,28.,10.8579998016357));
#9924=CARTESIAN_POINT('',(-0.365998075438739,28.,11.633998141827));
#9925=CARTESIAN_POINT('',(-0.365999412095115,32.,11.6339993125329));
#9926=CARTESIAN_POINT('',(-0.365998851297905,28.0000034465897,11.6339989168374));
#9927=CARTESIAN_POINT('',(0.519999980926514,28.,10.8579998016357));
#9928=CARTESIAN_POINT('',(0.519999980926514,32.,10.8579998016357));
#9929=CARTESIAN_POINT('',(-0.365999743458129,28.,11.6340000462917));
#9930=CARTESIAN_POINT('',(7.38395378747159,28.,2.78547408943089));
#9931=CARTESIAN_POINT('',(-1.1420003052233,28.0000000025973,12.520000338991));
#9932=CARTESIAN_POINT('',(-0.365999743458129,32.,11.6340000462917));
#9933=CARTESIAN_POINT('',(-1.14200012009377,31.9999999991509,12.5200003789874));
#9934=CARTESIAN_POINT('',(-1.14200137135885,28.,12.5200015583836));
#9935=CARTESIAN_POINT('',(-1.14200042747405,28.,12.5200001454414));
#9936=CARTESIAN_POINT('',(-1.14200042747405,28.,12.5200001454414));
#9937=CARTESIAN_POINT('',(-1.79600039501561,28.0000035131816,13.499000876098));
#9938=CARTESIAN_POINT('',(-1.14200042747405,32.,12.5200001454414));
#9939=CARTESIAN_POINT('',(-1.79599997614207,31.9999999991146,13.499000145852));
#9940=CARTESIAN_POINT('',(-1.79600101404448,28.,13.499002120085));
#9941=CARTESIAN_POINT('',(-1.79599981461181,28.,13.4989996889893));
#9942=CARTESIAN_POINT('',(-1.79599981461181,28.,13.4989996889893));
#9943=CARTESIAN_POINT('',(-2.31700001920836,28.0000000008852,14.5550002690989));
#9944=CARTESIAN_POINT('',(-1.79599981461181,32.,13.4989996889893));
#9945=CARTESIAN_POINT('',(-2.31700001638494,31.9999999993295,14.5550002593343));
#9946=CARTESIAN_POINT('',(-2.31700015768169,28.,14.5550003257728));
#9947=CARTESIAN_POINT('',(0.519999962534778,28.,25.1420002258956));
#9948=CARTESIAN_POINT('',(0.520000172523186,28.,25.1420003661738));
#9949=CARTESIAN_POINT('',(0.51999997483355,31.9999999999028,25.1420002094093));
#9950=CARTESIAN_POINT('',(0.519999973011688,28.0000000005654,25.1420002126459));
#9951=CARTESIAN_POINT('',(0.519999962534778,32.,25.1420002258956));
#9952=CARTESIAN_POINT('',(0.519999962534778,28.,25.1420002258956));
#9953=CARTESIAN_POINT('',(-24.4990005493164,28.,25.7959995269775));
#9954=CARTESIAN_POINT('',(-24.4990005493164,28.,25.7959995269775));
#9955=CARTESIAN_POINT('',(-23.5200014144798,28.0000000008517,25.1420006442903));
#9956=CARTESIAN_POINT('',(-24.4990005493164,28.,25.7959995269775));
#9957=CARTESIAN_POINT('',(-24.4990005493164,28.,25.7959995269775));
#9958=CARTESIAN_POINT('',(-24.4990005493164,32.,25.7959995269775));
#9959=CARTESIAN_POINT('',(-24.4990005493164,32.,25.7959995269775));
#9960=CARTESIAN_POINT('',(-23.5200021976943,31.9999952421172,25.142001244604));
#9961=CARTESIAN_POINT('',(-23.5200033802624,28.,25.1420021506748));
#9962=CARTESIAN_POINT('',(-23.5200007587899,28.,25.1419998546672));
#9963=CARTESIAN_POINT('',(-23.5200007587899,28.,25.1419998546672));
#9964=CARTESIAN_POINT('',(-22.6340006276858,28.00000000025,24.3659993936498));
#9965=CARTESIAN_POINT('',(-23.5200007587899,32.,25.1419998546672));
#9966=CARTESIAN_POINT('',(-22.6340006278739,31.9999999991509,24.3659993938144));
#9967=CARTESIAN_POINT('',(-22.6340010148131,28.,24.3660000363871));
#9968=CARTESIAN_POINT('',(-32.4449996948242,28.,26.3169994354248));
#9969=CARTESIAN_POINT('',(-32.4449996948242,28.,26.3169994354248));
#9970=CARTESIAN_POINT('',(-31.3299999671257,28.0000000011087,26.6959990858534));
#9971=CARTESIAN_POINT('',(-32.4450015063249,28.0000044114946,26.3169988196986));
#9972=CARTESIAN_POINT('',(-32.445002802024,28.,26.3169983792562));
#9973=CARTESIAN_POINT('',(-32.4450006642796,31.9999999996875,26.3169992644369));
#9974=CARTESIAN_POINT('',(34.3367026591186,32.,49.0167761408603));
#9975=CARTESIAN_POINT('',(-31.3300001986482,31.9999991139213,26.6959990240426));
#9976=CARTESIAN_POINT('',(-31.3300005911781,28.,26.6959989186273));
#9977=CARTESIAN_POINT('',(-31.3299999056704,28.,26.6959990545419));
#9978=CARTESIAN_POINT('',(42.7912868111813,32.,41.3919171224198));
#9979=CARTESIAN_POINT('',(-30.1749995671074,31.9999990919983,26.9249992381635));
#9980=CARTESIAN_POINT('',(-30.1749999539128,28.,26.9249991894731));
#9981=CARTESIAN_POINT('',(-30.174999351015,28.0000000000011,26.9249992296179));
#9982=CARTESIAN_POINT('',(-31.3299999056704,28.,26.6959990545419));
#9983=CARTESIAN_POINT('',(-30.1749992370605,28.,26.9249992370605));
#9984=CARTESIAN_POINT('',(-30.1749992370605,28.,26.9249992370605));
#9985=CARTESIAN_POINT('',(-29.,28.,27.0030002593994));
#9986=CARTESIAN_POINT('',(-30.1749992370605,32.,26.9249992370605));
#9987=CARTESIAN_POINT('',(-29.,32.,27.0030002593994));
#9988=CARTESIAN_POINT('',(-29.,28.,27.0030002593994));
#9989=CARTESIAN_POINT('',(-27.8250007629394,32.,26.9249992370605));
#9990=CARTESIAN_POINT('',(-27.8250000460874,32.,26.9249991894731));
#9991=CARTESIAN_POINT('',(-27.8250006924159,28.0000000004962,26.9249992744476));
#9992=CARTESIAN_POINT('',(-27.8250006916477,31.99999999975,26.9249992742521));
#9993=CARTESIAN_POINT('',(-27.8250007629394,28.,26.9249992370605));
#9994=CARTESIAN_POINT('',(-29.,32.,27.0030002593994));
#9995=CARTESIAN_POINT('',(-24.4990005493164,32.,25.7959995269775));
#9996=CARTESIAN_POINT('',(-25.5550003051758,28.,26.3169994354248));
#9997=CARTESIAN_POINT('',(-25.5550003051758,28.,26.3169994354248));
#9998=CARTESIAN_POINT('',(-25.5550003051758,28.,26.3169994354248));
#9999=CARTESIAN_POINT('',(-25.5550003051758,32.,26.3169994354248));
#10000=CARTESIAN_POINT('',(-25.5550003051758,32.,26.3169994354248));
#10001=CARTESIAN_POINT('',(-37.6959991455078,28.,20.329999923706));
#10002=CARTESIAN_POINT('',(-37.6959991455078,28.,20.329999923706));
#10003=CARTESIAN_POINT('',(-37.3170013427735,28.,21.4449996948242));
#10004=CARTESIAN_POINT('',(-37.6959991455078,28.,20.329999923706));
#10005=CARTESIAN_POINT('',(-37.6959991455078,32.,20.329999923706));
#10006=CARTESIAN_POINT('',(-37.6959991455078,32.,20.329999923706));
#10007=CARTESIAN_POINT('',(-37.6959991455078,32.,20.329999923706));
#10008=CARTESIAN_POINT('',(-37.3170013427735,32.,21.4449996948242));
#10009=CARTESIAN_POINT('',(-37.3170013427735,32.,21.4449996948242));
#10010=CARTESIAN_POINT('',(-37.3170013427735,28.,21.4449996948242));
#10011=CARTESIAN_POINT('',(-37.3170013427735,28.,21.4449996948242));
#10012=CARTESIAN_POINT('',(-36.7960014343262,28.,22.5009994506836));
#10013=CARTESIAN_POINT('',(-37.3170013427735,32.,21.4449996948242));
#10014=CARTESIAN_POINT('',(-36.7960014343262,32.,22.5009994506836));
#10015=CARTESIAN_POINT('',(-36.7960014343262,32.,22.5009994506836));
#10016=CARTESIAN_POINT('',(-36.7960014343262,28.,22.5009994506836));
#10017=CARTESIAN_POINT('',(-36.7960014343262,32.,22.5009994506836));
#10018=CARTESIAN_POINT('',(-36.1419982910156,32.,23.4799995422364));
#10019=CARTESIAN_POINT('',(-36.1419982910157,32.,23.4799995422364));
#10020=CARTESIAN_POINT('',(-36.1419982910156,28.,23.4799995422364));
#10021=CARTESIAN_POINT('',(-36.7960014343262,28.,22.5009994506836));
#10022=CARTESIAN_POINT('',(-33.5009992614807,28.,25.7959991434879));
#10023=CARTESIAN_POINT('',(-33.5009992614807,28.,25.7959991434879));
#10024=CARTESIAN_POINT('',(-33.5010002865473,28.,25.7959989685973));
#10025=CARTESIAN_POINT('',(-33.5010021808386,28.,25.795997703158));
#10026=CARTESIAN_POINT('',(-33.5010009733655,31.9999955567393,25.7959984009261));
#10027=CARTESIAN_POINT('',(24.2206070950944,32.,54.2742317452982));
#10028=CARTESIAN_POINT('',(-36.1419982910157,28.,23.4799995422364));
#10029=CARTESIAN_POINT('',(-35.3660011291504,28.,24.3659992218018));
#10030=CARTESIAN_POINT('',(-35.3660019336804,28.,24.3659983032246));
#10031=CARTESIAN_POINT('',(-36.1419982910157,32.,23.4799995422364));
#10032=CARTESIAN_POINT('',(-35.3660026712073,31.9999945413065,24.3659974611486));
#10033=CARTESIAN_POINT('',(-35.3660037795408,32.,24.3659961957017));
#10034=CARTESIAN_POINT('',(-31.3299999237061,28.,9.30399990081787));
#10035=CARTESIAN_POINT('',(-31.3300005911781,28.,9.30400012769835));
#10036=CARTESIAN_POINT('',(-31.3299999680804,31.9999999989476,9.30399996038531));
#10037=CARTESIAN_POINT('',(-31.3300001959626,28.0000008842286,9.30400002200134));
#10038=CARTESIAN_POINT('',(45.3060773833521,32.,-16.7453786135351));
#10039=CARTESIAN_POINT('',(-32.4449978757906,31.9999955602269,9.68299908820843));
#10040=CARTESIAN_POINT('',(-32.4449965876061,32.,9.68299855472598));
#10041=CARTESIAN_POINT('',(-32.4449987437918,28.,9.68299928763534));
#10042=CARTESIAN_POINT('',(-32.4449996948242,28.,9.68299961090088));
#10043=CARTESIAN_POINT('',(-20.3040008544922,28.,15.670000076294));
#10044=CARTESIAN_POINT('',(-20.6830005645752,28.,14.5550003051757));
#10045=CARTESIAN_POINT('',(-20.6830008689296,28.0000021776078,14.5549994097045));
#10046=CARTESIAN_POINT('',(-20.3040008544922,28.,15.670000076294));
#10047=CARTESIAN_POINT('',(-20.3040008544922,28.,15.670000076294));
#10048=CARTESIAN_POINT('',(-20.3040008544922,32.,15.670000076294));
#10049=CARTESIAN_POINT('',(-20.3040008544922,32.,15.670000076294));
#10050=CARTESIAN_POINT('',(-20.6830007248677,31.9999999999874,14.5549998335751));
#10051=CARTESIAN_POINT('',(-20.6830010856615,28.,14.5549987721637));
#10052=CARTESIAN_POINT('',(-20.6830003753723,28.,14.5550002118285));
#10053=CARTESIAN_POINT('',(-20.6830003753723,28.,14.5550002118285));
#10054=CARTESIAN_POINT('',(-21.2040009991332,28.0000022022909,13.4989988080072));
#10055=CARTESIAN_POINT('',(-20.6830003753723,32.,14.5550002118285));
#10056=CARTESIAN_POINT('',(-21.2040007499146,32.,13.4989991811506));
#10057=CARTESIAN_POINT('',(-21.2040013728354,28.,13.4989982486741));
#10058=CARTESIAN_POINT('',(-21.2040004730225,28.,13.4989995956421));
#10059=CARTESIAN_POINT('',(-21.2040004730225,28.,13.4989995956421));
#10060=CARTESIAN_POINT('',(-21.8579998016414,28.,12.5200004577638));
#10061=CARTESIAN_POINT('',(-21.2040004730225,32.,13.4989995956421));
#10062=CARTESIAN_POINT('',(-21.8579998016358,32.,12.5200004577637));
#10063=CARTESIAN_POINT('',(-21.8579998016358,32.,12.5200004577637));
#10064=CARTESIAN_POINT('',(-21.8579998016358,28.,12.5200004577637));
#10065=CARTESIAN_POINT('',(-21.8579998016358,28.,12.5200004577637));
#10066=CARTESIAN_POINT('',(-22.6340004778047,28.0000000008808,11.6340003086871));
#10067=CARTESIAN_POINT('',(-21.8579998016358,32.,12.5200004577637));
#10068=CARTESIAN_POINT('',(-22.634000019237,31.9999973163267,11.6340006910694));
#10069=CARTESIAN_POINT('',(-22.6339994757535,28.,11.6340013115927));
#10070=CARTESIAN_POINT('',(-22.6340009498506,28.,11.6340000205083));
#10071=CARTESIAN_POINT('',(-22.6340009498506,28.,11.6340000205083));
#10072=CARTESIAN_POINT('',(-23.519999926822,28.0000000002586,10.858000044847));
#10073=CARTESIAN_POINT('',(-22.6340009498506,32.,11.6340000205083));
#10074=CARTESIAN_POINT('',(-23.5199994845382,31.9999973053871,10.8580004517775));
#10075=CARTESIAN_POINT('',(-23.5199987912923,28.,10.858000914885));
#10076=CARTESIAN_POINT('',(-23.5200004577637,28.,10.8579998016357));
#10077=CARTESIAN_POINT('',(-23.5200004577637,28.,10.8579998016357));
#10078=CARTESIAN_POINT('',(-24.4990005493164,28.,10.2040004730225));
#10079=CARTESIAN_POINT('',(-23.5200004577637,32.,10.8579998016357));
#10080=CARTESIAN_POINT('',(-24.4990005493164,32.,10.2040004730225));
#10081=CARTESIAN_POINT('',(-24.4990005493164,28.,10.2040004730225));
#10082=CARTESIAN_POINT('',(-24.4990005493164,28.,10.2040004730225));
#10083=CARTESIAN_POINT('',(-24.4990005493164,28.,10.2040004730225));
#10084=CARTESIAN_POINT('',(-25.5550003051758,28.,9.68299961090088));
#10085=CARTESIAN_POINT('',(-24.4990005493164,32.,10.2040004730225));
#10086=CARTESIAN_POINT('',(-25.555000305176,32.,9.68299961090078));
#10087=CARTESIAN_POINT('',(-25.5550003051758,28.,9.68299961090088));
#10088=CARTESIAN_POINT('',(-25.5550003051758,28.,9.68299961090088));
#10089=CARTESIAN_POINT('',(40.1187761297411,32.,32.0061810801928));
#10090=CARTESIAN_POINT('',(-26.669999760037,31.9999990922985,9.30400000826556));
#10091=CARTESIAN_POINT('',(-26.6699994088219,28.,9.30400012769836));
#10092=CARTESIAN_POINT('',(-26.6699999744516,28.0000000004589,9.30399993536406));
#10093=CARTESIAN_POINT('',(-25.5550003051758,28.,9.68299961090088));
#10094=CARTESIAN_POINT('',(-33.5009996398866,32.,10.2040000895326));
#10095=CARTESIAN_POINT('',(-33.5009967205428,28.,10.2039986492123));
#10096=CARTESIAN_POINT('',(-33.5009987272907,32.,10.2039998086886));
#10097=CARTESIAN_POINT('',(-33.500997911465,28.000004391963,10.2039993870904));
#10098=CARTESIAN_POINT('',(-33.5009996398866,28.,10.2040000895326));
#10099=CARTESIAN_POINT('',(-33.5009996398866,32.,10.2040000895326));
#10100=CARTESIAN_POINT('',(-33.5009994506836,28.,10.2040004730225));
#10101=CARTESIAN_POINT('',(-34.4799995422363,28.,10.8579998016357));
#10102=CARTESIAN_POINT('',(-34.480001519728,28.0000054810371,10.8580011226553));
#10103=CARTESIAN_POINT('',(-33.5009994506836,32.,10.2040004730225));
#10104=CARTESIAN_POINT('',(-34.4800006598702,31.9999999996956,10.8580003250911));
#10105=CARTESIAN_POINT('',(-34.4800029334666,28.,10.858002067072));
#10106=CARTESIAN_POINT('',(-34.479999891543,28.,10.8579994028137));
#10107=CARTESIAN_POINT('',(-34.479999891543,28.,10.8579994028137));
#10108=CARTESIAN_POINT('',(-35.3660026711888,28.0000054586354,11.6340015851579));
#10109=CARTESIAN_POINT('',(19.2733567251725,32.,-36.221692493357));
#10110=CARTESIAN_POINT('',(-35.3660017730795,31.9999999990977,11.6340008427621));
#10111=CARTESIAN_POINT('',(-35.3660037795146,28.,11.6340028505973));
#10112=CARTESIAN_POINT('',(-35.3660011291504,28.,11.6339998245239));
#10113=CARTESIAN_POINT('',(-36.1419982910157,28.,12.5200004577637));
#10114=CARTESIAN_POINT('',(-36.1419982910157,28.,12.5200004577637));
#10115=CARTESIAN_POINT('',(7.89097144199441,32.,-37.7549760293911));
#10116=CARTESIAN_POINT('',(-36.1419982910162,32.,12.5200004577644));
#10117=CARTESIAN_POINT('',(-36.1419982910157,32.,12.5200004577637));
#10118=CARTESIAN_POINT('',(-37.9249992370606,28.,19.1749992370606));
#10119=CARTESIAN_POINT('',(-37.9249985202124,28.,19.1750028526055));
#10120=CARTESIAN_POINT('',(-37.9249988594354,31.9999999989363,19.1750002847471));
#10121=CARTESIAN_POINT('',(-37.9249987820839,28.0000049894628,19.1750013125338));
#10122=CARTESIAN_POINT('',(-37.9249992370606,32.,19.1749992370606));
#10123=CARTESIAN_POINT('',(-37.9249992370606,28.,19.1749992370606));
#10124=CARTESIAN_POINT('',(46.7529985943923,28.,11.6339995478304));
#10125=CARTESIAN_POINT('',(46.7529965132402,28.,11.6339977250583));
#10126=CARTESIAN_POINT('',(46.752997915067,31.9999999989358,11.6339991277351));
#10127=CARTESIAN_POINT('',(46.7529973588965,28.0000037281714,11.6339985712272));
#10128=CARTESIAN_POINT('',(46.7529985943923,32.,11.6339995478304));
#10129=CARTESIAN_POINT('',(45.8669998167086,31.9999999991038,10.857999447843));
#10130=CARTESIAN_POINT('',(45.8669982270853,28.,10.8579982299341));
#10131=CARTESIAN_POINT('',(45.8669991839428,28.0000038266791,10.8579989631772));
#10132=CARTESIAN_POINT('',(46.7529985943923,28.,11.6339995478304));
#10133=CARTESIAN_POINT('',(45.867000579834,28.,10.8579998016357));
#10134=CARTESIAN_POINT('',(45.867000579834,32.,10.8579998016357));
#10135=CARTESIAN_POINT('',(44.8880004882812,32.,10.2040004730225));
#10136=CARTESIAN_POINT('',(44.8880004882812,28.,10.2040004730225));
#10137=CARTESIAN_POINT('',(44.8880004882812,28.,10.2040004730224));
#10138=CARTESIAN_POINT('',(80.8683437729253,28.,34.2398719243839));
#10139=CARTESIAN_POINT('',(42.7169990719907,28.,9.30399980985198));
#10140=CARTESIAN_POINT('',(42.7170006751014,28.,9.30400012769836));
#10141=CARTESIAN_POINT('',(42.716999884841,31.9999979085439,9.30399994027246));
#10142=CARTESIAN_POINT('',(42.7169994202472,28.0000000008493,9.30399991570538));
#10143=CARTESIAN_POINT('',(42.7169990719907,32.,9.30399980985198));
#10144=CARTESIAN_POINT('',(41.5619999695458,31.9999991014189,9.07499980187903));
#10145=CARTESIAN_POINT('',(41.5619995624083,28.,9.07499976259022));
#10146=CARTESIAN_POINT('',(41.5620001630089,28.,9.07499980194857));
#10147=CARTESIAN_POINT('',(42.7169990719907,28.,9.30399980985198));
#10148=CARTESIAN_POINT('',(48.1829986572266,28.,13.4989995956421));
#10149=CARTESIAN_POINT('',(48.1829977574136,28.,13.4989982486741));
#10150=CARTESIAN_POINT('',(48.1829983409433,31.9999999988913,13.4989992586755));
#10151=CARTESIAN_POINT('',(48.1829981096119,28.0000021814325,13.4989988582494));
#10152=CARTESIAN_POINT('',(48.1829986572266,32.,13.4989995956421));
#10153=CARTESIAN_POINT('',(47.5289993286133,32.,12.5200004577637));
#10154=CARTESIAN_POINT('',(47.5289993286133,32.,12.5200004577637));
#10155=CARTESIAN_POINT('',(47.5289993286133,28.,12.5200004577637));
#10156=CARTESIAN_POINT('',(47.5289993286133,28.,12.5200004577637));
#10157=CARTESIAN_POINT('',(47.5289993286133,28.,12.5200004577637));
#10158=CARTESIAN_POINT('',(47.5289993286133,32.,12.5200004577637));
#10159=CARTESIAN_POINT('',(77.0361603541227,28.,46.2098592895366));
#10160=CARTESIAN_POINT('',(11.4799996893702,28.,10.8579995813848));
#10161=CARTESIAN_POINT('',(11.4799996893702,32.,10.8579995813848));
#10162=CARTESIAN_POINT('',(10.501000412119,31.9999999990116,10.2040004965794));
#10163=CARTESIAN_POINT('',(10.5009999275207,28.,10.2040004730224));
#10164=CARTESIAN_POINT('',(10.5010003577489,28.0000000009728,10.2040005673528));
#10165=CARTESIAN_POINT('',(11.4799996893702,28.,10.8579995813848));
#10166=CARTESIAN_POINT('',(10.5010003110104,28.,10.2040006622256));
#10167=CARTESIAN_POINT('',(10.5010003110104,32.,10.2040006622256));
#10168=CARTESIAN_POINT('',(9.44500059037841,31.9999978223328,9.68299991529354));
#10169=CARTESIAN_POINT('',(9.44500122783008,28.,9.68300013198509));
#10170=CARTESIAN_POINT('',(9.44500016643108,28.,9.68299977120483));
#10171=CARTESIAN_POINT('',(10.5010003110104,28.,10.2040006622256));
#10172=CARTESIAN_POINT('',(49.0830001831055,28.,15.670000076294));
#10173=CARTESIAN_POINT('',(49.0830001831055,32.,15.670000076294));
#10174=CARTESIAN_POINT('',(48.7039984054282,31.9999999995532,14.5549998335696));
#10175=CARTESIAN_POINT('',(48.7039980445791,28.,14.5549987721466));
#10176=CARTESIAN_POINT('',(48.7039983121023,28.0000021597921,14.5549994190382));
#10177=CARTESIAN_POINT('',(49.0830001831055,28.,15.670000076294));
#10178=CARTESIAN_POINT('',(48.7039987548767,28.,14.5550002118285));
#10179=CARTESIAN_POINT('',(48.7039987548767,32.,14.5550002118285));
#10180=CARTESIAN_POINT('',(68.3337447203408,28.,54.341968714165));
#10181=CARTESIAN_POINT('',(36.9420015319765,28.,9.68299999439071));
#10182=CARTESIAN_POINT('',(36.9420015319763,28.0000000001266,9.68299999439078));
#10183=CARTESIAN_POINT('',(36.9420015319763,29.3333333333834,9.68299999439078));
#10184=CARTESIAN_POINT('',(36.9420015319763,30.6666666666402,9.68299999439078));
#10185=CARTESIAN_POINT('',(36.9420015319763,31.999999999897,9.68299999439078));
#10186=CARTESIAN_POINT('',(36.942001342449,31.999999999897,9.68299961091548));
#10187=CARTESIAN_POINT('',(36.9420013879878,28.0000000000633,9.68299965735122));
#10188=CARTESIAN_POINT('',(36.9420015319765,32.,9.68299999439071));
#10189=CARTESIAN_POINT('',(35.8860013977112,31.999999999925,10.2040000895326));
#10190=CARTESIAN_POINT('',(35.8860013977112,28.,10.2040000895326));
#10191=CARTESIAN_POINT('',(8.32999992370606,28.,9.30399990081787));
#10192=CARTESIAN_POINT('',(7.17500042614753,28.,9.07499985594006));
#10193=CARTESIAN_POINT('',(7.17500020596326,31.9999999999844,9.07499982464524));
#10194=CARTESIAN_POINT('',(7.17500022569165,28.0000001251169,9.07499982955813));
#10195=CARTESIAN_POINT('',(8.32999992370606,28.,9.30399990081787));
#10196=CARTESIAN_POINT('',(8.32999992370606,28.,9.30399990081787));
#10197=CARTESIAN_POINT('',(8.32999992370606,28.,9.30399990081787));
#10198=CARTESIAN_POINT('',(8.32999992370607,32.,9.30399990081787));
#10199=CARTESIAN_POINT('',(8.32999992370606,32.,9.30399990081787));
#10200=CARTESIAN_POINT('',(41.5620002746582,28.,9.07499980926514));
#10201=CARTESIAN_POINT('',(40.3870010375976,32.,8.9980001449585));
#10202=CARTESIAN_POINT('',(40.3870010375976,32.,8.9980001449585));
#10203=CARTESIAN_POINT('',(40.3870010375974,28.,8.99800014495853));
#10204=CARTESIAN_POINT('',(40.3870010375976,28.,8.9980001449585));
#10205=CARTESIAN_POINT('',(41.5620002746582,32.,9.07499980926514));
#10206=CARTESIAN_POINT('',(40.3870010375976,28.,8.9980001449585));
#10207=CARTESIAN_POINT('',(40.3870010375976,32.,8.9980001449585));
#10208=CARTESIAN_POINT('',(39.2120011854071,32.0000000002915,9.0749997909784));
#10209=CARTESIAN_POINT('',(39.2119996637877,28.,9.0749999492899));
#10210=CARTESIAN_POINT('',(39.2120007409429,28.00000275324,9.07499980823773));
#10211=CARTESIAN_POINT('',(40.3870010375976,28.,8.9980001449585));
#10212=CARTESIAN_POINT('',(3.67000006394717,28.,9.30399986449422));
#10213=CARTESIAN_POINT('',(3.66999979021666,28.,9.30399995753799));
#10214=CARTESIAN_POINT('',(3.67000002221674,32.,9.30399989552814));
#10215=CARTESIAN_POINT('',(3.67000001063227,28.0000002087274,9.30399989859215));
#10216=CARTESIAN_POINT('',(3.67000006394717,32.,9.30399986449422));
#10217=CARTESIAN_POINT('',(2.55500135168052,31.9999968089335,9.6829992783202));
#10218=CARTESIAN_POINT('',(2.55500233505207,28.,9.68299888040494));
#10219=CARTESIAN_POINT('',(2.55500071275879,28.0000000008889,9.68299953699148));
#10220=CARTESIAN_POINT('',(3.67000006394717,28.,9.30399986449422));
#10221=CARTESIAN_POINT('',(44.8880004882812,28.,10.2040004730225));
#10222=CARTESIAN_POINT('',(44.8880004882812,32.,10.2040004730225));
#10223=CARTESIAN_POINT('',(43.8320019123789,31.9999968190933,9.68300026610788));
#10224=CARTESIAN_POINT('',(43.8320028447592,28.,9.68300065306928));
#10225=CARTESIAN_POINT('',(43.8320013802745,28.0000000000871,9.68299993052194));
#10226=CARTESIAN_POINT('',(80.4457665538697,28.,27.7472117024729));
#10227=CARTESIAN_POINT('',(43.8320006336478,28.,9.6829999014901));
#10228=CARTESIAN_POINT('',(43.8320006336478,32.,9.6829999014901));
#10229=CARTESIAN_POINT('',(43.8320006336478,28.,9.6829999014901));
#10230=CARTESIAN_POINT('',(4.82499980926514,28.,9.07499980926514));
#10231=CARTESIAN_POINT('',(4.82499957385247,28.,9.07499985594006));
#10232=CARTESIAN_POINT('',(4.82499982761206,31.9999999990763,9.07499981857735));
#10233=CARTESIAN_POINT('',(4.82499980924263,28.,9.07499980926501));
#10234=CARTESIAN_POINT('',(50.9828057557979,32.,-0.0766402179044567));
#10235=CARTESIAN_POINT('',(4.82499980926514,28.,9.07499980926514));
#10236=CARTESIAN_POINT('',(5.99999999796103,28.,8.99800011384418));
#10237=CARTESIAN_POINT('',(6.,28.,8.99800011371056));
#10238=CARTESIAN_POINT('',(6.00000002658876,31.9999999986472,8.99800012175498));
#10239=CARTESIAN_POINT('',(6.00000000032135,28.0000000000106,8.99800012938532));
#10240=CARTESIAN_POINT('',(51.392720589079,32.,6.02333924834005));
#10241=CARTESIAN_POINT('',(5.99999999796103,28.,8.99800011384418));
#10242=CARTESIAN_POINT('',(7.17500018869589,28.,9.07499984037945));
#10243=CARTESIAN_POINT('',(7.17500018869589,32.,9.07499984037945));
#10244=CARTESIAN_POINT('',(69.7408592103558,28.,13.1750451763886));
#10245=CARTESIAN_POINT('',(8.32999992370606,28.,26.6959991455078));
#10246=CARTESIAN_POINT('',(8.32999992370606,28.,26.6959991455078));
#10247=CARTESIAN_POINT('',(8.32999992370605,28.,26.6959991455078));
#10248=CARTESIAN_POINT('',(8.32999992370606,32.,26.6959991455078));
#10249=CARTESIAN_POINT('',(8.32999992370606,32.,26.6959991455078));
#10250=CARTESIAN_POINT('',(9.44500015071829,31.99999999975,26.3169993605148));
#10251=CARTESIAN_POINT('',(9.44500122783636,28.,26.3169989143385));
#10252=CARTESIAN_POINT('',(9.44500057363436,28.0000021555815,26.3169991816359));
#10253=CARTESIAN_POINT('',(8.32999992370606,28.,26.6959991455078));
#10254=CARTESIAN_POINT('',(13.1420001983643,28.,23.4799995422364));
#10255=CARTESIAN_POINT('',(13.1420001983643,32.,23.4799995422364));
#10256=CARTESIAN_POINT('',(13.1420001983643,32.,23.4799995422364));
#10257=CARTESIAN_POINT('',(13.1420001983624,28.,23.4799995422364));
#10258=CARTESIAN_POINT('',(13.7959995269775,32.,22.5009994506836));
#10259=CARTESIAN_POINT('',(13.7960001923037,31.9999999995121,22.5009987251089));
#10260=CARTESIAN_POINT('',(13.7960013507877,28.,22.5009967205427));
#10261=CARTESIAN_POINT('',(13.7960005904505,28.0000044137047,22.50099785878));
#10262=CARTESIAN_POINT('',(13.1420001983643,28.,23.4799995422364));
#10263=CARTESIAN_POINT('',(13.7959999104674,28.,22.5009996398866));
#10264=CARTESIAN_POINT('',(13.7959999104674,32.,22.5009996398866));
#10265=CARTESIAN_POINT('',(14.3170007123389,31.9999999995531,21.4449987438216));
#10266=CARTESIAN_POINT('',(14.317001445274,28.,21.4449965876061));
#10267=CARTESIAN_POINT('',(14.3170010058413,28.0000044580656,21.4449978813971));
#10268=CARTESIAN_POINT('',(13.7959999104674,28.,22.5009996398866));
#10269=CARTESIAN_POINT('',(32.5909993830204,28.,22.5009995978176));
#10270=CARTESIAN_POINT('',(33.2449989318848,28.,23.4799990653992));
#10271=CARTESIAN_POINT('',(33.2449989314987,31.9999999999166,23.4799995421099));
#10272=CARTESIAN_POINT('',(33.2449989151339,28.0000000008854,23.4799995435155));
#10273=CARTESIAN_POINT('',(32.5909993830204,28.,22.5009995978176));
#10274=CARTESIAN_POINT('',(32.5909998742373,28.0000000003747,22.5010000116072));
#10275=CARTESIAN_POINT('',(32.5910005030845,32.,22.5010012744887));
#10276=CARTESIAN_POINT('',(32.5910001285606,31.9999972645815,22.5010005153456));
#10277=CARTESIAN_POINT('',(32.5909993830204,32.,22.5009995978176));
#10278=CARTESIAN_POINT('',(14.3170003890991,28.,21.4449996948242));
#10279=CARTESIAN_POINT('',(14.3170003890991,32.,21.4449996948242));
#10280=CARTESIAN_POINT('',(14.6960000991817,32.,20.329999923706));
#10281=CARTESIAN_POINT('',(14.6960000991821,32.,20.329999923706));
#10282=CARTESIAN_POINT('',(14.6960000991822,28.,20.329999923706));
#10283=CARTESIAN_POINT('',(14.3170003890991,28.,21.4449996948242));
#10284=CARTESIAN_POINT('',(32.5909996032715,32.,22.5009994506836));
#10285=CARTESIAN_POINT('',(32.0699996948242,32.,21.4449996948242));
#10286=CARTESIAN_POINT('',(32.0699996948241,32.,21.4449996948242));
#10287=CARTESIAN_POINT('',(32.5909996032715,28.,22.5009994506836));
#10288=CARTESIAN_POINT('',(32.0699996948242,28.,21.4449996948242));
#10289=CARTESIAN_POINT('',(32.0699996948242,32.,21.4449996948242));
#10290=CARTESIAN_POINT('',(14.6960000991821,28.,20.329999923706));
#10291=CARTESIAN_POINT('',(14.6960000991821,32.,20.329999923706));
#10292=CARTESIAN_POINT('',(14.9250001907349,32.,19.1749992370606));
#10293=CARTESIAN_POINT('',(14.9250001907349,32.,19.1749992370606));
#10294=CARTESIAN_POINT('',(14.9250001907349,28.,19.1749992370606));
#10295=CARTESIAN_POINT('',(14.6960000991821,28.,20.329999923706));
#10296=CARTESIAN_POINT('',(14.9250001907349,28.,19.1749992370606));
#10297=CARTESIAN_POINT('',(14.9250001907349,32.,19.1749992370606));
#10298=CARTESIAN_POINT('',(14.9250001907349,28.,19.1749992370606));
#10299=CARTESIAN_POINT('',(32.0699996948242,32.,21.4449996948242));
#10300=CARTESIAN_POINT('',(31.6909999847412,32.,20.329999923706));
#10301=CARTESIAN_POINT('',(31.6909999847413,32.,20.329999923706));
#10302=CARTESIAN_POINT('',(31.6909999847412,28.,20.329999923706));
#10303=CARTESIAN_POINT('',(31.6909999847411,28.,20.329999923706));
#10304=CARTESIAN_POINT('',(31.6909999847412,32.,20.329999923706));
#10305=CARTESIAN_POINT('',(31.4619998931885,32.,19.1749992370606));
#10306=CARTESIAN_POINT('',(31.4619998931885,32.,19.1749992370606));
#10307=CARTESIAN_POINT('',(31.4619998931886,28.,19.1749992370606));
#10308=CARTESIAN_POINT('',(31.4619998931885,32.,19.1749992370606));
#10309=CARTESIAN_POINT('',(31.3850002288819,28.,18.));
#10310=CARTESIAN_POINT('',(31.3850002288819,32.,18.));
#10311=CARTESIAN_POINT('',(31.6909999847412,32.,20.329999923706));
#10312=CARTESIAN_POINT('',(31.4619998931885,32.,19.1749992370606));
#10313=CARTESIAN_POINT('',(31.4619998931885,28.,19.1749992370606));
#10314=CARTESIAN_POINT('',(33.2449991682237,28.,23.4799993352396));
#10315=CARTESIAN_POINT('',(33.2449991682237,32.,23.4799993352396));
#10316=CARTESIAN_POINT('',(34.0210000830629,32.,24.3659990226896));
#10317=CARTESIAN_POINT('',(34.0209996260723,31.9999999999956,24.3659993762368));
#10318=CARTESIAN_POINT('',(34.0209996260723,30.6666666668102,24.3659993762368));
#10319=CARTESIAN_POINT('',(34.0209996260723,29.3333333336248,24.3659993762368));
#10320=CARTESIAN_POINT('',(34.0209996260723,28.0000000004394,24.3659993762368));
#10321=CARTESIAN_POINT('',(34.0210000831499,28.0000000004394,24.3659990224333));
#10322=CARTESIAN_POINT('',(33.2449991682237,28.,23.4799993352396));
#10323=CARTESIAN_POINT('',(11.4799994482076,28.,25.1420000910068));
#10324=CARTESIAN_POINT('',(11.4799970965816,28.,25.1420021506702));
#10325=CARTESIAN_POINT('',(11.4799980374212,31.999995685462,25.1420014291617));
#10326=CARTESIAN_POINT('',(11.4799986260617,28.0000000001351,25.1420009297898));
#10327=CARTESIAN_POINT('',(11.4799994482076,32.,25.1420000910068));
#10328=CARTESIAN_POINT('',(12.3659998219415,31.9999985829338,24.3659996762552));
#10329=CARTESIAN_POINT('',(12.3659994620187,28.,24.3660000363932));
#10330=CARTESIAN_POINT('',(12.3659999801749,28.0000000000042,24.3659994447872));
#10331=CARTESIAN_POINT('',(11.4799994482076,28.,25.1420000910068));
#10332=CARTESIAN_POINT('',(34.9070014953613,28.,25.1420001983643));
#10333=CARTESIAN_POINT('',(34.9069981041444,28.,25.1419979329369));
#10334=CARTESIAN_POINT('',(34.906999517886,31.9999945189113,25.1419988773878));
#10335=CARTESIAN_POINT('',(34.9070004568465,28.0000000004469,25.1419995046748));
#10336=CARTESIAN_POINT('',(34.9070014953613,32.,25.1420001983643));
#10337=CARTESIAN_POINT('',(35.8859999933687,31.9999955383165,25.795998462495));
#10338=CARTESIAN_POINT('',(35.8859988567591,28.,25.795997703158));
#10339=CARTESIAN_POINT('',(35.8860007510431,28.0000000004469,25.7959989686528));
#10340=CARTESIAN_POINT('',(34.9070014953613,28.,25.1420001983643));
#10341=CARTESIAN_POINT('',(39.2120018005371,28.,26.9249992370605));
#10342=CARTESIAN_POINT('',(39.2119996499802,28.,26.9249990942982));
#10343=CARTESIAN_POINT('',(39.2120005427313,31.9999970992882,26.9249991535551));
#10344=CARTESIAN_POINT('',(39.2120011366321,28.0000000004788,26.924999193002));
#10345=CARTESIAN_POINT('',(39.2120018005371,32.,26.9249992370605));
#10346=CARTESIAN_POINT('',(39.2120018005371,28.,26.9249992370605));
#10347=CARTESIAN_POINT('',(9.44499978817146,28.,26.3169996246277));
#10348=CARTESIAN_POINT('',(9.44499978817146,32.,26.3169996246277));
#10349=CARTESIAN_POINT('',(10.5010003353608,32.,25.7959994137993));
#10350=CARTESIAN_POINT('',(10.5009999275207,28.,25.7959995269776));
#10351=CARTESIAN_POINT('',(10.5010003337519,28.,25.7959994152587));
#10352=CARTESIAN_POINT('',(9.44499978817146,28.,26.3169996246277));
#10353=CARTESIAN_POINT('',(10.501000257224,28.,25.7959993067266));
#10354=CARTESIAN_POINT('',(10.501000257224,32.,25.7959993067266));
#10355=CARTESIAN_POINT('',(10.501000257224,28.,25.7959993067266));
#10356=CARTESIAN_POINT('',(35.886001776117,28.,25.7959991434879));
#10357=CARTESIAN_POINT('',(37.8040821438558,32.,26.7423265641767));
#10358=CARTESIAN_POINT('',(36.9420013426205,31.9999999995545,26.3169994354498));
#10359=CARTESIAN_POINT('',(36.9420003479109,28.,26.3169994214246));
#10360=CARTESIAN_POINT('',(36.9420013427933,28.0000000005532,26.3169994354223));
#10361=CARTESIAN_POINT('',(35.886001776117,28.,25.7959991434879));
#10362=CARTESIAN_POINT('',(36.9420012439992,28.,26.316999726014));
#10363=CARTESIAN_POINT('',(41.52327156927,32.,27.8742198888022));
#10364=CARTESIAN_POINT('',(38.0569992063509,31.9999999995423,26.6959991455403));
#10365=CARTESIAN_POINT('',(38.0569994927453,28.,26.6959989186273));
#10366=CARTESIAN_POINT('',(38.0569992066864,28.000000000497,26.6959991455363));
#10367=CARTESIAN_POINT('',(72.6266745490811,28.,38.4465814419546));
#10368=CARTESIAN_POINT('',(38.05699926065,28.,26.6959988726101));
#10369=CARTESIAN_POINT('',(45.4157493581864,32.,28.1550073883217));
#10370=CARTESIAN_POINT('',(38.05699926065,28.,26.6959988726101));
#10371=CARTESIAN_POINT('',(-60.5999984741211,-40.5009994506836,0.));
#10372=CARTESIAN_POINT('',(-60.5999984741211,-40.5009994506836,0.));
#10373=CARTESIAN_POINT('',(-60.5999984741211,-40.5009994506836,2.71018429155783E-14));
#10374=CARTESIAN_POINT('',(-60.5999984741211,-40.5009994506836,5.));
#10375=CARTESIAN_POINT('',(-60.5999984741211,-40.5009994506836,5.));
#10376=CARTESIAN_POINT('',(-60.3819999694824,-40.8279991149902,4.99999999999993));
#10377=CARTESIAN_POINT('',(-60.3819999694824,-40.8279991149902,4.99999999994506));
#10378=CARTESIAN_POINT('',(-60.3819999694824,-40.8279991149902,0.));
#10379=CARTESIAN_POINT('',(-60.5999984741211,-40.5009994506836,0.));
#10380=CARTESIAN_POINT('',(-60.1230010986328,-41.1230010986328,5.));
#10381=CARTESIAN_POINT('',(-60.1230010986328,-41.1230010986328,5.));
#10382=CARTESIAN_POINT('',(-60.1230010986328,-41.1230010986329,5.));
#10383=CARTESIAN_POINT('',(-60.1230010986328,-41.1230010986328,2.22044604925032E-15));
#10384=CARTESIAN_POINT('',(-60.1230010986328,-41.1230010986328,0.));
#10385=CARTESIAN_POINT('',(-60.5774555755879,-40.6053734667546,5.));
#10386=CARTESIAN_POINT('',(-60.1230010986328,-41.1230010986328,0.));
#10387=CARTESIAN_POINT('',(-59.8279991149902,-41.3819999694824,0.));
#10388=CARTESIAN_POINT('',(-59.8279991149902,-41.3819999694824,3.5527136788005E-14));
#10389=CARTESIAN_POINT('',(-59.8279991149903,-41.3819999694824,5.));
#10390=CARTESIAN_POINT('',(-59.8279991149902,-41.3819999694824,0.));
#10391=CARTESIAN_POINT('',(-61.726390560644,-39.715295106065,5.));
#10392=CARTESIAN_POINT('',(-60.7739982604981,-40.1489982604981,0.));
#10393=CARTESIAN_POINT('',(-60.7739982604981,-40.1489982604981,0.));
#10394=CARTESIAN_POINT('',(-60.7739982604981,-40.1489982604981,0.));
#10395=CARTESIAN_POINT('',(-60.7739982604981,-40.1489982604981,0.));
#10396=CARTESIAN_POINT('',(-60.7739982604981,-40.1489982604981,4.99999999999984));
#10397=CARTESIAN_POINT('',(-59.2705073736632,-43.1905570613374,5.));
#10398=CARTESIAN_POINT('',(-59.5009994506836,-41.5999984741211,5.));
#10399=CARTESIAN_POINT('',(-59.5009994506836,-41.5999984741211,0.));
#10400=CARTESIAN_POINT('',(-59.5009994506836,-41.5999984741211,5.));
#10401=CARTESIAN_POINT('',(-59.5009994506838,-41.5999984741209,0.));
#10402=CARTESIAN_POINT('',(-59.5009994506836,-41.5999984741211,0.));
#10403=CARTESIAN_POINT('',(-63.1234139740189,-39.1850695446284,5.));
#10404=CARTESIAN_POINT('',(63.,-48.,50.));
#10405=CARTESIAN_POINT('',(63.,28.,5.));
#10406=CARTESIAN_POINT('',(62.999999970655,27.9999999896608,5.00000000713313));
#10407=CARTESIAN_POINT('',(63.,28.,5.));
#10408=CARTESIAN_POINT('',(62.999999995453,-47.999999993524,5.00000000001663));
#10409=CARTESIAN_POINT('',(63.,-48.,50.));
#10410=CARTESIAN_POINT('',(-29.,28.,8.9980001449585));
#10411=CARTESIAN_POINT('',(-29.,28.,8.9980001449585));
#10412=CARTESIAN_POINT('',(-29.,32.,8.9980001449585));
#10413=CARTESIAN_POINT('',(-28.9999999999993,28.,8.99800014495852));
#10414=CARTESIAN_POINT('',(51.243059296511,32.,3.73953832312259));
#10415=CARTESIAN_POINT('',(-30.1749993050176,32.,9.07499977164126));
#10416=CARTESIAN_POINT('',(-30.1749999493104,28.,9.07499985594006));
#10417=CARTESIAN_POINT('',(-30.1749995903112,28.0000009154289,9.07499981405427));
#10418=CARTESIAN_POINT('',(-29.,28.,8.9980001449585));
#10419=CARTESIAN_POINT('',(-37.9249987623155,28.,16.8250007944543));
#10420=CARTESIAN_POINT('',(-37.9249985202124,28.,16.8249971473945));
#10421=CARTESIAN_POINT('',(-37.9249988594543,32.,16.8249997151805));
#10422=CARTESIAN_POINT('',(-37.9249988179193,28.0000050107545,16.8249986487736));
#10423=CARTESIAN_POINT('',(-37.9249987623155,32.,16.8250007944543));
#10424=CARTESIAN_POINT('',(-38.0029986476234,32.,17.9999998328593));
#10425=CARTESIAN_POINT('',(-38.002998828888,28.,18.));
#10426=CARTESIAN_POINT('',(-38.0029983521309,28.0000000004469,18.000000000002));
#10427=CARTESIAN_POINT('',(-37.9249987623155,28.,16.8250007944543));
#10428=CARTESIAN_POINT('',(-37.9249987623155,32.,19.1749992055457));
#10429=CARTESIAN_POINT('',(-38.8021706583481,32.,5.96121200951217));
#10430=CARTESIAN_POINT('',(-37.9249987623155,28.,19.1749992055457));
#10431=CARTESIAN_POINT('',(-60.1230010986328,-36.8769989013672,0.));
#10432=CARTESIAN_POINT('',(-60.1230010986328,-36.8769989013672,0.));
#10433=CARTESIAN_POINT('',(-60.1230010986328,-36.8769989013671,5.));
#10434=CARTESIAN_POINT('',(-60.1230010986324,-36.8769989013668,1.44873173007043E-13));
#10435=CARTESIAN_POINT('',(-60.1230010986328,-36.8769989013672,5.));
#10436=CARTESIAN_POINT('',(-60.3819999694824,-37.1720008850098,5.00000000000007));
#10437=CARTESIAN_POINT('',(-60.3819999694824,-37.1720008850098,0.));
#10438=CARTESIAN_POINT('',(-60.3819999694825,-37.1720008850098,0.));
#10439=CARTESIAN_POINT('',(-12.2860574028129,17.6096991887549,0.));
#10440=CARTESIAN_POINT('',(-59.8279991149902,-36.6180000305176,5.));
#10441=CARTESIAN_POINT('',(-59.8279991149902,-36.6180000305176,0.));
#10442=CARTESIAN_POINT('',(-59.8279991149902,-36.6180000305176,1.04518804945392E-14));
#10443=CARTESIAN_POINT('',(-59.8279991149902,-36.6180000305176,5.));
#10444=CARTESIAN_POINT('',(-70.650689595999,-46.1198500842862,5.));
#10445=CARTESIAN_POINT('',(-59.8279991149902,-36.6180000305176,0.));
#10446=CARTESIAN_POINT('',(67.,-48.,55.));
#10447=CARTESIAN_POINT('',(-73.,-48.,55.));
#10448=CARTESIAN_POINT('',(-73.,-48.,55.));
#10449=CARTESIAN_POINT('',(-73.,-48.62010101,54.2248737375));
#10450=CARTESIAN_POINT('',(-73.,-48.62010101,54.2248737375));
#10451=CARTESIAN_POINT('',(-73.,-48.623997082091,54.2200036473862));
#10452=CARTESIAN_POINT('',(-72.9999996306526,-48.6315482548841,54.2105646813949));
#10453=CARTESIAN_POINT('',(-72.9999979685894,-48.6421520999074,54.1973098751158));
#10454=CARTESIAN_POINT('',(-72.999995198484,-48.6520330307636,54.1849587115456));
#10455=CARTESIAN_POINT('',(-72.9999919666945,-48.6596647113398,54.1754191108253));
#10456=CARTESIAN_POINT('',(-72.9999888272417,-48.665408598714,54.1682392516075));
#10457=CARTESIAN_POINT('',(-72.9999861956417,-48.6695357857125,54.1630802678594));
#10458=CARTESIAN_POINT('',(-72.999983287031,-48.6734822441332,54.1581471948335));
#10459=CARTESIAN_POINT('',(-72.9999801014097,-48.6772479741473,54.1534400323159));
#10460=CARTESIAN_POINT('',(-72.9999772158839,-48.6802354749543,54.1497056563072));
#10461=CARTESIAN_POINT('',(-72.9999747689564,-48.6825351122697,54.1468311096629));
#10462=CARTESIAN_POINT('',(-72.9999728645121,-48.6842146555509,54.1447316805613));
#10463=CARTESIAN_POINT('',(-72.9999708908005,-48.6858490265061,54.1426887168674));
#10464=CARTESIAN_POINT('',(-72.9999691883761,-48.6871733199664,54.141033350042));
#10465=CARTESIAN_POINT('',(-72.9999677917074,-48.688210232097,54.1397372098788));
#10466=CARTESIAN_POINT('',(-72.9999669045961,-48.6888487334368,54.138939083204));
#10467=CARTESIAN_POINT('',(-72.999966185714,-48.6893542435467,54.1383071955666));
#10468=CARTESIAN_POINT('',(-72.9999656436931,-48.689729575309,54.1378380308637));
#10469=CARTESIAN_POINT('',(-72.999965183729,-48.6900431063281,54.1374461170899));
#10470=CARTESIAN_POINT('',(-72.9999648690313,-48.6902552436502,54.1371809454373));
#10471=CARTESIAN_POINT('',(-72.9999646743437,-48.6903856349852,54.1370179562686));
#10472=CARTESIAN_POINT('',(-72.9999645683951,-48.6904564255681,54.1369294680399));
#10473=CARTESIAN_POINT('',(-72.9999643079854,-48.6906295838639,54.1367130201701));
#10474=CARTESIAN_POINT('',(-72.9999640130388,-48.6908246610638,54.1364691736703));
#10475=CARTESIAN_POINT('',(-72.9999634685826,-48.691182497163,54.1360218785463));
#10476=CARTESIAN_POINT('',(-72.9999626942514,-48.6916844331123,54.1353944586096));
#10477=CARTESIAN_POINT('',(-72.9999617441446,-48.6922895916378,54.1346380104528));
#10478=CARTESIAN_POINT('',(-72.9999604588497,-48.693093982544,54.13363252182));
#10479=CARTESIAN_POINT('',(-72.9999588132467,-48.6940976927547,54.1323778840566));
#10480=CARTESIAN_POINT('',(-72.9999560989123,-48.6956986357858,54.1303767052678));
#10481=CARTESIAN_POINT('',(-72.999952552599,-48.6976910044016,54.127886244498));
#10482=CARTESIAN_POINT('',(-72.9999480518499,-48.7000675771413,54.1249155285734));
#10483=CARTESIAN_POINT('',(-72.9999433058584,-48.7024299267034,54.1219625916208));
#10484=CARTESIAN_POINT('',(-72.9999366509041,-48.7055607453969,54.1180490682539));
#10485=CARTESIAN_POINT('',(-72.9999277191401,-48.7094386874992,54.1132016406261));
#10486=CARTESIAN_POINT('',(-72.9999160201125,-48.7140352856213,54.1074558929734));
#10487=CARTESIAN_POINT('',(-72.9998991135267,-48.720088174077,54.0998897824037));
#10488=CARTESIAN_POINT('',(-72.9998755280156,-48.7275119549364,54.0906100563296));
#10489=CARTESIAN_POINT('',(-72.9998486728017,-48.7347459624226,54.0815675469717));
#10490=CARTESIAN_POINT('',(-72.9998252268028,-48.7404193054632,54.074475868171));
#10491=CARTESIAN_POINT('',(-72.9998066614057,-48.7446173785036,54.0692282768705));
#10492=CARTESIAN_POINT('',(-72.999787115045,-48.7487585285723,54.0640518392846));
#10493=CARTESIAN_POINT('',(-72.9997700091475,-48.7521620158969,54.0597974801289));
#10494=CARTESIAN_POINT('',(-72.9997558336097,-48.7548564020979,54.0564294973776));
#10495=CARTESIAN_POINT('',(-72.9997467703708,-48.7565283908388,54.0543395114516));
#10496=CARTESIAN_POINT('',(-72.9997393952677,-48.7578591901438,54.0526760123203));
#10497=CARTESIAN_POINT('',(-72.9997338078303,-48.758852842072,54.0514339474099));
#10498=CARTESIAN_POINT('',(-72.9997290840112,-48.7596807491648,54.050399063544));
#10499=CARTESIAN_POINT('',(-72.9997257829598,-48.7602531755227,54.0496835305966));
#10500=CARTESIAN_POINT('',(-72.9997238383232,-48.7605885003121,54.0492643746099));
#10501=CARTESIAN_POINT('',(-72.9997225187188,-48.7608153513823,54.0489808107721));
#10502=CARTESIAN_POINT('',(-72.9997206497926,-48.7611353261916,54.0485808422605));
#10503=CARTESIAN_POINT('',(-72.9997183374155,-48.7615293072528,54.048088365934));
#10504=CARTESIAN_POINT('',(-72.9997141775039,-48.7622335722276,54.0472080347155));
#10505=CARTESIAN_POINT('',(-72.9997082089936,-48.7632307370021,54.0459615787474));
#10506=CARTESIAN_POINT('',(-72.9997009121164,-48.7644291137179,54.0444636078526));
#10507=CARTESIAN_POINT('',(-72.9996910365692,-48.7660236165887,54.0424704792641));
#10508=CARTESIAN_POINT('',(-72.9996784024064,-48.7680131221099,54.0399835973627));
#10509=CARTESIAN_POINT('',(-72.9996575760066,-48.7711875101096,54.0360156123631));
#10510=CARTESIAN_POINT('',(-72.9996303930722,-48.7751394587201,54.0310756765999));
#10511=CARTESIAN_POINT('',(-72.9995959345727,-48.7798559810741,54.0251800236574));
#10512=CARTESIAN_POINT('',(-72.9995596368493,-48.784546729702,54.0193165878726));
#10513=CARTESIAN_POINT('',(-72.9995087876736,-48.7907666812322,54.0115416484598));
#10514=CARTESIAN_POINT('',(-72.9994406282679,-48.798477165104,54.00190354362));
#10515=CARTESIAN_POINT('',(-72.9993514802955,-48.8076266147171,53.9904667316036));
#10516=CARTESIAN_POINT('',(-72.9992228074143,-48.8196883735943,53.9753895330072));
#10517=CARTESIAN_POINT('',(-72.999043574593,-48.8345077456931,53.9568653178836));
#10518=CARTESIAN_POINT('',(-72.9988398194782,-48.8489833492412,53.9387708134484));
#10519=CARTESIAN_POINT('',(-72.998662102011,-48.8603575708932,53.9245530363835));
#10520=CARTESIAN_POINT('',(-72.9985214572208,-48.8687851066424,53.914018616697));
#10521=CARTESIAN_POINT('',(-72.9983981226616,-48.8757221106827,53.9053473616467));
#10522=CARTESIAN_POINT('',(-72.9982957766569,-48.8812201492349,53.8984748134563));
#10523=CARTESIAN_POINT('',(-72.9982171780177,-48.8853178938444,53.8933526326945));
#10524=CARTESIAN_POINT('',(-72.998136740068,-48.8893898621496,53.8882626723131));
#10525=CARTESIAN_POINT('',(-72.9980681762312,-48.8927616637861,53.8840479202674));
#10526=CARTESIAN_POINT('',(-72.99801240461,-48.8954462579984,53.880692177502));
#10527=CARTESIAN_POINT('',(-72.9979771663848,-48.8971186573083,53.8786016783646));
#10528=CARTESIAN_POINT('',(-72.9979487408721,-48.8984535845224,53.8769330193471));
#10529=CARTESIAN_POINT('',(-72.9979273205783,-48.8994525371408,53.8756843285739));
#10530=CARTESIAN_POINT('',(-72.9979093306784,-48.9002856633177,53.8746429208529));
#10531=CARTESIAN_POINT('',(-72.9978967735419,-48.900864205009,53.8739197437388));
#10532=CARTESIAN_POINT('',(-72.9978894492552,-48.9012007533764,53.8734990582796));
#10533=CARTESIAN_POINT('',(-72.9978843274951,-48.9014357264944,53.8732053418821));
#10534=CARTESIAN_POINT('',(-72.9978777511999,-48.9017368714041,53.8728289107449));
#10535=CARTESIAN_POINT('',(-72.997869471574,-48.9021152310176,53.872355961228));
#10536=CARTESIAN_POINT('',(-72.9978547089566,-48.902787944843,53.8715150689463));
#10537=CARTESIAN_POINT('',(-72.997833631634,-48.9037428298159,53.8703214627302));
#10538=CARTESIAN_POINT('',(-72.9978081095243,-48.9048902872084,53.8688871409895));
#10539=CARTESIAN_POINT('',(-72.9977738626131,-48.9064183052378,53.8669771184527));
#10540=CARTESIAN_POINT('',(-72.9977306056313,-48.9083265833807,53.8645917707741));
#10541=CARTESIAN_POINT('',(-72.9976604548986,-48.9113753315938,53.8607808355078));
#10542=CARTESIAN_POINT('',(-72.9975709970207,-48.9151781924092,53.8560272594885));
#10543=CARTESIAN_POINT('',(-72.9974608188709,-48.9197285942031,53.8503392572461));
#10544=CARTESIAN_POINT('',(-72.9973478113704,-48.9242659948269,53.8446675064664));
#10545=CARTESIAN_POINT('',(-72.997193362468,-48.9302985167726,53.8371268540343));
#10546=CARTESIAN_POINT('',(-72.996993228292,-48.9378066512009,53.8277416859989));
#10547=CARTESIAN_POINT('',(-72.9967417504376,-48.9467643821724,53.8165445222845));
#10548=CARTESIAN_POINT('',(-72.9963913574963,-48.9586386502105,53.8017016872369));
#10549=CARTESIAN_POINT('',(-72.9959250741913,-48.9733514102458,53.7833107371927));
#10550=CARTESIAN_POINT('',(-72.9954210680654,-48.9878907366042,53.7651365792447));
#10551=CARTESIAN_POINT('',(-72.9949952294351,-48.9994181382872,53.750727327141));
#10552=CARTESIAN_POINT('',(-72.9946645336918,-49.0080116577882,53.7399854277648));
#10553=CARTESIAN_POINT('',(-72.9943225207945,-49.016553153917,53.7293085576038));
#10554=CARTESIAN_POINT('',(-72.9940280802847,-49.0236276883,53.7204653896251));
#10555=CARTESIAN_POINT('',(-72.993786867332,-49.0292613471714,53.7134233160358));
#10556=CARTESIAN_POINT('',(-72.9936337563856,-49.032771438795,53.7090357015062));
#10557=CARTESIAN_POINT('',(-72.9935098419693,-49.0355732501483,53.7055334373147));
#10558=CARTESIAN_POINT('',(-72.9934162291172,-49.0376706947166,53.7029116316043));
#10559=CARTESIAN_POINT('',(-72.9933375327156,-49.0394179614417,53.7007275481979));
#10560=CARTESIAN_POINT('',(-72.9932823247209,-49.0406354921976,53.6992056347529));
#10561=CARTESIAN_POINT('',(-72.9932503938814,-49.0413372713104,53.698328410862));
#10562=CARTESIAN_POINT('',(-72.9932272325677,-49.0418452221227,53.6976934723466));
#10563=CARTESIAN_POINT('',(-72.9932008504593,-49.0424224639444,53.6969719200695));
#10564=CARTESIAN_POINT('',(-72.9931667033654,-49.04316774913,53.6960403135875));
#10565=CARTESIAN_POINT('',(-72.9931062352228,-49.0444828602255,53.6943964247181));
#10566=CARTESIAN_POINT('',(-72.9930195598722,-49.0463544973452,53.6920568783185));
#10567=CARTESIAN_POINT('',(-72.9929145364711,-49.0486010734604,53.6892486581745));
#10568=CARTESIAN_POINT('',(-72.9927733482862,-49.0515930762328,53.685508654709));
#10569=CARTESIAN_POINT('',(-72.9925946045731,-49.0553285996858,53.6808392503927));
#10570=CARTESIAN_POINT('',(-72.9923038335932,-49.0612950670793,53.673381166151));
#10571=CARTESIAN_POINT('',(-72.9919313883571,-49.068734081589,53.6640823980137));
#10572=CARTESIAN_POINT('',(-72.9914700890096,-49.0776302699905,53.6529621625119));
#10573=CARTESIAN_POINT('',(-72.9909944231686,-49.0864958607763,53.6418801740297));
#10574=CARTESIAN_POINT('',(-72.9903410472076,-49.0982758408174,53.6271551989782));
#10575=CARTESIAN_POINT('',(-72.9894884118665,-49.1129243043868,53.6088446195166));
#10576=CARTESIAN_POINT('',(-72.9884077840831,-49.1303800516099,53.5870249354877));
#10577=CARTESIAN_POINT('',(-72.9874593754696,-49.1448244690457,53.568969413693));
#10578=CARTESIAN_POINT('',(-72.9866719120348,-49.1563188496685,53.5546014379143));
#10579=CARTESIAN_POINT('',(-72.9861677850183,-49.1634772086289,53.5456534892139));
#10580=CARTESIAN_POINT('',(-72.9857572786444,-49.1691888809441,53.5385138988199));
#10581=CARTESIAN_POINT('',(-72.9854458666296,-49.1734641976365,53.5331697529543));
#10582=CARTESIAN_POINT('',(-72.9851831749724,-49.1770230876265,53.5287211404669));
#10583=CARTESIAN_POINT('',(-72.9849980898038,-49.1795060532685,53.5256174334144));
#10584=CARTESIAN_POINT('',(-72.9848912997232,-49.1809316009805,53.5238354987744));
#10585=CARTESIAN_POINT('',(-72.9848126114436,-49.1819786866844,53.5225266416445));
#10586=CARTESIAN_POINT('',(-72.984727472773,-49.1831078484635,53.5211151894206));
#10587=CARTESIAN_POINT('',(-72.9846157666003,-49.1845842503409,53.5192696870739));
#10588=CARTESIAN_POINT('',(-72.9844183636473,-49.187180264476,53.516024669405));
#10589=CARTESIAN_POINT('',(-72.9841342820665,-49.1908787762095,53.5114015297381));
#10590=CARTESIAN_POINT('',(-72.9837889937579,-49.195315058387,53.5058561770163));
#10591=CARTESIAN_POINT('',(-72.9833231342567,-49.2012224840343,53.4984718949571));
#10592=CARTESIAN_POINT('',(-72.9827303697223,-49.2085948043357,53.4892564945803));
#10593=CARTESIAN_POINT('',(-72.9817597466826,-49.220364033084,53.4745449586451));
#10594=CARTESIAN_POINT('',(-72.980504809463,-49.2350263603178,53.4562170496028));
#10595=CARTESIAN_POINT('',(-72.9789322439672,-49.2525422598806,53.4343221751493));
#10596=CARTESIAN_POINT('',(-72.9772930273728,-49.269979371856,53.41252578518));
#10597=CARTESIAN_POINT('',(-72.9758714946497,-49.2844444230741,53.3944444711574));
#10598=CARTESIAN_POINT('',(-72.9747009054173,-49.2959774118791,53.3800282351511));
#10599=CARTESIAN_POINT('',(-72.9738064135286,-49.3046064250054,53.3692419687433));
#10600=CARTESIAN_POINT('',(-72.9730467656297,-49.3117840746935,53.3602699066332));
#10601=CARTESIAN_POINT('',(-72.9725084169407,-49.3167934621558,53.3540081723053));
#10602=CARTESIAN_POINT('',(-72.9721976226963,-49.3196634096337,53.3504207379579));
#10603=CARTESIAN_POINT('',(-72.971966538707,-49.3217867374092,53.3477665782385));
#10604=CARTESIAN_POINT('',(-72.9717227432167,-49.3240154842445,53.3449806446944));
#10605=CARTESIAN_POINT('',(-72.9714001863947,-49.3269489098918,53.3413138626352));
#10606=CARTESIAN_POINT('',(-72.9708298167071,-49.3320966296833,53.3348792128959));
#10607=CARTESIAN_POINT('',(-72.9700045114907,-49.3394327722124,53.3257090347345));
#10608=CARTESIAN_POINT('',(-72.9689953663498,-49.3482260700724,53.3147174124095));
#10609=CARTESIAN_POINT('',(-72.9676255087404,-49.3599305312769,53.3000868359038));
#10610=CARTESIAN_POINT('',(-72.9658672401076,-49.3745267270952,53.281841591131));
#10611=CARTESIAN_POINT('',(-72.9636839082794,-49.3919861934615,53.2600172581732));
#10612=CARTESIAN_POINT('',(-72.9614271297435,-49.409390010286,53.2382624871425));
#10613=CARTESIAN_POINT('',(-72.9594853118993,-49.4238465523715,53.2201918095356));
#10614=CARTESIAN_POINT('',(-72.9578950871437,-49.4353842769025,53.2057696538719));
#10615=CARTESIAN_POINT('',(-72.9566842067651,-49.4440226309598,53.1949717113002));
#10616=CARTESIAN_POINT('',(-72.9556593753608,-49.4512128248877,53.1859839688904));
#10617=CARTESIAN_POINT('',(-72.954934875797,-49.4562336193924,53.1797079757595));
#10618=CARTESIAN_POINT('',(-72.9545171538536,-49.45911065034,53.176111687075));
#10619=CARTESIAN_POINT('',(-72.9542067360255,-49.4612400924521,53.1734498844348));
#10620=CARTESIAN_POINT('',(-72.9538798004134,-49.4634736291204,53.1706579635995));
#10621=CARTESIAN_POINT('',(-72.9534475397847,-49.4664142628962,53.1669821713798));
#10622=CARTESIAN_POINT('',(-72.9526842167133,-49.4715750952867,53.1605311308917));
#10623=CARTESIAN_POINT('',(-72.9515825201312,-49.4789322390702,53.1513347011623));
#10624=CARTESIAN_POINT('',(-72.9502398778519,-49.4877541035445,53.1403073705694));
#10625=CARTESIAN_POINT('',(-72.9484231470651,-49.499501235284,53.1256234558949));
#10626=CARTESIAN_POINT('',(-72.9461020390991,-49.5141593113182,53.1073008608523));
#10627=CARTESIAN_POINT('',(-72.9422813635365,-49.5375558839208,53.078055145099));
#10628=CARTESIAN_POINT('',(-72.937304993975,-49.5666965101193,53.0416293623509));
#10629=CARTESIAN_POINT('',(-72.9310125362461,-49.6014969405911,52.9981288242611));
#10630=CARTESIAN_POINT('',(-72.9255014702445,-49.630357072604,52.9620536592451));
#10631=CARTESIAN_POINT('',(-72.9209322081833,-49.6533610332054,52.9332987084933));
#10632=CARTESIAN_POINT('',(-72.9174250556539,-49.6705719375076,52.9117850781155));
#10633=CARTESIAN_POINT('',(-72.9138377020218,-49.6877407541074,52.8903240573658));
#10634=CARTESIAN_POINT('',(-72.9107813912678,-49.7020130947372,52.8724836315785));
#10635=CARTESIAN_POINT('',(-72.9082962669282,-49.7134098143789,52.8582377320263));
#10636=CARTESIAN_POINT('',(-72.906726293983,-49.720524266828,52.849344666465));
#10637=CARTESIAN_POINT('',(-72.9054604294117,-49.7262099574874,52.8422375531408));
#10638=CARTESIAN_POINT('',(-72.9045056364872,-49.7304732729526,52.8369084088093));
#10639=CARTESIAN_POINT('',(-72.9037070125814,-49.7340185101877,52.8324768622653));
#10640=CARTESIAN_POINT('',(-72.9030628838026,-49.7368653495314,52.8289183130857));
#10641=CARTESIAN_POINT('',(-72.9025859752415,-49.7389671295577,52.8262910880529));
#10642=CARTESIAN_POINT('',(-72.9020794102023,-49.7411930385947,52.8235087017567));
#10643=CARTESIAN_POINT('',(-72.9014120943308,-49.7441164124308,52.8198544844615));
#10644=CARTESIAN_POINT('',(-72.9005712051719,-49.7477838866389,52.8152701417014));
#10645=CARTESIAN_POINT('',(-72.8995582296519,-49.7521757312355,52.8097803359557));
#10646=CARTESIAN_POINT('',(-72.8981999401236,-49.758030131094,52.8024623361325));
#10647=CARTESIAN_POINT('',(-72.8964888491599,-49.7653405604404,52.7933242994495));
#10648=CARTESIAN_POINT('',(-72.8937224139429,-49.7770231585019,52.7787210518727));
#10649=CARTESIAN_POINT('',(-72.8902107921467,-49.7915990401372,52.7605011998285));
#10650=CARTESIAN_POINT('',(-72.8859110539627,-49.8090466105042,52.7386917368698));
#10651=CARTESIAN_POINT('',(-72.8815255418517,-49.8264506134875,52.7169367331406));
#10652=CARTESIAN_POINT('',(-72.8755638207102,-49.8495978892766,52.6880026384042));
#10653=CARTESIAN_POINT('',(-72.8678972253489,-49.8784231057086,52.6519711178642));
#10654=CARTESIAN_POINT('',(-72.8599447040968,-49.9071031540815,52.6161210573981));
#10655=CARTESIAN_POINT('',(-72.8534111314179,-49.9299600922221,52.5875498847224));
#10656=CARTESIAN_POINT('',(-72.848425174753,-49.9470592434289,52.5661759457138));
#10657=CARTESIAN_POINT('',(-72.8433534380679,-49.9641148512373,52.5448564359534));
#10658=CARTESIAN_POINT('',(-72.8390555164596,-49.9782915433451,52.5271355708186));
#10659=CARTESIAN_POINT('',(-72.8355742744321,-49.9896111716528,52.512986035434));
#10660=CARTESIAN_POINT('',(-72.8333806639271,-49.9966767527187,52.5041540591016));
#10661=CARTESIAN_POINT('',(-72.831614970569,-50.0023240339104,52.497094957612));
#10662=CARTESIAN_POINT('',(-72.8302855659723,-50.0065560605817,52.4918049242729));
#10663=CARTESIAN_POINT('',(-72.8291725405873,-50.0100827471959,52.4873965660052));
#10664=CARTESIAN_POINT('',(-72.8283924915485,-50.0125457900717,52.4843177624104));
#10665=CARTESIAN_POINT('',(-72.8279438709206,-50.0139598464008,52.482550191999));
#10666=CARTESIAN_POINT('',(-72.8276132908631,-50.0150006585891,52.4812491767636));
#10667=CARTESIAN_POINT('',(-72.8272585978957,-50.0161160686669,52.4798549141664));
#10668=CARTESIAN_POINT('',(-72.8267934973668,-50.0175768808264,52.478028898967));
#10669=CARTESIAN_POINT('',(-72.8259744871786,-50.0201446702463,52.4748191621922));
#10670=CARTESIAN_POINT('',(-72.8248029996079,-50.0238043201583,52.4702445998021));
#10671=CARTESIAN_POINT('',(-72.8233907628839,-50.028195000197,52.4647562497538));
#10672=CARTESIAN_POINT('',(-72.8215006325838,-50.0340434616842,52.4574456728947));
#10673=CARTESIAN_POINT('',(-72.8191238978575,-50.0413453112977,52.4483183608778));
#10674=CARTESIAN_POINT('',(-72.8152913806102,-50.0530087763917,52.4337390295104));
#10675=CARTESIAN_POINT('',(-72.8104448402555,-50.0675519594292,52.4155600507135));
#10676=CARTESIAN_POINT('',(-72.8045396019703,-50.0849458151262,52.3938177310923));
#10677=CARTESIAN_POINT('',(-72.7985449630536,-50.1022817407922,52.3721478240098));
#10678=CARTESIAN_POINT('',(-72.790432914156,-50.1253190562415,52.3433511796981));
#10679=CARTESIAN_POINT('',(-72.7800693568219,-50.1539708585434,52.3075364268207));
#10680=CARTESIAN_POINT('',(-72.7694078052413,-50.1824295361383,52.2719630798272));
#10681=CARTESIAN_POINT('',(-72.7606997668538,-50.2050806048168,52.243649243979));
#10682=CARTESIAN_POINT('',(-72.7540793407668,-50.2220109666155,52.2224862917307));
#10683=CARTESIAN_POINT('',(-72.7473695122844,-50.2388834008029,52.2013957489963));
#10684=CARTESIAN_POINT('',(-72.7417035024955,-50.2528954517958,52.1838806852553));
#10685=CARTESIAN_POINT('',(-72.7371259673194,-50.2640761908122,52.1699047614847));
#10686=CARTESIAN_POINT('',(-72.7342464473043,-50.2710519303225,52.1611850870969));
#10687=CARTESIAN_POINT('',(-72.7319315096328,-50.2766256281813,52.1542179647734));
#10688=CARTESIAN_POINT('',(-72.7301901210995,-50.2808013265783,52.1489983417772));
#10689=CARTESIAN_POINT('',(-72.7287330286253,-50.2842810922558,52.1446486346802));
#10690=CARTESIAN_POINT('',(-72.727713129798,-50.2867093887427,52.1416132640716));
#10691=CARTESIAN_POINT('',(-72.7271257122756,-50.288105832758,52.1398677090526));
#10692=CARTESIAN_POINT('',(-72.7266958419708,-50.2891267449861,52.1385915687674));
#10693=CARTESIAN_POINT('',(-72.7262234141399,-50.290247559433,52.1371905507088));
#10694=CARTESIAN_POINT('',(-72.7256077430658,-50.2917066062778,52.1353667421528));
#10695=CARTESIAN_POINT('',(-72.7245221884065,-50.2942751316885,52.1321560853894));
#10696=CARTESIAN_POINT('',(-72.722971343806,-50.2979328154471,52.1275839806911));
#10697=CARTESIAN_POINT('',(-72.7211029761425,-50.3023206831,52.122099146125));
#10698=CARTESIAN_POINT('',(-72.7186045957215,-50.3081632370123,52.1147959537346));
#10699=CARTESIAN_POINT('',(-72.7154668875975,-50.3154543715849,52.1056820355189));
#10700=CARTESIAN_POINT('',(-72.7104156191311,-50.327093290081,52.0911333873988));
#10701=CARTESIAN_POINT('',(-72.7040433020331,-50.3415920470299,52.0730099412126));
#10702=CARTESIAN_POINT('',(-72.6963034224924,-50.3589105599099,52.0513618001127));
#10703=CARTESIAN_POINT('',(-72.6884704248052,-50.3761491227508,52.0298135965615));
#10704=CARTESIAN_POINT('',(-72.6779022771492,-50.3990272570279,52.0012159287151));
#10705=CARTESIAN_POINT('',(-72.6644593068347,-50.4274250269334,51.9657187163332));
#10706=CARTESIAN_POINT('',(-72.6507059562639,-50.4555562644548,51.9305546694315));
#10707=CARTESIAN_POINT('',(-72.639517047691,-50.4779013350509,51.9026233311864));
#10708=CARTESIAN_POINT('',(-72.631032251769,-50.4945801790696,51.881774776163));
#10709=CARTESIAN_POINT('',(-72.6238839946369,-50.5084125804821,51.8644842743974));
#10710=CARTESIAN_POINT('',(-72.6181188291188,-50.5194385268498,51.8507018414377));
#10711=CARTESIAN_POINT('',(-72.6137716839868,-50.5276879829187,51.8403900213517));
#10712=CARTESIAN_POINT('',(-72.6094012315688,-50.5359175017597,51.8301031228004));
#10713=CARTESIAN_POINT('',(-72.6057398786968,-50.5427586117782,51.8215517352773));
#10714=CARTESIAN_POINT('',(-72.602798956516,-50.5482218723261,51.8147226595924));
#10715=CARTESIAN_POINT('',(-72.6005879933574,-50.5523133162584,51.8096083546771));
#10716=CARTESIAN_POINT('',(-72.5987389309267,-50.5557218818591,51.8053476476762));
#10717=CARTESIAN_POINT('',(-72.5974454625596,-50.5580994241706,51.8023757197867));
#10718=CARTESIAN_POINT('',(-72.5967002680589,-50.55946718082,51.800666023975));
#10719=CARTESIAN_POINT('',(-72.5961560577033,-50.5604651194149,51.7994186007314));
#10720=CARTESIAN_POINT('',(-72.5955539577661,-50.5615681190034,51.7980398512458));
#10721=CARTESIAN_POINT('',(-72.5947707109904,-50.5630014590461,51.7962481761924));
#10722=CARTESIAN_POINT('',(-72.5933893524582,-50.5655255299654,51.7930930875432));
#10723=CARTESIAN_POINT('',(-72.5914170684184,-50.5691183443907,51.7886020695116));
#10724=CARTESIAN_POINT('',(-72.5890421543381,-50.573427092944,51.78321613382));
#10725=CARTESIAN_POINT('',(-72.585868223899,-50.5791621320392,51.7760473349509));
#10726=CARTESIAN_POINT('',(-72.581885355892,-50.5863152297747,51.7671059627816));
#10727=CARTESIAN_POINT('',(-72.5770816949444,-50.5948728925479,51.7564088843152));
#10728=CARTESIAN_POINT('',(-72.5722536784385,-50.6034047506199,51.7457440617252));
#10729=CARTESIAN_POINT('',(-72.5657838973961,-50.6147460663981,51.7315674170024));
#10730=CARTESIAN_POINT('',(-72.5576358506273,-50.6288580738764,51.7139274076546));
#10731=CARTESIAN_POINT('',(-72.5477608887476,-50.6456890504438,51.6928886869453));
#10732=CARTESIAN_POINT('',(-72.5344645294161,-50.6679924472104,51.665009440987));
#10733=CARTESIAN_POINT('',(-72.5176008123511,-50.6956131185863,51.6304836017671));
#10734=CARTESIAN_POINT('',(-72.5004127377713,-50.7228890244225,51.5963887194719));
#10735=CARTESIAN_POINT('',(-72.4864676636777,-50.7445028896338,51.5693713879578));
#10736=CARTESIAN_POINT('',(-72.4759115508165,-50.7606098589249,51.5492376763438));
#10737=CARTESIAN_POINT('',(-72.4670337009201,-50.7739461416583,51.5325673229272));
#10738=CARTESIAN_POINT('',(-72.4598827669813,-50.7845634535712,51.519295683036));
#10739=CARTESIAN_POINT('',(-72.4544952408273,-50.7925005785042,51.5093742768698));
#10740=CARTESIAN_POINT('',(-72.4490833836351,-50.8004118520285,51.4994851849644));
#10741=CARTESIAN_POINT('',(-72.4445532434787,-50.8069830133689,51.4912712332889));
#10742=CARTESIAN_POINT('',(-72.4409169384395,-50.812227055701,51.4847161803738));
#10743=CARTESIAN_POINT('',(-72.4386392468915,-50.8154990996347,51.4806261254566));
#10744=CARTESIAN_POINT('',(-72.4368138989321,-50.8181137214549,51.4773578481813));
#10745=CARTESIAN_POINT('',(-72.4354437888352,-50.8200724725129,51.4749094093589));
#10746=CARTESIAN_POINT('',(-72.4342994231852,-50.821705324526,51.4728683443425));
#10747=CARTESIAN_POINT('',(-72.4335003321768,-50.822843873022,51.4714451587225));
#10748=CARTESIAN_POINT('',(-72.4330394119557,-50.823500111217,51.4706248609788));
#10749=CARTESIAN_POINT('',(-72.4327051955004,-50.8239757344823,51.4700303318971));
#10750=CARTESIAN_POINT('',(-72.4323266624373,-50.8245141537107,51.4693573078617));
#10751=CARTESIAN_POINT('',(-72.4318372301253,-50.825209937839,51.4684875777012));
#10752=CARTESIAN_POINT('',(-72.4309731648323,-50.8264373602862,51.4669532996422));
#10753=CARTESIAN_POINT('',(-72.4297414739499,-50.8281842609152,51.464769673856));
#10754=CARTESIAN_POINT('',(-72.4282601279052,-50.8302808871881,51.4621488910148));
#10755=CARTESIAN_POINT('',(-72.4262832825509,-50.8330729994402,51.4586587506997));
#10756=CARTESIAN_POINT('',(-72.4238077606794,-50.8365585567305,51.4543018040869));
#10757=CARTESIAN_POINT('',(-72.4198379176508,-50.8421249345358,51.4473438318303));
#10758=CARTESIAN_POINT('',(-72.414858485418,-50.8490635325631,51.4386705842962));
#10759=CARTESIAN_POINT('',(-72.4088558360355,-50.857358744959,51.4283015688013));
#10760=CARTESIAN_POINT('',(-72.4028258359128,-50.8656228806344,51.4179713992071));
#10761=CARTESIAN_POINT('',(-72.3947493752111,-50.876600282447,51.4042496469413));
#10762=CARTESIAN_POINT('',(-72.3845854325497,-50.8902443285856,51.387194589268));
#10763=CARTESIAN_POINT('',(-72.3722793155252,-50.9064928526895,51.3668839341382));
#10764=CARTESIAN_POINT('',(-72.3557253113693,-50.9279917769797,51.3400102787754));
#10765=CARTESIAN_POINT('',(-72.3347593409984,-50.9545546050114,51.3068067437357));
#10766=CARTESIAN_POINT('',(-72.3134287508089,-50.9807029961618,51.2741212547977));
#10767=CARTESIAN_POINT('',(-72.296145505821,-51.0013730479828,51.2482836900215));
#10768=CARTESIAN_POINT('',(-72.2830736880739,-51.0167512536659,51.2290609329177));
#10769=CARTESIAN_POINT('',(-72.2698924764989,-51.0320051368897,51.2099935788879));
#10770=CARTESIAN_POINT('',(-72.2588170027255,-51.0446130706427,51.1942336616966));
#10771=CARTESIAN_POINT('',(-72.2499018763914,-51.0546373114454,51.1817033606932));
#10772=CARTESIAN_POINT('',(-72.2443072572837,-51.0608764247028,51.1739044691216));
#10773=CARTESIAN_POINT('',(-72.2398176056497,-51.0658524830276,51.1676843962156));
#10774=CARTESIAN_POINT('',(-72.2364443054068,-51.0695759097979,51.1630301127526));
#10775=CARTESIAN_POINT('',(-72.233625058935,-51.0726749820439,51.1591562724452));
#10776=CARTESIAN_POINT('',(-72.2316534343361,-51.0748356496258,51.1564554379677));
#10777=CARTESIAN_POINT('',(-72.2305183815005,-51.07607759494,51.154903006325));
#10778=CARTESIAN_POINT('',(-72.229687948913,-51.0769853293964,51.1537683382545));
#10779=CARTESIAN_POINT('',(-72.2287757295373,-51.0779814089007,51.1525232388742));
#10780=CARTESIAN_POINT('',(-72.227587119624,-51.0792778375241,51.1509027030949));
#10781=CARTESIAN_POINT('',(-72.2254920828385,-51.0815592356917,51.1480509553854));
#10782=CARTESIAN_POINT('',(-72.2225010528563,-51.0848057038092,51.1439928702385));
#10783=CARTESIAN_POINT('',(-72.2189008180382,-51.0886965014932,51.1391293731336));
#10784=CARTESIAN_POINT('',(-72.2140908138978,-51.0938721754979,51.1326597806277));
#10785=CARTESIAN_POINT('',(-72.2080578484247,-51.1003216654416,51.124597918198));
#10786=CARTESIAN_POINT('',(-72.1983624072439,-51.1105969230159,51.1117538462302));
#10787=CARTESIAN_POINT('',(-72.1861626090669,-51.1233591147142,51.0958011066072));
#10788=CARTESIAN_POINT('',(-72.1713942067699,-51.1385425739058,51.0768217826177));
#10789=CARTESIAN_POINT('',(-72.1564970794199,-51.1535949440562,51.0580063199298));
#10790=CARTESIAN_POINT('',(-72.1439756791149,-51.1660292076427,51.0424634904467));
#10791=CARTESIAN_POINT('',(-72.1338939785729,-51.1759112802964,51.0301108996295));
#10792=CARTESIAN_POINT('',(-72.1263011839264,-51.1832894335347,51.0208882080817));
#10793=CARTESIAN_POINT('',(-72.1199449739546,-51.1894125436512,51.0132343204361));
#10794=CARTESIAN_POINT('',(-72.115485618764,-51.1936805165463,51.0078993543171));
#10795=CARTESIAN_POINT('',(-72.1129270449794,-51.1961212902993,51.0048483871259));
#10796=CARTESIAN_POINT('',(-72.1110239905455,-51.197932835338,51.0025839558275));
#10797=CARTESIAN_POINT('',(-72.1090505538756,-51.1998072619805,51.0002409225244));
#10798=CARTESIAN_POINT('',(-72.1064401182314,-51.2022811798004,50.9971485252495));
#10799=CARTESIAN_POINT('',(-72.1018530033221,-51.2066140414901,50.9917324481374));
#10800=CARTESIAN_POINT('',(-72.0952835585182,-51.2127782136042,50.9840272329947));
#10801=CARTESIAN_POINT('',(-72.0873622019571,-51.2201453937934,50.9748182577583));
#10802=CARTESIAN_POINT('',(-72.0767538678281,-51.2299245606213,50.9625942992233));
#10803=CARTESIAN_POINT('',(-72.0634042904414,-51.2420683383606,50.9474145770493));
#10804=CARTESIAN_POINT('',(-72.0472427638433,-51.2565119927866,50.9293600090168));
#10805=CARTESIAN_POINT('',(-72.0309389764255,-51.2708269761741,50.9114662797823));
#10806=CARTESIAN_POINT('',(-72.0172341749907,-51.2826487017133,50.8966891228584));
#10807=CARTESIAN_POINT('',(-72.0061988872024,-51.2920420052671,50.8849474934161));
#10808=CARTESIAN_POINT('',(-71.9978878541906,-51.2990539915268,50.8761825105916));
#10809=CARTESIAN_POINT('',(-71.9909292676588,-51.3048730510123,50.8689086862347));
#10810=CARTESIAN_POINT('',(-71.9860488016822,-51.3089272878911,50.8638408901361));
#10811=CARTESIAN_POINT('',(-71.9832460041716,-51.311247814616,50.86094023173));
#10812=CARTESIAN_POINT('',(-71.9811684936219,-51.3129641034516,50.8587948706855));
#10813=CARTESIAN_POINT('',(-71.9789862837174,-51.3147628372173,50.8565464534784));
#10814=CARTESIAN_POINT('',(-71.9761092014467,-51.3171288547735,50.8535889315331));
#10815=CARTESIAN_POINT('',(-71.9710493768148,-51.321275767773,50.8484052902837));
#10816=CARTESIAN_POINT('',(-71.9638060343056,-51.3271717222947,50.8410353471317));
#10817=CARTESIAN_POINT('',(-71.9550723562385,-51.3342163053308,50.8322296183365));
#10818=CARTESIAN_POINT('',(-71.9433781578688,-51.3435631591156,50.8205460511055));
#10819=CARTESIAN_POINT('',(-71.9286651008861,-51.3551630010295,50.8060462487131));
#10820=CARTESIAN_POINT('',(-71.9049220819859,-51.3735431440875,50.7830710698906));
#10821=CARTESIAN_POINT('',(-71.8748637673535,-51.3961820211432,50.7547724735711));
#10822=CARTESIAN_POINT('',(-71.8381866961615,-51.4228104484163,50.7214869394796));
#10823=CARTESIAN_POINT('',(-71.807116523556,-51.4445523133886,50.6943096082643));
#10824=CARTESIAN_POINT('',(-71.7819568161182,-51.461676710122,50.6729041123475));
#10825=CARTESIAN_POINT('',(-71.7629352705379,-51.4743854482181,50.6570181897274));
#10826=CARTESIAN_POINT('',(-71.7437618756223,-51.4869596785251,50.6413004018437));
#10827=CARTESIAN_POINT('',(-71.7276577701288,-51.4973259516006,50.6283425604993));
#10828=CARTESIAN_POINT('',(-71.714698126745,-51.5055519825748,50.6180600217816));
#10829=CARTESIAN_POINT('',(-71.704941726755,-51.5116870846121,50.6103911442348));
#10830=CARTESIAN_POINT('',(-71.6967757065956,-51.5167741323178,50.6040323346027));
#10831=CARTESIAN_POINT('',(-71.6910508696879,-51.5203154556706,50.5996056804117));
#10832=CARTESIAN_POINT('',(-71.6877623335164,-51.5223425055561,50.5970718680548));
#10833=CARTESIAN_POINT('',(-71.6853286530402,-51.523839165281,50.5952010433988));
#10834=CARTESIAN_POINT('',(-71.6827584567576,-51.5254160035358,50.5932299955803));
#10835=CARTESIAN_POINT('',(-71.6793751950326,-51.5274865393665,50.5906418257919));
#10836=CARTESIAN_POINT('',(-71.6734244605803,-51.531115174398,50.5861060320025));
#10837=CARTESIAN_POINT('',(-71.6649113196148,-51.5362684567687,50.5796644290391));
#10838=CARTESIAN_POINT('',(-71.6546530847178,-51.5424178448623,50.5719776939221));
#10839=CARTESIAN_POINT('',(-71.6409270281186,-51.550565910858,50.5617926114275));
#10840=CARTESIAN_POINT('',(-71.6236749039832,-51.5606574743553,50.5491781570559));
#10841=CARTESIAN_POINT('',(-71.6028222744721,-51.5726169807202,50.5342287740998));
#10842=CARTESIAN_POINT('',(-71.5818191833635,-51.5844263458576,50.519467067678));
#10843=CARTESIAN_POINT('',(-71.5641914888801,-51.5941422199648,50.507322225044));
#10844=CARTESIAN_POINT('',(-71.55001381403,-51.6018399968067,50.4977000039917));
#10845=CARTESIAN_POINT('',(-71.5393439108642,-51.6075752857677,50.4905308927904));
#10846=CARTESIAN_POINT('',(-71.5304180169278,-51.6123249625401,50.4845937968249));
#10847=CARTESIAN_POINT('',(-71.5241593071535,-51.6156302405236,50.4804621993455));
#10848=CARTESIAN_POINT('',(-71.5205690534958,-51.6175190651681,50.4781011685398));
#10849=CARTESIAN_POINT('',(-71.5178997892281,-51.6189198476941,50.4763501903824));
#10850=CARTESIAN_POINT('',(-71.5151296502624,-51.6203698448196,50.4745376939755));
#10851=CARTESIAN_POINT('',(-71.511467595039,-51.6222816833602,50.4721478957998));
#10852=CARTESIAN_POINT('',(-71.5050352180734,-51.625626819281,50.4679664758988));
#10853=CARTESIAN_POINT('',(-71.4958323601023,-51.6303754772508,50.4620306534365));
#10854=CARTESIAN_POINT('',(-71.4847499294498,-51.6360346194717,50.4549567256604));
#10855=CARTESIAN_POINT('',(-71.4699274072883,-51.6435246366777,50.4455942041528));
#10856=CARTESIAN_POINT('',(-71.4513102116178,-51.6527845924619,50.4340192594226));
#10857=CARTESIAN_POINT('',(-71.4213346208617,-51.667380790265,50.4157740121688));
#10858=CARTESIAN_POINT('',(-71.3910727365101,-51.6816492599094,50.3979384251133));
#10859=CARTESIAN_POINT('',(-71.3643531080855,-51.693843003816,50.38269624523));
#10860=CARTESIAN_POINT('',(-71.349002760107,-51.7007334923464,50.374083134567));
#10861=CARTESIAN_POINT('',(-71.3374859809972,-51.7058464583697,50.3676919270379));
#10862=CARTESIAN_POINT('',(-71.3258138066806,-51.7109709175584,50.3612863530521));
#10863=CARTESIAN_POINT('',(-71.310252737785,-51.7177259895919,50.3528425130101));
#10864=CARTESIAN_POINT('',(-71.282891623686,-51.7294033747768,50.3382457815291));
#10865=CARTESIAN_POINT('',(-71.2513815416806,-51.7423953380611,50.3220058274236));
#10866=CARTESIAN_POINT('',(-71.2196188904298,-51.7550391152667,50.3062011059166));
#10867=CARTESIAN_POINT('',(-71.195673858947,-51.7643465197617,50.2945668502979));
#10868=CARTESIAN_POINT('',(-71.1756122755452,-51.7719583032767,50.2850521209041));
#10869=CARTESIAN_POINT('',(-71.1615215636818,-51.7772075456089,50.2784905679889));
#10870=CARTESIAN_POINT('',(-71.1534434279378,-51.7801891669986,50.2747635412518));
#10871=CARTESIAN_POINT('',(-71.1474072665489,-51.7824034427902,50.2719956965123));
#10872=CARTESIAN_POINT('',(-71.1412477858431,-51.7846488854785,50.2691888931519));
#10873=CARTESIAN_POINT('',(-71.1330667924788,-51.7876124023727,50.2654844970341));
#10874=CARTESIAN_POINT('',(-71.118707501839,-51.7927648469005,50.2590439413743));
#10875=CARTESIAN_POINT('',(-71.089907786902,-51.8029022030852,50.2463722461435));
#10876=CARTESIAN_POINT('',(-71.0567718716964,-51.8141182221505,50.2323522223119));
#10877=CARTESIAN_POINT('',(-71.0234217215653,-51.8249618692177,50.2187976634779));
#10878=CARTESIAN_POINT('',(-71.0024877403301,-51.8315843287496,50.210519589063));
#10879=CARTESIAN_POINT('',(-70.9856861688616,-51.8367894801934,50.2040131497583));
#10880=CARTESIAN_POINT('',(-70.9730590259087,-51.8406465765736,50.199191779283));
#10881=CARTESIAN_POINT('',(-70.9625105010789,-51.8438231055975,50.1952211180032));
#10882=CARTESIAN_POINT('',(-70.955121359925,-51.8460243962075,50.1924695047407));
#10883=CARTESIAN_POINT('',(-70.9508852338078,-51.847279522267,50.1909005971663));
#10884=CARTESIAN_POINT('',(-70.9477356962815,-51.8482093635794,50.1897382955257));
#10885=CARTESIAN_POINT('',(-70.9444726767879,-51.8491691738117,50.1885385327354));
#10886=CARTESIAN_POINT('',(-70.9401589882853,-51.8504332657856,50.1869584177681));
#10887=CARTESIAN_POINT('',(-70.9325864724457,-51.8526399770928,50.184200028634));
#10888=CARTESIAN_POINT('',(-70.9217627691487,-51.8557586908632,50.180301636421));
#10889=CARTESIAN_POINT('',(-70.9087457172935,-51.8594528747459,50.1756839065676));
#10890=CARTESIAN_POINT('',(-70.8913583547849,-51.8643120666118,50.1696099167352));
#10891=CARTESIAN_POINT('',(-70.8695623235016,-51.8702625126886,50.1621718591393));
#10892=CARTESIAN_POINT('',(-70.8345580832786,-51.8795192794271,50.1506009007161));
#10893=CARTESIAN_POINT('',(-70.7905573292351,-51.8905955144831,50.1367556068962));
#10894=CARTESIAN_POINT('',(-70.7373638565553,-51.9030953882628,50.1211307646715));
#10895=CARTESIAN_POINT('',(-70.6837778730047,-51.9148036513443,50.1064954358196));
#10896=CARTESIAN_POINT('',(-70.6387954726346,-51.9239009121162,50.0951238598547));
#10897=CARTESIAN_POINT('',(-70.6026138474589,-51.9307828257758,50.0865214677803));
#10898=CARTESIAN_POINT('',(-70.5753778760859,-51.9357466205089,50.0803167243639));
#10899=CARTESIAN_POINT('',(-70.5526045544032,-51.9397173737999,50.0753532827501));
#10900=CARTESIAN_POINT('',(-70.5366102628614,-51.9424119400642,50.0719850749198));
#10901=CARTESIAN_POINT('',(-70.5274740563901,-51.9439244248494,50.0700944689383));
#10902=CARTESIAN_POINT('',(-70.520571661473,-51.9450535463395,50.0686830670757));
#10903=CARTESIAN_POINT('',(-70.5138317276481,-51.9461430573886,50.0673211782643));
#10904=CARTESIAN_POINT('',(-70.5047741885702,-51.9475899858517,50.0655125176853));
#10905=CARTESIAN_POINT('',(-70.4889215414605,-51.9500768460513,50.0624039424359));
#10906=CARTESIAN_POINT('',(-70.4661754084901,-51.9535155444152,50.058105569481));
#10907=CARTESIAN_POINT('',(-70.4387503383636,-51.9574548240027,50.0531814699967));
#10908=CARTESIAN_POINT('',(-70.411187636501,-51.9612082399902,50.0484897000123));
#10909=CARTESIAN_POINT('',(-70.3834895073732,-51.9647754369276,50.0440307038405));
#10910=CARTESIAN_POINT('',(-70.3602941297881,-51.9675930242933,50.0405087196334));
#10911=CARTESIAN_POINT('',(-70.3416703569155,-51.9697539719584,50.037807535052));
#10912=CARTESIAN_POINT('',(-70.3276672273725,-51.9713282834765,50.0358396456543));
#10913=CARTESIAN_POINT('',(-70.3159738017231,-51.9726010014597,50.0342487481754));
#10914=CARTESIAN_POINT('',(-70.3077653512988,-51.9734723876145,50.0331595154819));
#10915=CARTESIAN_POINT('',(-70.3030833377416,-51.9739631902925,50.0325460121345));
#10916=CARTESIAN_POINT('',(-70.2995337082233,-51.9743320894801,50.0320848881499));
#10917=CARTESIAN_POINT('',(-70.2961195465734,-51.9746839155864,50.0316451055171));
#10918=CARTESIAN_POINT('',(-70.2915146577809,-51.9751545225219,50.0310568468476));
#10919=CARTESIAN_POINT('',(-70.283467364949,-51.9759664811408,50.030041898574));
#10920=CARTESIAN_POINT('',(-70.2719272155936,-51.9771011953455,50.0286235058181));
#10921=CARTESIAN_POINT('',(-70.2580325652903,-51.9784199988902,50.0269750013873));
#10922=CARTESIAN_POINT('',(-70.2440848814904,-51.9796966272731,50.0253792159086));
#10923=CARTESIAN_POINT('',(-70.2300864581686,-51.980930857951,50.0238364275612));
#10924=CARTESIAN_POINT('',(-70.2160346818462,-51.9821229027581,50.0223463715524));
#10925=CARTESIAN_POINT('',(-70.2042872073598,-51.983080597877,50.0211492526538));
#10926=CARTESIAN_POINT('',(-70.1960310667582,-51.9837332555058,50.0203334306177));
#10927=CARTESIAN_POINT('',(-70.1913229827891,-51.9840996819092,50.0198753976135));
#10928=CARTESIAN_POINT('',(-70.1877431891937,-51.9843753215804,50.0195308480246));
#10929=CARTESIAN_POINT('',(-70.1843341287064,-51.9846350701929,50.0192061622589));
#10930=CARTESIAN_POINT('',(-70.1797213944695,-51.9849829408787,50.0187713239016));
#10931=CARTESIAN_POINT('',(-70.1716614477239,-51.9855811882162,50.0180235147297));
#10932=CARTESIAN_POINT('',(-70.1600861648406,-51.9864131738518,50.0169835326852));
#10933=CARTESIAN_POINT('',(-70.146128345889,-51.987372981479,50.0157837731512));
#10934=CARTESIAN_POINT('',(-70.1320949227035,-51.9882948393841,50.0146314507699));
#10935=CARTESIAN_POINT('',(-70.1179881565503,-51.9891785755805,50.0135267805245));
#10936=CARTESIAN_POINT('',(-70.1061706320135,-51.9898833064307,50.0126458669616));
#10937=CARTESIAN_POINT('',(-70.0966801907523,-51.9904280224509,50.0119649719364));
#10938=CARTESIAN_POINT('',(-70.0895425415741,-51.9908271091343,50.0114661135821));
#10939=CARTESIAN_POINT('',(-70.0835833955056,-51.9911515244737,50.0110605944079));
#10940=CARTESIAN_POINT('',(-70.0793955051076,-51.9913748874939,50.0107813906327));
#10941=CARTESIAN_POINT('',(-70.0770132449597,-51.9915006502096,50.010624187238));
#10942=CARTESIAN_POINT('',(-70.0751884120865,-51.9915963018272,50.0105046227161));
#10943=CARTESIAN_POINT('',(-70.0735037946074,-51.9916840015236,50.0103949980955));
#10944=CARTESIAN_POINT('',(-70.0712057841503,-51.9918028549251,50.0102464313436));
#10945=CARTESIAN_POINT('',(-70.0672012100188,-51.9920078631552,50.009990171056));
#10946=CARTESIAN_POINT('',(-70.0614508193949,-51.9922962922292,50.0096296347136));
#10947=CARTESIAN_POINT('',(-70.0545275007713,-51.9926340205703,50.0092074742871));
#10948=CARTESIAN_POINT('',(-70.0452572549766,-51.9930735985457,50.0086580018179));
#10949=CARTESIAN_POINT('',(-70.033600034845,-51.9936027490507,50.0079965636867));
#10950=CARTESIAN_POINT('',(-70.0194990502353,-51.9942052804889,50.007243399389));
#10951=CARTESIAN_POINT('',(-70.005286096374,-51.9947753446534,50.0065308191832));
#10952=CARTESIAN_POINT('',(-69.993348539638,-51.9952233474363,50.0059708157047));
#10953=CARTESIAN_POINT('',(-69.9837425514791,-51.9955655154059,50.0055431057425));
#10954=CARTESIAN_POINT('',(-69.9777152826641,-51.9957726129074,50.0052842338658));
#10955=CARTESIAN_POINT('',(-69.9728798772622,-51.9959342200379,50.0050822249527));
#10956=CARTESIAN_POINT('',(-69.96924518077,-51.9960534319461,50.0049332100674));
#10957=CARTESIAN_POINT('',(-69.9662140549082,-51.9961509714537,50.0048112856829));
#10958=CARTESIAN_POINT('',(-69.9640820910488,-51.9962185831216,50.004726771098));
#10959=CARTESIAN_POINT('',(-69.9628740551226,-51.9962566186105,50.0046792267369));
#10960=CARTESIAN_POINT('',(-69.9619363088017,-51.9962859934754,50.0046425081558));
#10961=CARTESIAN_POINT('',(-69.9611176991999,-51.9963115143664,50.004610607042));
#10962=CARTESIAN_POINT('',(-69.959983458601,-51.9963467208517,50.0045665989354));
#10963=CARTESIAN_POINT('',(-69.9580155087526,-51.9964073771455,50.0044907785681));
#10964=CARTESIAN_POINT('',(-69.9551868054634,-51.9964933631572,50.0043832960535));
#10965=CARTESIAN_POINT('',(-69.9517852596661,-51.9965948339115,50.0042564576107));
#10966=CARTESIAN_POINT('',(-69.9472330619077,-51.9967280747818,50.0040899065227));
#10967=CARTESIAN_POINT('',(-69.9415146842886,-51.9968906698361,50.0038866627049));
#10968=CARTESIAN_POINT('',(-69.9323038651013,-51.9971424263595,50.0035719670507));
#10969=CARTESIAN_POINT('',(-69.920675834237,-51.9974413600825,50.0031982998969));
#10970=CARTESIAN_POINT('',(-69.9065387834714,-51.9977748678155,50.0027814152307));
#10971=CARTESIAN_POINT('',(-69.894605108048,-51.9980317788946,50.0024602763818));
#10972=CARTESIAN_POINT('',(-69.8849664812262,-51.9982247007681,50.0022191240399));
#10973=CARTESIAN_POINT('',(-69.8776916658061,-51.9983630886869,50.0020461391414));
#10974=CARTESIAN_POINT('',(-69.8703710184262,-51.9984951729293,50.0018810338384));
#10975=CARTESIAN_POINT('',(-69.8642322428819,-51.9985999906939,50.0017500116326));
#10976=CARTESIAN_POINT('',(-69.8592983767649,-51.9986806920351,50.0016491349561));
#10977=CARTESIAN_POINT('',(-69.8562049875461,-51.9987298196695,50.0015877254131));
#10978=CARTESIAN_POINT('',(-69.8537249404889,-51.9987683280444,50.0015395899445));
#10979=CARTESIAN_POINT('',(-69.8518609594413,-51.9987968312161,50.0015039609799));
#10980=CARTESIAN_POINT('',(-69.8503086917631,-51.9988202050961,50.0014747436298));
#10981=CARTESIAN_POINT('',(-69.8492141048732,-51.9988364934662,50.0014543831672));
#10982=CARTESIAN_POINT('',(-69.848598801829,-51.9988455972549,50.0014430034314));
#10983=CARTESIAN_POINT('',(-69.8481074729272,-51.9988528359985,50.0014339550019));
#10984=CARTESIAN_POINT('',(-69.8477293884714,-51.9988583853203,50.0014270183496));
#10985=CARTESIAN_POINT('',(-69.8471852027596,-51.9988663473121,50.0014170658599));
#10986=CARTESIAN_POINT('',(-69.846250146752,-51.9988799538709,50.0014000576614));
#10987=CARTESIAN_POINT('',(-69.8449013001732,-51.9988993771198,50.0013757786002));
#10988=CARTESIAN_POINT('',(-69.8432813728216,-51.9989223731039,50.0013470336202));
#10989=CARTESIAN_POINT('',(-69.8411127704355,-51.9989527209512,50.001309098811));
#10990=CARTESIAN_POINT('',(-69.8383889056789,-51.9989900208704,50.001262473912));
#10991=CARTESIAN_POINT('',(-69.8340014202502,-51.9990483659077,50.0011895426154));
#10992=CARTESIAN_POINT('',(-69.8284627350143,-51.9991187853669,50.0011015182914));
#10993=CARTESIAN_POINT('',(-69.8217291949995,-51.9991992726105,50.0010009092369));
#10994=CARTESIAN_POINT('',(-69.8149085887399,-51.999275742988,50.000905321265));
#10995=CARTESIAN_POINT('',(-69.8056983404195,-51.9993723479393,50.0007845650759));
#10996=CARTESIAN_POINT('',(-69.7939678387073,-51.9994830623435,50.0006461720706));
#10997=CARTESIAN_POINT('',(-69.7819470788137,-51.9995803877373,50.0005245153284));
#10998=CARTESIAN_POINT('',(-69.7721563182001,-51.9996502146333,50.0004372317084));
#10999=CARTESIAN_POINT('',(-69.7647261667072,-51.9996985681146,50.0003767898568));
#11000=CARTESIAN_POINT('',(-69.7572089530025,-51.9997429048324,50.0003213689595));
#11001=CARTESIAN_POINT('',(-69.7508719975719,-51.999776505021,50.0002793687237));
#11002=CARTESIAN_POINT('',(-69.7457589986116,-51.9998013764185,50.0002482794768));
#11003=CARTESIAN_POINT('',(-69.7425449965479,-51.9998160851398,50.0002298935752));
#11004=CARTESIAN_POINT('',(-69.7399634522271,-51.9998273479409,50.0002158150738));
#11005=CARTESIAN_POINT('',(-69.7380203677466,-51.9998355497136,50.000205562858));
#11006=CARTESIAN_POINT('',(-69.736401315993,-51.9998421571375,50.0001973035781));
#11007=CARTESIAN_POINT('',(-69.7352563347479,-51.9998467081864,50.0001916147671));
#11008=CARTESIAN_POINT('',(-69.7346158444343,-51.9998492216878,50.0001884728903));
#11009=CARTESIAN_POINT('',(-69.7340943884916,-51.9998512480804,50.0001859398996));
#11010=CARTESIAN_POINT('',(-69.733728352167,-51.9998526588143,50.0001841764821));
#11011=CARTESIAN_POINT('',(-69.7331848595341,-51.999854740677,50.0001815741538));
#11012=CARTESIAN_POINT('',(-69.7322565612915,-51.999858256373,50.0001771795338));
#11013=CARTESIAN_POINT('',(-69.7309098287635,-51.9998632479835,50.0001709400206));
#11014=CARTESIAN_POINT('',(-69.7292877093984,-51.9998690839501,50.0001636450624));
#11015=CARTESIAN_POINT('',(-69.7271072743087,-51.9998766971208,50.000154128599));
#11016=CARTESIAN_POINT('',(-69.7243531113774,-51.9998858812536,50.000142648433));
#11017=CARTESIAN_POINT('',(-69.7198835681959,-51.9998998740072,50.000125157491));
#11018=CARTESIAN_POINT('',(-69.7141795765005,-51.9999160456882,50.0001049428898));
#11019=CARTESIAN_POINT('',(-69.7071472220347,-51.999933341916,50.000083322605));
#11020=CARTESIAN_POINT('',(-69.701130681467,-51.9999459970511,50.0000675036861));
#11021=CARTESIAN_POINT('',(-69.6962236935142,-51.9999550661647,50.0000561672942));
#11022=CARTESIAN_POINT('',(-69.6924965715448,-51.9999613405009,50.0000483243739));
#11023=CARTESIAN_POINT('',(-69.6887225882711,-51.99996708732,50.00004114085));
#11024=CARTESIAN_POINT('',(-69.6855384881678,-51.9999714368002,50.0000357039997));
#11025=CARTESIAN_POINT('',(-69.6829678809015,-51.9999746525236,50.0000316843455));
#11026=CARTESIAN_POINT('',(-69.6813512316297,-51.9999765527049,50.0000293091189));
#11027=CARTESIAN_POINT('',(-69.6800526334773,-51.9999780063387,50.0000274920766));
#11028=CARTESIAN_POINT('',(-69.6790741644929,-51.9999790651655,50.0000261685432));
#11029=CARTESIAN_POINT('',(-69.6782613919273,-51.999979915052,50.000025106185));
#11030=CARTESIAN_POINT('',(-69.6776812396713,-51.9999805053513,50.0000243683109));
#11031=CARTESIAN_POINT('',(-69.6773648622141,-51.9999808232382,50.0000239709523));
#11032=CARTESIAN_POINT('',(-69.6770837200169,-51.9999811027096,50.000023621613));
#11033=CARTESIAN_POINT('',(-69.6769693464945,-51.9999812153062,50.0000234808673));
#11034=CARTESIAN_POINT('',(-69.6767577127651,-51.9999814226713,50.0000232216609));
#11035=CARTESIAN_POINT('',(-69.6764125421251,-51.9999817565125,50.0000228043594));
#11036=CARTESIAN_POINT('',(-69.6758994865624,-51.9999822417826,50.0000221977717));
#11037=CARTESIAN_POINT('',(-69.6752807278395,-51.9999828088181,50.0000214889774));
#11038=CARTESIAN_POINT('',(-69.6744413532144,-51.9999835546568,50.000020556679));
#11039=CARTESIAN_POINT('',(-69.6733699178248,-51.99998446313,50.0000194210875));
#11040=CARTESIAN_POINT('',(-69.6716062651871,-51.9999858678072,50.000017665241));
#11041=CARTESIAN_POINT('',(-69.6693100591885,-51.9999875311072,50.000015586116));
#11042=CARTESIAN_POINT('',(-69.6664077044882,-51.9999893792743,50.0000132759071));
#11043=CARTESIAN_POINT('',(-69.6633585181313,-51.9999910795732,50.0000111505335));
#11044=CARTESIAN_POINT('',(-69.6590971338441,-51.9999931495074,50.0000085631157));
#11045=CARTESIAN_POINT('',(-69.6534032862425,-51.9999953672924,50.0000057908845));
#11046=CARTESIAN_POINT('',(-69.645983277641,-51.9999974372257,50.0000032034679));
#11047=CARTESIAN_POINT('',(-69.6353067455832,-51.9999994085905,50.0000007392618));
#11048=CARTESIAN_POINT('',(-69.6264182604878,-52.,50.));
#11049=CARTESIAN_POINT('',(-69.62010101,-52.,50.));
#11050=CARTESIAN_POINT('',(-69.62010101,-52.,50.));
#11051=CARTESIAN_POINT('',(-73.,-52.,50.));
#11052=CARTESIAN_POINT('',(63.62010101,-52.,50.));
#11053=CARTESIAN_POINT('',(63.62010101,-52.,50.));
#11054=CARTESIAN_POINT('',(63.6263753274514,-52.,50.));
#11055=CARTESIAN_POINT('',(63.635203390473,-51.9999994205166,50.0000007243542));
#11056=CARTESIAN_POINT('',(63.6458073147288,-51.9999974889055,50.0000031388681));
#11057=CARTESIAN_POINT('',(63.6531768449583,-51.9999954607136,50.000005674108));
#11058=CARTESIAN_POINT('',(63.6588319418227,-51.9999932876516,50.0000083904356));
#11059=CARTESIAN_POINT('',(63.6630643142489,-51.9999912594587,50.0000109256766));
#11060=CARTESIAN_POINT('',(63.6660927361126,-51.9999895934474,50.0000130081908));
#11061=CARTESIAN_POINT('',(63.6689753205675,-51.9999877825496,50.000015271813));
#11062=CARTESIAN_POINT('',(63.6712558803845,-51.9999861527909,50.0000173090113));
#11063=CARTESIAN_POINT('',(63.6730075124089,-51.9999847764399,50.0000190294501));
#11064=CARTESIAN_POINT('',(63.6740716440181,-51.9999838862865,50.0000201421419));
#11065=CARTESIAN_POINT('',(63.6749052954666,-51.9999831554884,50.0000210556395));
#11066=CARTESIAN_POINT('',(63.6755198361353,-51.9999825998865,50.0000217501419));
#11067=CARTESIAN_POINT('',(63.6760293896964,-51.9999821244053,50.0000223444934));
#11068=CARTESIAN_POINT('',(63.676372212164,-51.9999817972904,50.000022753387));
#11069=CARTESIAN_POINT('',(63.6765823931205,-51.9999815941162,50.0000230073548));
#11070=CARTESIAN_POINT('',(63.6766960154081,-51.9999814837619,50.0000231452976));
#11071=CARTESIAN_POINT('',(63.6769751317767,-51.9999812100325,50.0000234874594));
#11072=CARTESIAN_POINT('',(63.677289254904,-51.9999808986526,50.0000238766843));
#11073=CARTESIAN_POINT('',(63.6778652592686,-51.9999803204518,50.0000245994352));
#11074=CARTESIAN_POINT('',(63.6786722276563,-51.9999794879819,50.0000256400227));
#11075=CARTESIAN_POINT('',(63.679643705983,-51.9999784508636,50.0000269364205));
#11076=CARTESIAN_POINT('',(63.6809330271427,-51.9999770270408,50.000028716199));
#11077=CARTESIAN_POINT('',(63.6825381265187,-51.9999751658453,50.0000310426934));
#11078=CARTESIAN_POINT('',(63.6850903677612,-51.9999720161325,50.0000349798344));
#11079=CARTESIAN_POINT('',(63.6882517168484,-51.9999677559962,50.0000403050048));
#11080=CARTESIAN_POINT('',(63.6919987314827,-51.9999621273133,50.0000473408584));
#11081=CARTESIAN_POINT('',(63.6956992168161,-51.9999559820383,50.0000550224522));
#11082=CARTESIAN_POINT('',(63.7005711321229,-51.9999470995725,50.0000661255343));
#11083=CARTESIAN_POINT('',(63.7065446622228,-51.9999347050587,50.0000816186767));
#11084=CARTESIAN_POINT('',(63.7135267324282,-51.9999177652768,50.0001027934041));
#11085=CARTESIAN_POINT('',(63.719189928268,-51.9999019270449,50.0001225911939));
#11086=CARTESIAN_POINT('',(63.7236274976375,-51.9998882229107,50.0001397213616));
#11087=CARTESIAN_POINT('',(63.726361956839,-51.9998792282444,50.0001509646945));
#11088=CARTESIAN_POINT('',(63.7285267878328,-51.9998717721655,50.0001602847931));
#11089=CARTESIAN_POINT('',(63.7301373068002,-51.999866056595,50.0001674292563));
#11090=CARTESIAN_POINT('',(63.7314743790343,-51.9998611680803,50.0001735398997));
#11091=CARTESIAN_POINT('',(63.7323960740291,-51.999857724785,50.0001778440188));
#11092=CARTESIAN_POINT('',(63.7329356122768,-51.9998556861364,50.0001803923295));
#11093=CARTESIAN_POINT('',(63.7332992274035,-51.9998543037559,50.0001821203051));
#11094=CARTESIAN_POINT('',(63.7338162054706,-51.9998523220484,50.0001845974396));
#11095=CARTESIAN_POINT('',(63.734451447301,-51.9998498630377,50.0001876712029));
#11096=CARTESIAN_POINT('',(63.7355869186306,-51.9998454112069,50.0001932359914));
#11097=CARTESIAN_POINT('',(63.7371925872678,-51.9998389477767,50.0002013152792));
#11098=CARTESIAN_POINT('',(63.7391195811043,-51.9998309251543,50.0002113435571));
#11099=CARTESIAN_POINT('',(63.7416797560508,-51.99981990872,50.0002251141001));
#11100=CARTESIAN_POINT('',(63.7448671474224,-51.9998055224691,50.0002430969136));
#11101=CARTESIAN_POINT('',(63.749937808912,-51.999781197796,50.000273502755));
#11102=CARTESIAN_POINT('',(63.7562222807185,-51.9997483387959,50.0003145765051));
#11103=CARTESIAN_POINT('',(63.7636772187018,-51.9997049839305,50.0003687700869));
#11104=CARTESIAN_POINT('',(63.7710457981676,-51.9996577047348,50.0004278690815));
#11105=CARTESIAN_POINT('',(63.7807554013358,-51.9995894334612,50.0005132081735));
#11106=CARTESIAN_POINT('',(63.7926764741253,-51.999494283675,50.0006321454062));
#11107=CARTESIAN_POINT('',(63.8043096350538,-51.9993860529838,50.0007674337703));
#11108=CARTESIAN_POINT('',(63.8134434185115,-51.9992916198667,50.0008854751666));
#11109=CARTESIAN_POINT('',(63.8202073800605,-51.9992168707954,50.0009789115057));
#11110=CARTESIAN_POINT('',(63.8268849790852,-51.9991381972944,50.001077253382));
#11111=CARTESIAN_POINT('',(63.8323776339366,-51.9990693662989,50.0011632921264));
#11112=CARTESIAN_POINT('',(63.8367286458139,-51.9990123382818,50.0012345771478));
#11113=CARTESIAN_POINT('',(63.8394298639528,-51.9989758806809,50.0012801491489));
#11114=CARTESIAN_POINT('',(63.8415804308297,-51.9989462184161,50.0013172269799));
#11115=CARTESIAN_POINT('',(63.8431868925221,-51.9989237419195,50.0013453226006));
#11116=CARTESIAN_POINT('',(63.844524500365,-51.9989047579064,50.001369052617));
#11117=CARTESIAN_POINT('',(63.8454518145056,-51.9988914583662,50.0013856770422));
#11118=CARTESIAN_POINT('',(63.8459914162807,-51.9988836771793,50.0013954035259));
#11119=CARTESIAN_POINT('',(63.8463665317833,-51.9988782507414,50.0014021865732));
#11120=CARTESIAN_POINT('',(63.8468531122382,-51.9988711852437,50.0014110184454));
#11121=CARTESIAN_POINT('',(63.8474627072649,-51.9988622959195,50.0014221301006));
#11122=CARTESIAN_POINT('',(63.8485470209602,-51.998846393104,50.0014420086199));
#11123=CARTESIAN_POINT('',(63.8500847790573,-51.9988235719531,50.0014705350587));
#11124=CARTESIAN_POINT('',(63.8519313079738,-51.998795743727,50.0015053203412));
#11125=CARTESIAN_POINT('',(63.8543881403306,-51.9987581477964,50.0015523152544));
#11126=CARTESIAN_POINT('',(63.8574525637728,-51.9987101855877,50.0016122680154));
#11127=CARTESIAN_POINT('',(63.8623402177136,-51.9986314014013,50.0017107482483));
#11128=CARTESIAN_POINT('',(63.8684214679335,-51.9985290787372,50.0018386515786));
#11129=CARTESIAN_POINT('',(63.8756734717714,-51.9984001463821,50.0019998170223));
#11130=CARTESIAN_POINT('',(63.8828800296888,-51.9982650681402,50.0021686648248));
#11131=CARTESIAN_POINT('',(63.8924281615178,-51.998076769547,50.0024040380663));
#11132=CARTESIAN_POINT('',(63.9042496836766,-51.99782603203,50.0027174599625));
#11133=CARTESIAN_POINT('',(63.9182536955084,-51.9975005637112,50.003124295361));
#11134=CARTESIAN_POINT('',(63.9297721475543,-51.9972088554446,50.0034889306942));
#11135=CARTESIAN_POINT('',(63.9388960770158,-51.9969631948651,50.0037960064186));
#11136=CARTESIAN_POINT('',(63.9445604683317,-51.9968045412413,50.0039943234484));
#11137=CARTESIAN_POINT('',(63.9490696748856,-51.9966745324572,50.0041568344285));
#11138=CARTESIAN_POINT('',(63.9524390608731,-51.9965755250779,50.0042805936526));
#11139=CARTESIAN_POINT('',(63.9552410860066,-51.9964916251827,50.0043854685216));
#11140=CARTESIAN_POINT('',(63.9571903224838,-51.99643244558,50.004459443025));
#11141=CARTESIAN_POINT('',(63.9583140081218,-51.9963980891733,50.0045023885334));
#11142=CARTESIAN_POINT('',(63.9591243516783,-51.9963732045758,50.0045334942803));
#11143=CARTESIAN_POINT('',(63.9600551982618,-51.996344482731,50.0045693965863));
#11144=CARTESIAN_POINT('',(63.9612535609164,-51.9963073167316,50.0046158540855));
#11145=CARTESIAN_POINT('',(63.9633688244759,-51.9962412385759,50.0046984517801));
#11146=CARTESIAN_POINT('',(63.9663759944331,-51.99614591614,50.004817604825));
#11147=CARTESIAN_POINT('',(63.9699820216367,-51.9960294092696,50.004963238413));
#11148=CARTESIAN_POINT('',(63.9747792215481,-51.9958714674036,50.0051606657455));
#11149=CARTESIAN_POINT('',(63.9807588098658,-51.9956690616525,50.0054136729344));
#11150=CARTESIAN_POINT('',(63.9902886561346,-51.9953346353493,50.0058317058134));
#11151=CARTESIAN_POINT('',(64.00213131851,-51.9948967500928,50.006379062384));
#11152=CARTESIAN_POINT('',(64.0162308486796,-51.9943395316747,50.0070755854066));
#11153=CARTESIAN_POINT('',(64.0302188630412,-51.9937505506026,50.0078118117468));
#11154=CARTESIAN_POINT('',(64.0417823088798,-51.9932332795648,50.008458400544));
#11155=CARTESIAN_POINT('',(64.0509777785309,-51.9928035569583,50.0089955538021));
#11156=CARTESIAN_POINT('',(64.0578450787805,-51.9924733978315,50.0094082527106));
#11157=CARTESIAN_POINT('',(64.0635490370281,-51.9921914184352,50.0097607269561));
#11158=CARTESIAN_POINT('',(64.0675208522434,-51.9919910115012,50.0100112356235));
#11159=CARTESIAN_POINT('',(64.0698006344991,-51.9918747946853,50.0101565066434));
#11160=CARTESIAN_POINT('',(64.071470243889,-51.9917891249852,50.0102635937685));
#11161=CARTESIAN_POINT('',(64.0732852130923,-51.9916953555639,50.0103808055451));
#11162=CARTESIAN_POINT('',(64.0756525270426,-51.9915721713507,50.0105347858115));
#11163=CARTESIAN_POINT('',(64.0798150972112,-51.9913533311222,50.0108083360973));
#11164=CARTESIAN_POINT('',(64.0857376333987,-51.9910354934925,50.0112056331344));
#11165=CARTESIAN_POINT('',(64.0928315347885,-51.9906444594496,50.0116944256881));
#11166=CARTESIAN_POINT('',(64.102263582721,-51.9901107019818,50.0123616225227));
#11167=CARTESIAN_POINT('',(64.1140080976764,-51.9894200839987,50.0132248950016));
#11168=CARTESIAN_POINT('',(64.1280273969702,-51.9885539313131,50.0143075858586));
#11169=CARTESIAN_POINT('',(64.1419727556873,-51.9876503625766,50.0154370467793));
#11170=CARTESIAN_POINT('',(64.153532716148,-51.9868661727939,50.0164172840076));
#11171=CARTESIAN_POINT('',(64.1627428235718,-51.9862201798424,50.017224775197));
#11172=CARTESIAN_POINT('',(64.1696344573845,-51.9857261376393,50.0178423279509));
#11173=CARTESIAN_POINT('',(64.1753540653219,-51.9853072499222,50.0183659375973));
#11174=CARTESIAN_POINT('',(64.1799385227347,-51.984966092819,50.0187923839762));
#11175=CARTESIAN_POINT('',(64.1833230465817,-51.9847116272171,50.0191104659786));
#11176=CARTESIAN_POINT('',(64.1868907563022,-51.9844405427836,50.0194493215206));
#11177=CARTESIAN_POINT('',(64.1915783658784,-51.9840804995936,50.019899375508));
#11178=CARTESIAN_POINT('',(64.1998006627485,-51.9834390048271,50.0207012439661));
#11179=CARTESIAN_POINT('',(64.2114986167258,-51.9824976525633,50.0218779342959));
#11180=CARTESIAN_POINT('',(64.2254912468617,-51.9813257209544,50.023342848807));
#11181=CARTESIAN_POINT('',(64.2394302083513,-51.9801121421244,50.0248598223445));
#11182=CARTESIAN_POINT('',(64.2533183368151,-51.9788566884113,50.0264291394859));
#11183=CARTESIAN_POINT('',(64.2671530437809,-51.9775596087915,50.0280504890106));
#11184=CARTESIAN_POINT('',(64.2786437135611,-51.9764433806495,50.0294457741882));
#11185=CARTESIAN_POINT('',(64.2866550752311,-51.9756447090092,50.0304441137385));
#11186=CARTESIAN_POINT('',(64.2912413086948,-51.9751815814915,50.0310230231357));
#11187=CARTESIAN_POINT('',(64.2946361176575,-51.974835903355,50.0314551208063));
#11188=CARTESIAN_POINT('',(64.2981868335152,-51.9744712537816,50.031910932773));
#11189=CARTESIAN_POINT('',(64.3028631402134,-51.9739868040203,50.0325164949747));
#11190=CARTESIAN_POINT('',(64.3110648738174,-51.9731262757599,50.0335921553001));
#11191=CARTESIAN_POINT('',(64.3227468120152,-51.9718693777803,50.0351632777746));
#11192=CARTESIAN_POINT('',(64.3367366526479,-51.9703142148187,50.0371072314767));
#11193=CARTESIAN_POINT('',(64.3553421229057,-51.9681791340055,50.0397760824931));
#11194=CARTESIAN_POINT('',(64.3785140598624,-51.9653944623808,50.043256922024));
#11195=CARTESIAN_POINT('',(64.40618319232,-51.9618676779804,50.0476654025245));
#11196=CARTESIAN_POINT('',(64.4337153444917,-51.9581557034672,50.052305370666));
#11197=CARTESIAN_POINT('',(64.4565450744701,-51.9549079930503,50.0563650086872));
#11198=CARTESIAN_POINT('',(64.4747395063751,-51.9522173673027,50.0597282908716));
#11199=CARTESIAN_POINT('',(64.4883535286737,-51.9501527028942,50.0623091213822));
#11200=CARTESIAN_POINT('',(64.4996622849653,-51.9483948199506,50.0645064750618));
#11201=CARTESIAN_POINT('',(64.5087095216572,-51.9469625492811,50.0662968133986));
#11202=CARTESIAN_POINT('',(64.5154389875837,-51.9458844602013,50.0676444247483));
#11203=CARTESIAN_POINT('',(64.5223408347238,-51.944765446534,50.0690431918324));
#11204=CARTESIAN_POINT('',(64.5314728675802,-51.9432669433847,50.0709163207691));
#11205=CARTESIAN_POINT('',(64.5474615012285,-51.9405967229754,50.0742540962807));
#11206=CARTESIAN_POINT('',(64.5702259992781,-51.9366611378174,50.0791735777282));
#11207=CARTESIAN_POINT('',(64.5974519044429,-51.9317399350143,50.0853250812321));
#11208=CARTESIAN_POINT('',(64.6336201977623,-51.9249154129211,50.0938557338486));
#11209=CARTESIAN_POINT('',(64.6785863808651,-51.9158909831612,50.1051362710485));
#11210=CARTESIAN_POINT('',(64.7321535321204,-51.9042718756568,50.119660155429));
#11211=CARTESIAN_POINT('',(64.7853288244666,-51.8918629125997,50.1351713592504));
#11212=CARTESIAN_POINT('',(64.8293149661291,-51.8808638999278,50.1489201250903));
#11213=CARTESIAN_POINT('',(64.8643078403882,-51.8716697887888,50.160412764014));
#11214=CARTESIAN_POINT('',(64.8860969021896,-51.86575886872,50.1678014141));
#11215=CARTESIAN_POINT('',(64.9034787711568,-51.860931516103,50.1738356048713));
#11216=CARTESIAN_POINT('',(64.9164917400903,-51.8572613242385,50.1784233447019));
#11217=CARTESIAN_POINT('',(64.9273120848272,-51.8541626862293,50.1822966422134));
#11218=CARTESIAN_POINT('',(64.9348822473897,-51.8519700937024,50.185037382872));
#11219=CARTESIAN_POINT('',(64.9391946274067,-51.8507140556273,50.1866074304659));
#11220=CARTESIAN_POINT('',(64.9424565802008,-51.8497603706902,50.1877995366373));
#11221=CARTESIAN_POINT('',(64.9456053894096,-51.848836363329,50.1889545458387));
#11222=CARTESIAN_POINT('',(64.9498404460891,-51.8475891232883,50.1905135958896));
#11223=CARTESIAN_POINT('',(64.9572278097658,-51.8454015973597,50.1932480033003));
#11224=CARTESIAN_POINT('',(64.9677738846557,-51.8422447916318,50.1971940104603));
#11225=CARTESIAN_POINT('',(64.9803982865193,-51.8384114076892,50.2019857403885));
#11226=CARTESIAN_POINT('',(64.9971964499512,-51.8332379495641,50.2084525630449));
#11227=CARTESIAN_POINT('',(65.018126631716,-51.8266552465263,50.2166809418421));
#11228=CARTESIAN_POINT('',(65.0514717547814,-51.8158754838709,50.2301556451614));
#11229=CARTESIAN_POINT('',(65.0846038430954,-51.8047239025931,50.2440951217586));
#11230=CARTESIAN_POINT('',(65.113402266027,-51.7946430328222,50.2566962089723));
#11231=CARTESIAN_POINT('',(65.1277602495077,-51.7895193022685,50.2631008721643));
#11232=CARTESIAN_POINT('',(65.1359421780333,-51.7865716195353,50.2667854755809));
#11233=CARTESIAN_POINT('',(65.1420979239273,-51.7843397634205,50.2695752957244));
#11234=CARTESIAN_POINT('',(65.1481475350104,-51.7821325999598,50.2723342500503));
#11235=CARTESIAN_POINT('',(65.1562376504616,-51.7791626752685,50.2760466559143));
#11236=CARTESIAN_POINT('',(65.170352256232,-51.7739327398551,50.2825840751812));
#11237=CARTESIAN_POINT('',(65.1984840613649,-51.7633154447089,50.2958556941139));
#11238=CARTESIAN_POINT('',(65.2383571505859,-51.7477113550631,50.3153608061712));
#11239=CARTESIAN_POINT('',(65.2778147507413,-51.7315239221792,50.3355950972759));
#11240=CARTESIAN_POINT('',(65.3052249522966,-51.7198827977839,50.3501465027701));
#11241=CARTESIAN_POINT('',(65.3208142224526,-51.7131482335541,50.3585647080574));
#11242=CARTESIAN_POINT('',(65.3325080393682,-51.7080389438334,50.3649513202082));
#11243=CARTESIAN_POINT('',(65.3440450661316,-51.7029414369105,50.3713232038619));
#11244=CARTESIAN_POINT('',(65.3594230483188,-51.6960712798641,50.3799109001698));
#11245=CARTESIAN_POINT('',(65.3861911087124,-51.6839128067448,50.395108991569));
#11246=CARTESIAN_POINT('',(65.4165091634519,-51.6696837653543,50.4128952933072));
#11247=CARTESIAN_POINT('',(65.4465416094961,-51.6551261488064,50.431092313992));
#11248=CARTESIAN_POINT('',(65.4651946328354,-51.6458899546946,50.4426375566318));
#11249=CARTESIAN_POINT('',(65.4800460177683,-51.6384187210627,50.4519765986716));
#11250=CARTESIAN_POINT('',(65.4911501242233,-51.632773593744,50.45903300782));
#11251=CARTESIAN_POINT('',(65.5003713140737,-51.6280364176128,50.4649544779841));
#11252=CARTESIAN_POINT('',(65.5068161817254,-51.624699484735,50.4691256440812));
#11253=CARTESIAN_POINT('',(65.5104859803337,-51.6227919885388,50.4715100143265));
#11254=CARTESIAN_POINT('',(65.5132602573029,-51.6213461760744,50.473317279907));
#11255=CARTESIAN_POINT('',(65.5159400683933,-51.619945999109,50.4750675011138));
#11256=CARTESIAN_POINT('',(65.5195421429692,-51.6180592091548,50.4774259885565));
#11257=CARTESIAN_POINT('',(65.5258225689051,-51.6147568682408,50.4815539146991));
#11258=CARTESIAN_POINT('',(65.5347789051552,-51.6100115645619,50.4874855442976));
#11259=CARTESIAN_POINT('',(65.5454855148421,-51.6042811923774,50.4946485095282));
#11260=CARTESIAN_POINT('',(65.5597119734835,-51.59658974834,50.504262814575));
#11261=CARTESIAN_POINT('',(65.577400532775,-51.5868812711386,50.5163984110768));
#11262=CARTESIAN_POINT('',(65.5984764158639,-51.5750799865085,50.5311500168644));
#11263=CARTESIAN_POINT('',(65.6194016246506,-51.5631277452555,50.5460903184306));
#11264=CARTESIAN_POINT('',(65.6367139955623,-51.5530415929249,50.5586980088439));
#11265=CARTESIAN_POINT('',(65.650488232347,-51.5448973924475,50.5688782594406));
#11266=CARTESIAN_POINT('',(65.6607822782549,-51.5387508686912,50.576561414136));
#11267=CARTESIAN_POINT('',(65.6693260618899,-51.5335992763056,50.583000904618));
#11268=CARTESIAN_POINT('',(65.6752965567698,-51.529972774931,50.5875340313363));
#11269=CARTESIAN_POINT('',(65.6786937016283,-51.5279018113433,50.5901227358209));
#11270=CARTESIAN_POINT('',(65.6812669862382,-51.5263292084385,50.5920884894519));
#11271=CARTESIAN_POINT('',(65.6837317338449,-51.5248193074333,50.5939758657084));
#11272=CARTESIAN_POINT('',(65.6870518660387,-51.5227806355495,50.5965242055632));
#11273=CARTESIAN_POINT('',(65.692836409113,-51.5192160084381,50.6009799894524));
#11274=CARTESIAN_POINT('',(65.7010849418663,-51.5140967768556,50.6073790289305));
#11275=CARTESIAN_POINT('',(65.7109407339819,-51.507921820654,50.6150977241825));
#11276=CARTESIAN_POINT('',(65.7240316880669,-51.4996420734225,50.6254474082219));
#11277=CARTESIAN_POINT('',(65.7402984500609,-51.4892070802281,50.6384911497149));
#11278=CARTESIAN_POINT('',(65.7661197267437,-51.47232833889,50.6595895763875));
#11279=CARTESIAN_POINT('',(65.7980103574439,-51.4508876020126,50.6863904974843));
#11280=CARTESIAN_POINT('',(65.8356617530899,-51.4246109088501,50.7192363639373));
#11281=CARTESIAN_POINT('',(65.8726957275034,-51.3977864460092,50.7527669424885));
#11282=CARTESIAN_POINT('',(65.903042902739,-51.3749762152912,50.7812797308861));
#11283=CARTESIAN_POINT('',(65.9270118766776,-51.3564541927751,50.8044322590311));
#11284=CARTESIAN_POINT('',(65.9418640078639,-51.3447636851348,50.8190453935815));
#11285=CARTESIAN_POINT('',(65.9536681991544,-51.3353430853651,50.8308211432936));
#11286=CARTESIAN_POINT('',(65.9624836816513,-51.3282426343716,50.8396967070355));
#11287=CARTESIAN_POINT('',(65.969794812959,-51.3222994940777,50.8471256324029));
#11288=CARTESIAN_POINT('',(65.9749015077048,-51.3181195435128,50.852350570609));
#11289=CARTESIAN_POINT('',(65.9778057628816,-51.3157341748248,50.855332281469));
#11290=CARTESIAN_POINT('',(65.980006987675,-51.3139220103468,50.8575974870665));
#11291=CARTESIAN_POINT('',(65.9821085365257,-51.3121879717924,50.8597650352595));
#11292=CARTESIAN_POINT('',(65.9849415556043,-51.3098452143091,50.8626934821136));
#11293=CARTESIAN_POINT('',(65.9898755723957,-51.3057512308489,50.8678109614389));
#11294=CARTESIAN_POINT('',(65.9969097699597,-51.2998753319382,50.8751558350773));
#11295=CARTESIAN_POINT('',(66.0053109855878,-51.2927943075973,50.8840071155035));
#11296=CARTESIAN_POINT('',(66.0164654721699,-51.28330810759,50.8958648655125));
#11297=CARTESIAN_POINT('',(66.0303174583075,-51.2713685532621,50.9107893084224));
#11298=CARTESIAN_POINT('',(66.046794909937,-51.2569094900271,50.9288631374662));
#11299=CARTESIAN_POINT('',(66.0631271916514,-51.2423190257338,50.9471012178328));
#11300=CARTESIAN_POINT('',(66.0766165257419,-51.2300507406061,50.9624365742424));
#11301=CARTESIAN_POINT('',(66.0873353934826,-51.2201704286857,50.9747869641428));
#11302=CARTESIAN_POINT('',(66.0940045436725,-51.2139677631806,50.9825402960242));
#11303=CARTESIAN_POINT('',(66.0993215183376,-51.2089893960461,50.9887632549424));
#11304=CARTESIAN_POINT('',(66.1033007436916,-51.2052468684568,50.993441414429));
#11305=CARTESIAN_POINT('',(66.1066074123701,-51.2021229569742,50.9973463037822));
#11306=CARTESIAN_POINT('',(66.1089216338195,-51.1999292734006,51.0000884082493));
#11307=CARTESIAN_POINT('',(66.1102374140307,-51.1986799457649,51.0016500677939));
#11308=CARTESIAN_POINT('',(66.111239171221,-51.1977276957992,51.002840380251));
#11309=CARTESIAN_POINT('',(66.1121811551653,-51.1968312790902,51.0039609011373));
#11310=CARTESIAN_POINT('',(66.113457145689,-51.1956157276126,51.0054803404842));
#11311=CARTESIAN_POINT('',(66.1156787529571,-51.1934958921554,51.0081301348058));
#11312=CARTESIAN_POINT('',(66.1188525343784,-51.1904576922673,51.0119278846659));
#11313=CARTESIAN_POINT('',(66.122650948938,-51.186805779085,51.0164927761437));
#11314=CARTESIAN_POINT('',(66.1277056314211,-51.1819250160529,51.0225937299339));
#11315=CARTESIAN_POINT('',(66.134003808169,-51.1758040014951,51.0302449981311));
#11316=CARTESIAN_POINT('',(66.1440385422598,-51.1659669220635,51.0425413474207));
#11317=CARTESIAN_POINT('',(66.1565022358178,-51.1535893969788,51.0580132537765));
#11318=CARTESIAN_POINT('',(66.1713312128832,-51.1386063870112,51.076742016236));
#11319=CARTESIAN_POINT('',(66.1860326976153,-51.1234934339251,51.0956332075936));
#11320=CARTESIAN_POINT('',(66.1981777289747,-51.110790980091,51.1115112748863));
#11321=CARTESIAN_POINT('',(66.2078299586111,-51.1005640996852,51.1242948753934));
#11322=CARTESIAN_POINT('',(66.2138361713333,-51.0941450859543,51.1323186425572));
#11323=CARTESIAN_POINT('',(66.2186249153404,-51.088993948668,51.138757564165));
#11324=CARTESIAN_POINT('',(66.2222093036219,-51.0851216017078,51.1435979978652));
#11325=CARTESIAN_POINT('',(66.2251871167758,-51.0818906501923,51.1476366872596));
#11326=CARTESIAN_POINT('',(66.2272730801482,-51.0796199888858,51.1504750138928));
#11327=CARTESIAN_POINT('',(66.2284562875777,-51.0783299496516,51.1520875629355));
#11328=CARTESIAN_POINT('',(66.2293650994974,-51.0773379769472,51.153327528816));
#11329=CARTESIAN_POINT('',(66.230189684067,-51.0764369907273,51.1544537615909));
#11330=CARTESIAN_POINT('',(66.2313178001425,-51.0752031322475,51.1559960846906));
#11331=CARTESIAN_POINT('',(66.2332769072328,-51.0730570668347,51.1586786664567));
#11332=CARTESIAN_POINT('',(66.2360785346819,-51.0699786936393,51.1625266329508));
#11333=CARTESIAN_POINT('',(66.2394306916146,-51.0662803018997,51.1671496226254));
#11334=CARTESIAN_POINT('',(66.2438923012092,-51.0613377239208,51.173327845099));
#11335=CARTESIAN_POINT('',(66.2494520783203,-51.0551407233918,51.1810740957602));
#11336=CARTESIAN_POINT('',(66.2583119352823,-51.0451843916626,51.1935195104218));
#11337=CARTESIAN_POINT('',(66.2693192050675,-51.032662349788,51.209172062765));
#11338=CARTESIAN_POINT('',(66.2824199883595,-51.0175131412175,51.2281085734781));
#11339=CARTESIAN_POINT('',(66.2954127932176,-51.0022412157815,51.2471984802731));
#11340=CARTESIAN_POINT('',(66.3125925752726,-50.9817150113239,51.2728562358451));
#11341=CARTESIAN_POINT('',(66.3337973758377,-50.9557504427622,51.3053119465472));
#11342=CARTESIAN_POINT('',(66.3546422753554,-50.9293767884457,51.3382790144429));
#11343=CARTESIAN_POINT('',(66.3711022540809,-50.9080324138153,51.3649594827308));
#11344=CARTESIAN_POINT('',(66.3833392676652,-50.8919014072916,51.3851232408855));
#11345=CARTESIAN_POINT('',(66.3934468038032,-50.8783566302738,51.4020542121578));
#11346=CARTESIAN_POINT('',(66.4014788471297,-50.8674594463851,51.4156756920187));
#11347=CARTESIAN_POINT('',(66.4074758880469,-50.8592558756069,51.4259301554914));
#11348=CARTESIAN_POINT('',(66.4134459324411,-50.8510216289901,51.4362229637624));
#11349=CARTESIAN_POINT('',(66.4183984878064,-50.8441341716374,51.4448322854533));
#11350=CARTESIAN_POINT('',(66.4223470084589,-50.8386089038761,51.4517388701549));
#11351=CARTESIAN_POINT('',(66.4248092726477,-50.835149131177,51.4560635860287));
#11352=CARTESIAN_POINT('',(66.4267755673813,-50.8323776802706,51.4595278996617));
#11353=CARTESIAN_POINT('',(66.4282489916753,-50.8302966202515,51.4621292246856));
#11354=CARTESIAN_POINT('',(66.4294741978428,-50.8285625687394,51.4642967890758));
#11355=CARTESIAN_POINT('',(66.4303335405795,-50.8273444335848,51.465819458019));
#11356=CARTESIAN_POINT('',(66.4308205783014,-50.8266535193952,51.466683100756));
#11357=CARTESIAN_POINT('',(66.4311964681831,-50.8261199942984,51.467350007127));
#11358=CARTESIAN_POINT('',(66.4315312866996,-50.8256445264038,51.4679443419953));
#11359=CARTESIAN_POINT('',(66.4319918782432,-50.8249901486134,51.4687623142332));
#11360=CARTESIAN_POINT('',(66.4327909225685,-50.82385408631,51.4701823921125));
#11361=CARTESIAN_POINT('',(66.4339349490972,-50.8222251904975,51.4722185118782));
#11362=CARTESIAN_POINT('',(66.4353047755028,-50.8202710174896,51.474661228138));
#11363=CARTESIAN_POINT('',(66.4371297109779,-50.8176625638748,51.4779217951565));
#11364=CARTESIAN_POINT('',(66.4394069141402,-50.8143982169763,51.4820022287796));
#11365=CARTESIAN_POINT('',(66.4430424578336,-50.8091665171863,51.4885418535171));
#11366=CARTESIAN_POINT('',(66.4475717014391,-50.8026108096312,51.4967364879609));
#11367=CARTESIAN_POINT('',(66.4529825654887,-50.7947181296411,51.5066023379487));
#11368=CARTESIAN_POINT('',(66.4583691826897,-50.786799645086,51.5165004436425));
#11369=CARTESIAN_POINT('',(66.4655190164213,-50.7762072502315,51.5297409372106));
#11370=CARTESIAN_POINT('',(66.4743957007934,-50.7629022320099,51.5463722099877));
#11371=CARTESIAN_POINT('',(66.4849507505253,-50.7468329693446,51.5664587883193));
#11372=CARTESIAN_POINT('',(66.4988948544737,-50.7252696318777,51.5934129601529));
#11373=CARTESIAN_POINT('',(66.5160825551597,-50.6980573586966,51.6274283016293));
#11374=CARTESIAN_POINT('',(66.5329470167184,-50.670500950603,51.6618738117462));
#11375=CARTESIAN_POINT('',(66.5462446426765,-50.6482493428407,51.6896883214491));
#11376=CARTESIAN_POINT('',(66.5561208900426,-50.6314573972124,51.7106782534845));
#11377=CARTESIAN_POINT('',(66.5642702876452,-50.6173780731825,51.7282774085219));
#11378=CARTESIAN_POINT('',(66.570741317116,-50.6060629987381,51.7424212515774));
#11379=CARTESIAN_POINT('',(66.5755703538131,-50.5975508690161,51.7530614137299));
#11380=CARTESIAN_POINT('',(66.5803751188655,-50.5890129816897,51.7637337728879));
#11381=CARTESIAN_POINT('',(66.5843589767513,-50.5818764035317,51.7726544955854));
#11382=CARTESIAN_POINT('',(66.587533741274,-50.5761546023491,51.7798067470637));
#11383=CARTESIAN_POINT('',(66.5899093012283,-50.5718557978739,51.7851802526576));
#11384=CARTESIAN_POINT('',(66.5918821430653,-50.5682712678851,51.7896609151437));
#11385=CARTESIAN_POINT('',(66.5932638971205,-50.5657530250861,51.7928087186423));
#11386=CARTESIAN_POINT('',(66.594047378947,-50.564322979649,51.7945962754388));
#11387=CARTESIAN_POINT('',(66.5946496384073,-50.5632225566228,51.7959718042215));
#11388=CARTESIAN_POINT('',(66.5951940786909,-50.5622267944665,51.7972165069169));
#11389=CARTESIAN_POINT('',(66.5959395573568,-50.5608620795168,51.798922400604));
#11390=CARTESIAN_POINT('',(66.597233538727,-50.5584897955762,51.8018877555298));
#11391=CARTESIAN_POINT('',(66.59908334094,-50.5550887772201,51.8061390284748));
#11392=CARTESIAN_POINT('',(66.601295214845,-50.5510063774289,51.8112420282139));
#11393=CARTESIAN_POINT('',(66.6042373776968,-50.5455551836827,51.8180560203966));
#11394=CARTESIAN_POINT('',(66.607900333471,-50.5387291594656,51.826588550668));
#11395=CARTESIAN_POINT('',(66.6137302735536,-50.5277806231823,51.8402742210222));
#11396=CARTESIAN_POINT('',(66.6209596591771,-50.514045085973,51.8574436425338));
#11397=CARTESIAN_POINT('',(66.6295421559872,-50.497482476715,51.8781469041062));
#11398=CARTESIAN_POINT('',(66.6380318608162,-50.4808399504319,51.8989500619602));
#11399=CARTESIAN_POINT('',(66.6492277538703,-50.4585433424372,51.9268208219535));
#11400=CARTESIAN_POINT('',(66.6629906532728,-50.4304727660844,51.9619090423945));
#11401=CARTESIAN_POINT('',(66.6764442648147,-50.4021357653066,51.9973302933668));
#11402=CARTESIAN_POINT('',(66.6870215806444,-50.379306311551,52.0258671105612));
#11403=CARTESIAN_POINT('',(66.6948617820932,-50.3621042916586,52.0473696354267));
#11404=CARTESIAN_POINT('',(66.702609193037,-50.3448223542154,52.0689720572308));
#11405=CARTESIAN_POINT('',(66.7089880592755,-50.3303541041449,52.0870573698189));
#11406=CARTESIAN_POINT('',(66.7140447309838,-50.3187396069364,52.1015754913295));
#11407=CARTESIAN_POINT('',(66.7171858841252,-50.3114637435723,52.1106703205347));
#11408=CARTESIAN_POINT('',(66.7196870621194,-50.3056334081275,52.1179582398406));
#11409=CARTESIAN_POINT('',(66.7215575467807,-50.3012547133927,52.1234316082591));
#11410=CARTESIAN_POINT('',(66.7231101778865,-50.2976046530559,52.1279941836802));
#11411=CARTESIAN_POINT('',(66.7241969817032,-50.2950415088352,52.131198113956));
#11412=CARTESIAN_POINT('',(66.7248133853093,-50.293585468657,52.1330181641788));
#11413=CARTESIAN_POINT('',(66.725286318273,-50.2924671024535,52.1344161219331));
#11414=CARTESIAN_POINT('',(66.72571686909,-50.2914479004075,52.1356901244907));
#11415=CARTESIAN_POINT('',(66.7263051344213,-50.2900539936137,52.1374325079829));
#11416=CARTESIAN_POINT('',(66.727326548657,-50.2876300163929,52.1404624795089));
#11417=CARTESIAN_POINT('',(66.7287858008922,-50.2841564810153,52.1448043987309));
#11418=CARTESIAN_POINT('',(66.730529803018,-50.2799882277194,52.1500147153507));
#11419=CARTESIAN_POINT('',(66.7328482439797,-50.2744244601314,52.1569694248358));
#11420=CARTESIAN_POINT('',(66.7357321827079,-50.2674611191832,52.1656736010209));
#11421=CARTESIAN_POINT('',(66.7403168702632,-50.2563001960494,52.1796247549383));
#11422=CARTESIAN_POINT('',(66.7459919760379,-50.2423128700249,52.1971089124689));
#11423=CARTESIAN_POINT('',(66.7527129682277,-50.2254700352323,52.2181624559597));
#11424=CARTESIAN_POINT('',(66.7593448066253,-50.2085692019268,52.2392884975915));
#11425=CARTESIAN_POINT('',(66.7680683928698,-50.1859574101562,52.2675532373048));
#11426=CARTESIAN_POINT('',(66.7787500007411,-50.1575476516066,52.3030654354918));
#11427=CARTESIAN_POINT('',(66.789134442983,-50.1289445322632,52.338819334671));
#11428=CARTESIAN_POINT('',(66.7972636969888,-50.1059460214881,52.3675674731399));
#11429=CARTESIAN_POINT('',(66.8032714882997,-50.0886391285784,52.3892010892771));
#11430=CARTESIAN_POINT('',(66.8091901276553,-50.0712742344953,52.4109072068809));
#11431=CARTESIAN_POINT('',(66.8140480424448,-50.0567551280798,52.4290560899003));
#11432=CARTESIAN_POINT('',(66.817889784159,-50.0451108866964,52.4436113916295));
#11433=CARTESIAN_POINT('',(66.8202723345408,-50.0378210420896,52.452723697388));
#11434=CARTESIAN_POINT('',(66.822167151703,-50.031982164431,52.4600222944613));
#11435=CARTESIAN_POINT('',(66.8235829101721,-50.027598698839,52.4655016264513));
#11436=CARTESIAN_POINT('',(66.8247573739109,-50.0239449586541,52.4700688016824));
#11437=CARTESIAN_POINT('',(66.8255784184146,-50.0213814976505,52.4732731279369));
#11438=CARTESIAN_POINT('',(66.826044770478,-50.0199228561153,52.4750964298558));
#11439=CARTESIAN_POINT('',(66.8264001576309,-50.0188099250399,52.4764875937002));
#11440=CARTESIAN_POINT('',(66.8267323710269,-50.0177683374358,52.4777895782052));
#11441=CARTESIAN_POINT('',(66.8271828412212,-50.0163543813232,52.479557023346));
#11442=CARTESIAN_POINT('',(66.8279662783771,-50.0138909827964,52.4826362715045));
#11443=CARTESIAN_POINT('',(66.8290840603485,-50.0103640581893,52.4870449272634));
#11444=CARTESIAN_POINT('',(66.8304192010126,-50.0061316173831,52.4923354782712));
#11445=CARTESIAN_POINT('',(66.832192522519,-50.0004838117306,52.4993952353367));
#11446=CARTESIAN_POINT('',(66.8343956572831,-49.993417535413,52.5082280807337));
#11447=CARTESIAN_POINT('',(66.8378921038136,-49.9820967481622,52.5223790647973));
#11448=CARTESIAN_POINT('',(66.8422089717829,-49.967918502567,52.5401018717912));
#11449=CARTESIAN_POINT('',(66.8473033476827,-49.9508608683867,52.5614239145167));
#11450=CARTESIAN_POINT('',(66.8523118475696,-49.933759527146,52.5828005910675));
#11451=CARTESIAN_POINT('',(66.8588753497368,-49.9108994512669,52.6113756859163));
#11452=CARTESIAN_POINT('',(66.866865042652,-49.8822150723159,52.6472311596051));
#11453=CARTESIAN_POINT('',(66.8745684894046,-49.8533849807819,52.6832687740226));
#11454=CARTESIAN_POINT('',(66.8805594994794,-49.8302334782841,52.7122081521449));
#11455=CARTESIAN_POINT('',(66.8849668822504,-49.8128261417086,52.7339673228642));
#11456=CARTESIAN_POINT('',(66.8892883948488,-49.7953750752009,52.7557811559989));
#11457=CARTESIAN_POINT('',(66.8928180824303,-49.7807961414907,52.7740048231367));
#11458=CARTESIAN_POINT('',(66.895598921095,-49.7691110256898,52.7886112178877));
#11459=CARTESIAN_POINT('',(66.89731899679,-49.7617989759846,52.7977512800192));
#11460=CARTESIAN_POINT('',(66.8986844561532,-49.7559432885978,52.8050708892527));
#11461=CARTESIAN_POINT('',(66.8997028193075,-49.751550388257,52.8105620146788));
#11462=CARTESIAN_POINT('',(66.9005481414213,-49.7478822798925,52.8151471501343));
#11463=CARTESIAN_POINT('',(66.901219116689,-49.7449578236387,52.8188027204516));
#11464=CARTESIAN_POINT('',(66.9017281077116,-49.7427326577167,52.8215841778541));
#11465=CARTESIAN_POINT('',(66.9022086509867,-49.7406256733248,52.8242179083441));
#11466=CARTESIAN_POINT('',(66.9028571933083,-49.7377739702277,52.8277825372154));
#11467=CARTESIAN_POINT('',(66.9036614641296,-49.7342219374953,52.8322225781309));
#11468=CARTESIAN_POINT('',(66.9046229460247,-49.7299507673988,52.8375615407516));
#11469=CARTESIAN_POINT('',(66.9058977176581,-49.7242544906007,52.8446818867491));
#11470=CARTESIAN_POINT('',(66.9074787544742,-49.7171268292915,52.8535914633857));
#11471=CARTESIAN_POINT('',(66.909981451834,-49.7057089280623,52.8678638399222));
#11472=CARTESIAN_POINT('',(66.9130594774226,-49.6914100667776,52.8857374165281));
#11473=CARTESIAN_POINT('',(66.9166724894508,-49.6742093413251,52.9072383233437));
#11474=CARTESIAN_POINT('',(66.9202049001944,-49.6569664479081,52.928791940115));
#11475=CARTESIAN_POINT('',(66.9248073065759,-49.6339197267706,52.9576003415367));
#11476=CARTESIAN_POINT('',(66.9303588029019,-49.605005941608,52.9937425729901));
#11477=CARTESIAN_POINT('',(66.9366981770092,-49.5701408026263,53.0373239967172));
#11478=CARTESIAN_POINT('',(66.941712309998,-49.5409459837342,53.0738175203323));
#11479=CARTESIAN_POINT('',(66.9455623966237,-49.5175058919814,53.1031176350233));
#11480=CARTESIAN_POINT('',(66.9479015523437,-49.5028205554311,53.1214743057111));
#11481=CARTESIAN_POINT('',(66.9497325231845,-49.4910515598396,53.1361855502005));
#11482=CARTESIAN_POINT('',(66.9510857404077,-49.4822133180207,53.147233352474));
#11483=CARTESIAN_POINT('',(66.9521961823052,-49.4748423797345,53.1564470253319));
#11484=CARTESIAN_POINT('',(66.9529655515546,-49.4696721371065,53.1629098286168));
#11485=CARTESIAN_POINT('',(66.9534013042803,-49.466725725699,53.1665928428762));
#11486=CARTESIAN_POINT('',(66.953730712882,-49.4644889752053,53.1693887809934));
#11487=CARTESIAN_POINT('',(66.9540441319614,-49.4623520342507,53.1720599571866));
#11488=CARTESIAN_POINT('',(66.9544656562329,-49.4594664979861,53.1756668775174));
#11489=CARTESIAN_POINT('',(66.9551968658094,-49.4544301197651,53.1819623502937));
#11490=CARTESIAN_POINT('',(66.9562311476718,-49.4472180183395,53.1909774770756));
#11491=CARTESIAN_POINT('',(66.9574532447332,-49.438553204995,53.2018084937563));
#11492=CARTESIAN_POINT('',(66.9590582270329,-49.4269802365434,53.2162747043207));
#11493=CARTESIAN_POINT('',(66.9610181356425,-49.412479584599,53.2344005192512));
#11494=CARTESIAN_POINT('',(66.9632960484422,-49.3950227863905,53.2562215170119));
#11495=CARTESIAN_POINT('',(66.9654999412895,-49.3775102772416,53.278112153448));
#11496=CARTESIAN_POINT('',(66.9672748656941,-49.36286983544,53.2964127057001));
#11497=CARTESIAN_POINT('',(66.9686577618658,-49.3511299391703,53.3110875760372));
#11498=CARTESIAN_POINT('',(66.9696765404927,-49.3423100757162,53.3221124053548));
#11499=CARTESIAN_POINT('',(66.9705097605633,-49.3349517030536,53.331310371183));
#11500=CARTESIAN_POINT('',(66.9710855952447,-49.3297885729632,53.337764283796));
#11501=CARTESIAN_POINT('',(66.9714112767688,-49.3268460942762,53.3414423821547));
#11502=CARTESIAN_POINT('',(66.9716573511185,-49.3246112478949,53.3442359401313));
#11503=CARTESIAN_POINT('',(66.9718909179354,-49.3224791777854,53.3469010277682));
#11504=CARTESIAN_POINT('',(66.9722049344542,-49.3195984932571,53.3505018834286));
#11505=CARTESIAN_POINT('',(66.9727489215108,-49.3145698816174,53.3567876479783));
#11506=CARTESIAN_POINT('',(66.9735165048739,-49.3073649787424,53.365793776572));
#11507=CARTESIAN_POINT('',(66.9744203652546,-49.2987031425295,53.3766210718381));
#11508=CARTESIAN_POINT('',(66.9756032272884,-49.2871263922313,53.3910920097109));
#11509=CARTESIAN_POINT('',(66.9770396973196,-49.2726065696236,53.4092417879705));
#11510=CARTESIAN_POINT('',(66.9786961908785,-49.2551036441432,53.431120444821));
#11511=CARTESIAN_POINT('',(66.980285386046,-49.2375218368432,53.453097703946));
#11512=CARTESIAN_POINT('',(66.9815536417861,-49.2228045097844,53.4714943627695));
#11513=CARTESIAN_POINT('',(66.9825345959712,-49.2109912339881,53.4862609575149));
#11514=CARTESIAN_POINT('',(66.9831336825362,-49.2035913666012,53.4955107917485));
#11515=CARTESIAN_POINT('',(66.9836045188713,-49.197661887913,53.5029226401087));
#11516=CARTESIAN_POINT('',(66.9839534989733,-49.193209070479,53.5084886619013));
#11517=CARTESIAN_POINT('',(66.9842406245046,-49.189496741689,53.5131290728887));
#11518=CARTESIAN_POINT('',(66.9844401382146,-49.1868911175291,53.5163861030887));
#11519=CARTESIAN_POINT('',(66.9845530490773,-49.185409122847,53.5182385964412));
#11520=CARTESIAN_POINT('',(66.9846390785916,-49.1842760495975,53.5196549380031));
#11521=CARTESIAN_POINT('',(66.9847186939654,-49.1832239683969,53.5209700395039));
#11522=CARTESIAN_POINT('',(66.9848267032006,-49.1817921360045,53.5227598299943));
#11523=CARTESIAN_POINT('',(66.9850139191963,-49.1792979917554,53.5258775103057));
#11524=CARTESIAN_POINT('',(66.9852796258729,-49.1757232116106,53.5303459854867));
#11525=CARTESIAN_POINT('',(66.9855946161692,-49.171428767013,53.5357140412338));
#11526=CARTESIAN_POINT('',(66.9860098382203,-49.1656915774557,53.5428855281804));
#11527=CARTESIAN_POINT('',(66.986519757118,-49.1585012663794,53.5518734170258));
#11528=CARTESIAN_POINT('',(66.9873162679822,-49.1469556565142,53.5663054293573));
#11529=CARTESIAN_POINT('',(66.988275574378,-49.1324469982058,53.5844412522428));
#11530=CARTESIAN_POINT('',(66.9893686210277,-49.1149138368569,53.6063577039289));
#11531=CARTESIAN_POINT('',(66.9902310567116,-49.1002005902062,53.6247492622423));
#11532=CARTESIAN_POINT('',(66.9908919437168,-49.0883686209838,53.6395392237702));
#11533=CARTESIAN_POINT('',(66.9913730782267,-49.0794639569469,53.6506700538163));
#11534=CARTESIAN_POINT('',(66.9918396816269,-49.070528613914,53.6618392326074));
#11535=CARTESIAN_POINT('',(66.9922164097326,-49.0630569027837,53.6711788715203));
#11536=CARTESIAN_POINT('',(66.9925105246905,-49.0570642373107,53.6786697033617));
#11537=CARTESIAN_POINT('',(66.992691324119,-49.0533123233341,53.6833595958324));
#11538=CARTESIAN_POINT('',(66.9928341362448,-49.0503071974508,53.6871160031865));
#11539=CARTESIAN_POINT('',(66.9929403674618,-49.0480507753441,53.6899365308199));
#11540=CARTESIAN_POINT('',(66.9930280402799,-49.0461709244541,53.6922863444324));
#11541=CARTESIAN_POINT('',(66.9930892030747,-49.044850070403,53.6939374119963));
#11542=CARTESIAN_POINT('',(66.9931237443808,-49.0441014889831,53.6948731387711));
#11543=CARTESIAN_POINT('',(66.9931504255782,-49.0435218138514,53.6955977326857));
#11544=CARTESIAN_POINT('',(66.9931738697695,-49.0430112796321,53.6962359004599));
#11545=CARTESIAN_POINT('',(66.9932061824951,-49.0423061068311,53.6971173664611));
#11546=CARTESIAN_POINT('',(66.993262054294,-49.0410826097495,53.6986467378131));
#11547=CARTESIAN_POINT('',(66.9933416947379,-49.0393268234568,53.700841470679));
#11548=CARTESIAN_POINT('',(66.9934364309445,-49.0372191357047,53.7034760803691));
#11549=CARTESIAN_POINT('',(66.993561831463,-49.0344036496334,53.7069954379582));
#11550=CARTESIAN_POINT('',(66.9937167776513,-49.0308764282726,53.7114044646593));
#11551=CARTESIAN_POINT('',(66.9939608794185,-49.0252152860442,53.7184808924448));
#11552=CARTESIAN_POINT('',(66.994258841663,-49.0181062545778,53.7273671817778));
#11553=CARTESIAN_POINT('',(66.9946049378153,-49.0095231335819,53.7380960830227));
#11554=CARTESIAN_POINT('',(66.9949395739797,-49.0008877607792,53.7488902990261));
#11555=CARTESIAN_POINT('',(66.9953704760621,-48.9893042501384,53.763369687327));
#11556=CARTESIAN_POINT('',(66.9958804544221,-48.97469421653,53.7816322293374));
#11557=CARTESIAN_POINT('',(66.9963522338533,-48.9599099878444,53.8001125151945));
#11558=CARTESIAN_POINT('',(66.9967067380309,-48.9479780880448,53.815027389944));
#11559=CARTESIAN_POINT('',(66.9969611564801,-48.9389769048327,53.8262788689591));
#11560=CARTESIAN_POINT('',(66.9971636221248,-48.9314323698507,53.8357095376866));
#11561=CARTESIAN_POINT('',(66.9973198647859,-48.9253706132585,53.8432867334269));
#11562=CARTESIAN_POINT('',(66.9974341818979,-48.9208112295269,53.8489859630914));
#11563=CARTESIAN_POINT('',(66.9975456339487,-48.9162387875877,53.8547015155153));
#11564=CARTESIAN_POINT('',(66.9976361236615,-48.9124175121864,53.8594781097671));
#11565=CARTESIAN_POINT('',(66.9977070819914,-48.9093540042239,53.8633074947201));
#11566=CARTESIAN_POINT('',(66.9977508363202,-48.9074364882663,53.8657043896672));
#11567=CARTESIAN_POINT('',(66.9977854765585,-48.9059010753076,53.8676236558655));
#11568=CARTESIAN_POINT('',(66.9978112916701,-48.9047480614118,53.8690649232353));
#11569=CARTESIAN_POINT('',(66.9978326105428,-48.9037885644776,53.8702642944031));
#11570=CARTESIAN_POINT('',(66.9978475427572,-48.9031125786575,53.871109276678));
#11571=CARTESIAN_POINT('',(66.9978559166929,-48.9027324145603,53.8715844817997));
#11572=CARTESIAN_POINT('',(66.9978625701271,-48.9024297310611,53.8719628361737));
#11573=CARTESIAN_POINT('',(66.9978677438643,-48.902193926308,53.8722575921151));
#11574=CARTESIAN_POINT('',(66.9978751461,-48.9018560218713,53.8726799726609));
#11575=CARTESIAN_POINT('',(66.9978878352997,-48.9012752207034,53.8734059741208));
#11576=CARTESIAN_POINT('',(66.9979060152167,-48.9004388028649,53.8744514964189));
#11577=CARTESIAN_POINT('',(66.9979276613785,-48.8994359199943,53.8757051000071));
#11578=CARTESIAN_POINT('',(66.9979563867129,-48.8980957354828,53.8773803306466));
#11579=CARTESIAN_POINT('',(66.9979919965045,-48.8964167526717,53.8794790591604));
#11580=CARTESIAN_POINT('',(66.9980483560766,-48.893721591232,53.88284801096));
#11581=CARTESIAN_POINT('',(66.9981176424249,-48.890336521328,53.88707934834));
#11582=CARTESIAN_POINT('',(66.9981989275477,-48.8862485351314,53.8921893310857));
#11583=CARTESIAN_POINT('',(66.9982783535081,-48.8821346769807,53.8973316537741));
#11584=CARTESIAN_POINT('',(66.9983817761421,-48.8766150260598,53.9042312174253));
#11585=CARTESIAN_POINT('',(66.9985064068637,-48.8696507672732,53.9129365409085));
#11586=CARTESIAN_POINT('',(66.99864852765,-48.8611901429549,53.9235123213064));
#11587=CARTESIAN_POINT('',(66.9988281072471,-48.8497712927187,53.9377858841016));
#11588=CARTESIAN_POINT('',(66.9990339915276,-48.8352389462651,53.9559513171686));
#11589=CARTESIAN_POINT('',(66.9992150888521,-48.8203615550278,53.9745480562152));
#11590=CARTESIAN_POINT('',(66.9993450945387,-48.8082526150997,53.9896842311254));
#11591=CARTESIAN_POINT('',(66.9994351627163,-48.7990673968292,54.0011657539634));
#11592=CARTESIAN_POINT('',(66.9995040227943,-48.791326786682,54.0108415166475));
#11593=CARTESIAN_POINT('',(66.9995553928082,-48.7850825427024,54.018646821622));
#11594=CARTESIAN_POINT('',(66.9995920613108,-48.780373479004,54.0245331512451));
#11595=CARTESIAN_POINT('',(66.9996268707392,-48.7756385459231,54.0304518175961));
#11596=CARTESIAN_POINT('',(66.9996543295751,-48.7716711750851,54.0354110311437));
#11597=CARTESIAN_POINT('',(66.9996753667665,-48.7684844018712,54.039394497661));
#11598=CARTESIAN_POINT('',(66.9996881285494,-48.7664871346789,54.0418910816513));
#11599=CARTESIAN_POINT('',(66.999698103687,-48.7648864127307,54.0438919840867));
#11600=CARTESIAN_POINT('',(66.9997054740836,-48.7636833596347,54.0453958004566));
#11601=CARTESIAN_POINT('',(66.9997115026122,-48.7626823122637,54.0466471096704));
#11602=CARTESIAN_POINT('',(66.9997157044138,-48.7619752888367,54.0475308889541));
#11603=CARTESIAN_POINT('',(66.9997180399174,-48.7615797901302,54.0480252623372));
#11604=CARTESIAN_POINT('',(66.9997199279575,-48.7612585094922,54.0484268631347));
#11605=CARTESIAN_POINT('',(66.9997212595402,-48.7610309914226,54.0487112607218));
#11606=CARTESIAN_POINT('',(66.9997232225761,-48.7606945532547,54.0491318084317));
#11607=CARTESIAN_POINT('',(66.999726554546,-48.7601202798945,54.0498496501319));
#11608=CARTESIAN_POINT('',(66.9997313227762,-48.7592896726633,54.0508879091709));
#11609=CARTESIAN_POINT('',(66.9997369626705,-48.7582927922704,54.052134009662));
#11610=CARTESIAN_POINT('',(66.9997444070352,-48.7569576648116,54.0538029189855));
#11611=CARTESIAN_POINT('',(66.9997535553746,-48.7552802397657,54.0558997002929));
#11612=CARTESIAN_POINT('',(66.9997678640065,-48.7525770922806,54.0592786346493));
#11613=CARTESIAN_POINT('',(66.999785130483,-48.7491625383067,54.0635468271167));
#11614=CARTESIAN_POINT('',(66.9998048602888,-48.7450079231057,54.0687400961178));
#11615=CARTESIAN_POINT('',(66.999823599878,-48.74079620007,54.0740047499125));
#11616=CARTESIAN_POINT('',(66.9998472657973,-48.7351044104486,54.0811194869392));
#11617=CARTESIAN_POINT('',(66.9998743727809,-48.727846882433,54.0901913969587));
#11618=CARTESIAN_POINT('',(66.9998981792213,-48.7203989646275,54.0995012942157));
#11619=CARTESIAN_POINT('',(66.9999152440459,-48.7143263967666,54.1070920040418));
#11620=CARTESIAN_POINT('',(66.9999270525006,-48.7097148541667,54.1128564322917));
#11621=CARTESIAN_POINT('',(66.9999360677437,-48.7058243042279,54.1177196197151));
#11622=CARTESIAN_POINT('',(66.9999427848549,-48.7026833068064,54.121645866492));
#11623=CARTESIAN_POINT('',(66.9999475751514,-48.7003132769581,54.1246084038024));
#11624=CARTESIAN_POINT('',(66.999952117892,-48.697928977736,54.12758877783));
#11625=CARTESIAN_POINT('',(66.9999556972713,-48.6959301317504,54.130087335312));
#11626=CARTESIAN_POINT('',(66.9999584369009,-48.694323983951,54.1320950200612));
#11627=CARTESIAN_POINT('',(66.9999600978338,-48.6933170105754,54.1333537367807));
#11628=CARTESIAN_POINT('',(66.9999613950983,-48.6925100046253,54.1343624942184));
#11629=CARTESIAN_POINT('',(66.9999623540518,-48.6919028784588,54.1351214019265));
#11630=CARTESIAN_POINT('',(66.9999631355901,-48.691399311435,54.1357508607063));
#11631=CARTESIAN_POINT('',(66.9999636851157,-48.691040310665,54.1361996116687));
#11632=CARTESIAN_POINT('',(66.999963982804,-48.6908446013896,54.136444248263));
#11633=CARTESIAN_POINT('',(66.999964245647,-48.6906708736086,54.1366614079893));
#11634=CARTESIAN_POINT('',(66.9999643525445,-48.6905998774454,54.1367501531933));
#11635=CARTESIAN_POINT('',(66.9999645490109,-48.690469084169,54.1369136447888));
#11636=CARTESIAN_POINT('',(66.999964866572,-48.690256300804,54.137179623995));
#11637=CARTESIAN_POINT('',(66.9999653307279,-48.6899418105492,54.1375727368134));
#11638=CARTESIAN_POINT('',(66.9999658776857,-48.6895653323943,54.1380433345071));
#11639=CARTESIAN_POINT('',(66.9999666031166,-48.6890582777133,54.1386771528583));
#11640=CARTESIAN_POINT('',(66.9999674983089,-48.6884178258354,54.1394777177058));
#11641=CARTESIAN_POINT('',(66.9999689077004,-48.6873777462849,54.140777817144));
#11642=CARTESIAN_POINT('',(66.9999706256329,-48.6860494082162,54.1424382397297));
#11643=CARTESIAN_POINT('',(66.9999726173239,-48.6844100465813,54.1444874417733));
#11644=CARTESIAN_POINT('',(66.9999745391166,-48.6827253756356,54.1465932804555));
#11645=CARTESIAN_POINT('',(66.999977008334,-48.6804187187294,54.1494766015883));
#11646=CARTESIAN_POINT('',(66.9999799201454,-48.6774221008891,54.1532223738886));
#11647=CARTESIAN_POINT('',(66.9999831347858,-48.6736448823551,54.1579438970561));
#11648=CARTESIAN_POINT('',(66.9999860698921,-48.6696863873368,54.162892015829));
#11649=CARTESIAN_POINT('',(66.9999887254645,-48.6655466156624,54.168066730422));
#11650=CARTESIAN_POINT('',(66.9999918935158,-48.6597852179494,54.1752684775633));
#11651=CARTESIAN_POINT('',(66.9999951547451,-48.6521302792541,54.1848371509323));
#11652=CARTESIAN_POINT('',(66.9999979500844,-48.6422192463424,54.197225942072));
#11653=CARTESIAN_POINT('',(66.9999996272881,-48.6315831069508,54.2105211163116));
#11654=CARTESIAN_POINT('',(67.,-48.6240089430368,54.2199888212039));
#11655=CARTESIAN_POINT('',(67.,-48.62010101,54.2248737375));
#11656=CARTESIAN_POINT('',(67.,-48.62010101,54.2248737375));
#11657=CARTESIAN_POINT('',(67.,-48.,55.));
#11658=CARTESIAN_POINT('',(67.,-48.,55.));
#11659=CARTESIAN_POINT('',(-73.,-48.,55.));
#11660=CARTESIAN_POINT('',(-26.6700000943296,28.,9.30399999178377));
#11661=CARTESIAN_POINT('',(-26.6700000943296,32.,9.30399999178377));
#11662=CARTESIAN_POINT('',(-27.8250004238798,31.9999990895985,9.07499983145032));
#11663=CARTESIAN_POINT('',(-27.8250000506896,28.,9.07499985594006));
#11664=CARTESIAN_POINT('',(-27.8250006510793,28.0000000005308,9.07499981656211));
#11665=CARTESIAN_POINT('',(-26.6700000943296,28.,9.30399999178377));
#11666=CARTESIAN_POINT('',(-27.8250007629394,28.,9.07499980926514));
#11667=CARTESIAN_POINT('',(-27.8250007629394,32.,9.07499980926514));
#11668=CARTESIAN_POINT('',(-27.8250007629394,28.,9.07499980926514));
#11669=CARTESIAN_POINT('',(-58.,-42.0029983520508,0.));
#11670=CARTESIAN_POINT('',(-58.,-42.0029983520508,0.));
#11671=CARTESIAN_POINT('',(-58.,-42.0029983520508,5.));
#11672=CARTESIAN_POINT('',(-58.,-42.0029983520508,2.04281036531029E-14));
#11673=CARTESIAN_POINT('',(-69.3478077171094,-42.7555801892647,5.));
#11674=CARTESIAN_POINT('',(-57.6080017089844,-41.9770011901856,5.));
#11675=CARTESIAN_POINT('',(-57.6080017089844,-41.9770011901856,5.));
#11676=CARTESIAN_POINT('',(-57.6080017089844,-41.9770011901856,-2.22044604925032E-16));
#11677=CARTESIAN_POINT('',(-58.,-42.0029983520508,0.));
#11678=CARTESIAN_POINT('',(51.0229987492453,-40.3919982948781,5.));
#11679=CARTESIAN_POINT('',(51.0229987205308,-40.3919978445928,5.));
#11680=CARTESIAN_POINT('',(51.0229987838157,-40.3919981609962,1.27533428758139E-9));
#11681=CARTESIAN_POINT('',(51.0229987539397,-40.3919980116225,4.99999728851019));
#11682=CARTESIAN_POINT('',(51.0229987492453,-40.3919982948781,0.));
#11683=CARTESIAN_POINT('',(50.9980010986475,-40.0000000000624,1.60190899643166E-9));
#11684=CARTESIAN_POINT('',(50.9980011594483,-40.,5.));
#11685=CARTESIAN_POINT('',(50.9980010986488,-40.,4.999999999875));
#11686=CARTESIAN_POINT('',(51.0229987492453,-40.3919982948781,5.));
#11687=CARTESIAN_POINT('',(51.0999984741211,-40.7770004272461,5.));
#11688=CARTESIAN_POINT('',(51.0999984741211,-40.7770004272461,5.));
#11689=CARTESIAN_POINT('',(51.0999984741211,-40.7770004272461,5.00000000000007));
#11690=CARTESIAN_POINT('',(51.0999984741219,-40.7770004272461,0.));
#11691=CARTESIAN_POINT('',(51.0999984741211,-40.7770004272461,0.));
#11692=CARTESIAN_POINT('',(51.0999984741211,-40.7770004272461,5.));
#11693=CARTESIAN_POINT('',(52.226001739502,21.1490001678467,5.));
#11694=CARTESIAN_POINT('',(52.226001739502,21.1490001678467,5.));
#11695=CARTESIAN_POINT('',(52.226001739502,21.1490001678467,1.11022302462516E-15));
#11696=CARTESIAN_POINT('',(52.226001739502,21.1490001678467,5.));
#11697=CARTESIAN_POINT('',(52.226001739502,21.1490001678467,0.));
#11698=CARTESIAN_POINT('',(52.4000015258789,21.5009994506836,2.22044604925032E-16));
#11699=CARTESIAN_POINT('',(52.4000015258789,21.5009994506836,5.));
#11700=CARTESIAN_POINT('',(52.4000015258789,21.5009994506836,5.));
#11701=CARTESIAN_POINT('',(52.4000015258789,21.5009994506836,5.));
#11702=CARTESIAN_POINT('',(52.0999982907239,19.2229995360747,5.));
#11703=CARTESIAN_POINT('',(52.0999980084023,19.2230009476966,0.));
#11704=CARTESIAN_POINT('',(52.0999981695447,19.2230004178401,4.99999135668303));
#11705=CARTESIAN_POINT('',(52.0999983296577,19.222999999297,8.30903858836751E-11));
#11706=CARTESIAN_POINT('',(52.0999982907239,19.2229995360747,0.));
#11707=CARTESIAN_POINT('',(52.0229988532378,19.6080001883369,3.2070249117606E-9));
#11708=CARTESIAN_POINT('',(52.0229987205308,19.608001201733,5.));
#11709=CARTESIAN_POINT('',(52.0229987533164,19.6080006875905,4.99999155845489));
#11710=CARTESIAN_POINT('',(52.0999982907239,19.2229995360747,5.));
#11711=CARTESIAN_POINT('',(51.0229987492453,-39.6080017051219,0.));
#11712=CARTESIAN_POINT('',(51.0229987205308,-39.6080021554072,0.));
#11713=CARTESIAN_POINT('',(51.0229987567602,-39.6080019086428,4.99999742155197));
#11714=CARTESIAN_POINT('',(51.0229988099611,-39.6080017088645,2.08082559119813E-14));
#11715=CARTESIAN_POINT('',(51.0229987492453,-39.6080017051219,5.));
#11716=CARTESIAN_POINT('',(51.0229987492453,-39.6080017051219,0.));
#11717=CARTESIAN_POINT('',(-58.3919982910156,-36.0229988098145,0.));
#11718=CARTESIAN_POINT('',(-58.3919982910156,-36.0229988098145,0.));
#11719=CARTESIAN_POINT('',(-58.3919982910156,-36.0229988098145,5.));
#11720=CARTESIAN_POINT('',(-58.3919982910156,-36.0229988098145,-7.23943379933439E-14));
#11721=CARTESIAN_POINT('',(-58.3919982910156,-36.0229988098145,5.));
#11722=CARTESIAN_POINT('',(-58.7770004272461,-36.0999984741211,4.99999999999993));
#11723=CARTESIAN_POINT('',(-58.7770004272461,-36.0999984741211,5.));
#11724=CARTESIAN_POINT('',(-58.7770004272461,-36.0999984741211,-1.66533453693773E-16));
#11725=CARTESIAN_POINT('',(-58.7770004272461,-36.0999984741211,0.));
#11726=CARTESIAN_POINT('',(53.6080017089844,-42.9770011901856,5.));
#11727=CARTESIAN_POINT('',(54.,-43.0029983520508,0.));
#11728=CARTESIAN_POINT('',(53.6080017089844,-42.9770011901856,1.87133129179457E-15));
#11729=CARTESIAN_POINT('',(54.,-43.0029983520508,-1.03497056738387E-14));
#11730=CARTESIAN_POINT('',(53.6080017089844,-42.9770011901856,5.));
#11731=CARTESIAN_POINT('',(53.6080017089844,-42.9770011901856,5.));
#11732=CARTESIAN_POINT('',(54.,-43.0029983520508,5.));
#11733=CARTESIAN_POINT('',(54.,-43.0029983520508,5.));
#11734=CARTESIAN_POINT('',(54.,-43.0029983520508,0.));
#11735=CARTESIAN_POINT('',(-58.7770004272461,-36.0999984741211,0.));
#11736=CARTESIAN_POINT('',(-59.1489982604981,-36.2260017395019,0.));
#11737=CARTESIAN_POINT('',(-59.1489982604981,-36.2260017395019,5.));
#11738=CARTESIAN_POINT('',(-59.148998260498,-36.2260017395019,-1.61968362034131E-14));
#11739=CARTESIAN_POINT('',(-58.7770004272461,-36.0999984741211,0.));
#11740=CARTESIAN_POINT('',(-58.7770004272461,-36.0999984741211,5.));
#11741=CARTESIAN_POINT('',(52.226001739502,21.1490001678467,0.));
#11742=CARTESIAN_POINT('',(52.226001739502,21.1490001678467,0.));
#11743=CARTESIAN_POINT('',(52.0999981517436,20.7769995859857,8.64599870310075E-6));
#11744=CARTESIAN_POINT('',(52.226001739502,21.1490001678467,5.));
#11745=CARTESIAN_POINT('',(52.0999983296602,20.7770000007538,5.));
#11746=CARTESIAN_POINT('',(52.0999980084023,20.7769990523034,0.));
#11747=CARTESIAN_POINT('',(52.0999982907239,20.7770004639253,5.));
#11748=CARTESIAN_POINT('',(52.0999982907239,20.7770004639253,0.));
#11749=CARTESIAN_POINT('',(52.0229987827203,20.3919997733018,1.40625057242045E-10));
#11750=CARTESIAN_POINT('',(34.216169523843,-68.6430293664544,5.));
#11751=CARTESIAN_POINT('',(52.0229987907233,20.3919993341293,4.99999157914803));
#11752=CARTESIAN_POINT('',(52.0229987205308,20.391998798267,5.));
#11753=CARTESIAN_POINT('',(57.9000017092761,20.7770004639253,5.));
#11754=CARTESIAN_POINT('',(57.9000019915977,20.7769990523034,5.));
#11755=CARTESIAN_POINT('',(57.9000016703332,20.7770000007741,0.));
#11756=CARTESIAN_POINT('',(57.9000018378562,20.7769995852767,4.99999135745991));
#11757=CARTESIAN_POINT('',(57.9000017092761,20.7770004639253,0.));
#11758=CARTESIAN_POINT('',(57.9770012131104,20.3919993142795,8.58407603490223E-6));
#11759=CARTESIAN_POINT('',(57.9770012848099,20.3919987715634,0.));
#11760=CARTESIAN_POINT('',(57.9770011848881,20.3919998029409,4.99999999993813));
#11761=CARTESIAN_POINT('',(57.9000017092761,20.7770004639253,5.));
#11762=CARTESIAN_POINT('',(57.7739982604981,21.1490001678467,5.));
#11763=CARTESIAN_POINT('',(80.9503978298057,-47.2747395009479,0.));
#11764=CARTESIAN_POINT('',(57.7739982604981,21.1490001678465,0.));
#11765=CARTESIAN_POINT('',(57.7739982604981,21.1490001678467,5.));
#11766=CARTESIAN_POINT('',(57.7739982604981,21.1490001678467,5.));
#11767=CARTESIAN_POINT('',(57.7739982604981,21.1490001678467,1.60697852959972E-14));
#11768=CARTESIAN_POINT('',(57.5999984741211,21.5009994506836,5.));
#11769=CARTESIAN_POINT('',(57.5999984741211,21.5009994506836,5.));
#11770=CARTESIAN_POINT('',(57.5999984741211,21.5009994506836,2.66453525910038E-15));
#11771=CARTESIAN_POINT('',(57.5999984741211,21.5009994506836,5.));
#11772=CARTESIAN_POINT('',(57.5999984741211,21.5009994506836,0.));
#11773=CARTESIAN_POINT('',(57.5999984741211,21.5009994506836,5.));
#11774=CARTESIAN_POINT('',(55.5009994506836,-42.5999984741211,0.));
#11775=CARTESIAN_POINT('',(55.8279991149902,-42.3819999694824,0.));
#11776=CARTESIAN_POINT('',(55.8279991149902,-42.3819999694824,0.));
#11777=CARTESIAN_POINT('',(55.8279991149902,-42.3819999694824,5.));
#11778=CARTESIAN_POINT('',(55.5009994506836,-42.5999984741211,0.));
#11779=CARTESIAN_POINT('',(55.5009994506836,-42.5999984741211,-1.50308637673618E-14));
#11780=CARTESIAN_POINT('',(55.5009994506836,-42.5999984741211,5.));
#11781=CARTESIAN_POINT('',(55.5009994506836,-42.5999984741211,5.));
#11782=CARTESIAN_POINT('',(55.5009994506836,-42.5999984741211,5.));
#11783=CARTESIAN_POINT('',(58.0029983520508,20.,0.));
#11784=CARTESIAN_POINT('',(58.0029983520508,20.,0.));
#11785=CARTESIAN_POINT('',(58.0029983520508,20.,5.));
#11786=CARTESIAN_POINT('',(58.0029983520508,20.,7.23821082455023E-14));
#11787=CARTESIAN_POINT('',(58.0029983520508,20.,5.));
#11788=CARTESIAN_POINT('',(58.0029983520508,20.,0.));
#11789=CARTESIAN_POINT('',(58.0029983520508,20.,0.));
#11790=CARTESIAN_POINT('',(53.2883191700325,-51.0906515163294,0.));
#11791=CARTESIAN_POINT('',(57.9770012193374,19.6080002400791,1.24999870288857E-10));
#11792=CARTESIAN_POINT('',(57.9770012848099,19.6080012284366,5.));
#11793=CARTESIAN_POINT('',(57.9770012131194,19.6080006856981,4.99999141694923));
#11794=CARTESIAN_POINT('',(58.0029983520508,20.,5.));
#11795=CARTESIAN_POINT('',(57.3819999694824,21.8279991149902,5.));
#11796=CARTESIAN_POINT('',(57.3819999694824,21.8279991149902,0.));
#11797=CARTESIAN_POINT('',(57.3819999694824,21.8279991149902,5.00000000000013));
#11798=CARTESIAN_POINT('',(57.3819999694824,21.8279991149902,0.));
#11799=CARTESIAN_POINT('',(57.3819999694824,21.8279991149902,0.));
#11800=CARTESIAN_POINT('',(57.3819999694824,21.8279991149902,5.));
#11801=CARTESIAN_POINT('',(57.3819999694824,18.1720008850097,0.));
#11802=CARTESIAN_POINT('',(57.3819999694824,18.1720008850097,5.));
#11803=CARTESIAN_POINT('',(57.3819999694823,18.1720008850095,0.));
#11804=CARTESIAN_POINT('',(57.3819999694825,18.1720008850098,5.));
#11805=CARTESIAN_POINT('',(57.5999984741211,18.4990005493164,5.));
#11806=CARTESIAN_POINT('',(57.5999984741211,18.4990005493164,5.));
#11807=CARTESIAN_POINT('',(57.5999984741211,18.4990005493164,0.));
#11808=CARTESIAN_POINT('',(57.599998474121,18.4990005493163,0.));
#11809=CARTESIAN_POINT('',(27.9543560200711,-25.9697225123249,0.));
#11810=CARTESIAN_POINT('',(57.7739982604981,18.8509998321533,0.));
#11811=CARTESIAN_POINT('',(57.7739982604981,18.8509998321533,0.));
#11812=CARTESIAN_POINT('',(57.7739982604981,18.8509998321533,-7.23113684849423E-14));
#11813=CARTESIAN_POINT('',(57.7739982604981,18.8509998321533,5.));
#11814=CARTESIAN_POINT('',(57.7739982604981,18.8509998321533,5.));
#11815=CARTESIAN_POINT('',(57.7739982604981,18.8509998321533,0.));
#11816=CARTESIAN_POINT('',(57.9000015258789,19.2229995727539,5.));
#11817=CARTESIAN_POINT('',(57.9000019915977,19.2230009476966,5.));
#11818=CARTESIAN_POINT('',(57.9000016703383,19.2229999992407,4.99999999985345));
#11819=CARTESIAN_POINT('',(57.9000018481674,19.2230004134248,8.64549293236769E-6));
#11820=CARTESIAN_POINT('',(57.9000015258789,19.2229995727539,0.));
#11821=CARTESIAN_POINT('',(57.9000015258789,19.2229995727539,5.));
#11822=CARTESIAN_POINT('',(57.9770010067883,19.6079998383149,5.));
#11823=CARTESIAN_POINT('',(44.55338956603,-47.5107223945298,0.));
#11824=CARTESIAN_POINT('',(57.9770010067883,19.6079998383149,5.));
#11825=CARTESIAN_POINT('',(52.4000015258789,21.5009994506836,5.));
#11826=CARTESIAN_POINT('',(52.6180000305176,21.8279991149902,5.));
#11827=CARTESIAN_POINT('',(52.6180000305176,21.8279991149902,5.00000000000011));
#11828=CARTESIAN_POINT('',(52.6180000305176,21.8279991149902,4.44089209850063E-16));
#11829=CARTESIAN_POINT('',(52.6180000305176,21.8279991149902,5.));
#11830=CARTESIAN_POINT('',(52.4000015258789,21.5009994506836,0.));
#11831=CARTESIAN_POINT('',(57.3819999694824,21.8279991149902,0.));
#11832=CARTESIAN_POINT('',(57.3819999694824,21.8279991149902,5.));
#11833=CARTESIAN_POINT('',(57.1230010986331,22.1229991912839,5.));
#11834=CARTESIAN_POINT('',(57.1230010986328,22.1229991912842,0.));
#11835=CARTESIAN_POINT('',(57.1230010986328,22.1229991912842,2.17532593240618E-13));
#11836=CARTESIAN_POINT('',(57.3819999694824,21.8279991149902,0.));
#11837=CARTESIAN_POINT('',(57.1230010986328,22.1229991912842,0.));
#11838=CARTESIAN_POINT('',(20.6666363988632,54.130332535047,5.));
#11839=CARTESIAN_POINT('',(56.8279991149902,22.3819999694824,5.));
#11840=CARTESIAN_POINT('',(56.8279991149902,22.3819999694824,0.));
#11841=CARTESIAN_POINT('',(56.8279991149902,22.3819999694825,1.41494607842807E-16));
#11842=CARTESIAN_POINT('',(57.1230010986328,22.1229991912842,0.));
#11843=CARTESIAN_POINT('',(56.5999984741211,-38.4990005493164,0.));
#11844=CARTESIAN_POINT('',(56.3819999694824,-38.1720008850098,0.));
#11845=CARTESIAN_POINT('',(56.3819999694824,-38.1720008850098,0.));
#11846=CARTESIAN_POINT('',(56.599998474121,-38.4990005493163,1.44838512530744E-13));
#11847=CARTESIAN_POINT('',(56.5999984741211,-38.4990005493164,0.));
#11848=CARTESIAN_POINT('',(56.5999984741211,-38.4990005493164,5.));
#11849=CARTESIAN_POINT('',(56.5999984741211,-38.4990005493164,5.));
#11850=CARTESIAN_POINT('',(56.3819999694824,-38.1720008850098,5.));
#11851=CARTESIAN_POINT('',(56.3819999694824,-38.1720008850098,5.));
#11852=CARTESIAN_POINT('',(54.,-36.9980010986328,5.));
#11853=CARTESIAN_POINT('',(54.,-36.9980010986328,5.));
#11854=CARTESIAN_POINT('',(54.,-36.9980010986328,0.));
#11855=CARTESIAN_POINT('',(54.,-36.9980010986325,5.));
#11856=CARTESIAN_POINT('',(67.9001502700994,-37.8844129779629,0.));
#11857=CARTESIAN_POINT('',(54.3919982916945,-37.0229987494972,4.80657477562951E-14));
#11858=CARTESIAN_POINT('',(54.3919982910156,-37.0229988098145,5.));
#11859=CARTESIAN_POINT('',(54.3919982930998,-37.0229987454628,5.));
#11860=CARTESIAN_POINT('',(54.,-36.9980010986328,5.));
#11861=CARTESIAN_POINT('',(54.6080017089844,17.0230007171631,5.));
#11862=CARTESIAN_POINT('',(54.2229995727539,17.1000003814698,5.));
#11863=CARTESIAN_POINT('',(54.2229995727523,17.1000003813992,5.));
#11864=CARTESIAN_POINT('',(54.2229995727539,17.1000003814698,1.33406186939906E-14));
#11865=CARTESIAN_POINT('',(-51.741627826643,38.2927158765535,5.));
#11866=CARTESIAN_POINT('',(54.6080017089847,17.0230007171631,5.));
#11867=CARTESIAN_POINT('',(54.6080017089844,17.0230007171631,5.49466772902644E-11));
#11868=CARTESIAN_POINT('',(54.6080017089844,17.0230007171631,9.67771742306993E-15));
#11869=CARTESIAN_POINT('',(54.6080017089844,17.0230007171631,0.));
#11870=CARTESIAN_POINT('',(55.,16.9979991912842,5.));
#11871=CARTESIAN_POINT('',(55.,16.9979991912842,0.));
#11872=CARTESIAN_POINT('',(55.,16.9979991912842,5.32907051820075E-15));
#11873=CARTESIAN_POINT('',(55.,16.9979991912842,5.));
#11874=CARTESIAN_POINT('',(55.,16.9979991912845,5.));
#11875=CARTESIAN_POINT('',(55.,16.9979991912842,5.));
#11876=CARTESIAN_POINT('',(53.851001739502,17.2259998321533,5.));
#11877=CARTESIAN_POINT('',(53.851001739502,17.2259998321533,0.));
#11878=CARTESIAN_POINT('',(53.851001739502,17.2259998321533,0.));
#11879=CARTESIAN_POINT('',(53.851001739502,17.2259998321534,5.));
#11880=CARTESIAN_POINT('',(53.851001739502,17.2259998321533,0.));
#11881=CARTESIAN_POINT('',(53.4990005493164,17.3999996185302,-2.16114258288278E-14));
#11882=CARTESIAN_POINT('',(53.4990005493164,17.3999996185302,2.41329275138379E-14));
#11883=CARTESIAN_POINT('',(53.4990005492528,17.399999613164,5.));
#11884=CARTESIAN_POINT('',(53.851001739502,17.2259998321533,5.));
#11885=CARTESIAN_POINT('',(54.2229995727539,17.1000003814698,5.));
#11886=CARTESIAN_POINT('',(54.2229995727539,17.1000003814698,0.));
#11887=CARTESIAN_POINT('',(54.2229995727539,17.1000003814698,5.));
#11888=CARTESIAN_POINT('',(55.7770004272461,22.8999996185303,0.));
#11889=CARTESIAN_POINT('',(80.9720687367698,17.8610358844306,0.));
#11890=CARTESIAN_POINT('',(55.7770004272461,22.8999996185303,-1.26565424807268E-14));
#11891=CARTESIAN_POINT('',(55.3919982910156,22.9769992828369,0.));
#11892=CARTESIAN_POINT('',(55.7770004272461,22.8999996185303,4.99999999993425));
#11893=CARTESIAN_POINT('',(55.7770004272461,22.8999996185303,5.));
#11894=CARTESIAN_POINT('',(55.7770004272461,22.8999996185303,5.));
#11895=CARTESIAN_POINT('',(55.3919982910157,22.9769992828369,5.));
#11896=CARTESIAN_POINT('',(55.3919982910156,22.9769992828369,0.));
#11897=CARTESIAN_POINT('',(55.3919982910156,22.9769992828369,0.));
#11898=CARTESIAN_POINT('',(55.,23.0030002593994,-9.8879238130678E-16));
#11899=CARTESIAN_POINT('',(55.,23.0030002593994,-9.86076131526265E-32));
#11900=CARTESIAN_POINT('',(55.,23.0030002593994,5.));
#11901=CARTESIAN_POINT('',(55.,23.0030002593994,0.));
#11902=CARTESIAN_POINT('',(-63.7678913701511,30.8807926647998,5.));
#11903=CARTESIAN_POINT('',(54.6080017089844,22.9769992828369,5.));
#11904=CARTESIAN_POINT('',(54.6080017089844,22.9769992828369,5.));
#11905=CARTESIAN_POINT('',(54.6080017089844,22.9769992828369,5.));
#11906=CARTESIAN_POINT('',(54.6080017089844,22.9769992828369,5.));
#11907=CARTESIAN_POINT('',(54.6080017089844,22.9769992828369,1.16710562878283E-13));
#11908=CARTESIAN_POINT('',(54.6080017089844,22.9769992828369,0.));
#11909=CARTESIAN_POINT('',(54.2229995727539,22.8999996185303,5.));
#11910=CARTESIAN_POINT('',(54.2229995727539,22.8999996185303,5.));
#11911=CARTESIAN_POINT('',(54.2229995727539,22.8999996185303,2.22044604925032E-16));
#11912=CARTESIAN_POINT('',(54.2229995727532,22.8999996185301,5.));
#11913=CARTESIAN_POINT('',(54.2229995727539,22.8999996185303,0.));
#11914=CARTESIAN_POINT('',(54.2229995727539,22.8999996185303,5.));
#11915=CARTESIAN_POINT('',(52.8769989013672,22.1229991912842,0.));
#11916=CARTESIAN_POINT('',(52.8769989013672,22.1229991912842,5.));
#11917=CARTESIAN_POINT('',(52.8769989013672,22.1229991912842,2.61114793233853E-14));
#11918=CARTESIAN_POINT('',(52.8769989013672,22.1229991912842,5.));
#11919=CARTESIAN_POINT('',(52.6180000305609,21.8279991150396,5.));
#11920=CARTESIAN_POINT('',(52.6180000305176,21.8279991149902,0.));
#11921=CARTESIAN_POINT('',(52.0999984741211,19.2229995727539,0.));
#11922=CARTESIAN_POINT('',(52.0999984741211,19.2229995727539,5.));
#11923=CARTESIAN_POINT('',(52.226001739502,18.8509998321533,5.));
#11924=CARTESIAN_POINT('',(52.226001739502,18.8509998321533,5.));
#11925=CARTESIAN_POINT('',(52.2260017395023,18.8509998321534,-1.530533317138E-14));
#11926=CARTESIAN_POINT('',(52.226001739502,18.8509998321533,0.));
#11927=CARTESIAN_POINT('',(52.226001739502,18.8509998321533,0.));
#11928=CARTESIAN_POINT('',(52.4000015258789,18.4990005493164,5.));
#11929=CARTESIAN_POINT('',(52.4000015258789,18.4990005493164,0.));
#11930=CARTESIAN_POINT('',(52.4000015258789,18.4990005493164,5.));
#11931=CARTESIAN_POINT('',(52.4000015258789,18.4990005493164,0.));
#11932=CARTESIAN_POINT('',(52.226001739502,18.8509998321533,5.));
#11933=CARTESIAN_POINT('',(56.1489982604981,17.2259998321533,0.));
#11934=CARTESIAN_POINT('',(56.1489982604981,17.2259998321533,0.));
#11935=CARTESIAN_POINT('',(56.1489982604981,17.2259998321533,4.99999999999993));
#11936=CARTESIAN_POINT('',(56.1489982594736,17.2259997629237,0.));
#11937=CARTESIAN_POINT('',(56.5009994506836,17.3999996185302,5.));
#11938=CARTESIAN_POINT('',(56.5009994506836,17.3999996185302,5.));
#11939=CARTESIAN_POINT('',(56.5009994506836,17.3999996185302,0.));
#11940=CARTESIAN_POINT('',(56.5009994497314,17.3999995522955,0.));
#11941=CARTESIAN_POINT('',(56.1489982604981,17.2259998321533,0.));
#11942=CARTESIAN_POINT('',(55.8279991149902,-37.6180000305176,0.));
#11943=CARTESIAN_POINT('',(55.8279991149902,-37.6180000305176,0.));
#11944=CARTESIAN_POINT('',(55.5009994517108,-37.4000014576258,1.73471871826095E-18));
#11945=CARTESIAN_POINT('',(55.8279991161111,-37.6179999545173,3.20657829873949E-9));
#11946=CARTESIAN_POINT('',(55.8279991149902,-37.6180000305176,0.));
#11947=CARTESIAN_POINT('',(55.8279991149899,-37.6180000305174,5.));
#11948=CARTESIAN_POINT('',(55.8279991149902,-37.6180000305176,5.));
#11949=CARTESIAN_POINT('',(55.5009994506836,-37.4000015258789,5.));
#11950=CARTESIAN_POINT('',(55.5009994506836,-37.4000015258789,5.));
#11951=CARTESIAN_POINT('',(55.1489982604981,-37.2260017395019,5.));
#11952=CARTESIAN_POINT('',(55.1489982604981,-37.2260017395019,0.));
#11953=CARTESIAN_POINT('',(55.1489982604981,-37.2260017395019,5.));
#11954=CARTESIAN_POINT('',(55.1489982614821,-37.2260016738769,3.18326689742964E-9));
#11955=CARTESIAN_POINT('',(55.1489982604981,-37.2260017395019,0.));
#11956=CARTESIAN_POINT('',(55.1489982604981,-37.2260017395019,5.));
#11957=CARTESIAN_POINT('',(55.1489982604981,-37.2260017395019,0.));
#11958=CARTESIAN_POINT('',(54.7770004272461,-37.0999984741211,5.));
#11959=CARTESIAN_POINT('',(54.7770004272461,-37.0999984741211,0.));
#11960=CARTESIAN_POINT('',(54.7770004272461,-37.0999984741211,5.00000000000006));
#11961=CARTESIAN_POINT('',(54.7770004272461,-37.0999984741211,0.));
#11962=CARTESIAN_POINT('',(55.1489982604981,-37.2260017395019,5.));
#11963=CARTESIAN_POINT('',(54.7770004272461,-37.0999984741211,0.));
#11964=CARTESIAN_POINT('',(54.7770004272461,-37.0999984741211,5.));
#11965=CARTESIAN_POINT('',(54.7770004272461,-37.0999984741211,0.));
#11966=CARTESIAN_POINT('',(55.3919982910156,17.0230007171631,5.));
#11967=CARTESIAN_POINT('',(55.3919982910156,17.0230007171631,5.));
#11968=CARTESIAN_POINT('',(55.3919982910156,17.0230007171631,0.));
#11969=CARTESIAN_POINT('',(55.3919982910156,17.0230007171631,4.99999999999993));
#11970=CARTESIAN_POINT('',(55.3919982910156,17.0230007171631,0.));
#11971=CARTESIAN_POINT('',(55.3919982910156,17.0230007171631,5.));
#11972=CARTESIAN_POINT('',(56.1489982604981,17.2259998321533,5.));
#11973=CARTESIAN_POINT('',(56.1489982604981,17.2259998321533,0.));
#11974=CARTESIAN_POINT('',(55.7770004272461,17.1000003814689,3.1709370913416E-14));
#11975=CARTESIAN_POINT('',(55.7770004272461,17.1000003814698,1.25083984133172E-14));
#11976=CARTESIAN_POINT('',(55.7770004272461,17.1000003814697,5.));
#11977=CARTESIAN_POINT('',(56.1489982604981,17.2259998321533,5.));
#11978=CARTESIAN_POINT('',(55.7770004272461,17.1000003814698,0.));
#11979=CARTESIAN_POINT('',(55.7770004272461,17.1000003814698,0.));
#11980=CARTESIAN_POINT('',(55.7770004272461,17.1000003814698,5.));
#11981=CARTESIAN_POINT('',(56.1230010986328,-37.8769989013672,5.));
#11982=CARTESIAN_POINT('',(56.1230010986328,-37.8769989013672,0.));
#11983=CARTESIAN_POINT('',(56.1230010986328,-37.8769989013671,5.));
#11984=CARTESIAN_POINT('',(56.1230010986328,-37.8769989013667,0.));
#11985=CARTESIAN_POINT('',(56.1230010986328,-37.8769989013672,0.));
#11986=CARTESIAN_POINT('',(6.67765713636445,18.4416811875068,5.));
#11987=CARTESIAN_POINT('',(56.1230010986328,-37.8769989013672,0.));
#11988=CARTESIAN_POINT('',(-9.51680171112871,19.7518841339316,5.));
#11989=CARTESIAN_POINT('',(56.1230010986328,-37.8769989013672,0.));
#11990=CARTESIAN_POINT('',(52.0229988098145,19.6079998016358,5.));
#11991=CARTESIAN_POINT('',(52.0229988098145,19.6079998016358,0.));
#11992=CARTESIAN_POINT('',(51.9980010980772,20.0000000000022,0.));
#11993=CARTESIAN_POINT('',(51.9980010986328,20.,5.));
#11994=CARTESIAN_POINT('',(51.9980010986328,19.9999999999995,5.));
#11995=CARTESIAN_POINT('',(51.9980010986328,20.,5.));
#11996=CARTESIAN_POINT('',(52.0229988098145,20.3920001983643,5.));
#11997=CARTESIAN_POINT('',(47.189174590661,-55.409341732403,5.));
#11998=CARTESIAN_POINT('',(52.0229988098145,20.3920001983643,0.));
#11999=CARTESIAN_POINT('',(56.5009994506836,17.3999996185302,0.));
#12000=CARTESIAN_POINT('',(56.8279991149902,17.6180000305176,5.));
#12001=CARTESIAN_POINT('',(56.8279991149902,17.6180000305176,5.));
#12002=CARTESIAN_POINT('',(56.8279991149902,17.6180000305176,5.));
#12003=CARTESIAN_POINT('',(56.827999114994,17.6180000307613,-9.99200722162641E-15));
#12004=CARTESIAN_POINT('',(56.5009994506836,17.3999996185302,0.));
#12005=CARTESIAN_POINT('',(52.4000015258789,18.4990005493164,0.));
#12006=CARTESIAN_POINT('',(52.4000015258789,18.4990005493164,5.));
#12007=CARTESIAN_POINT('',(52.6180000305176,18.1720008850097,5.));
#12008=CARTESIAN_POINT('',(52.6180000305176,18.1720008850097,5.));
#12009=CARTESIAN_POINT('',(52.6180000305176,18.1720008850097,5.7023085937904E-14));
#12010=CARTESIAN_POINT('',(52.6180000305176,18.1720008850097,0.));
#12011=CARTESIAN_POINT('',(52.6180000305176,18.1720008850097,0.));
#12012=CARTESIAN_POINT('',(52.8769989013672,17.8770008087158,5.));
#12013=CARTESIAN_POINT('',(52.8769989013672,17.8770008087158,5.));
#12014=CARTESIAN_POINT('',(52.8769989013672,17.8770008087158,2.46558129097815E-14));
#12015=CARTESIAN_POINT('',(52.8769989013672,17.8770008087158,0.));
#12016=CARTESIAN_POINT('',(52.6180000305176,18.1720008850097,5.));
#12017=CARTESIAN_POINT('',(53.1720008850098,17.6180000305176,0.));
#12018=CARTESIAN_POINT('',(53.1720008850098,17.6180000305176,0.));
#12019=CARTESIAN_POINT('',(53.1720008850098,17.6180000305176,0.));
#12020=CARTESIAN_POINT('',(53.1720008850098,17.6180000305176,5.));
#12021=CARTESIAN_POINT('',(53.4990005493164,17.3999996185302,5.));
#12022=CARTESIAN_POINT('',(53.4990005493164,17.3999996185302,0.));
#12023=CARTESIAN_POINT('',(52.8769989013672,17.8770008087158,0.));
#12024=CARTESIAN_POINT('',(53.1720008850098,17.6180000305176,0.));
#12025=CARTESIAN_POINT('',(53.1720008850098,17.6180000305176,5.));
#12026=CARTESIAN_POINT('',(57.1230010986328,17.8770008087158,5.));
#12027=CARTESIAN_POINT('',(57.1230010986328,17.8770008087158,5.));
#12028=CARTESIAN_POINT('',(57.123001098633,17.877000808716,5.));
#12029=CARTESIAN_POINT('',(57.1230010986328,17.8770008087158,5.));
#12030=CARTESIAN_POINT('',(57.1230010986328,17.8770008087158,-5.09544824213337E-14));
#12031=CARTESIAN_POINT('',(57.1230010986328,17.8770008087158,0.));
#12032=CARTESIAN_POINT('',(57.1230010986328,17.8770008087158,5.));
#12033=CARTESIAN_POINT('',(57.1230010986328,17.8770008087158,0.));
#12034=CARTESIAN_POINT('',(-30.4384315878528,-81.8555935388451,5.));
#12035=CARTESIAN_POINT('',(54.,-36.9980010986328,5.));
#12036=CARTESIAN_POINT('',(53.6080017089844,-37.0229988098145,5.));
#12037=CARTESIAN_POINT('',(53.6080017089848,-37.0229988097853,5.));
#12038=CARTESIAN_POINT('',(53.6080017089844,-37.0229988098145,5.));
#12039=CARTESIAN_POINT('',(53.6080017089844,-37.0229988098145,-1.32332099073377E-13));
#12040=CARTESIAN_POINT('',(54.,-36.9980010986328,0.));
#12041=CARTESIAN_POINT('',(53.6080017089844,-37.0229988098145,5.));
#12042=CARTESIAN_POINT('',(63.6047667629728,-35.0236656091054,0.));
#12043=CARTESIAN_POINT('',(53.2229995727539,-37.0999984741211,0.));
#12044=CARTESIAN_POINT('',(-66.3953399408442,-61.0234293351676,5.));
#12045=CARTESIAN_POINT('',(53.2229995727543,-37.0999984740946,5.));
#12046=CARTESIAN_POINT('',(53.2229995727539,-37.0999984741211,0.));
#12047=CARTESIAN_POINT('',(53.2229995727539,-37.0999984741211,0.));
#12048=CARTESIAN_POINT('',(52.851001739502,-37.2260017395019,5.));
#12049=CARTESIAN_POINT('',(52.8510017395007,-37.226001739586,5.));
#12050=CARTESIAN_POINT('',(52.851001739502,-37.2260017395019,5.));
#12051=CARTESIAN_POINT('',(52.851001739502,-37.2260017395019,-1.70974345792274E-14));
#12052=CARTESIAN_POINT('',(61.0545404474042,-34.4472955953351,0.));
#12053=CARTESIAN_POINT('',(56.9000015258789,-40.7770004272461,0.));
#12054=CARTESIAN_POINT('',(56.9000015258789,-40.7770004272461,5.));
#12055=CARTESIAN_POINT('',(56.9000015258789,-40.7770004272461,5.));
#12056=CARTESIAN_POINT('',(56.9000015258789,-40.7770004272461,1.06254603597133E-15));
#12057=CARTESIAN_POINT('',(56.9000015258789,-40.7770004272461,5.));
#12058=CARTESIAN_POINT('',(56.977001218952,-40.3919981477119,4.999999999875));
#12059=CARTESIAN_POINT('',(56.9770012848099,-40.3919978178891,0.));
#12060=CARTESIAN_POINT('',(56.9770011901874,-40.3919982910191,7.15790244432814E-11));
#12061=CARTESIAN_POINT('',(56.9770011901856,-40.3919982910157,0.));
#12062=CARTESIAN_POINT('',(57.0029982890808,-39.9999999958238,5.));
#12063=CARTESIAN_POINT('',(57.0029982888038,-40.,5.));
#12064=CARTESIAN_POINT('',(57.0029983520508,-40.,2.38031816479633E-14));
#12065=CARTESIAN_POINT('',(57.0029983520508,-40.,5.));
#12066=CARTESIAN_POINT('',(57.0029982890808,-39.9999999958238,0.));
#12067=CARTESIAN_POINT('',(57.0029982890808,-39.9999999958238,5.));
#12068=CARTESIAN_POINT('',(56.9770012531556,-39.6080017048083,0.));
#12069=CARTESIAN_POINT('',(57.8391211507037,-52.6075426779546,0.));
#12070=CARTESIAN_POINT('',(56.9770011901856,-39.6080017089844,0.));
#12071=CARTESIAN_POINT('',(56.9794639431698,-39.6451355650011,5.));
#12072=CARTESIAN_POINT('',(56.9770012337017,-39.6080019265672,4.99999720019934));
#12073=CARTESIAN_POINT('',(56.9770012848099,-39.6080021821109,5.));
#12074=CARTESIAN_POINT('',(56.9000015258789,-39.2229995727539,5.));
#12075=CARTESIAN_POINT('',(56.9770011901856,-39.6080017089844,5.));
#12076=CARTESIAN_POINT('',(56.9000015258789,-39.2229995727539,5.));
#12077=CARTESIAN_POINT('',(56.9000015258789,-39.2229995727539,0.));
#12078=CARTESIAN_POINT('',(56.9000015258789,-39.2229995727539,4.15761153453518E-14));
#12079=CARTESIAN_POINT('',(56.9000015258789,-39.2229995727539,0.));
#12080=CARTESIAN_POINT('',(56.9000015258789,-39.2229995727539,0.));
#12081=CARTESIAN_POINT('',(56.7739982604981,-38.8510017395019,5.));
#12082=CARTESIAN_POINT('',(56.7739982604981,-38.8510017395019,5.));
#12083=CARTESIAN_POINT('',(56.773998260498,-38.8510017395018,0.));
#12084=CARTESIAN_POINT('',(56.7739982604981,-38.8510017395019,0.));
#12085=CARTESIAN_POINT('',(56.9000015258789,-39.2229995727539,5.));
#12086=CARTESIAN_POINT('',(56.7739982604981,-38.8510017395019,0.));
#12087=CARTESIAN_POINT('',(56.7739982604981,-38.8510017395019,5.));
#12088=CARTESIAN_POINT('',(64.0054661981584,-53.4802456819659,0.));
#12089=CARTESIAN_POINT('',(52.4990005493164,-37.4000015258789,5.));
#12090=CARTESIAN_POINT('',(52.4990005493164,-37.4000015258789,5.));
#12091=CARTESIAN_POINT('',(52.4990005493185,-37.4000015256575,5.));
#12092=CARTESIAN_POINT('',(52.4990005493164,-37.4000015258789,-1.48914444562566E-14));
#12093=CARTESIAN_POINT('',(52.4990005493164,-37.4000015258789,0.));
#12094=CARTESIAN_POINT('',(52.4990005493164,-37.4000015258789,5.));
#12095=CARTESIAN_POINT('',(51.226001739502,-41.1489982604981,5.));
#12096=CARTESIAN_POINT('',(51.226001739502,-41.1489982604981,5.));
#12097=CARTESIAN_POINT('',(51.226001739502,-41.1489982604981,1.82058389760943E-14));
#12098=CARTESIAN_POINT('',(51.226001739502,-41.1489982604982,5.));
#12099=CARTESIAN_POINT('',(51.226001739502,-41.1489982604981,0.));
#12100=CARTESIAN_POINT('',(51.226001739502,-41.1489982604981,5.));
#12101=CARTESIAN_POINT('',(51.8769989013672,-42.1230010986328,0.));
#12102=CARTESIAN_POINT('',(51.8769989013672,-42.1230010986328,5.));
#12103=CARTESIAN_POINT('',(51.8769989013672,-42.1230010986328,5.));
#12104=CARTESIAN_POINT('',(51.8769989013669,-42.1230010986328,4.44089209850063E-16));
#12105=CARTESIAN_POINT('',(51.8769989013672,-42.1230010986328,5.));
#12106=CARTESIAN_POINT('',(52.1720008850097,-42.3819999694824,5.));
#12107=CARTESIAN_POINT('',(52.1720008850098,-42.3819999694824,5.));
#12108=CARTESIAN_POINT('',(54.,-43.0029983520508,0.));
#12109=CARTESIAN_POINT('',(54.3919982910156,-42.9770011901856,0.));
#12110=CARTESIAN_POINT('',(54.3919982910156,-42.9770011901856,0.));
#12111=CARTESIAN_POINT('',(54.3919982910158,-42.9770011901856,4.99999999999991));
#12112=CARTESIAN_POINT('',(54.,-43.0029983520508,0.));
#12113=CARTESIAN_POINT('',(-68.7913275930649,-51.146467576912,5.));
#12114=CARTESIAN_POINT('',(51.6180000305176,-41.8279991149902,0.));
#12115=CARTESIAN_POINT('',(51.6180000305176,-41.8279991149902,0.));
#12116=CARTESIAN_POINT('',(51.6180000305185,-41.8279991149902,0.));
#12117=CARTESIAN_POINT('',(51.6180000305176,-41.8279991149902,5.));
#12118=CARTESIAN_POINT('',(51.6180000305176,-41.8279991149902,5.));
#12119=CARTESIAN_POINT('',(51.6180000305176,-41.8279991149902,0.));
#12120=CARTESIAN_POINT('',(54.7770004272461,-42.9000015258789,5.));
#12121=CARTESIAN_POINT('',(54.7770004272461,-42.9000015258789,0.));
#12122=CARTESIAN_POINT('',(54.7770004272461,-42.9000015258789,5.77315972805081E-15));
#12123=CARTESIAN_POINT('',(54.7770004272461,-42.9000015258789,5.));
#12124=CARTESIAN_POINT('',(54.7770004272461,-42.9000015258789,5.));
#12125=CARTESIAN_POINT('',(54.7770004272461,-42.9000015258789,3.30538741006895E-14));
#12126=CARTESIAN_POINT('',(56.1230010986328,-42.1230010986328,0.));
#12127=CARTESIAN_POINT('',(56.1230010986328,-42.1230010986328,0.));
#12128=CARTESIAN_POINT('',(56.1230010986328,-42.1230010986328,7.54951656745107E-15));
#12129=CARTESIAN_POINT('',(56.1230010986328,-42.1230010986328,5.));
#12130=CARTESIAN_POINT('',(56.1230010986328,-42.1230010986328,5.));
#12131=CARTESIAN_POINT('',(56.1230010986328,-42.1230010986328,5.));
#12132=CARTESIAN_POINT('',(56.1230010986328,-42.1230010986328,0.));
#12133=CARTESIAN_POINT('',(56.3819999694824,-41.8279991149902,5.));
#12134=CARTESIAN_POINT('',(56.3819999694824,-41.8279991149902,5.));
#12135=CARTESIAN_POINT('',(56.3819999694824,-41.8279991149902,5.));
#12136=CARTESIAN_POINT('',(56.3819999694824,-41.8279991149902,8.21565038222616E-15));
#12137=CARTESIAN_POINT('',(56.3819999694824,-41.8279991149902,0.));
#12138=CARTESIAN_POINT('',(56.3819999694824,-41.8279991149902,0.));
#12139=CARTESIAN_POINT('',(56.5999984741211,-41.5009994506836,5.));
#12140=CARTESIAN_POINT('',(56.5999984741211,-41.5009994506836,5.));
#12141=CARTESIAN_POINT('',(56.5999984741211,-41.5009994506836,0.));
#12142=CARTESIAN_POINT('',(56.5999984741211,-41.5009994506836,-2.59792187762286E-14));
#12143=CARTESIAN_POINT('',(56.5999984741211,-41.5009994506836,0.));
#12144=CARTESIAN_POINT('',(55.1489982604981,-42.7739982604981,5.));
#12145=CARTESIAN_POINT('',(55.1489982604981,-42.7739982604981,0.));
#12146=CARTESIAN_POINT('',(55.1489982604981,-42.7739982604981,0.));
#12147=CARTESIAN_POINT('',(55.148998260498,-42.7739982604981,5.00000000000021));
#12148=CARTESIAN_POINT('',(55.1489982604981,-42.7739982604981,0.));
#12149=CARTESIAN_POINT('',(55.1489982604981,-42.7739982604981,5.));
#12150=CARTESIAN_POINT('',(55.5009994506836,-42.5999984741211,0.));
#12151=CARTESIAN_POINT('',(55.5009994506836,-42.5999984741211,0.));
#12152=CARTESIAN_POINT('',(55.5009994506836,-42.5999984741211,5.));
#12153=CARTESIAN_POINT('',(67.,28.,50.));
#12154=CARTESIAN_POINT('',(67.,-48.62010101,54.2248737375));
#12155=CARTESIAN_POINT('',(67.,-48.62010101,36.149915825));
#12156=CARTESIAN_POINT('',(67.,-48.62010101,18.0749579125));
#12157=CARTESIAN_POINT('',(67.,-48.62010101,0.));
#12158=CARTESIAN_POINT('',(67.,-48.62010101,0.));
#12159=CARTESIAN_POINT('',(67.,-52.,0.));
#12160=CARTESIAN_POINT('',(67.,28.62010101,0.));
#12161=CARTESIAN_POINT('',(67.,28.62010101,0.));
#12162=CARTESIAN_POINT('',(67.,28.62010101,18.0749579125));
#12163=CARTESIAN_POINT('',(67.,28.62010101,36.149915825));
#12164=CARTESIAN_POINT('',(67.,28.62010101,54.2248737375));
#12165=CARTESIAN_POINT('',(67.,28.62010101,54.2248737375));
#12166=CARTESIAN_POINT('',(67.,32.,50.));
#12167=CARTESIAN_POINT('',(66.9999999999978,28.,55.));
#12168=CARTESIAN_POINT('',(67.,28.,55.));
#12169=CARTESIAN_POINT('',(67.,-48.,55.));
#12170=CARTESIAN_POINT('',(52.4990005493164,-42.5999984741211,0.));
#12171=CARTESIAN_POINT('',(52.4990005493164,-42.5999984741211,5.));
#12172=CARTESIAN_POINT('',(52.4990005493515,-42.5999984741213,0.));
#12173=CARTESIAN_POINT('',(52.4990005493164,-42.5999984741211,5.));
#12174=CARTESIAN_POINT('',(52.4990005493164,-42.5999984741211,0.));
#12175=CARTESIAN_POINT('',(52.1720008850098,-42.3819999694824,5.));
#12176=CARTESIAN_POINT('',(51.8769989013672,-42.1230010986328,0.));
#12177=CARTESIAN_POINT('',(52.1720008850098,-42.3819999694824,0.));
#12178=CARTESIAN_POINT('',(52.1720008850098,-42.3819999694824,0.));
#12179=CARTESIAN_POINT('',(51.8769989013672,-42.1230010986328,0.));
#12180=CARTESIAN_POINT('',(52.4990005493164,-42.5999984741211,0.));
#12181=CARTESIAN_POINT('',(66.8766425600286,-52.1850372392565,0.));
#12182=CARTESIAN_POINT('',(-73.,-52.,0.));
#12183=CARTESIAN_POINT('',(-69.62010101,-52.,50.));
#12184=CARTESIAN_POINT('',(-69.62010101,-52.,33.3333333333333));
#12185=CARTESIAN_POINT('',(-69.62010101,-52.,16.6666666666667));
#12186=CARTESIAN_POINT('',(-69.62010101,-52.,0.));
#12187=CARTESIAN_POINT('',(-69.62010101,-52.,0.));
#12188=CARTESIAN_POINT('',(-73.,-52.,0.));
#12189=CARTESIAN_POINT('',(63.62010101,-52.,0.));
#12190=CARTESIAN_POINT('',(63.62010101,-52.,0.));
#12191=CARTESIAN_POINT('',(63.62010101,-52.,16.6666666666667));
#12192=CARTESIAN_POINT('',(63.62010101,-52.,33.3333333333333));
#12193=CARTESIAN_POINT('',(63.62010101,-52.,50.));
#12194=CARTESIAN_POINT('',(51.6180000305176,-41.8279991149902,5.));
#12195=CARTESIAN_POINT('',(51.4000015258789,-41.5009994506836,5.));
#12196=CARTESIAN_POINT('',(51.400001525879,-41.5009994506838,5.));
#12197=CARTESIAN_POINT('',(51.4000015261607,-41.5009994506858,0.));
#12198=CARTESIAN_POINT('',(51.4000015258789,-41.5009994506836,5.));
#12199=CARTESIAN_POINT('',(51.6180000305176,-41.8279991149902,0.));
#12200=CARTESIAN_POINT('',(51.226001739502,-41.1489982604981,0.));
#12201=CARTESIAN_POINT('',(30.3392039404069,1.10494835365787,5.));
#12202=CARTESIAN_POINT('',(51.226001739502,-41.1489982604981,0.));
#12203=CARTESIAN_POINT('',(-69.,28.,50.));
#12204=CARTESIAN_POINT('',(-69.,-48.,50.));
#12205=CARTESIAN_POINT('',(-68.9999999511433,-47.9999999741693,5.00000000723168));
#12206=CARTESIAN_POINT('',(-69.,-48.,5.));
#12207=CARTESIAN_POINT('',(-68.9999999906171,27.9999999925184,5.));
#12208=CARTESIAN_POINT('',(-69.,28.,5.));
#12209=CARTESIAN_POINT('',(-58.3919982910156,-41.9770011901856,5.));
#12210=CARTESIAN_POINT('',(-58.3919982910156,-41.9770011901856,5.));
#12211=CARTESIAN_POINT('',(-58.3919982910156,-41.9770011901856,5.));
#12212=CARTESIAN_POINT('',(67.1127153622711,-50.3004210378612,0.));
#12213=CARTESIAN_POINT('',(-58.3919982910158,-41.9770011901856,7.2160412116449E-14));
#12214=CARTESIAN_POINT('',(-58.3919982910156,-41.9770011901856,0.));
#12215=CARTESIAN_POINT('',(-59.5009994506836,-41.5999984741211,0.));
#12216=CARTESIAN_POINT('',(-59.1489982604981,-41.7739982604981,5.));
#12217=CARTESIAN_POINT('',(-59.1489982604988,-41.7739982604977,8.37205436277641E-14));
#12218=CARTESIAN_POINT('',(-59.1489982604981,-41.7739982604981,5.));
#12219=CARTESIAN_POINT('',(46.2908394247133,-93.8945868959415,0.));
#12220=CARTESIAN_POINT('',(-59.1489982604981,-41.7739982604981,5.));
#12221=CARTESIAN_POINT('',(-58.7770004272461,-41.9000015258789,5.));
#12222=CARTESIAN_POINT('',(-58.7770004272461,-41.9000015258789,5.));
#12223=CARTESIAN_POINT('',(-58.7770004272461,-41.9000015258789,7.40148683083438E-17));
#12224=CARTESIAN_POINT('',(-58.7770004272461,-41.9000015258789,5.));
#12225=CARTESIAN_POINT('',(-58.7770004272461,-41.9000015258789,0.));
#12226=CARTESIAN_POINT('',(-58.7770004272461,-41.9000015258789,5.));
#12227=CARTESIAN_POINT('',(-58.3919982910156,-41.9770011901856,5.));
#12228=CARTESIAN_POINT('',(-58.3919982910156,-41.9770011901856,5.));
#12229=CARTESIAN_POINT('',(-58.7770004272461,-41.9000015258789,0.));
#12230=CARTESIAN_POINT('',(-60.9000015258789,-39.7770004272461,0.));
#12231=CARTESIAN_POINT('',(-60.9000015258789,-39.7770004272461,0.));
#12232=CARTESIAN_POINT('',(-60.9000015258789,-39.7770004272461,5.));
#12233=CARTESIAN_POINT('',(-60.9000015258789,-39.7770004272461,-7.2178902146137E-14));
#12234=CARTESIAN_POINT('',(-60.9000015258789,-39.7770004272461,5.));
#12235=CARTESIAN_POINT('',(-60.9000015258789,-39.7770004272461,0.));
#12236=CARTESIAN_POINT('',(-61.0029982890808,-39.0000000041762,5.));
#12237=CARTESIAN_POINT('',(-61.0029982888038,-39.,5.));
#12238=CARTESIAN_POINT('',(-61.0029983520508,-39.,3.25665420556713E-15));
#12239=CARTESIAN_POINT('',(-61.0029983520564,-39.0000000000157,4.99999999999869));
#12240=CARTESIAN_POINT('',(-61.0029982890808,-39.0000000041762,0.));
#12241=CARTESIAN_POINT('',(-60.9770012189663,-38.6080018524868,1.24999870320838E-10));
#12242=CARTESIAN_POINT('',(-60.9770012848099,-38.6080021821109,5.));
#12243=CARTESIAN_POINT('',(-60.9770011901856,-38.6080017089844,5.));
#12244=CARTESIAN_POINT('',(-61.0029982890808,-39.0000000041762,5.));
#12245=CARTESIAN_POINT('',(-60.9770012531556,-39.3919982951918,5.));
#12246=CARTESIAN_POINT('',(-60.9770012848099,-39.391997817889,0.));
#12247=CARTESIAN_POINT('',(-60.977001218952,-39.3919981476886,4.999999999875));
#12248=CARTESIAN_POINT('',(-60.9770012337019,-39.391998073435,2.79980134129675E-6));
#12249=CARTESIAN_POINT('',(-60.9770012531556,-39.3919982951918,0.));
#12250=CARTESIAN_POINT('',(-60.9770012531556,-39.3919982951918,5.));
#12251=CARTESIAN_POINT('',(-60.9770011901856,-39.3919982910157,0.));
#12252=CARTESIAN_POINT('',(-60.9770011901856,-39.3919982910157,5.));
#12253=CARTESIAN_POINT('',(-60.9000015258789,-39.7770004272461,0.));
#12254=CARTESIAN_POINT('',(51.8769989013672,-37.8769989013672,5.));
#12255=CARTESIAN_POINT('',(51.8769989013672,-37.8769989013672,5.));
#12256=CARTESIAN_POINT('',(51.8769989013672,-37.8769989013672,5.));
#12257=CARTESIAN_POINT('',(51.8769989013672,-37.8769989013672,0.));
#12258=CARTESIAN_POINT('',(51.8769989013672,-37.8769989013672,5.));
#12259=CARTESIAN_POINT('',(51.6180000305176,-38.1720008850098,5.));
#12260=CARTESIAN_POINT('',(51.6180000305176,-38.1720008850098,5.));
#12261=CARTESIAN_POINT('',(51.6180000305176,-38.1720008850098,0.));
#12262=CARTESIAN_POINT('',(51.8769989013672,-37.8769989013672,0.));
#12263=CARTESIAN_POINT('',(51.4000015258789,-38.4990005493164,5.));
#12264=CARTESIAN_POINT('',(51.4000015258789,-38.4990005493164,5.));
#12265=CARTESIAN_POINT('',(51.4000015258789,-38.4990005493164,5.));
#12266=CARTESIAN_POINT('',(51.4000015258789,-38.4990005493164,-8.43769498715119E-15));
#12267=CARTESIAN_POINT('',(51.4000015258789,-38.4990005493164,0.));
#12268=CARTESIAN_POINT('',(51.4000015258789,-38.4990005493164,5.));
#12269=CARTESIAN_POINT('',(51.4000015258789,-38.4990005493164,0.));
#12270=CARTESIAN_POINT('',(51.226001739502,-38.8510017395019,0.));
#12271=CARTESIAN_POINT('',(51.226001739502,-38.8510017395019,0.));
#12272=CARTESIAN_POINT('',(51.4000015258789,-38.4990005493164,5.));
#12273=CARTESIAN_POINT('',(51.226001739502,-38.8510017395019,4.99999999999994));
#12274=CARTESIAN_POINT('',(51.226001739502,-38.8510017395019,5.));
#12275=CARTESIAN_POINT('',(-56.1720008850098,-41.3819999694824,5.));
#12276=CARTESIAN_POINT('',(-56.1720008850098,-41.3819999694824,5.));
#12277=CARTESIAN_POINT('',(-56.4990005493164,-41.5999984741211,5.));
#12278=CARTESIAN_POINT('',(-56.1720008850098,-41.3819999694824,5.));
#12279=CARTESIAN_POINT('',(-56.1720008850098,-41.3819999694824,0.));
#12280=CARTESIAN_POINT('',(-56.1720008850098,-41.3819999694824,0.));
#12281=CARTESIAN_POINT('',(-56.1720008850098,-41.3819999694824,0.));
#12282=CARTESIAN_POINT('',(-56.4990005495061,-41.5999984741195,0.));
#12283=CARTESIAN_POINT('',(-56.4990005493164,-41.5999984741211,5.));
#12284=CARTESIAN_POINT('',(-57.2229995727539,-41.9000015258789,5.));
#12285=CARTESIAN_POINT('',(-57.2229995727539,-41.9000015258789,0.));
#12286=CARTESIAN_POINT('',(-57.2229995727539,-41.9000015258789,5.32907051820071E-15));
#12287=CARTESIAN_POINT('',(-57.2229995727539,-41.9000015258789,5.));
#12288=CARTESIAN_POINT('',(-57.2229995727539,-41.9000015258789,0.));
#12289=CARTESIAN_POINT('',(-69.7201129765244,-44.3993994417292,5.));
#12290=CARTESIAN_POINT('',(-56.851001739502,-41.7739982604981,5.));
#12291=CARTESIAN_POINT('',(-56.851001739502,-41.7739982604981,5.));
#12292=CARTESIAN_POINT('',(-56.851001739502,-41.7739982604981,-2.55808885378507E-14));
#12293=CARTESIAN_POINT('',(-56.8510017395019,-41.7739982604981,5.));
#12294=CARTESIAN_POINT('',(-56.851001739502,-41.7739982604981,0.));
#12295=CARTESIAN_POINT('',(-56.851001739502,-41.7739982604981,5.));
#12296=CARTESIAN_POINT('',(-56.4990005493164,-41.5999984741211,5.));
#12297=CARTESIAN_POINT('',(-56.4990005493164,-41.5999984741211,5.));
#12298=CARTESIAN_POINT('',(-56.4990005493164,-41.5999984741211,0.));
#12299=CARTESIAN_POINT('',(-58.,-35.9980010986328,5.));
#12300=CARTESIAN_POINT('',(-69.7177155251114,-36.7452392247136,5.));
#12301=CARTESIAN_POINT('',(-58.,-35.9980010986328,5.));
#12302=CARTESIAN_POINT('',(-58.,-35.9980010986328,0.));
#12303=CARTESIAN_POINT('',(-58.,-35.9980010986328,-3.08274754342105E-15));
#12304=CARTESIAN_POINT('',(-58.,-35.9980010986328,5.));
#12305=CARTESIAN_POINT('',(-59.1489982604981,-36.2260017395019,0.));
#12306=CARTESIAN_POINT('',(-71.7428013218785,-42.4513188789086,5.));
#12307=CARTESIAN_POINT('',(-59.5009994506836,-36.4000015258789,5.));
#12308=CARTESIAN_POINT('',(-59.5009994506836,-36.4000015258789,0.));
#12309=CARTESIAN_POINT('',(-59.5009994506836,-36.4000015258789,0.));
#12310=CARTESIAN_POINT('',(-59.1489982604981,-36.2260017395019,0.));
#12311=CARTESIAN_POINT('',(-59.5009994506836,-36.4000015258789,0.));
#12312=CARTESIAN_POINT('',(-59.5009994506836,-36.4000015258789,0.));
#12313=CARTESIAN_POINT('',(-71.4310876439641,-44.3533472635791,5.));
#12314=CARTESIAN_POINT('',(52.4990005493164,-37.4000015258789,0.));
#12315=CARTESIAN_POINT('',(52.4990005493164,-37.4000015258789,5.));
#12316=CARTESIAN_POINT('',(52.1720008825677,-37.6180000291826,5.));
#12317=CARTESIAN_POINT('',(52.1720008850098,-37.6180000305176,5.));
#12318=CARTESIAN_POINT('',(52.1720008850098,-37.6180000305176,8.69937354985223E-19));
#12319=CARTESIAN_POINT('',(52.4990005493164,-37.4000015258789,0.));
#12320=CARTESIAN_POINT('',(52.1720008850098,-37.6180000305176,0.));
#12321=CARTESIAN_POINT('',(52.1720008850098,-37.6180000305176,5.));
#12322=CARTESIAN_POINT('',(52.1720008850098,-37.6180000305176,0.));
#12323=CARTESIAN_POINT('',(51.226001739502,-38.8510017395019,5.));
#12324=CARTESIAN_POINT('',(51.226001739502,-38.8510017395019,5.));
#12325=CARTESIAN_POINT('',(51.0999983127114,-39.2229995696518,5.));
#12326=CARTESIAN_POINT('',(51.0999984741211,-39.2229995727539,5.));
#12327=CARTESIAN_POINT('',(51.0999984051524,-39.2229995718588,0.));
#12328=CARTESIAN_POINT('',(51.226001739502,-38.8510017395019,0.));
#12329=CARTESIAN_POINT('',(51.0999984741211,-39.2229995727539,0.));
#12330=CARTESIAN_POINT('',(51.0999984741211,-39.2229995727539,5.));
#12331=CARTESIAN_POINT('',(51.0999984741211,-39.2229995727539,0.));
#12332=CARTESIAN_POINT('',(-60.3819999694824,-37.1720008850098,0.));
#12333=CARTESIAN_POINT('',(-60.5999984741211,-37.4990005493164,5.));
#12334=CARTESIAN_POINT('',(-60.5999984741211,-37.4990005493164,5.));
#12335=CARTESIAN_POINT('',(-60.5999984741211,-37.4990005493164,1.4210854715202E-14));
#12336=CARTESIAN_POINT('',(-28.0315315323439,11.353984816776,0.));
#12337=CARTESIAN_POINT('',(-68.031197712146,-48.6458644246333,5.));
#12338=CARTESIAN_POINT('',(-60.9000015258789,-38.2229995727539,0.));
#12339=CARTESIAN_POINT('',(-60.9000015258789,-38.2229995727539,0.));
#12340=CARTESIAN_POINT('',(-60.9000015258789,-38.2229995727539,5.));
#12341=CARTESIAN_POINT('',(-60.9000015258789,-38.2229995727539,0.));
#12342=CARTESIAN_POINT('',(-60.9000015258789,-38.2229995727539,5.));
#12343=CARTESIAN_POINT('',(-60.9000015258789,-38.2229995727539,0.));
#12344=CARTESIAN_POINT('',(-60.5999984741211,-37.4990005493164,5.));
#12345=CARTESIAN_POINT('',(-60.7739982604981,-37.8510017395019,5.));
#12346=CARTESIAN_POINT('',(-60.7739982604981,-37.8510017395019,5.));
#12347=CARTESIAN_POINT('',(-60.7739982604981,-37.8510017395019,5.));
#12348=CARTESIAN_POINT('',(-60.7739982604981,-37.8510017395019,7.54951656745107E-15));
#12349=CARTESIAN_POINT('',(-60.5999984741211,-37.4990005493164,0.));
#12350=CARTESIAN_POINT('',(-60.7739982604981,-37.8510017395019,0.));
#12351=CARTESIAN_POINT('',(-60.7739982604981,-37.8510017395019,5.));
#12352=CARTESIAN_POINT('',(-60.7739982604981,-37.8510017395019,0.));
#12353=CARTESIAN_POINT('',(-61.9770011901856,21.3920001983643,0.));
#12354=CARTESIAN_POINT('',(-62.0029983520508,21.,0.));
#12355=CARTESIAN_POINT('',(-62.0029983520508,21.,-7.21600636405772E-14));
#12356=CARTESIAN_POINT('',(-62.0029983520508,21.,5.));
#12357=CARTESIAN_POINT('',(-61.9770011901856,21.3920001983643,0.));
#12358=CARTESIAN_POINT('',(-61.977001219263,21.3919997598707,7.06117396947413E-11));
#12359=CARTESIAN_POINT('',(-61.9770012848099,21.3919987715634,0.));
#12360=CARTESIAN_POINT('',(-61.977001250275,21.3919992925736,4.99999139423683));
#12361=CARTESIAN_POINT('',(-61.9770011901856,21.3920001983643,5.));
#12362=CARTESIAN_POINT('',(-61.9770011901856,20.6079998016358,5.));
#12363=CARTESIAN_POINT('',(-61.9770012848099,20.6080012284366,5.));
#12364=CARTESIAN_POINT('',(-61.9770012218511,20.6080006838299,4.99999141722595));
#12365=CARTESIAN_POINT('',(-61.9770011491994,20.608000201564,1.58290670228104E-16));
#12366=CARTESIAN_POINT('',(-61.9770011901856,20.6079998016358,0.));
#12367=CARTESIAN_POINT('',(-61.9770011901856,20.6079998016358,5.));
#12368=CARTESIAN_POINT('',(-61.9000017092761,20.2229995360747,5.));
#12369=CARTESIAN_POINT('',(-61.9000019915977,20.2230009476966,5.));
#12370=CARTESIAN_POINT('',(-61.9000016815655,20.2229999457696,4.99999999949381));
#12371=CARTESIAN_POINT('',(-61.900001839526,20.2230004152123,8.64400416005332E-6));
#12372=CARTESIAN_POINT('',(-61.9000017092761,20.2229995360747,0.));
#12373=CARTESIAN_POINT('',(-61.9000017092761,20.2229995360747,5.));
#12374=CARTESIAN_POINT('',(-61.5999984741211,19.4990005493164,0.));
#12375=CARTESIAN_POINT('',(-61.5999984741211,19.4990005493164,0.));
#12376=CARTESIAN_POINT('',(-61.5999984741211,19.4990005493164,5.));
#12377=CARTESIAN_POINT('',(-61.5999984741211,19.4990005493164,0.));
#12378=CARTESIAN_POINT('',(-61.5999984741211,19.4990005493164,5.));
#12379=CARTESIAN_POINT('',(-61.3819999694824,19.1720008850098,4.99999999999978));
#12380=CARTESIAN_POINT('',(-61.3819999694824,19.1720008850097,5.));
#12381=CARTESIAN_POINT('',(-61.3819999694824,19.1720008850097,-8.69943115786165E-19));
#12382=CARTESIAN_POINT('',(-61.5999984741211,19.4990005493164,0.));
#12383=CARTESIAN_POINT('',(-61.7739982604981,19.8509998321533,5.));
#12384=CARTESIAN_POINT('',(-61.7739982604981,19.8509998321533,0.));
#12385=CARTESIAN_POINT('',(-61.7739982604981,19.8509998321533,5.));
#12386=CARTESIAN_POINT('',(-61.7739982604981,19.8509998321533,-1.31703146057936E-14));
#12387=CARTESIAN_POINT('',(-61.7739982604981,19.8509998321533,0.));
#12388=CARTESIAN_POINT('',(-61.7739982604981,19.8509998321533,5.));
#12389=CARTESIAN_POINT('',(-61.7739982604981,19.8509998321533,0.));
#12390=CARTESIAN_POINT('',(-61.7739982604981,19.8509998321533,5.));
#12391=CARTESIAN_POINT('',(-61.7739982604981,19.8509998321533,0.));
#12392=CARTESIAN_POINT('',(-61.3819999694824,22.8279991149902,0.));
#12393=CARTESIAN_POINT('',(-61.5999984741211,22.5009994506836,5.));
#12394=CARTESIAN_POINT('',(-61.5999984741211,22.5009994506836,1.06099098221979E-14));
#12395=CARTESIAN_POINT('',(-61.5999984741211,22.5009994506836,5.));
#12396=CARTESIAN_POINT('',(-61.3819999694824,22.8279991149902,0.));
#12397=CARTESIAN_POINT('',(-61.3819999694824,22.8279991149902,1.44873699090462E-13));
#12398=CARTESIAN_POINT('',(-61.3819999694824,22.8279991149902,0.));
#12399=CARTESIAN_POINT('',(-61.3819999694824,22.8279991149902,5.));
#12400=CARTESIAN_POINT('',(-61.5999984741211,22.5009994506836,5.));
#12401=CARTESIAN_POINT('',(-61.9770010067883,21.3920001616851,5.));
#12402=CARTESIAN_POINT('',(-61.9000019915977,21.7769990523034,5.));
#12403=CARTESIAN_POINT('',(-61.900001822203,21.7769995524103,4.99999133355916));
#12404=CARTESIAN_POINT('',(-61.900001670342,21.7770000007212,7.03599036651E-11));
#12405=CARTESIAN_POINT('',(-61.9770010067883,21.3920001616851,5.));
#12406=CARTESIAN_POINT('',(-61.9770010067883,21.3920001616851,0.));
#12407=CARTESIAN_POINT('',(-61.5999984741211,22.5009994506836,0.));
#12408=CARTESIAN_POINT('',(-61.5999984741211,22.5009994506836,0.));
#12409=CARTESIAN_POINT('',(-61.7739982604981,22.1490001678467,0.));
#12410=CARTESIAN_POINT('',(-61.5999984741211,22.5009994506836,5.));
#12411=CARTESIAN_POINT('',(-61.7739982604981,22.1490001678465,5.));
#12412=CARTESIAN_POINT('',(-61.7739982604981,22.1490001678467,5.));
#12413=CARTESIAN_POINT('',(-61.7739982604981,22.1490001678467,0.));
#12414=CARTESIAN_POINT('',(-83.8329825048342,-42.9757915746694,5.));
#12415=CARTESIAN_POINT('',(-61.7739982604981,22.1490001678467,0.));
#12416=CARTESIAN_POINT('',(-61.1230010986328,18.8770008087158,5.));
#12417=CARTESIAN_POINT('',(-61.1230010986328,18.8770008087158,5.));
#12418=CARTESIAN_POINT('',(-61.1230010986328,18.8770008087158,-1.61813026888726E-13));
#12419=CARTESIAN_POINT('',(-61.1230010986328,18.8770008087158,5.));
#12420=CARTESIAN_POINT('',(-61.1230010986328,18.8770008087158,0.));
#12421=CARTESIAN_POINT('',(-61.1230010986328,18.8770008087158,5.));
#12422=CARTESIAN_POINT('',(-59.7770004272461,18.1000003814698,5.));
#12423=CARTESIAN_POINT('',(-60.1489982604981,18.2259998321533,5.));
#12424=CARTESIAN_POINT('',(-60.1489982604981,18.2259998321533,5.));
#12425=CARTESIAN_POINT('',(-60.1489982604988,18.2259998321537,-4.44089209850063E-16));
#12426=CARTESIAN_POINT('',(-59.7770004272461,18.1000003814698,5.));
#12427=CARTESIAN_POINT('',(-59.7770004272461,18.1000003814697,5.));
#12428=CARTESIAN_POINT('',(-59.7770004272461,18.1000003814698,5.));
#12429=CARTESIAN_POINT('',(-59.7770004272461,18.1000003814698,-6.53072052974092E-14));
#12430=CARTESIAN_POINT('',(-60.1489982604981,18.2259998321533,0.));
#12431=CARTESIAN_POINT('',(-60.8279991149902,18.6180000305176,5.));
#12432=CARTESIAN_POINT('',(-60.8279991149902,18.6180000305176,0.));
#12433=CARTESIAN_POINT('',(-60.8279991149902,18.6180000305176,4.73275772642536E-14));
#12434=CARTESIAN_POINT('',(-61.1230010986328,18.8770008087158,5.));
#12435=CARTESIAN_POINT('',(-60.8279991149902,18.6180000305176,5.));
#12436=CARTESIAN_POINT('',(-60.8279991149902,18.6180000305176,0.));
#12437=CARTESIAN_POINT('',(-60.8279991149902,18.6180000305176,0.));
#12438=CARTESIAN_POINT('',(-60.5009994506836,18.3999996185302,0.));
#12439=CARTESIAN_POINT('',(-60.500999450683,18.3999996185299,0.));
#12440=CARTESIAN_POINT('',(-60.5009994506836,18.3999996185302,5.));
#12441=CARTESIAN_POINT('',(-60.8279991149902,18.6180000305176,0.));
#12442=CARTESIAN_POINT('',(-60.8279991149902,18.6180000305176,5.));
#12443=CARTESIAN_POINT('',(-60.1489982604981,18.2259998321533,0.));
#12444=CARTESIAN_POINT('',(69.9294035839216,-46.0738229078035,0.));
#12445=CARTESIAN_POINT('',(-60.1489982604981,18.2259998321533,5.));
#12446=CARTESIAN_POINT('',(-57.4990005493164,18.3999996185302,0.));
#12447=CARTESIAN_POINT('',(-57.1720008850098,18.6180000305176,0.));
#12448=CARTESIAN_POINT('',(-57.1720008850098,18.6180000305176,-5.33030046711563E-15));
#12449=CARTESIAN_POINT('',(-57.1720008850098,18.6180000305176,5.));
#12450=CARTESIAN_POINT('',(-57.4990005493164,18.3999996185302,0.));
#12451=CARTESIAN_POINT('',(-57.4990005526247,18.3999996169444,0.));
#12452=CARTESIAN_POINT('',(-57.4990005493164,18.3999996185302,5.));
#12453=CARTESIAN_POINT('',(-57.4990005493164,18.3999996185302,4.99999999999986));
#12454=CARTESIAN_POINT('',(-57.4990005493164,18.3999996185302,5.));
#12455=CARTESIAN_POINT('',(-57.851001739502,18.2259998321533,0.));
#12456=CARTESIAN_POINT('',(-57.851001739502,18.2259998321533,0.));
#12457=CARTESIAN_POINT('',(-57.851001739502,18.2259998321533,5.));
#12458=CARTESIAN_POINT('',(-57.851001739502,18.2259998321534,4.44894824093603E-17));
#12459=CARTESIAN_POINT('',(-57.4990005493164,18.3999996185302,5.));
#12460=CARTESIAN_POINT('',(-57.851001739502,18.2259998321533,0.));
#12461=CARTESIAN_POINT('',(-59.3919982910156,18.0230007171631,5.));
#12462=CARTESIAN_POINT('',(-59.3919982910156,18.0230007171631,5.));
#12463=CARTESIAN_POINT('',(-59.3919982910164,18.0230007171632,4.44089209850063E-16));
#12464=CARTESIAN_POINT('',(-59.3919982910156,18.0230007171631,5.));
#12465=CARTESIAN_POINT('',(-59.3919982910156,18.0230007171631,0.));
#12466=CARTESIAN_POINT('',(-59.3919982910156,18.0230007171631,5.));
#12467=CARTESIAN_POINT('',(-58.6080017089844,18.0230007171631,5.));
#12468=CARTESIAN_POINT('',(62.0431647966614,25.7180936062055,0.));
#12469=CARTESIAN_POINT('',(-59.,17.9979991912842,0.));
#12470=CARTESIAN_POINT('',(-58.6080017089848,18.0230007171631,1.77635683940025E-15));
#12471=CARTESIAN_POINT('',(-59.,17.9979991912842,5.));
#12472=CARTESIAN_POINT('',(-59.,17.9979991912842,5.));
#12473=CARTESIAN_POINT('',(-58.6080017089844,18.0230007171631,5.));
#12474=CARTESIAN_POINT('',(-58.6080017089844,18.0230007171631,5.));
#12475=CARTESIAN_POINT('',(-58.6080017089844,18.0230007171631,5.));
#12476=CARTESIAN_POINT('',(-59.,17.9979991912842,5.));
#12477=CARTESIAN_POINT('',(70.9358906339272,9.71072956093425,0.));
#12478=CARTESIAN_POINT('',(-59.,17.9979991912842,5.));
#12479=CARTESIAN_POINT('',(-55.8769989013672,-41.1230010986328,5.));
#12480=CARTESIAN_POINT('',(-55.8769989013672,-41.1230010986328,0.));
#12481=CARTESIAN_POINT('',(-55.8769989007429,-41.1230010986378,1.43588844518187E-14));
#12482=CARTESIAN_POINT('',(-55.8769989013672,-41.1230010986328,5.));
#12483=CARTESIAN_POINT('',(-55.8769989013672,-41.1230010986328,0.));
#12484=CARTESIAN_POINT('',(-66.6973208733713,-50.6227717048322,5.));
#12485=CARTESIAN_POINT('',(-55.8769989013672,-41.1230010986328,5.));
#12486=CARTESIAN_POINT('',(-64.9988329903969,-51.5128500655219,5.));
#12487=CARTESIAN_POINT('',(-55.6180000305176,-40.8279991149902,5.));
#12488=CARTESIAN_POINT('',(-55.6180000305176,-40.8279991149902,5.));
#12489=CARTESIAN_POINT('',(-55.618000030518,-40.8279991149902,-4.2159813471399E-14));
#12490=CARTESIAN_POINT('',(-55.6180000305176,-40.8279991149902,0.));
#12491=CARTESIAN_POINT('',(-55.4000015258789,-40.5009994506836,5.));
#12492=CARTESIAN_POINT('',(-55.4000015258789,-40.5009994506836,0.));
#12493=CARTESIAN_POINT('',(-55.4000015258789,-40.5009994506836,5.));
#12494=CARTESIAN_POINT('',(-55.4000014881428,-40.5009994483054,4.36853147726449E-10));
#12495=CARTESIAN_POINT('',(-55.4000015258789,-40.5009994506836,0.));
#12496=CARTESIAN_POINT('',(-55.4000015258789,-40.5009994506836,5.));
#12497=CARTESIAN_POINT('',(-55.4000015258789,-40.5009994506836,0.));
#12498=CARTESIAN_POINT('',(-55.226001739502,-40.1489982604981,0.));
#12499=CARTESIAN_POINT('',(-55.2260017389177,-40.1489982605025,0.));
#12500=CARTESIAN_POINT('',(-55.226001739502,-40.1489982604981,5.));
#12501=CARTESIAN_POINT('',(-55.4000015258789,-40.5009994506836,0.));
#12502=CARTESIAN_POINT('',(-55.4000015258789,-40.5009994506836,5.));
#12503=CARTESIAN_POINT('',(-55.0999984741211,-39.7770004272461,0.));
#12504=CARTESIAN_POINT('',(-55.0999984741211,-39.7770004272461,0.));
#12505=CARTESIAN_POINT('',(-55.0999984471556,-39.7770004268179,1.47541520326614E-9));
#12506=CARTESIAN_POINT('',(-55.0999984741211,-39.7770004272461,5.));
#12507=CARTESIAN_POINT('',(-55.0999984741211,-39.7770004272461,5.));
#12508=CARTESIAN_POINT('',(-55.0999984741211,-39.7770004272461,0.));
#12509=CARTESIAN_POINT('',(-55.0999984741211,-39.7770004272461,0.));
#12510=CARTESIAN_POINT('',(-55.0229987205308,-39.3919978445928,0.));
#12511=CARTESIAN_POINT('',(-55.0229987462763,-39.3919980157578,2.70951660181803E-6));
#12512=CARTESIAN_POINT('',(-55.0229987838141,-39.391998160957,4.99999999985938));
#12513=CARTESIAN_POINT('',(-55.0999984741211,-39.7770004272461,0.));
#12514=CARTESIAN_POINT('',(-55.0999984741211,-39.7770004272461,5.));
#12515=CARTESIAN_POINT('',(-54.998001159202,-38.9999999961375,5.));
#12516=CARTESIAN_POINT('',(-54.9980011594483,-39.,0.));
#12517=CARTESIAN_POINT('',(-54.9980011289317,-39.0000000017058,4.99999999677499));
#12518=CARTESIAN_POINT('',(-54.998001127749,-39.0000000019487,1.96184896923665E-9));
#12519=CARTESIAN_POINT('',(-54.998001159202,-38.9999999961375,0.));
#12520=CARTESIAN_POINT('',(-54.998001159202,-38.9999999961375,5.));
#12521=CARTESIAN_POINT('',(-54.998001159202,-39.0000000038625,0.));
#12522=CARTESIAN_POINT('',(-55.0229987205308,-38.6080021554073,0.));
#12523=CARTESIAN_POINT('',(-55.0229987837664,-38.608001839035,1.00000004137019E-10));
#12524=CARTESIAN_POINT('',(-55.0229987038088,-38.6080019797218,4.99999729319844));
#12525=CARTESIAN_POINT('',(-54.998001159202,-39.0000000038625,0.));
#12526=CARTESIAN_POINT('',(-54.998001159202,-39.0000000038625,5.));
#12527=CARTESIAN_POINT('',(-55.0999984741211,-38.2229995727539,0.));
#12528=CARTESIAN_POINT('',(-55.0999984741211,-38.2229995727539,5.));
#12529=CARTESIAN_POINT('',(-55.0999984741211,-38.2229995727539,5.));
#12530=CARTESIAN_POINT('',(-55.0999984741207,-38.2229995727539,0.));
#12531=CARTESIAN_POINT('',(-55.0999984741211,-38.2229995727539,5.));
#12532=CARTESIAN_POINT('',(-55.226001739502,-37.8510017395019,5.));
#12533=CARTESIAN_POINT('',(-55.226001739502,-37.8510017395019,0.));
#12534=CARTESIAN_POINT('',(-55.226001739502,-37.8510017395019,-7.21972116604463E-14));
#12535=CARTESIAN_POINT('',(-55.0999984741211,-38.2229995727539,0.));
#12536=CARTESIAN_POINT('',(-55.0999984741211,-38.2229995727539,0.));
#12537=CARTESIAN_POINT('',(-47.7545352410955,-74.9506796449033,0.));
#12538=CARTESIAN_POINT('',(-55.0999984741211,-38.2229995727539,5.));
#12539=CARTESIAN_POINT('',(-55.4000015258789,-37.4990005493164,5.));
#12540=CARTESIAN_POINT('',(-55.4000015258789,-37.4990005493164,5.));
#12541=CARTESIAN_POINT('',(-55.4000015258789,-37.4990005493164,5.));
#12542=CARTESIAN_POINT('',(-55.4000015256966,-37.4990005492228,0.));
#12543=CARTESIAN_POINT('',(-55.4000015258789,-37.4990005493164,0.));
#12544=CARTESIAN_POINT('',(-55.4000015258789,-37.4990005493164,5.));
#12545=CARTESIAN_POINT('',(-55.6180000305176,-37.1720008850098,5.));
#12546=CARTESIAN_POINT('',(-55.6180000305176,-37.1720008850098,5.));
#12547=CARTESIAN_POINT('',(-55.6180000305176,-37.1720008850098,5.));
#12548=CARTESIAN_POINT('',(-55.6180000305176,-37.1720008850098,5.));
#12549=CARTESIAN_POINT('',(-55.6180000305164,-37.1720008850091,0.));
#12550=CARTESIAN_POINT('',(-55.6180000305176,-37.1720008850098,0.));
#12551=CARTESIAN_POINT('',(-56.1720008850098,-36.6180000305176,0.));
#12552=CARTESIAN_POINT('',(-56.1720008850098,-36.6180000305176,0.));
#12553=CARTESIAN_POINT('',(-56.1720008850098,-36.6180000305176,5.));
#12554=CARTESIAN_POINT('',(-56.1720008469658,-36.6180000135505,3.07520528983547E-10));
#12555=CARTESIAN_POINT('',(-56.1720008850098,-36.6180000305176,5.));
#12556=CARTESIAN_POINT('',(-56.4990005493164,-36.4000015258789,4.99999999999991));
#12557=CARTESIAN_POINT('',(-56.4990005493164,-36.4000015258789,4.99999999776988));
#12558=CARTESIAN_POINT('',(-56.4990005569272,-36.4000014909297,-3.85494105772624E-19));
#12559=CARTESIAN_POINT('',(-56.1720008850098,-36.6180000305176,0.));
#12560=CARTESIAN_POINT('',(-55.8769989013672,-36.8769989013672,5.));
#12561=CARTESIAN_POINT('',(-55.8769989013672,-36.8769989013672,5.));
#12562=CARTESIAN_POINT('',(-55.8769989018322,-36.8769989016097,0.));
#12563=CARTESIAN_POINT('',(-55.8769989013672,-36.8769989013672,5.));
#12564=CARTESIAN_POINT('',(-55.8769989013672,-36.8769989013672,0.));
#12565=CARTESIAN_POINT('',(-55.8769989013672,-36.8769989013672,5.));
#12566=CARTESIAN_POINT('',(-55.8769989013672,-36.8769989013672,5.));
#12567=CARTESIAN_POINT('',(21.0112809538538,-104.381554017168,0.));
#12568=CARTESIAN_POINT('',(-57.7730218380163,-35.212373485519,5.));
#12569=CARTESIAN_POINT('',(-56.851001739502,-36.2260017395019,5.));
#12570=CARTESIAN_POINT('',(-56.851001739502,-36.2260017395019,0.));
#12571=CARTESIAN_POINT('',(-56.851001739502,-36.2260017395019,5.));
#12572=CARTESIAN_POINT('',(-56.851001739502,-36.2260017395019,-4.52970994047064E-14));
#12573=CARTESIAN_POINT('',(-56.4990005493164,-36.4000015258789,0.));
#12574=CARTESIAN_POINT('',(-56.851001739502,-36.2260017395019,5.));
#12575=CARTESIAN_POINT('',(-58.,-35.9980010986328,5.));
#12576=CARTESIAN_POINT('',(-57.6080017089844,-36.0229988098145,0.));
#12577=CARTESIAN_POINT('',(-57.6080017106528,-36.0229987450654,0.));
#12578=CARTESIAN_POINT('',(-57.6080017089844,-36.0229988098145,5.));
#12579=CARTESIAN_POINT('',(-57.6080017089844,-36.0229988098145,5.));
#12580=CARTESIAN_POINT('',(-68.1931814798893,-35.3479824314694,5.));
#12581=CARTESIAN_POINT('',(-56.851001739502,-36.2260017395019,0.));
#12582=CARTESIAN_POINT('',(-56.851001739502,-36.2260017395019,0.));
#12583=CARTESIAN_POINT('',(-57.2229995727539,-36.0999984741213,2.52355201707447E-14));
#12584=CARTESIAN_POINT('',(-56.851001739502,-36.2260017395019,5.));
#12585=CARTESIAN_POINT('',(-57.2229995727539,-36.0999984741211,5.));
#12586=CARTESIAN_POINT('',(-57.2229995727539,-36.0999984741211,5.));
#12587=CARTESIAN_POINT('',(-57.2229995727539,-36.0999984741211,0.));
#12588=CARTESIAN_POINT('',(-57.6080017089844,-36.0229988098145,5.));
#12589=CARTESIAN_POINT('',(-57.2229995727539,-36.0999984741211,0.));
#12590=CARTESIAN_POINT('',(-58.2229995727539,18.1000003814698,5.));
#12591=CARTESIAN_POINT('',(-58.2229995727539,18.1000003814698,5.));
#12592=CARTESIAN_POINT('',(-58.2229995727535,18.1000003814415,1.77635683940025E-16));
#12593=CARTESIAN_POINT('',(-58.2229995727539,18.1000003814697,5.));
#12594=CARTESIAN_POINT('',(-58.6080017089844,18.0230007171631,0.));
#12595=CARTESIAN_POINT('',(-58.2229995727539,18.1000003814698,5.));
#12596=CARTESIAN_POINT('',(-57.851001739502,18.2259998321533,0.));
#12597=CARTESIAN_POINT('',(-58.2229995727539,18.1000003814698,0.));
#12598=CARTESIAN_POINT('',(-57.851001739502,18.2259998321533,5.));
#12599=CARTESIAN_POINT('',(-56.8769989013672,18.8770008087158,5.));
#12600=CARTESIAN_POINT('',(-56.8769989013672,18.8770008087158,5.));
#12601=CARTESIAN_POINT('',(-56.8769989013672,18.8770008087158,0.));
#12602=CARTESIAN_POINT('',(-56.8769989013672,18.8770008087158,5.));
#12603=CARTESIAN_POINT('',(-56.8769989013672,18.8770008087158,0.));
#12604=CARTESIAN_POINT('',(-56.8769989013672,18.8770008087158,5.));
#12605=CARTESIAN_POINT('',(-56.6180000305176,19.1720008850097,0.));
#12606=CARTESIAN_POINT('',(-56.6180000305176,19.1720008850097,0.));
#12607=CARTESIAN_POINT('',(-56.6180000305176,19.1720008850097,5.));
#12608=CARTESIAN_POINT('',(-56.6180000305176,19.1720008850097,-7.24368495452313E-14));
#12609=CARTESIAN_POINT('',(-56.4000015258789,19.4990005493164,5.));
#12610=CARTESIAN_POINT('',(-56.4000015258789,19.4990005493164,5.));
#12611=CARTESIAN_POINT('',(-56.4000015258789,19.4990005493164,5.));
#12612=CARTESIAN_POINT('',(-56.4000015258789,19.4990005493164,3.85269578610684E-14));
#12613=CARTESIAN_POINT('',(-56.6180000305176,19.1720008850097,0.));
#12614=CARTESIAN_POINT('',(-56.6180000305176,19.1720008850097,0.));
#12615=CARTESIAN_POINT('',(-38.0951499816664,40.2695530081821,0.));
#12616=CARTESIAN_POINT('',(-56.6180000305176,19.1720008850097,5.));
#12617=CARTESIAN_POINT('',(-56.226001739502,19.8509998321533,5.));
#12618=CARTESIAN_POINT('',(-56.226001739502,19.8509998321533,5.));
#12619=CARTESIAN_POINT('',(-56.226001739502,19.8509998321533,5.));
#12620=CARTESIAN_POINT('',(-56.226001739502,19.8509998321533,0.));
#12621=CARTESIAN_POINT('',(-56.4000015258789,19.4990005493164,0.));
#12622=CARTESIAN_POINT('',(-56.4000015258789,19.4990005493164,5.));
#12623=CARTESIAN_POINT('',(-56.0999984741211,20.2229995727539,5.));
#12624=CARTESIAN_POINT('',(-56.0999984741211,20.2229995727539,5.));
#12625=CARTESIAN_POINT('',(-56.0999983296592,20.2229999992425,4.9999999999975));
#12626=CARTESIAN_POINT('',(-56.0999980084023,20.2230009476966,5.));
#12627=CARTESIAN_POINT('',(-56.0999981778051,20.2230004475739,8.66660088381628E-6));
#12628=CARTESIAN_POINT('',(-56.0999984741211,20.2229995727539,0.));
#12629=CARTESIAN_POINT('',(-56.0999982907239,20.2229995360747,0.));
#12630=CARTESIAN_POINT('',(-69.7158303569658,-47.856835347132,5.));
#12631=CARTESIAN_POINT('',(-56.0229987827082,20.6080002266983,4.99999999999991));
#12632=CARTESIAN_POINT('',(-56.0229987205308,20.608001201733,0.));
#12633=CARTESIAN_POINT('',(-56.0229987533178,20.6080006875844,8.44140916952313E-6));
#12634=CARTESIAN_POINT('',(-56.0999982907239,20.2229995360747,0.));
#12635=CARTESIAN_POINT('',(-55.9980010986328,21.,5.));
#12636=CARTESIAN_POINT('',(-55.9980010986328,21.,3.56575624366634E-15));
#12637=CARTESIAN_POINT('',(-55.998001018497,21.0000000006525,1.47456373688993E-15));
#12638=CARTESIAN_POINT('',(-55.9980010986328,21.,5.));
#12639=CARTESIAN_POINT('',(-55.9980010986328,21.,0.));
#12640=CARTESIAN_POINT('',(-56.0229988098145,20.6079998016358,5.));
#12641=CARTESIAN_POINT('',(-56.0229988098145,21.3920001983643,5.));
#12642=CARTESIAN_POINT('',(-56.0229987205308,21.391998798267,5.));
#12643=CARTESIAN_POINT('',(-56.0229987827195,21.3919997733469,1.59316893259619E-9));
#12644=CARTESIAN_POINT('',(-56.0229987533224,21.3919993124331,4.99999155848925));
#12645=CARTESIAN_POINT('',(-56.0229988098145,21.3920001983643,0.));
#12646=CARTESIAN_POINT('',(-56.0229988098145,21.3920001983643,5.));
#12647=CARTESIAN_POINT('',(-56.0999982907239,21.7770004639252,5.));
#12648=CARTESIAN_POINT('',(-56.0999980084023,21.7769990523034,5.));
#12649=CARTESIAN_POINT('',(-56.0999983296672,21.7770000007451,1.2499986902437E-10));
#12650=CARTESIAN_POINT('',(-56.0999981777848,21.7769995523602,4.99999133272083));
#12651=CARTESIAN_POINT('',(-56.0999982907239,21.7770004639252,0.));
#12652=CARTESIAN_POINT('',(-56.0999982907239,21.7770004639252,5.));
#12653=CARTESIAN_POINT('',(-56.226001739502,22.1490001678467,5.));
#12654=CARTESIAN_POINT('',(-21.0126294676013,-81.8115226902283,0.));
#12655=CARTESIAN_POINT('',(-56.2260017395018,22.1490001678463,0.));
#12656=CARTESIAN_POINT('',(-56.226001739502,22.1490001678467,5.));
#12657=CARTESIAN_POINT('',(-56.226001739502,22.1490001678467,5.));
#12658=CARTESIAN_POINT('',(-56.226001739502,22.1490001678467,5.));
#12659=CARTESIAN_POINT('',(-56.4000015258789,22.5009994506836,5.));
#12660=CARTESIAN_POINT('',(-56.4000015258789,22.5009994506836,5.));
#12661=CARTESIAN_POINT('',(-56.4000015258789,22.5009994506836,-1.10784444267178E-14));
#12662=CARTESIAN_POINT('',(-56.4000015258789,22.5009994506836,5.));
#12663=CARTESIAN_POINT('',(-56.226001739502,22.1490001678467,0.));
#12664=CARTESIAN_POINT('',(-56.4000015258789,22.5009994506836,5.));
#12665=CARTESIAN_POINT('',(-57.1720008850098,23.3819999694824,0.));
#12666=CARTESIAN_POINT('',(-57.4990005493164,23.6000003814698,0.));
#12667=CARTESIAN_POINT('',(-57.4990005493164,23.6000003814698,5.));
#12668=CARTESIAN_POINT('',(-57.4990005493164,23.6000003814698,1.46549439250519E-14));
#12669=CARTESIAN_POINT('',(-57.1720008850098,23.3819999694824,0.));
#12670=CARTESIAN_POINT('',(-57.1720008850098,23.3819999694824,-2.30572694349006E-15));
#12671=CARTESIAN_POINT('',(-57.1720008850098,23.3819999694824,0.));
#12672=CARTESIAN_POINT('',(-57.1720008850098,23.3819999694824,5.));
#12673=CARTESIAN_POINT('',(-57.1720008850098,23.3819999694824,5.));
#12674=CARTESIAN_POINT('',(-57.4990005493164,23.6000003814698,0.));
#12675=CARTESIAN_POINT('',(-57.4990005493164,23.6000003814698,0.));
#12676=CARTESIAN_POINT('',(-57.851001739502,23.7740001678467,0.));
#12677=CARTESIAN_POINT('',(-57.4990005493164,23.6000003814698,5.));
#12678=CARTESIAN_POINT('',(-57.8510017395019,23.7740001678466,5.));
#12679=CARTESIAN_POINT('',(-57.851001739502,23.7740001678467,0.));
#12680=CARTESIAN_POINT('',(-57.851001739502,23.7740001678467,0.));
#12681=CARTESIAN_POINT('',(-46.0439724400027,19.774839223986,5.));
#12682=CARTESIAN_POINT('',(-58.222999572754,23.8999996185303,5.));
#12683=CARTESIAN_POINT('',(-58.2229995727539,23.8999996185303,0.));
#12684=CARTESIAN_POINT('',(-58.2229995727539,23.8999996185303,0.));
#12685=CARTESIAN_POINT('',(-57.851001739502,23.7740001678467,0.));
#12686=CARTESIAN_POINT('',(-56.6180000305176,22.8279991149902,5.));
#12687=CARTESIAN_POINT('',(-56.6180000305176,22.8279991149902,5.));
#12688=CARTESIAN_POINT('',(-56.6180000305176,22.8279991149902,-4.44089209850063E-16));
#12689=CARTESIAN_POINT('',(-56.6180000305176,22.8279991149902,5.00000000000007));
#12690=CARTESIAN_POINT('',(-56.6180000305176,22.8279991149902,0.));
#12691=CARTESIAN_POINT('',(-56.6180000305176,22.8279991149902,5.));
#12692=CARTESIAN_POINT('',(-56.6180000305176,22.8279991149902,0.));
#12693=CARTESIAN_POINT('',(-56.8769989013672,23.1229991912842,5.));
#12694=CARTESIAN_POINT('',(-56.8769989013672,23.1229991912842,5.));
#12695=CARTESIAN_POINT('',(-56.8769989013672,23.1229991912842,0.));
#12696=CARTESIAN_POINT('',(-56.6180000305176,22.8279991149902,0.));
#12697=CARTESIAN_POINT('',(-56.6180000305176,22.8279991149902,5.));
#12698=CARTESIAN_POINT('',(-56.8769989013672,23.1229991912842,0.));
#12699=CARTESIAN_POINT('',(-57.1720008850098,23.3819999694824,5.));
#12700=CARTESIAN_POINT('',(-56.8769989013672,23.1229991912842,0.));
#12701=CARTESIAN_POINT('',(-58.2229995727539,23.8999996185303,0.));
#12702=CARTESIAN_POINT('',(-58.6080017089844,23.9769992828369,5.));
#12703=CARTESIAN_POINT('',(-58.6080017089844,23.9769992828369,5.));
#12704=CARTESIAN_POINT('',(-58.6080017089844,23.9769992828369,-4.44089209850063E-16));
#12705=CARTESIAN_POINT('',(-58.2229995727539,23.8999996185303,0.));
#12706=CARTESIAN_POINT('',(-58.2229995727539,23.8999996185303,5.));
#12707=CARTESIAN_POINT('',(-58.6080017089844,23.9769992828369,0.));
#12708=CARTESIAN_POINT('',(-59.,24.0030002593994,0.));
#12709=CARTESIAN_POINT('',(-59.,24.0030002593994,1.69312480597829E-14));
#12710=CARTESIAN_POINT('',(-59.,24.0030002593994,5.));
#12711=CARTESIAN_POINT('',(-58.6080017089844,23.9769992828369,0.));
#12712=CARTESIAN_POINT('',(-58.6080017089844,23.9769992828369,5.));
#12713=CARTESIAN_POINT('',(-59.3919982910156,23.9769992828369,5.));
#12714=CARTESIAN_POINT('',(-59.3919982910156,23.9769992828369,5.));
#12715=CARTESIAN_POINT('',(-59.3919982910156,23.9769992828369,5.00000000000007));
#12716=CARTESIAN_POINT('',(-59.3919982910156,23.9769992828369,0.));
#12717=CARTESIAN_POINT('',(-59.,24.0030002593994,0.));
#12718=CARTESIAN_POINT('',(-59.3919982910156,23.9769992828369,5.));
#12719=CARTESIAN_POINT('',(-59.3919982910156,23.9769992828369,0.));
#12720=CARTESIAN_POINT('',(-59.7770004272461,23.8999996185303,5.));
#12721=CARTESIAN_POINT('',(-59.7770004272461,23.8999996185303,5.85133996070828E-14));
#12722=CARTESIAN_POINT('',(-59.7770004272461,23.8999996185303,5.));
#12723=CARTESIAN_POINT('',(-59.3919982910156,23.9769992828369,0.));
#12724=CARTESIAN_POINT('',(-59.7770004272461,23.8999996185303,5.));
#12725=CARTESIAN_POINT('',(-59.7770004272461,23.8999996185303,0.));
#12726=CARTESIAN_POINT('',(-60.1489982604981,23.7740001678467,5.));
#12727=CARTESIAN_POINT('',(-60.1489982604981,23.7740001678467,5.));
#12728=CARTESIAN_POINT('',(-60.1489982604981,23.7740001678467,5.));
#12729=CARTESIAN_POINT('',(-60.1489982604981,23.7740001678467,0.));
#12730=CARTESIAN_POINT('',(-59.7770004272461,23.8999996185303,0.));
#12731=CARTESIAN_POINT('',(-60.5009994506836,23.6000003814698,5.));
#12732=CARTESIAN_POINT('',(-60.5009994506836,23.6000003814698,5.));
#12733=CARTESIAN_POINT('',(-60.5009994506836,23.6000003814698,5.));
#12734=CARTESIAN_POINT('',(-60.5009994506836,23.6000003814698,-8.73714496730153E-15));
#12735=CARTESIAN_POINT('',(-60.1489982604981,23.7740001678467,0.));
#12736=CARTESIAN_POINT('',(-60.5009994506836,23.6000003814698,5.));
#12737=CARTESIAN_POINT('',(-61.1230010986328,23.1229991912842,0.));
#12738=CARTESIAN_POINT('',(-61.1230010986328,23.1229991912842,0.));
#12739=CARTESIAN_POINT('',(-61.1230010986328,23.1229991912842,5.00000000000007));
#12740=CARTESIAN_POINT('',(-61.1230010986328,23.1229991912842,0.));
#12741=CARTESIAN_POINT('',(-61.3819999694824,22.8279991149902,5.));
#12742=CARTESIAN_POINT('',(-61.1230010986328,23.1229991912842,0.));
#12743=CARTESIAN_POINT('',(-60.5009994506836,23.6000003814698,0.));
#12744=CARTESIAN_POINT('',(-60.5009994506836,23.6000003814698,0.));
#12745=CARTESIAN_POINT('',(-60.8279991149902,23.3819999694824,-2.60300221364095E-15));
#12746=CARTESIAN_POINT('',(-60.8279991149902,23.3819999694824,5.));
#12747=CARTESIAN_POINT('',(-60.8279991149902,23.3819999694824,5.));
#12748=CARTESIAN_POINT('',(-60.8279991149902,23.3819999694824,-8.96868379431643E-16));
#12749=CARTESIAN_POINT('',(-60.8279991149902,23.3819999694824,0.));
#12750=CARTESIAN_POINT('',(-61.1230010986328,23.1229991912842,5.));
#12751=CARTESIAN_POINT('',(-60.8279991149902,23.3819999694824,0.));
#12752=CARTESIAN_POINT('',(52.4990005493164,-42.5999984741211,0.));
#12753=CARTESIAN_POINT('',(52.851001739502,-42.7739982604981,5.));
#12754=CARTESIAN_POINT('',(52.851001739502,-42.7739982604981,5.));
#12755=CARTESIAN_POINT('',(52.851001739502,-42.7739982604981,5.));
#12756=CARTESIAN_POINT('',(52.851001739502,-42.7739982604981,2.45574028934966E-14));
#12757=CARTESIAN_POINT('',(52.851001739502,-42.7739982604981,0.));
#12758=CARTESIAN_POINT('',(53.2229995727539,-42.9000015258789,0.));
#12759=CARTESIAN_POINT('',(53.2229995727539,-42.9000015258789,5.));
#12760=CARTESIAN_POINT('',(53.2229995727539,-42.9000015258789,-2.22044604925032E-16));
#12761=CARTESIAN_POINT('',(53.2229995727539,-42.9000015258789,5.));
#12762=CARTESIAN_POINT('',(53.2229995727539,-42.9000015258789,5.));
#12763=CARTESIAN_POINT('',(53.2229995727539,-42.9000015258789,0.));
#12764=CARTESIAN_POINT('',(53.2229995727539,-42.9000015258789,5.));
#12765=CARTESIAN_POINT('',(53.2229995727539,-42.9000015258789,0.));
#12766=CARTESIAN_POINT('',(53.2229995727539,-42.9000015258789,5.));
#12767=CARTESIAN_POINT('',(56.7739982604981,-41.1489982604981,0.));
#12768=CARTESIAN_POINT('',(56.7739982604981,-41.1489982604981,5.));
#12769=CARTESIAN_POINT('',(56.7739982604981,-41.1489982604981,4.99999999999993));
#12770=CARTESIAN_POINT('',(56.7739982604981,-41.1489982604981,-1.11022302462516E-16));
#12771=CARTESIAN_POINT('',(56.7739982604981,-41.1489982604981,5.));
#12772=CARTESIAN_POINT('',(56.9000015258789,-40.7770004272461,0.));
#12773=CARTESIAN_POINT('',(56.7739982604981,-41.1489982604981,5.));
#12774=CARTESIAN_POINT('',(56.7739982604981,-41.1489982604981,0.));
#12775=CARTESIAN_POINT('',(56.7739982604981,-41.1489982604981,5.));
#12776=CARTESIAN_POINT('',(54.2229995727539,22.8999996185303,0.));
#12777=CARTESIAN_POINT('',(-77.8612418342351,-21.8382767196759,5.));
#12778=CARTESIAN_POINT('',(53.8510017395023,22.7740001678469,5.));
#12779=CARTESIAN_POINT('',(53.851001739502,22.7740001678467,5.));
#12780=CARTESIAN_POINT('',(53.851001739502,22.7740001678467,5.43629930011545E-15));
#12781=CARTESIAN_POINT('',(53.851001739502,22.7740001678467,0.));
#12782=CARTESIAN_POINT('',(53.851001739502,22.7740001678467,0.));
#12783=CARTESIAN_POINT('',(53.4990005493164,22.6000003814698,0.));
#12784=CARTESIAN_POINT('',(53.4990005493164,22.6000003814698,2.22044604925032E-16));
#12785=CARTESIAN_POINT('',(53.4990005493164,22.6000003814698,5.));
#12786=CARTESIAN_POINT('',(53.4990005493164,22.6000003814698,4.99999999999991));
#12787=CARTESIAN_POINT('',(53.4990005493164,22.6000003814698,5.));
#12788=CARTESIAN_POINT('',(53.1720008850098,22.3819999694824,5.));
#12789=CARTESIAN_POINT('',(53.1720008850098,22.3819999694824,5.));
#12790=CARTESIAN_POINT('',(53.1720008850098,22.3819999694825,5.));
#12791=CARTESIAN_POINT('',(53.1720008850098,22.3819999694824,-4.46981285630149E-14));
#12792=CARTESIAN_POINT('',(53.1720008850098,22.3819999694824,0.));
#12793=CARTESIAN_POINT('',(53.1720008850098,22.3819999694824,5.));
#12794=CARTESIAN_POINT('',(52.8769989013672,22.1229991912842,5.));
#12795=CARTESIAN_POINT('',(53.1720008850098,22.3819999694824,5.));
#12796=CARTESIAN_POINT('',(52.8769989013672,22.1229991912842,0.));
#12797=CARTESIAN_POINT('',(56.8279991149902,22.3819999694824,0.));
#12798=CARTESIAN_POINT('',(56.5009994506836,22.6000003814698,0.));
#12799=CARTESIAN_POINT('',(56.5009994506836,22.6000003814698,0.));
#12800=CARTESIAN_POINT('',(56.5009994506836,22.6000003814698,5.));
#12801=CARTESIAN_POINT('',(56.5009994506836,22.6000003814698,4.99999999999994));
#12802=CARTESIAN_POINT('',(56.5009994506836,22.6000003814698,5.));
#12803=CARTESIAN_POINT('',(56.1489982604981,22.7740001678467,5.));
#12804=CARTESIAN_POINT('',(56.1489982604981,22.7740001678467,5.));
#12805=CARTESIAN_POINT('',(56.1489982604981,22.7740001678467,5.));
#12806=CARTESIAN_POINT('',(56.1489982604981,22.7740001678467,-1.17400292642329E-14));
#12807=CARTESIAN_POINT('',(56.1489982604981,22.7740001678467,0.));
#12808=CARTESIAN_POINT('',(56.1489982604981,22.7740001678467,5.));
#12809=CARTESIAN_POINT('',(56.1489982604981,22.7740001678467,0.));
#12810=CARTESIAN_POINT('',(56.1489982604981,22.7740001678467,5.));
#12811=CARTESIAN_POINT('',(55.7770004272461,22.8999996185303,0.));
#12812=CARTESIAN_POINT('',(67.,-52.,0.));
#12813=CARTESIAN_POINT('',(-73.,-52.,0.));
#12814=CARTESIAN_POINT('',(-73.,28.62010101,0.));
#12815=CARTESIAN_POINT('',(-73.,-48.62010101,0.));
#12816=CARTESIAN_POINT('',(-73.,28.62010101,0.));
#12817=CARTESIAN_POINT('',(-73.,28.6248639858231,0.));
#12818=CARTESIAN_POINT('',(-72.9999996133419,28.6338726289329,0.));
#12819=CARTESIAN_POINT('',(-72.9999981633741,28.6438401613225,0.));
#12820=CARTESIAN_POINT('',(-72.9999964234124,28.6510382246177,0.));
#12821=CARTESIAN_POINT('',(-72.9999950942755,28.6552136958326,0.));
#12822=CARTESIAN_POINT('',(-72.9999938859683,28.6583600832318,0.));
#12823=CARTESIAN_POINT('',(-72.9999929072419,28.6606228753155,0.));
#12824=CARTESIAN_POINT('',(-72.9999918560082,28.6627886839215,0.));
#12825=CARTESIAN_POINT('',(-72.9999909195921,28.6645126579679,0.));
#12826=CARTESIAN_POINT('',(-72.999990134149,28.665843422381,0.));
#12827=CARTESIAN_POINT('',(-72.999989527109,28.6668170204906,0.));
#12828=CARTESIAN_POINT('',(-72.9999890056073,28.6676088648997,0.));
#12829=CARTESIAN_POINT('',(-72.9999885805351,28.6682286011483,0.));
#12830=CARTESIAN_POINT('',(-72.9999883083758,28.6686145616025,0.));
#12831=CARTESIAN_POINT('',(-72.9999880945966,28.6689118774396,0.));
#12832=CARTESIAN_POINT('',(-72.9999879607363,28.6690952744186,0.));
#12833=CARTESIAN_POINT('',(-72.9999878914376,28.6691895588333,0.));
#12834=CARTESIAN_POINT('',(-72.9999877966941,28.6693179538279,0.));
#12835=CARTESIAN_POINT('',(-72.99998763809,28.6695314951466,0.));
#12836=CARTESIAN_POINT('',(-72.9999873115931,28.6699659910175,0.));
#12837=CARTESIAN_POINT('',(-72.9999868380203,28.6705813914495,0.));
#12838=CARTESIAN_POINT('',(-72.999986056993,28.6715657201204,0.));
#12839=CARTESIAN_POINT('',(-72.999985040711,28.6727904773774,0.));
#12840=CARTESIAN_POINT('',(-72.9999833277888,28.674740135066,0.));
#12841=CARTESIAN_POINT('',(-72.9999810244629,28.6771575737088,0.));
#12842=CARTESIAN_POINT('',(-72.9999769928768,28.6809839940343,0.));
#12843=CARTESIAN_POINT('',(-72.9999713042846,28.6856890557294,0.));
#12844=CARTESIAN_POINT('',(-72.9999634393527,28.6912104472063,0.));
#12845=CARTESIAN_POINT('',(-72.999954535822,28.6966071366803,0.));
#12846=CARTESIAN_POINT('',(-72.9999445936482,28.7018791425526,0.));
#12847=CARTESIAN_POINT('',(-72.9999354430963,28.7061685326455,0.));
#12848=CARTESIAN_POINT('',(-72.9999276031238,28.7095377749569,0.));
#12849=CARTESIAN_POINT('',(-72.9999214641092,28.7120333195456,0.));
#12850=CARTESIAN_POINT('',(-72.9999161299233,28.7140876399682,0.));
#12851=CARTESIAN_POINT('',(-72.9999117371517,28.7157139882704,0.));
#12852=CARTESIAN_POINT('',(-72.9999089275484,28.7167274249758,0.));
#12853=CARTESIAN_POINT('',(-72.9999066703728,28.7175263452668,0.));
#12854=CARTESIAN_POINT('',(-72.9999053413843,28.7179905657889,0.));
#12855=CARTESIAN_POINT('',(-72.9999045253259,28.7182735281381,0.));
#12856=CARTESIAN_POINT('',(-72.9999038008784,28.7185238587458,0.));
#12857=CARTESIAN_POINT('',(-72.9999025560493,28.7189513367148,0.));
#12858=CARTESIAN_POINT('',(-72.9999000180517,28.7198128736716,0.));
#12859=CARTESIAN_POINT('',(-72.9998963256058,28.721037497887,0.));
#12860=CARTESIAN_POINT('',(-72.9998902456527,28.7229941620904,0.));
#12861=CARTESIAN_POINT('',(-72.9998823367934,28.7254300917568,0.));
#12862=CARTESIAN_POINT('',(-72.9998690179173,28.7293084422925,0.));
#12863=CARTESIAN_POINT('',(-72.99985112562,28.7341195853527,0.));
#12864=CARTESIAN_POINT('',(-72.9998198436271,28.741739297708,0.));
#12865=CARTESIAN_POINT('',(-72.9997757647901,28.7511172948887,0.));
#12866=CARTESIAN_POINT('',(-72.9997149078809,28.7621363166721,0.));
#12867=CARTESIAN_POINT('',(-72.9996460886904,28.7729207505984,0.));
#12868=CARTESIAN_POINT('',(-72.9995693072762,28.7834705943739,0.));
#12869=CARTESIAN_POINT('',(-72.9994986873658,28.7920666575598,0.));
#12870=CARTESIAN_POINT('',(-72.9994382106789,28.7988261808826,0.));
#12871=CARTESIAN_POINT('',(-72.9993908615585,28.8038372703737,0.));
#12872=CARTESIAN_POINT('',(-72.9993497484468,28.8079640087115,0.));
#12873=CARTESIAN_POINT('',(-72.9993158552805,28.811236743302,0.));
#12874=CARTESIAN_POINT('',(-72.9992942741833,28.8132684651863,0.));
#12875=CARTESIAN_POINT('',(-72.9992789159631,28.8146873004389,0.));
#12876=CARTESIAN_POINT('',(-72.9992701304111,28.8154914675345,0.));
#12877=CARTESIAN_POINT('',(-72.9992644896063,28.8160044914922,0.));
#12878=CARTESIAN_POINT('',(-72.9992602456146,28.8163888037241,0.));
#12879=CARTESIAN_POINT('',(-72.9992549535747,28.8168664590194,0.));
#12880=CARTESIAN_POINT('',(-72.9992458279761,28.8176856499956,0.));
#12881=CARTESIAN_POINT('',(-72.999227276968,28.8193338534193,0.));
#12882=CARTESIAN_POINT('',(-72.9992003475755,28.8216774582707,0.));
#12883=CARTESIAN_POINT('',(-72.9991561693882,28.8254200466036,0.));
#12884=CARTESIAN_POINT('',(-72.9990989827496,28.8300773518052,0.));
#12885=CARTESIAN_POINT('',(-72.9990032603785,28.837487493467,0.));
#12886=CARTESIAN_POINT('',(-72.9988757035132,28.8466708441284,0.));
#12887=CARTESIAN_POINT('',(-72.998654744774,28.8611955520019,0.));
#12888=CARTESIAN_POINT('',(-72.9984084846026,28.8754671523786,0.));
#12889=CARTESIAN_POINT('',(-72.9981369292096,28.8894854117828,0.));
#12890=CARTESIAN_POINT('',(-72.9979566543915,28.898141804796,0.));
#12891=CARTESIAN_POINT('',(-72.9978061347051,28.9050025825405,0.));
#12892=CARTESIAN_POINT('',(-72.9977093670096,28.9092665962381,0.));
#12893=CARTESIAN_POINT('',(-72.9976403611965,28.9122327582317,0.));
#12894=CARTESIAN_POINT('',(-72.9976053547183,28.9137189546492,0.));
#12895=CARTESIAN_POINT('',(-72.99758550603,28.9145566333302,0.));
#12896=CARTESIAN_POINT('',(-72.9975630640526,28.9154997036948,0.));
#12897=CARTESIAN_POINT('',(-72.9975357076041,28.9166415375929,0.));
#12898=CARTESIAN_POINT('',(-72.9974911123272,28.9184870234387,0.));
#12899=CARTESIAN_POINT('',(-72.9974123854771,28.9217028360254,0.));
#12900=CARTESIAN_POINT('',(-72.9972972071509,28.9262892828285,0.));
#12901=CARTESIAN_POINT('',(-72.9971074509312,28.9335982168538,0.));
#12902=CARTESIAN_POINT('',(-72.9968598534469,28.9426853858375,0.));
#12903=CARTESIAN_POINT('',(-72.9965461379771,28.9535096852886,0.));
#12904=CARTESIAN_POINT('',(-72.9962158127441,28.9642541722023,0.));
#12905=CARTESIAN_POINT('',(-72.9958688777985,28.9749187890635,0.));
#12906=CARTESIAN_POINT('',(-72.9955053442126,28.9855032751405,0.));
#12907=CARTESIAN_POINT('',(-72.9951885304075,28.9942578215862,0.));
#12908=CARTESIAN_POINT('',(-72.9949268410171,29.0012198730535,0.));
#12909=CARTESIAN_POINT('',(-72.9947596758222,29.0055582288992,0.));
#12910=CARTESIAN_POINT('',(-72.9946242097282,29.0090104052279,0.));
#12911=CARTESIAN_POINT('',(-72.9945465291602,29.0109660055732,0.));
#12912=CARTESIAN_POINT('',(-72.9944955349575,29.0122403487245,0.));
#12913=CARTESIAN_POINT('',(-72.9944587852584,29.0131559311373,0.));
#12914=CARTESIAN_POINT('',(-72.9943946448955,29.0147463012165,0.));
#12915=CARTESIAN_POINT('',(-72.994264960814,29.017931991292,0.));
#12916=CARTESIAN_POINT('',(-72.9940767525756,29.0224703585314,0.));
#12917=CARTESIAN_POINT('',(-72.9937688934024,29.0297159564876,0.));
#12918=CARTESIAN_POINT('',(-72.9933716639827,29.0387381927265,0.));
#12919=CARTESIAN_POINT('',(-72.9927095334717,29.0531019693013,0.));
#12920=CARTESIAN_POINT('',(-72.9918321921368,29.0709196144462,0.));
#12921=CARTESIAN_POINT('',(-72.99088824208,29.0885606826899,0.));
#12922=CARTESIAN_POINT('',(-72.9901931620293,29.1008059531862,0.));
#12923=CARTESIAN_POINT('',(-72.9898362162859,29.1069163151569,0.));
#12924=CARTESIAN_POINT('',(-72.9896308840866,29.1103826756192,0.));
#12925=CARTESIAN_POINT('',(-72.9894128351394,29.1140287732711,0.));
#12926=CARTESIAN_POINT('',(-72.9891404515034,29.1185176985483,0.));
#12927=CARTESIAN_POINT('',(-72.9886950301491,29.1257220867648,0.));
#12928=CARTESIAN_POINT('',(-72.9881248379714,29.1346913576626,0.));
#12929=CARTESIAN_POINT('',(-72.9874176988094,29.1454209182012,0.));
#12930=CARTESIAN_POINT('',(-72.9864448200107,29.1596735215754,0.));
#12931=CARTESIAN_POINT('',(-72.9854266799914,29.1738494997707,0.));
#12932=CARTESIAN_POINT('',(-72.9843634152099,29.1879469977713,0.));
#12933=CARTESIAN_POINT('',(-72.9836798806762,29.1967276023745,0.));
#12934=CARTESIAN_POINT('',(-72.9831918317675,29.2028532543413,0.));
#12935=CARTESIAN_POINT('',(-72.9829449053756,29.2059170860437,0.));
#12936=CARTESIAN_POINT('',(-72.9828037900134,29.207658200757,0.));
#12937=CARTESIAN_POINT('',(-72.9826553232598,29.2094829249784,0.));
#12938=CARTESIAN_POINT('',(-72.9824710721845,29.2117340329943,0.));
#12939=CARTESIAN_POINT('',(-72.9821728313002,29.2153497654312,0.));
#12940=CARTESIAN_POINT('',(-72.9816459079174,29.2216642524915,0.));
#12941=CARTESIAN_POINT('',(-72.9808768189639,29.2306729826862,0.));
#12942=CARTESIAN_POINT('',(-72.9796122676096,29.2450509046975,0.));
#12943=CARTESIAN_POINT('',(-72.9779674191739,29.2629605632205,0.));
#12944=CARTESIAN_POINT('',(-72.9758910685442,29.2843502496564,0.));
#12945=CARTESIAN_POINT('',(-72.9737121555088,29.3056384157794,0.));
#12946=CARTESIAN_POINT('',(-72.9714306773817,29.3268250410798,0.));
#12947=CARTESIAN_POINT('',(-72.9690466748061,29.347909824118,0.));
#12948=CARTESIAN_POINT('',(-72.9669744357135,29.3653966299882,0.));
#12949=CARTESIAN_POINT('',(-72.9652656017239,29.3793334648705,0.));
#12950=CARTESIAN_POINT('',(-72.9641756764025,29.3880269577045,0.));
#12951=CARTESIAN_POINT('',(-72.9632921482086,29.3949595832137,0.));
#12952=CARTESIAN_POINT('',(-72.962787826691,29.398873870516,0.));
#12953=CARTESIAN_POINT('',(-72.9624536326414,29.401450478695,0.));
#12954=CARTESIAN_POINT('',(-72.9622206976682,29.4032415319157,0.));
#12955=CARTESIAN_POINT('',(-72.9618131024832,29.4063625472855,0.));
#12956=CARTESIAN_POINT('',(-72.9609905461195,29.4126096312582,0.));
#12957=CARTESIAN_POINT('',(-72.9597982549209,29.4215187505934,0.));
#12958=CARTESIAN_POINT('',(-72.9578522775509,29.435753093076,0.));
#12959=CARTESIAN_POINT('',(-72.9553487130952,29.4535023281897,0.));
#12960=CARTESIAN_POINT('',(-72.951190992262,29.4818105136069,0.));
#12961=CARTESIAN_POINT('',(-72.9457092595662,29.5170231410625,0.));
#12962=CARTESIAN_POINT('',(-72.9398467902085,29.552012617227,0.));
#12963=CARTESIAN_POINT('',(-72.9355454560197,29.5763759263672,0.));
#12964=CARTESIAN_POINT('',(-72.9333425058367,29.5885406075733,0.));
#12965=CARTESIAN_POINT('',(-72.932073353284,29.5954624155285,0.));
#12966=CARTESIAN_POINT('',(-72.9307559729185,29.6025873792668,0.));
#12967=CARTESIAN_POINT('',(-72.9291033960099,29.6114130733423,0.));
#12968=CARTESIAN_POINT('',(-72.9264116296799,29.625554254496,0.));
#12969=CARTESIAN_POINT('',(-72.9229737816606,29.6431800295206,0.));
#12970=CARTESIAN_POINT('',(-72.9187262568835,29.6642775635333,0.));
#12971=CARTESIAN_POINT('',(-72.9129019038623,29.6923264940015,0.));
#12972=CARTESIAN_POINT('',(-72.9068352995081,29.7202578208028,0.));
#12973=CARTESIAN_POINT('',(-72.900526899979,29.7480694810216,0.));
#12974=CARTESIAN_POINT('',(-72.8964827733523,29.7654045100499,0.));
#12975=CARTESIAN_POINT('',(-72.893599959603,29.7775089006702,0.));
#12976=CARTESIAN_POINT('',(-72.8921439108339,29.7835603647234,0.));
#12977=CARTESIAN_POINT('',(-72.8913103609429,29.787007235954,0.));
#12978=CARTESIAN_POINT('',(-72.8904516871339,29.7905458997566,0.));
#12979=CARTESIAN_POINT('',(-72.8893811597834,29.7949348701956,0.));
#12980=CARTESIAN_POINT('',(-72.8876535761353,29.8019697212579,0.));
#12981=CARTESIAN_POINT('',(-72.8846049070361,29.8142585336198,0.));
#12982=CARTESIAN_POINT('',(-72.880170342533,29.8317785787425,0.));
#12983=CARTESIAN_POINT('',(-72.8729085519457,29.8597237473515,0.));
#12984=CARTESIAN_POINT('',(-72.8635183690258,29.8944959451484,0.));
#12985=CARTESIAN_POINT('',(-72.8537091822924,29.929061179983,0.));
#12986=CARTESIAN_POINT('',(-72.8466264966185,29.9531360996506,0.));
#12987=CARTESIAN_POINT('',(-72.8425120040603,29.9668764831439,0.));
#12988=CARTESIAN_POINT('',(-72.8394078188104,29.9771235129875,0.));
#12989=CARTESIAN_POINT('',(-72.8362226295083,29.9875166662364,0.));
#12990=CARTESIAN_POINT('',(-72.8319515459646,30.001292078066,0.));
#12991=CARTESIAN_POINT('',(-72.8243599873689,30.0253609648866,0.));
#12992=CARTESIAN_POINT('',(-72.8132074762003,30.0595459799934,0.));
#12993=CARTESIAN_POINT('',(-72.8016381168945,30.093488619418,0.));
#12994=CARTESIAN_POINT('',(-72.7921332273918,30.120494638054,0.));
#12995=CARTESIAN_POINT('',(-72.7860897384439,30.1373091437521,0.));
#12996=CARTESIAN_POINT('',(-72.7811903921322,30.1507297153953,0.));
#12997=CARTESIAN_POINT('',(-72.7781074395201,30.1590883639229,0.));
#12998=CARTESIAN_POINT('',(-72.7756137967977,30.1657975743673,0.));
#12999=CARTESIAN_POINT('',(-72.7730902597877,30.1725523932258,0.));
#13000=CARTESIAN_POINT('',(-72.768656480955,30.1843293583218,0.));
#13001=CARTESIAN_POINT('',(-72.7622412520045,30.2011113312989,0.));
#13002=CARTESIAN_POINT('',(-72.7518164134066,30.2278376898295,0.));
#13003=CARTESIAN_POINT('',(-72.7411461661582,30.2543895228381,0.));
#13004=CARTESIAN_POINT('',(-72.7302312952795,30.2807646140007,0.));
#13005=CARTESIAN_POINT('',(-72.7219232178724,30.3004567663459,0.));
#13006=CARTESIAN_POINT('',(-72.7148963808226,30.3167966907768,0.));
#13007=CARTESIAN_POINT('',(-72.7092170594824,30.3298170603624,0.));
#13008=CARTESIAN_POINT('',(-72.705634415045,30.3379534181196,0.));
#13009=CARTESIAN_POINT('',(-72.7027703600768,30.3444125328192,0.));
#13010=CARTESIAN_POINT('',(-72.6998327506794,30.351006472373,0.));
#13011=CARTESIAN_POINT('',(-72.6946766791015,30.3624978171522,0.));
#13012=CARTESIAN_POINT('',(-72.6842512423282,30.3854072466302,0.));
#13013=CARTESIAN_POINT('',(-72.6690606773255,30.4178651250314,0.));
#13014=CARTESIAN_POINT('',(-72.6534671196368,30.449978872067,0.));
#13015=CARTESIAN_POINT('',(-72.6407514225348,30.4754611382817,0.));
#13016=CARTESIAN_POINT('',(-72.6327041727443,30.4912998557032,0.));
#13017=CARTESIAN_POINT('',(-72.6262050143651,30.5039208527324,0.));
#13018=CARTESIAN_POINT('',(-72.6221205155901,30.5117823693319,0.));
#13019=CARTESIAN_POINT('',(-72.6192430289376,30.5172838477387,0.));
#13020=CARTESIAN_POINT('',(-72.6176030604124,30.5204089359837,0.));
#13021=CARTESIAN_POINT('',(-72.6159302502873,30.5235895423349,0.));
#13022=CARTESIAN_POINT('',(-72.6138120871123,30.5276032592909,0.));
#13023=CARTESIAN_POINT('',(-72.6104255812139,30.533991321676,0.));
#13024=CARTESIAN_POINT('',(-72.6061694030729,30.5419657366937,0.));
#13025=CARTESIAN_POINT('',(-72.5993219262284,30.5546800732106,0.));
#13026=CARTESIAN_POINT('',(-72.5906867659618,30.5704992521272,0.));
#13027=CARTESIAN_POINT('',(-72.5802049464724,30.5893610984917,0.));
#13028=CARTESIAN_POINT('',(-72.569603040919,30.6081026450935,0.));
#13029=CARTESIAN_POINT('',(-72.5588812093102,30.6267235992091,0.));
#13030=CARTESIAN_POINT('',(-72.5480392705071,30.6452242631605,0.));
#13031=CARTESIAN_POINT('',(-72.5389047026316,30.6605404775125,0.));
#13032=CARTESIAN_POINT('',(-72.5315362384832,30.6727345275982,0.));
#13033=CARTESIAN_POINT('',(-72.5269078144845,30.6803276902352,0.));
#13034=CARTESIAN_POINT('',(-72.5231858119367,30.6863940655096,0.));
#13035=CARTESIAN_POINT('',(-72.5208630436786,30.6901635152373,0.));
#13036=CARTESIAN_POINT('',(-72.518978788111,30.6932114047975,0.));
#13037=CARTESIAN_POINT('',(-72.5170543804603,30.6963173380027,0.));
#13038=CARTESIAN_POINT('',(-72.5136975679289,30.7017170234062,0.));
#13039=CARTESIAN_POINT('',(-72.5088740388229,30.7094246404558,0.));
#13040=CARTESIAN_POINT('',(-72.5011211031225,30.7217037472865,0.));
#13041=CARTESIAN_POINT('',(-72.491352441711,30.736971419656,0.));
#13042=CARTESIAN_POINT('',(-72.4755619238655,30.7612189014261,0.));
#13043=CARTESIAN_POINT('',(-72.4555207274151,30.7911922874756,0.));
#13044=CARTESIAN_POINT('',(-72.4350745888284,30.8207187647076,0.));
#13045=CARTESIAN_POINT('',(-72.4205522304693,30.8411492474034,0.));
#13046=CARTESIAN_POINT('',(-72.413235225285,30.8513094782917,0.));
#13047=CARTESIAN_POINT('',(-72.4090434427123,30.8570923780471,0.));
#13048=CARTESIAN_POINT('',(-72.4026704267512,30.8658461366072,0.));
#13049=CARTESIAN_POINT('',(-72.393083265088,30.8788710417232,0.));
#13050=CARTESIAN_POINT('',(-72.3758554327631,30.9018711229171,0.));
#13051=CARTESIAN_POINT('',(-72.3540236541581,30.9302636477938,0.));
#13052=CARTESIAN_POINT('',(-72.3273378756694,30.9637804714362,0.));
#13053=CARTESIAN_POINT('',(-72.3046887788815,30.9912535778982,0.));
#13054=CARTESIAN_POINT('',(-72.2863401511329,31.012938336293,0.));
#13055=CARTESIAN_POINT('',(-72.267699972113,31.034586714207,0.));
#13056=CARTESIAN_POINT('',(-72.2441248948636,31.0612571475696,0.));
#13057=CARTESIAN_POINT('',(-72.2153111047464,31.0927372604067,0.));
#13058=CARTESIAN_POINT('',(-72.1859914418575,31.1236708441339,0.));
#13059=CARTESIAN_POINT('',(-72.1462409053413,31.1641720268204,0.));
#13060=CARTESIAN_POINT('',(-72.1053671743484,31.2036914007243,0.));
#13061=CARTESIAN_POINT('',(-72.0634095491682,31.2421869188212,0.));
#13062=CARTESIAN_POINT('',(-72.0367416662018,31.265815076996,0.));
#13063=CARTESIAN_POINT('',(-72.0151087754867,31.2844855233577,0.));
#13064=CARTESIAN_POINT('',(-71.9933896766851,31.3029057812853,0.));
#13065=CARTESIAN_POINT('',(-71.9658777370955,31.3256376039188,0.));
#13066=CARTESIAN_POINT('',(-71.9379044933484,31.3479577203715,0.));
#13067=CARTESIAN_POINT('',(-71.9152455625482,31.3655700363536,0.));
#13068=CARTESIAN_POINT('',(-71.8981107153616,31.3786576247124,0.));
#13069=CARTESIAN_POINT('',(-71.8837181801409,31.3894599043311,0.));
#13070=CARTESIAN_POINT('',(-71.8721273870012,31.398045590014,0.));
#13071=CARTESIAN_POINT('',(-71.864869626857,31.4033748431284,0.));
#13072=CARTESIAN_POINT('',(-71.8590101747034,31.4076489341831,0.));
#13073=CARTESIAN_POINT('',(-71.8532696403316,31.4118180443453,0.));
#13074=CARTESIAN_POINT('',(-71.8431724524775,31.4191041338721,0.));
#13075=CARTESIAN_POINT('',(-71.8228790886525,31.433558874887,0.));
#13076=CARTESIAN_POINT('',(-71.7935517276134,31.4539127212223,0.));
#13077=CARTESIAN_POINT('',(-71.757836897583,31.4778516086848,0.));
#13078=CARTESIAN_POINT('',(-71.7215955427169,31.5013081030902,0.));
#13079=CARTESIAN_POINT('',(-71.6909566120733,31.5204524658065,0.));
#13080=CARTESIAN_POINT('',(-71.6661827247726,31.5355263910429,0.));
#13081=CARTESIAN_POINT('',(-71.6505893473336,31.5448470647868,0.));
#13082=CARTESIAN_POINT('',(-71.6380494237272,31.5522429459459,0.));
#13083=CARTESIAN_POINT('',(-71.628610328023,31.5577604080862,0.));
#13084=CARTESIAN_POINT('',(-71.6207211913516,31.5623307630903,0.));
#13085=CARTESIAN_POINT('',(-71.6151762797782,31.5655214511624,0.));
#13086=CARTESIAN_POINT('',(-71.6120163700599,31.567333668053,0.));
#13087=CARTESIAN_POINT('',(-71.6096085600506,31.56871139312,0.));
#13088=CARTESIAN_POINT('',(-71.6073356371381,31.570009062811,0.));
#13089=CARTESIAN_POINT('',(-71.6042551608444,31.5717640430917,0.));
#13090=CARTESIAN_POINT('',(-71.5988805699096,31.5748159583241,0.));
#13091=CARTESIAN_POINT('',(-71.591173961814,31.5791636329854,0.));
#13092=CARTESIAN_POINT('',(-71.5819037744585,31.5843478459245,0.));
#13093=CARTESIAN_POINT('',(-71.5695054898278,31.5912209176841,0.));
#13094=CARTESIAN_POINT('',(-71.5539401634298,31.5997365339008,0.));
#13095=CARTESIAN_POINT('',(-71.5288901213249,31.6132008843557,0.));
#13096=CARTESIAN_POINT('',(-71.4973053466001,31.6297297572929,0.));
#13097=CARTESIAN_POINT('',(-71.4589683585313,31.6490818003852,0.));
#13098=CARTESIAN_POINT('',(-71.42019435374,31.6679520050157,0.));
#13099=CARTESIAN_POINT('',(-71.3875241160977,31.6832731737732,0.));
#13100=CARTESIAN_POINT('',(-71.3644556827483,31.6937907422676,0.));
#13101=CARTESIAN_POINT('',(-71.3528856957264,31.6989915298043,0.));
#13102=CARTESIAN_POINT('',(-71.3462415491147,31.7019567465258,0.));
#13103=CARTESIAN_POINT('',(-71.339778211307,31.7048277246662,0.));
#13104=CARTESIAN_POINT('',(-71.3316213369078,31.7084257825915,0.));
#13105=CARTESIAN_POINT('',(-71.3185778127723,31.7141252524702,0.));
#13106=CARTESIAN_POINT('',(-71.3022076514297,31.7211775339229,0.));
#13107=CARTESIAN_POINT('',(-71.2824832715473,31.7295138110758,0.));
#13108=CARTESIAN_POINT('',(-71.2560682986808,31.7404641997298,0.));
#13109=CARTESIAN_POINT('',(-71.222836534124,31.7538416500055,0.));
#13110=CARTESIAN_POINT('',(-71.1826163346743,31.769398279892,0.));
#13111=CARTESIAN_POINT('',(-71.1488144906019,31.781948495479,0.));
#13112=CARTESIAN_POINT('',(-71.1216024737485,31.7917403306219,0.));
#13113=CARTESIAN_POINT('',(-71.10452281689,31.7977571204078,0.));
#13114=CARTESIAN_POINT('',(-71.0908184756172,31.8025077850682,0.));
#13115=CARTESIAN_POINT('',(-71.0822306234709,31.8054527290359,0.));
#13116=CARTESIAN_POINT('',(-71.0762194652412,31.8074973426316,0.));
#13117=CARTESIAN_POINT('',(-71.0727666917187,31.808666936631,0.));
#13118=CARTESIAN_POINT('',(-71.0693690680331,31.8098147058154,0.));
#13119=CARTESIAN_POINT('',(-71.065161714945,31.811230290086,0.));
#13120=CARTESIAN_POINT('',(-71.058400869695,31.8134927905319,0.));
#13121=CARTESIAN_POINT('',(-71.0499476335226,31.816298690082,0.));
#13122=CARTESIAN_POINT('',(-71.0363960444039,31.8207480561807,0.));
#13123=CARTESIAN_POINT('',(-71.0194170573559,31.8262312456891,0.));
#13124=CARTESIAN_POINT('',(-70.9989759287889,31.8326865046182,0.));
#13125=CARTESIAN_POINT('',(-70.9716337467267,31.8411270489254,0.));
#13126=CARTESIAN_POINT('',(-70.9372917455777,31.8513657734804,0.));
#13127=CARTESIAN_POINT('',(-70.8958186169311,31.8631530715024,0.));
#13128=CARTESIAN_POINT('',(-70.8610388471918,31.8725598204157,0.));
#13129=CARTESIAN_POINT('',(-70.8365778433262,31.8789262121704,0.));
#13130=CARTESIAN_POINT('',(-70.8225676372961,31.8825016692013,0.));
#13131=CARTESIAN_POINT('',(-70.8120425736333,31.8851523034257,0.));
#13132=CARTESIAN_POINT('',(-70.8032611538847,31.887334403905,0.));
#13133=CARTESIAN_POINT('',(-70.796220742045,31.8890661966605,0.));
#13134=CARTESIAN_POINT('',(-70.7918331535023,31.8901381705141,0.));
#13135=CARTESIAN_POINT('',(-70.7882841812509,31.8910007748383,0.));
#13136=CARTESIAN_POINT('',(-70.784868364412,31.8918281969421,0.));
#13137=CARTESIAN_POINT('',(-70.7788639907821,31.8932754110831,0.));
#13138=CARTESIAN_POINT('',(-70.7668587128244,31.8961397848413,0.));
#13139=CARTESIAN_POINT('',(-70.7496620573975,31.9001596116294,0.));
#13140=CARTESIAN_POINT('',(-70.7289696858465,31.9048636763075,0.));
#13141=CARTESIAN_POINT('',(-70.7082162074575,31.9094491680197,0.));
#13142=CARTESIAN_POINT('',(-70.6804651056673,31.9154046494183,0.));
#13143=CARTESIAN_POINT('',(-70.645625824199,31.9225519902276,0.));
#13144=CARTESIAN_POINT('',(-70.6105862553813,31.9293032592461,0.));
#13145=CARTESIAN_POINT('',(-70.582434292661,31.9344666555213,0.));
#13146=CARTESIAN_POINT('',(-70.561260425512,31.9382203526293,0.));
#13147=CARTESIAN_POINT('',(-70.540025632287,31.9418553596065,0.));
#13148=CARTESIAN_POINT('',(-70.5222824204897,31.9447851242768,0.));
#13149=CARTESIAN_POINT('',(-70.5098308951196,31.9467847491333,0.));
#13150=CARTESIAN_POINT('',(-70.5036053593438,31.9477705115756,0.));
#13151=CARTESIAN_POINT('',(-70.5000350835469,31.948331788676,0.));
#13152=CARTESIAN_POINT('',(-70.4965738323439,31.948873369391,0.));
#13153=CARTESIAN_POINT('',(-70.4922064024195,31.9495519876381,0.));
#13154=CARTESIAN_POINT('',(-70.4852332632559,31.9506252514355,0.));
#13155=CARTESIAN_POINT('',(-70.4730036534008,31.9524808577063,0.));
#13156=CARTESIAN_POINT('',(-70.4554900344512,31.9550619010962,0.));
#13157=CARTESIAN_POINT('',(-70.4343947902358,31.9580490863152,0.));
#13158=CARTESIAN_POINT('',(-70.413223644461,31.9609257415474,0.));
#13159=CARTESIAN_POINT('',(-70.3919751025713,31.9636920698551,0.));
#13160=CARTESIAN_POINT('',(-70.3759828827969,31.965683809059,0.));
#13161=CARTESIAN_POINT('',(-70.3652948915489,31.9669774218661,0.));
#13162=CARTESIAN_POINT('',(-70.3599506632009,31.9676168061673,0.));
#13163=CARTESIAN_POINT('',(-70.3545839240389,31.9682513144359,0.));
#13164=CARTESIAN_POINT('',(-70.34765681004,31.9690607968735,0.));
#13165=CARTESIAN_POINT('',(-70.3388997779178,31.97006643905,0.));
#13166=CARTESIAN_POINT('',(-70.324898101376,31.9716363253858,0.));
#13167=CARTESIAN_POINT('',(-70.3073131470335,31.9735372156581,0.));
#13168=CARTESIAN_POINT('',(-70.2861102342263,31.9757161967366,0.));
#13169=CARTESIAN_POINT('',(-70.2647979964572,31.9777940834772,0.));
#13170=CARTESIAN_POINT('',(-70.2469482135095,31.9794412166217,0.));
#13171=CARTESIAN_POINT('',(-70.2326151685632,31.9807082284571,0.));
#13172=CARTESIAN_POINT('',(-70.2236330514666,31.9814791322597,0.));
#13173=CARTESIAN_POINT('',(-70.2173369044684,31.9820074322286,0.));
#13174=CARTESIAN_POINT('',(-70.2137308792918,31.9823065487475,0.));
#13175=CARTESIAN_POINT('',(-70.2114871312085,31.982491246847,0.));
#13176=CARTESIAN_POINT('',(-70.209665102028,31.9826403485889,0.));
#13177=CARTESIAN_POINT('',(-70.2079381365096,31.9827811286899,0.));
#13178=CARTESIAN_POINT('',(-70.2048968669162,31.9830276689349,0.));
#13179=CARTESIAN_POINT('',(-70.1988170351243,31.9835149386436,0.));
#13180=CARTESIAN_POINT('',(-70.1900990504216,31.9841977518813,0.));
#13181=CARTESIAN_POINT('',(-70.1760976493095,31.9852605303955,0.));
#13182=CARTESIAN_POINT('',(-70.1584895250601,31.9865339080959,0.));
#13183=CARTESIAN_POINT('',(-70.1371919749172,31.987973610472,0.));
#13184=CARTESIAN_POINT('',(-70.1193037069222,31.9890997781598,0.));
#13185=CARTESIAN_POINT('',(-70.1049088498505,31.9899565613859,0.));
#13186=CARTESIAN_POINT('',(-70.0940709562241,31.9905770556599,0.));
#13187=CARTESIAN_POINT('',(-70.0831897441759,31.991175533649,0.));
#13188=CARTESIAN_POINT('',(-70.0740908853526,31.9916556769369,0.));
#13189=CARTESIAN_POINT('',(-70.0676956745959,31.9919824917955,0.));
#13190=CARTESIAN_POINT('',(-70.0645038524558,31.9921429744072,0.));
#13191=CARTESIAN_POINT('',(-70.0626619223536,31.9922348099563,0.));
#13192=CARTESIAN_POINT('',(-70.0609876060931,31.9923178450857,0.));
#13193=CARTESIAN_POINT('',(-70.0588339689718,31.9924238402804,0.));
#13194=CARTESIAN_POINT('',(-70.0554144705236,31.9925903537844,0.));
#13195=CARTESIAN_POINT('',(-70.0511176603928,31.9927963029979,0.));
#13196=CARTESIAN_POINT('',(-70.0459481081662,31.9930388107566,0.));
#13197=CARTESIAN_POINT('',(-70.0390295373818,31.9933563780509,0.));
#13198=CARTESIAN_POINT('',(-70.0268593467319,31.9938967022833,0.));
#13199=CARTESIAN_POINT('',(-70.0092916315902,31.9946246712522,0.));
#13200=CARTESIAN_POINT('',(-69.9879204202704,31.9954279168418,0.));
#13201=CARTESIAN_POINT('',(-69.9698692866288,31.9960386992065,0.));
#13202=CARTESIAN_POINT('',(-69.9552832907666,31.996492171233,0.));
#13203=CARTESIAN_POINT('',(-69.944271362524,31.9968146957581,0.));
#13204=CARTESIAN_POINT('',(-69.9350339956936,31.9970688261407,0.));
#13205=CARTESIAN_POINT('',(-69.9276085509042,31.9972633248372,0.));
#13206=CARTESIAN_POINT('',(-69.9229509118882,31.9973812633936,0.));
#13207=CARTESIAN_POINT('',(-69.9196858890661,31.9974618201675,0.));
#13208=CARTESIAN_POINT('',(-69.9178127985602,31.9975074249124,0.));
#13209=CARTESIAN_POINT('',(-69.9166531385133,31.9975354135392,0.));
#13210=CARTESIAN_POINT('',(-69.9156973997664,31.9975583218486,0.));
#13211=CARTESIAN_POINT('',(-69.914841486784,31.9975787480675,0.));
#13212=CARTESIAN_POINT('',(-69.9133244587221,31.9976147353762,0.));
#13213=CARTESIAN_POINT('',(-69.9102963458011,31.9976856768406,0.));
#13214=CARTESIAN_POINT('',(-69.9059453521745,31.9977850878821,0.));
#13215=CARTESIAN_POINT('',(-69.8989476781925,31.9979395966951,0.));
#13216=CARTESIAN_POINT('',(-69.8901248718546,31.998124398444,0.));
#13217=CARTESIAN_POINT('',(-69.8794188762797,31.9983327647494,0.));
#13218=CARTESIAN_POINT('',(-69.8703978352699,31.9984952532745,0.));
#13219=CARTESIAN_POINT('',(-69.8631213698751,31.9986185531038,0.));
#13220=CARTESIAN_POINT('',(-69.8576344550245,31.998707679207,0.));
#13221=CARTESIAN_POINT('',(-69.8521168927623,31.9987934713619,0.));
#13222=CARTESIAN_POINT('',(-69.8474967813173,31.9988621398598,0.));
#13223=CARTESIAN_POINT('',(-69.8442444185953,31.9989088162343,0.));
#13224=CARTESIAN_POINT('',(-69.8426221544238,31.9989316898599,0.));
#13225=CARTESIAN_POINT('',(-69.8416826654209,31.9989448146978,0.));
#13226=CARTESIAN_POINT('',(-69.8408588524815,31.9989562577997,0.));
#13227=CARTESIAN_POINT('',(-69.8397873899055,31.9989710220303,0.));
#13228=CARTESIAN_POINT('',(-69.8380915540986,31.9989941252518,0.));
#13229=CARTESIAN_POINT('',(-69.835103544125,31.9990341545047,0.));
#13230=CARTESIAN_POINT('',(-69.8308120402518,31.9990897022021,0.));
#13231=CARTESIAN_POINT('',(-69.8238821605087,31.9991752901221,0.));
#13232=CARTESIAN_POINT('',(-69.8151075140155,31.9992760154379,0.));
#13233=CARTESIAN_POINT('',(-69.8043961478175,31.9993868999908,0.));
#13234=CARTESIAN_POINT('',(-69.7953190114994,31.9994709755134,0.));
#13235=CARTESIAN_POINT('',(-69.7879665754594,31.9995332404138,0.));
#13236=CARTESIAN_POINT('',(-69.7824070153612,31.9995774403933,0.));
#13237=CARTESIAN_POINT('',(-69.7777359546852,31.9996121940436,0.));
#13238=CARTESIAN_POINT('',(-69.7739771438657,31.9996387434394,0.));
#13239=CARTESIAN_POINT('',(-69.7716168371148,31.9996548266619,0.));
#13240=CARTESIAN_POINT('',(-69.7699628806866,31.9996657911128,0.));
#13241=CARTESIAN_POINT('',(-69.7690113131027,31.9996720106546,0.));
#13242=CARTESIAN_POINT('',(-69.7684278094506,31.9996757897316,0.));
#13243=CARTESIAN_POINT('',(-69.7679335512581,31.9996789668909,0.));
#13244=CARTESIAN_POINT('',(-69.7675380082124,31.9996814978735,0.));
#13245=CARTESIAN_POINT('',(-69.766827386464,31.9996860181326,0.));
#13246=CARTESIAN_POINT('',(-69.7654139994286,31.9996948947295,0.));
#13247=CARTESIAN_POINT('',(-69.7633757951565,31.999707376171,0.));
#13248=CARTESIAN_POINT('',(-69.7600912276899,31.9997268092676,0.));
#13249=CARTESIAN_POINT('',(-69.7559336210398,31.9997501448299,0.));
#13250=CARTESIAN_POINT('',(-69.7491740396164,31.9997854212782,0.));
#13251=CARTESIAN_POINT('',(-69.740521645797,31.9998256633473,0.));
#13252=CARTESIAN_POINT('',(-69.7315990964347,31.9998607648341,0.));
#13253=CARTESIAN_POINT('',(-69.7242988941341,31.9998857621252,0.));
#13254=CARTESIAN_POINT('',(-69.7187426718572,31.9999029680713,0.));
#13255=CARTESIAN_POINT('',(-69.7131053783187,31.999918632011,0.));
#13256=CARTESIAN_POINT('',(-69.7083400676405,31.9999304002966,0.));
#13257=CARTESIAN_POINT('',(-69.704487295843,31.9999390439,0.));
#13258=CARTESIAN_POINT('',(-69.70157741332,31.9999451411595,0.));
#13259=CARTESIAN_POINT('',(-69.6991357342249,31.9999499007708,0.));
#13260=CARTESIAN_POINT('',(-69.6974174695863,31.999953064208,0.));
#13261=CARTESIAN_POINT('',(-69.6964334171507,31.9999548231266,0.));
#13262=CARTESIAN_POINT('',(-69.6956931347251,31.9999561198334,0.));
#13263=CARTESIAN_POINT('',(-69.6950782871327,31.99995717521,0.));
#13264=CARTESIAN_POINT('',(-69.6945787997064,31.9999580189805,0.));
#13265=CARTESIAN_POINT('',(-69.6942822410611,31.9999585150943,0.));
#13266=CARTESIAN_POINT('',(-69.6940084560239,31.9999589690302,0.));
#13267=CARTESIAN_POINT('',(-69.6938673766061,31.9999592017106,0.));
#13268=CARTESIAN_POINT('',(-69.6935963743399,31.9999596461357,0.));
#13269=CARTESIAN_POINT('',(-69.693067334021,31.999960501529,0.));
#13270=CARTESIAN_POINT('',(-69.6922928543128,31.9999617208592,0.));
#13271=CARTESIAN_POINT('',(-69.6913510418218,31.9999631506341,0.));
#13272=CARTESIAN_POINT('',(-69.6903921066675,31.9999645547989,0.));
#13273=CARTESIAN_POINT('',(-69.6890923597264,31.9999663900988,0.));
#13274=CARTESIAN_POINT('',(-69.6867611737116,31.9999695067364,0.));
#13275=CARTESIAN_POINT('',(-69.6832696544359,31.9999736863497,0.));
#13276=CARTESIAN_POINT('',(-69.6788216551587,31.9999782658081,0.));
#13277=CARTESIAN_POINT('',(-69.6741155253961,31.9999824091127,0.));
#13278=CARTESIAN_POINT('',(-69.6674964955161,31.9999873520076,0.));
#13279=CARTESIAN_POINT('',(-69.658577359015,31.99999244028,0.));
#13280=CARTESIAN_POINT('',(-69.6468418342279,31.999996801657,0.));
#13281=CARTESIAN_POINT('',(-69.6340737490841,31.9999994184831,0.));
#13282=CARTESIAN_POINT('',(-69.6248733186359,32.,0.));
#13283=CARTESIAN_POINT('',(-69.62010101,32.,0.));
#13284=CARTESIAN_POINT('',(-69.62010101,32.,0.));
#13285=CARTESIAN_POINT('',(50.9980010986328,32.,0.));
#13286=CARTESIAN_POINT('',(63.62010101,32.,0.));
#13287=CARTESIAN_POINT('',(63.62010101,32.,0.));
#13288=CARTESIAN_POINT('',(63.6248639398982,32.,0.));
#13289=CARTESIAN_POINT('',(63.6338725112504,31.9999996133419,0.));
#13290=CARTESIAN_POINT('',(63.6438400041733,31.999998163374,0.));
#13291=CARTESIAN_POINT('',(63.6510380660333,31.9999964234125,0.));
#13292=CARTESIAN_POINT('',(63.6552135489088,31.9999950942755,0.));
#13293=CARTESIAN_POINT('',(63.6583599531711,31.9999938859683,0.));
#13294=CARTESIAN_POINT('',(63.6606227616695,31.9999929072418,0.));
#13295=CARTESIAN_POINT('',(63.6627885904567,31.9999918560082,0.));
#13296=CARTESIAN_POINT('',(63.6645125844625,31.9999909195921,0.));
#13297=CARTESIAN_POINT('',(63.6658433667217,31.9999901341489,0.));
#13298=CARTESIAN_POINT('',(63.6668169791712,31.9999895271089,0.));
#13299=CARTESIAN_POINT('',(63.6676088362723,31.9999890056072,0.));
#13300=CARTESIAN_POINT('',(63.6682285832414,31.999988580535,0.));
#13301=CARTESIAN_POINT('',(63.6686145503735,31.9999883083759,0.));
#13302=CARTESIAN_POINT('',(63.6689118721712,31.9999880945963,0.));
#13303=CARTESIAN_POINT('',(63.6690952715194,31.9999879607369,0.));
#13304=CARTESIAN_POINT('',(63.6691895591667,31.9999878914371,0.));
#13305=CARTESIAN_POINT('',(63.669317952419,31.9999877966967,0.));
#13306=CARTESIAN_POINT('',(63.66953149136,31.9999876380975,0.));
#13307=CARTESIAN_POINT('',(63.669965982061,31.9999873116102,0.));
#13308=CARTESIAN_POINT('',(63.6705813755014,31.9999868380511,0.));
#13309=CARTESIAN_POINT('',(63.6715656931704,31.9999860570449,0.));
#13310=CARTESIAN_POINT('',(63.6727904373231,31.9999850407882,0.));
#13311=CARTESIAN_POINT('',(63.6747400753018,31.999983327904,0.));
#13312=CARTESIAN_POINT('',(63.6771574917221,31.999981024621,0.));
#13313=CARTESIAN_POINT('',(63.6809838816189,31.9999769930936,0.));
#13314=CARTESIAN_POINT('',(63.685688914903,31.9999713045562,0.));
#13315=CARTESIAN_POINT('',(63.6912102876832,31.9999634396603,0.));
#13316=CARTESIAN_POINT('',(63.696606973858,31.999954536136,0.));
#13317=CARTESIAN_POINT('',(63.7018789918276,31.9999445939389,0.));
#13318=CARTESIAN_POINT('',(63.7061684048341,31.9999354433428,0.));
#13319=CARTESIAN_POINT('',(63.7095376731717,31.9999276033201,0.));
#13320=CARTESIAN_POINT('',(63.7120332411384,31.9999214642605,0.));
#13321=CARTESIAN_POINT('',(63.7140875842214,31.9999161300309,0.));
#13322=CARTESIAN_POINT('',(63.7157139526418,31.9999117372205,0.));
#13323=CARTESIAN_POINT('',(63.7167274025745,31.9999089275918,0.));
#13324=CARTESIAN_POINT('',(63.7175263342685,31.999906670394,0.));
#13325=CARTESIAN_POINT('',(63.7179905606869,31.9999053413946,0.));
#13326=CARTESIAN_POINT('',(63.7182735281529,31.9999045253256,0.));
#13327=CARTESIAN_POINT('',(63.7185238595404,31.9999038008794,0.));
#13328=CARTESIAN_POINT('',(63.7189513393045,31.999902556051,0.));
#13329=CARTESIAN_POINT('',(63.7198128795051,31.999900018056,0.));
#13330=CARTESIAN_POINT('',(63.721037508418,31.9998963256134,0.));
#13331=CARTESIAN_POINT('',(63.7229941798352,31.9998902456651,0.));
#13332=CARTESIAN_POINT('',(63.7254301181536,31.9998823368121,0.));
#13333=CARTESIAN_POINT('',(63.7293084816697,31.999869017945,0.));
#13334=CARTESIAN_POINT('',(63.734119639376,31.999851125658,0.));
#13335=CARTESIAN_POINT('',(63.7417393717801,31.9998198436791,0.));
#13336=CARTESIAN_POINT('',(63.7511173876819,31.9997757648553,0.));
#13337=CARTESIAN_POINT('',(63.7621364217847,31.9997149079547,0.));
#13338=CARTESIAN_POINT('',(63.7729208578851,31.9996460887657,0.));
#13339=CARTESIAN_POINT('',(63.7834706936889,31.9995693073459,0.));
#13340=CARTESIAN_POINT('',(63.7920667417781,31.999498687425,0.));
#13341=CARTESIAN_POINT('',(63.7988262479487,31.999438210726,0.));
#13342=CARTESIAN_POINT('',(63.8038373220453,31.9993908615947,0.));
#13343=CARTESIAN_POINT('',(63.8079640454212,31.9993497484729,0.));
#13344=CARTESIAN_POINT('',(63.811236766818,31.9993158552968,0.));
#13345=CARTESIAN_POINT('',(63.8132684798275,31.9992942741944,0.));
#13346=CARTESIAN_POINT('',(63.8146873087913,31.999278915968,0.));
#13347=CARTESIAN_POINT('',(63.8154914718998,31.9992701304161,0.));
#13348=CARTESIAN_POINT('',(63.8160044940701,31.9992644896027,0.));
#13349=CARTESIAN_POINT('',(63.8163888031608,31.999260245624,0.));
#13350=CARTESIAN_POINT('',(63.8168664614773,31.9992549535237,0.));
#13351=CARTESIAN_POINT('',(63.8176856566165,31.9992458278334,0.));
#13352=CARTESIAN_POINT('',(63.8193338689468,31.9992272766365,0.));
#13353=CARTESIAN_POINT('',(63.821677485595,31.9992003469905,0.));
#13354=CARTESIAN_POINT('',(63.8254200919004,31.9991561684188,0.));
#13355=CARTESIAN_POINT('',(63.8300774173809,31.999098981346,0.));
#13356=CARTESIAN_POINT('',(63.8374875870292,31.9990032583759,0.));
#13357=CARTESIAN_POINT('',(63.8466709642176,31.9988757009427,0.));
#13358=CARTESIAN_POINT('',(63.8611956965327,31.9986547416803,0.));
#13359=CARTESIAN_POINT('',(63.8754672943409,31.9984084815639,0.));
#13360=CARTESIAN_POINT('',(63.8894855241477,31.9981369268045,0.));
#13361=CARTESIAN_POINT('',(63.8981418874427,31.9979566526223,0.));
#13362=CARTESIAN_POINT('',(63.9050026345774,31.9978061335915,0.));
#13363=CARTESIAN_POINT('',(63.909266626517,31.9977093663613,0.));
#13364=CARTESIAN_POINT('',(63.9122327714279,31.9976403609144,0.));
#13365=CARTESIAN_POINT('',(63.9137189594478,31.9976053546152,0.));
#13366=CARTESIAN_POINT('',(63.9145566323986,31.9975855060509,0.));
#13367=CARTESIAN_POINT('',(63.9154997051952,31.9975630640026,0.));
#13368=CARTESIAN_POINT('',(63.916641539314,31.9975357075332,0.));
#13369=CARTESIAN_POINT('',(63.918487027029,31.9974911121872,0.));
#13370=CARTESIAN_POINT('',(63.9217028420407,31.9974123852384,0.));
#13371=CARTESIAN_POINT('',(63.9262892923477,31.9972972067753,0.));
#13372=CARTESIAN_POINT('',(63.9335982310424,31.9971074503704,0.));
#13373=CARTESIAN_POINT('',(63.9426854045766,31.9968598527068,0.));
#13374=CARTESIAN_POINT('',(63.9535097072829,31.9965461371083,0.));
#13375=CARTESIAN_POINT('',(63.9642541952851,31.9962158118322,0.));
#13376=CARTESIAN_POINT('',(63.9749188110602,31.9958688769295,0.));
#13377=CARTESIAN_POINT('',(63.98550329387,31.9955053434727,0.));
#13378=CARTESIAN_POINT('',(63.9942578358035,31.9951885298458,0.));
#13379=CARTESIAN_POINT('',(64.0012198825231,31.994926840643,0.));
#13380=CARTESIAN_POINT('',(64.005558235064,31.9947596755786,0.));
#13381=CARTESIAN_POINT('',(64.0090104082126,31.9946242096103,0.));
#13382=CARTESIAN_POINT('',(64.0109660072101,31.9945465290953,0.));
#13383=CARTESIAN_POINT('',(64.012240348557,31.9944955349642,0.));
#13384=CARTESIAN_POINT('',(64.0131559318165,31.9944587852307,0.));
#13385=CARTESIAN_POINT('',(64.0147463030056,31.9943946448224,0.));
#13386=CARTESIAN_POINT('',(64.0179319954457,31.9942649606445,0.));
#13387=CARTESIAN_POINT('',(64.0224703656461,31.9940767522851,0.));
#13388=CARTESIAN_POINT('',(64.0297159677957,31.9937688929406,0.));
#13389=CARTESIAN_POINT('',(64.0387382080969,31.9933716633551,0.));
#13390=CARTESIAN_POINT('',(64.0531019887224,31.9927095326787,0.));
#13391=CARTESIAN_POINT('',(64.0709196343005,31.9918321913261,0.));
#13392=CARTESIAN_POINT('',(64.0885606968441,31.990888241502,0.));
#13393=CARTESIAN_POINT('',(64.100805960071,31.9901931617483,0.));
#13394=CARTESIAN_POINT('',(64.1069163176605,31.9898362161834,0.));
#13395=CARTESIAN_POINT('',(64.1103826752887,31.9896308841006,0.));
#13396=CARTESIAN_POINT('',(64.1140287706566,31.9894128352359,0.));
#13397=CARTESIAN_POINT('',(64.1185176931877,31.9891404517034,0.));
#13398=CARTESIAN_POINT('',(64.1257220776267,31.9886950304893,0.));
#13399=CARTESIAN_POINT('',(64.134691344781,31.9881248384513,0.));
#13400=CARTESIAN_POINT('',(64.1454209024477,31.9874176993963,0.));
#13401=CARTESIAN_POINT('',(64.1596735041383,31.9864448206602,0.));
#13402=CARTESIAN_POINT('',(64.1738494838476,31.9854266805853,0.));
#13403=CARTESIAN_POINT('',(64.1879469866438,31.9843634156232,0.));
#13404=CARTESIAN_POINT('',(64.1967275954453,31.9836798809379,0.));
#13405=CARTESIAN_POINT('',(64.2028532513351,31.9831918318743,0.));
#13406=CARTESIAN_POINT('',(64.2059170847916,31.9829449054294,0.));
#13407=CARTESIAN_POINT('',(64.2076582011749,31.9828037899851,0.));
#13408=CARTESIAN_POINT('',(64.2094829208899,31.9826553236531,0.));
#13409=CARTESIAN_POINT('',(64.2117340254876,31.9824710729225,0.));
#13410=CARTESIAN_POINT('',(64.2153497514475,31.9821728326692,0.));
#13411=CARTESIAN_POINT('',(64.2216642282022,31.9816459102988,0.));
#13412=CARTESIAN_POINT('',(64.2306729447427,31.9808768226821,0.));
#13413=CARTESIAN_POINT('',(64.2450508479645,31.9796122731698,0.));
#13414=CARTESIAN_POINT('',(64.2629604883746,31.9779674265088,0.));
#13415=CARTESIAN_POINT('',(64.284350161785,31.9758910771558,0.));
#13416=CARTESIAN_POINT('',(64.3056383235647,31.9737121645461,0.));
#13417=CARTESIAN_POINT('',(64.3268249532037,31.9714306859939,0.));
#13418=CARTESIAN_POINT('',(64.3479097492912,31.9690466821388,0.));
#13419=CARTESIAN_POINT('',(64.3653965731988,31.9669744412805,0.));
#13420=CARTESIAN_POINT('',(64.3793334270249,31.9652656054303,0.));
#13421=CARTESIAN_POINT('',(64.3880269331199,31.9641756788194,0.));
#13422=CARTESIAN_POINT('',(64.3949595712141,31.9632921493713,0.));
#13423=CARTESIAN_POINT('',(64.3988738641741,31.9627878273468,0.));
#13424=CARTESIAN_POINT('',(64.4014504792031,31.9624536325634,0.));
#13425=CARTESIAN_POINT('',(64.4032415300926,31.9622206980021,0.));
#13426=CARTESIAN_POINT('',(64.4063625426131,31.9618131033728,0.));
#13427=CARTESIAN_POINT('',(64.4126096203264,31.9609905481789,0.));
#13428=CARTESIAN_POINT('',(64.4215187319092,31.9597982584516,0.));
#13429=CARTESIAN_POINT('',(64.4357530633649,31.9578522831615,0.));
#13430=CARTESIAN_POINT('',(64.4535022878119,31.955348720722,0.));
#13431=CARTESIAN_POINT('',(64.4818104625853,31.9511910018986,0.));
#13432=CARTESIAN_POINT('',(64.5170230889052,31.9457092694177,0.));
#13433=CARTESIAN_POINT('',(64.5520125800392,31.9398467972323,0.));
#13434=CARTESIAN_POINT('',(64.5763759082857,31.9355454594352,0.));
#13435=CARTESIAN_POINT('',(64.5885406009886,31.9333425070803,0.));
#13436=CARTESIAN_POINT('',(64.5954624164097,31.932073353118,0.));
#13437=CARTESIAN_POINT('',(64.6025873858776,31.9307559716622,0.));
#13438=CARTESIAN_POINT('',(64.611413086955,31.9291033934245,0.));
#13439=CARTESIAN_POINT('',(64.6255542776832,31.9264116252756,0.));
#13440=CARTESIAN_POINT('',(64.6431800622145,31.9229737754506,0.));
#13441=CARTESIAN_POINT('',(64.6642776035131,31.9187262492895,0.));
#13442=CARTESIAN_POINT('',(64.6923265382585,31.9129018954562,0.));
#13443=CARTESIAN_POINT('',(64.7202578611942,31.9068352918349,0.));
#13444=CARTESIAN_POINT('',(64.7480695092961,31.9005268946103,0.));
#13445=CARTESIAN_POINT('',(64.7654045275337,31.8964827700257,0.));
#13446=CARTESIAN_POINT('',(64.7775089084413,31.8935999581348,0.));
#13447=CARTESIAN_POINT('',(64.7835603677013,31.8921439102571,0.));
#13448=CARTESIAN_POINT('',(64.7870072352445,31.8913103610973,0.));
#13449=CARTESIAN_POINT('',(64.7905459035084,31.8904516860441,0.));
#13450=CARTESIAN_POINT('',(64.794934876559,31.889381157867,0.));
#13451=CARTESIAN_POINT('',(64.8019697330559,31.8876535726092,0.));
#13452=CARTESIAN_POINT('',(64.8142585533663,31.8846049011195,0.));
#13453=CARTESIAN_POINT('',(64.8317786078526,31.8801703338188,0.));
#13454=CARTESIAN_POINT('',(64.8597237861853,31.8729085403178,0.));
#13455=CARTESIAN_POINT('',(64.8944959866328,31.8635183566059,0.));
#13456=CARTESIAN_POINT('',(64.929061211801,31.853709172765,0.));
#13457=CARTESIAN_POINT('',(64.9531361173867,31.8466264913097,0.));
#13458=CARTESIAN_POINT('',(64.9668764919974,31.8425120014072,0.));
#13459=CARTESIAN_POINT('',(64.9771235112409,31.8394078193428,0.));
#13460=CARTESIAN_POINT('',(64.9875166643695,31.8362226300322,0.));
#13461=CARTESIAN_POINT('',(65.0012920728249,31.8319515474655,0.));
#13462=CARTESIAN_POINT('',(65.0253609563201,31.82435998981,0.));
#13463=CARTESIAN_POINT('',(65.0595459684294,31.8132074795018,0.));
#13464=CARTESIAN_POINT('',(65.0934886086799,31.8016381199584,0.));
#13465=CARTESIAN_POINT('',(65.1204946299972,31.7921332296916,0.));
#13466=CARTESIAN_POINT('',(65.1373091382827,31.7860897400032,0.));
#13467=CARTESIAN_POINT('',(65.1507297124526,31.7811903929748,0.));
#13468=CARTESIAN_POINT('',(65.1590883629302,31.7781074397947,0.));
#13469=CARTESIAN_POINT('',(65.1657975747179,31.7756137967126,0.));
#13470=CARTESIAN_POINT('',(65.1725523942534,31.7730902595835,0.));
#13471=CARTESIAN_POINT('',(65.1843293607025,31.7686564804596,0.));
#13472=CARTESIAN_POINT('',(65.2011113351162,31.7622412512204,0.));
#13473=CARTESIAN_POINT('',(65.2278376952948,31.7518164122802,0.));
#13474=CARTESIAN_POINT('',(65.2543895288176,31.7411461649283,0.));
#13475=CARTESIAN_POINT('',(65.2807646194135,31.7302312941636,0.));
#13476=CARTESIAN_POINT('',(65.3004567707401,31.7219232169739,0.));
#13477=CARTESIAN_POINT('',(65.31679669399,31.7148963801432,0.));
#13478=CARTESIAN_POINT('',(65.3298170620679,31.7092170591625,0.));
#13479=CARTESIAN_POINT('',(65.3379534194208,31.7056344146833,0.));
#13480=CARTESIAN_POINT('',(65.3444125322322,31.7027703603606,0.));
#13481=CARTESIAN_POINT('',(65.3510064753125,31.6998327491912,0.));
#13482=CARTESIAN_POINT('',(65.3624978248117,31.694676675195,0.));
#13483=CARTESIAN_POINT('',(65.3854072626182,31.6842512341912,0.));
#13484=CARTESIAN_POINT('',(65.4178651473509,31.6690606659582,0.));
#13485=CARTESIAN_POINT('',(65.4499788939159,31.6534671085111,0.));
#13486=CARTESIAN_POINT('',(65.4754611555851,31.6407514137234,0.));
#13487=CARTESIAN_POINT('',(65.4912998683973,31.6327041662805,0.));
#13488=CARTESIAN_POINT('',(65.5039208607884,31.6262050102622,0.));
#13489=CARTESIAN_POINT('',(65.5117823738522,31.6221205132905,0.));
#13490=CARTESIAN_POINT('',(65.5172838499652,31.6192430278011,0.));
#13491=CARTESIAN_POINT('',(65.520408936195,31.61760306031,0.));
#13492=CARTESIAN_POINT('',(65.52358954289,31.6159302499773,0.));
#13493=CARTESIAN_POINT('',(65.5276032619858,31.6138120856448,0.));
#13494=CARTESIAN_POINT('',(65.5339913266497,31.6104255784994,0.));
#13495=CARTESIAN_POINT('',(65.5419657445753,31.606169398774,0.));
#13496=CARTESIAN_POINT('',(65.5546800849544,31.5993219198219,0.));
#13497=CARTESIAN_POINT('',(65.5704992676393,31.5906867575001,0.));
#13498=CARTESIAN_POINT('',(65.5893611166975,31.580204936541,0.));
#13499=CARTESIAN_POINT('',(65.6081026642014,31.5696030304956,0.));
#13500=CARTESIAN_POINT('',(65.6267236174147,31.5588811993792,0.));
#13501=CARTESIAN_POINT('',(65.6452242786736,31.5480392620442,0.));
#13502=CARTESIAN_POINT('',(65.6605404892533,31.5389046962282,0.));
#13503=CARTESIAN_POINT('',(65.6727345354849,31.5315362341788,0.));
#13504=CARTESIAN_POINT('',(65.6803276951932,31.5269078117863,0.));
#13505=CARTESIAN_POINT('',(65.6863940682316,31.5231858104407,0.));
#13506=CARTESIAN_POINT('',(65.6901635157105,31.5208630434542,0.));
#13507=CARTESIAN_POINT('',(65.6932114051505,31.5189787878599,0.));
#13508=CARTESIAN_POINT('',(65.6963173410969,31.5170543784142,0.));
#13509=CARTESIAN_POINT('',(65.7017170297765,31.5136975636902,0.));
#13510=CARTESIAN_POINT('',(65.7094246517603,31.5088740313153,0.));
#13511=CARTESIAN_POINT('',(65.7217037651159,31.5011210912765,0.));
#13512=CARTESIAN_POINT('',(65.7369714439514,31.4913524255715,0.));
#13513=CARTESIAN_POINT('',(65.7612189321085,31.4755619034816,0.));
#13514=CARTESIAN_POINT('',(65.7911923188044,31.4555207066055,0.));
#13515=CARTESIAN_POINT('',(65.8207187871917,31.4350745738835,0.));
#13516=CARTESIAN_POINT('',(65.8411492581118,31.4205522233667,0.));
#13517=CARTESIAN_POINT('',(65.8513094824859,31.4132352224827,0.));
#13518=CARTESIAN_POINT('',(65.8570923771061,31.4090434433654,0.));
#13519=CARTESIAN_POINT('',(65.8658461438326,31.4026704210721,0.));
#13520=CARTESIAN_POINT('',(65.8788710533303,31.3930832557147,0.));
#13521=CARTESIAN_POINT('',(65.9018711442189,31.3758554156774,0.));
#13522=CARTESIAN_POINT('',(65.930263673712,31.3540236333241,0.));
#13523=CARTESIAN_POINT('',(65.9637804938345,31.3273378576849,0.));
#13524=CARTESIAN_POINT('',(65.9912535906623,31.3046887686044,0.));
#13525=CARTESIAN_POINT('',(66.0129383338206,31.2863401531577,0.));
#13526=CARTESIAN_POINT('',(66.0345867186869,31.2676999676072,0.));
#13527=CARTESIAN_POINT('',(66.0612571517397,31.2441248901715,0.));
#13528=CARTESIAN_POINT('',(66.0927372656898,31.2153110990095,0.));
#13529=CARTESIAN_POINT('',(66.123670847746,31.1859914378893,0.));
#13530=CARTESIAN_POINT('',(66.1641720260801,31.1462409062102,0.));
#13531=CARTESIAN_POINT('',(66.2036913914582,31.1053671841389,0.));
#13532=CARTESIAN_POINT('',(66.242186911401,31.0634095569754,0.));
#13533=CARTESIAN_POINT('',(66.2658150714372,31.0367416721691,0.));
#13534=CARTESIAN_POINT('',(66.2844855242606,31.0151087743656,0.));
#13535=CARTESIAN_POINT('',(66.3029057774564,30.9933896816384,0.));
#13536=CARTESIAN_POINT('',(66.3256375974348,30.9658777455478,0.));
#13537=CARTESIAN_POINT('',(66.3479577129458,30.9379045030142,0.));
#13538=CARTESIAN_POINT('',(66.3655700296616,30.9152455712605,0.));
#13539=CARTESIAN_POINT('',(66.3786576192368,30.89811072249,0.));
#13540=CARTESIAN_POINT('',(66.3894599004486,30.8837181851951,0.));
#13541=CARTESIAN_POINT('',(66.3980455877341,30.8721273899698,0.));
#13542=CARTESIAN_POINT('',(66.4033748420225,30.864869628295,0.));
#13543=CARTESIAN_POINT('',(66.4076489340336,30.8590101749009,0.));
#13544=CARTESIAN_POINT('',(66.4118180454584,30.8532696388677,0.));
#13545=CARTESIAN_POINT('',(66.4191041369958,30.843172448371,0.));
#13546=CARTESIAN_POINT('',(66.4335588816119,30.8228790798108,0.));
#13547=CARTESIAN_POINT('',(66.4539127317002,30.7935517138378,0.));
#13548=CARTESIAN_POINT('',(66.4778516215,30.7578368807343,0.));
#13549=CARTESIAN_POINT('',(66.5013081160605,30.7215955256644,0.));
#13550=CARTESIAN_POINT('',(66.5204524770905,30.6909565972379,0.));
#13551=CARTESIAN_POINT('',(66.5355263998891,30.6661827131419,0.));
#13552=CARTESIAN_POINT('',(66.5448470716534,30.6505893383063,0.));
#13553=CARTESIAN_POINT('',(66.5522429509611,30.6380494171326,0.));
#13554=CARTESIAN_POINT('',(66.5577604115638,30.6286103234542,0.));
#13555=CARTESIAN_POINT('',(66.5623307652141,30.620721188549,0.));
#13556=CARTESIAN_POINT('',(66.5655214521982,30.6151762784304,0.));
#13557=CARTESIAN_POINT('',(66.5673336685763,30.6120163693468,0.));
#13558=CARTESIAN_POINT('',(66.5687113928951,30.6096085604419,0.));
#13559=CARTESIAN_POINT('',(66.570009063187,30.6073356362853,0.));
#13560=CARTESIAN_POINT('',(66.5717640437885,30.6042551591752,0.));
#13561=CARTESIAN_POINT('',(66.5748159597823,30.5988805664757,0.));
#13562=CARTESIAN_POINT('',(66.579163635358,30.5911739561975,0.));
#13563=CARTESIAN_POINT('',(66.5843478493506,30.5819037663568,0.));
#13564=CARTESIAN_POINT('',(66.5912209223736,30.569505478736,0.));
#13565=CARTESIAN_POINT('',(66.5997365399429,30.55394014914,0.));
#13566=CARTESIAN_POINT('',(66.6132008920627,30.5288901030971,0.));
#13567=CARTESIAN_POINT('',(66.6297297661513,30.4973053256494,0.));
#13568=CARTESIAN_POINT('',(66.6490818091397,30.4589683378265,0.));
#13569=CARTESIAN_POINT('',(66.6679520121663,30.4201943368275,0.));
#13570=CARTESIAN_POINT('',(66.6832731783837,30.387524105196,0.));
#13571=CARTESIAN_POINT('',(66.6937907443769,30.3644556777562,0.));
#13572=CARTESIAN_POINT('',(66.6989915305986,30.3528856938526,0.));
#13573=CARTESIAN_POINT('',(66.701956746364,30.3462415494893,0.));
#13574=CARTESIAN_POINT('',(66.7048277250833,30.3397782104799,0.));
#13575=CARTESIAN_POINT('',(66.7084257831842,30.3316213358027,0.));
#13576=CARTESIAN_POINT('',(66.7141252535984,30.3185778106359,0.));
#13577=CARTESIAN_POINT('',(66.7211775355421,30.302207648377,0.));
#13578=CARTESIAN_POINT('',(66.7295138132047,30.2824832675293,0.));
#13579=CARTESIAN_POINT('',(66.7404642023592,30.2560682937195,0.));
#13580=CARTESIAN_POINT('',(66.7538416529584,30.2228365285518,0.));
#13581=CARTESIAN_POINT('',(66.7693982827393,30.1826163293013,0.));
#13582=CARTESIAN_POINT('',(66.7819484978278,30.1488144861702,0.));
#13583=CARTESIAN_POINT('',(66.7917403323284,30.1216024705271,0.));
#13584=CARTESIAN_POINT('',(66.7977571216051,30.1045228146342,0.));
#13585=CARTESIAN_POINT('',(66.8025077858088,30.0908184742138,0.));
#13586=CARTESIAN_POINT('',(66.8054527294376,30.082230622731,0.));
#13587=CARTESIAN_POINT('',(66.8074973428385,30.0762194648257,0.));
#13588=CARTESIAN_POINT('',(66.8086669366351,30.0727666917548,0.));
#13589=CARTESIAN_POINT('',(66.8098147059436,30.0693690675528,0.));
#13590=CARTESIAN_POINT('',(66.8112302906039,30.0651617131331,0.));
#13591=CARTESIAN_POINT('',(66.8134927915178,30.0584008662214,0.));
#13592=CARTESIAN_POINT('',(66.8162986916633,30.049947627962,0.));
#13593=CARTESIAN_POINT('',(66.8207480586116,30.0363960358523,0.));
#13594=CARTESIAN_POINT('',(66.8262312490461,30.0194170455482,0.));
#13595=CARTESIAN_POINT('',(66.832686508851,29.9989759138999,0.));
#13596=CARTESIAN_POINT('',(66.8411270540186,29.9716337288114,0.));
#13597=CARTESIAN_POINT('',(66.8513657790697,29.9372917259172,0.));
#13598=CARTESIAN_POINT('',(66.8631530767609,29.8958185984346,0.));
#13599=CARTESIAN_POINT('',(66.8725598246268,29.8610388323788,0.));
#13600=CARTESIAN_POINT('',(66.8789262152423,29.8365778325209,0.));
#13601=CARTESIAN_POINT('',(66.882501671508,29.8225676291822,0.));
#13602=CARTESIAN_POINT('',(66.8851523050963,29.8120425677588,0.));
#13603=CARTESIAN_POINT('',(66.8873344050106,29.8032611499911,0.));
#13604=CARTESIAN_POINT('',(66.8890661972552,29.7962207399611,0.));
#13605=CARTESIAN_POINT('',(66.8901381708458,29.7918331523115,0.));
#13606=CARTESIAN_POINT('',(66.891000774796,29.7882841814422,0.));
#13607=CARTESIAN_POINT('',(66.8918281970913,29.7848683636582,0.));
#13608=CARTESIAN_POINT('',(66.8932754114617,29.7788639888191,0.));
#13609=CARTESIAN_POINT('',(66.8961397857199,29.7668587083028,0.));
#13610=CARTESIAN_POINT('',(66.900159613103,29.7496620497976,0.));
#13611=CARTESIAN_POINT('',(66.9048636783787,29.7289696751686,0.));
#13612=CARTESIAN_POINT('',(66.9094491705523,29.7082161943999,0.));
#13613=CARTESIAN_POINT('',(66.9154046523915,29.6804650903387,0.));
#13614=CARTESIAN_POINT('',(66.9225519934207,29.6456258077362,0.));
#13615=CARTESIAN_POINT('',(66.9293032622192,29.6105862400529,0.));
#13616=CARTESIAN_POINT('',(66.934466658054,29.5824342796032,0.));
#13617=CARTESIAN_POINT('',(66.9382203547001,29.561260414835,0.));
#13618=CARTESIAN_POINT('',(66.9418553610815,29.5400256246837,0.));
#13619=CARTESIAN_POINT('',(66.9447851251512,29.5222824159778,0.));
#13620=CARTESIAN_POINT('',(66.9467847495177,29.5098308931432,0.));
#13621=CARTESIAN_POINT('',(66.9477705117166,29.5036053586088,0.));
#13622=CARTESIAN_POINT('',(66.9483317886479,29.5000350837049,0.));
#13623=CARTESIAN_POINT('',(66.9488733694491,29.4965738317786,0.));
#13624=CARTESIAN_POINT('',(66.9495519877136,29.4922064015366,0.));
#13625=CARTESIAN_POINT('',(66.9506252515824,29.4852332616131,0.));
#13626=CARTESIAN_POINT('',(66.9524808579415,29.4730036507311,0.));
#13627=CARTESIAN_POINT('',(66.9550619014296,29.4554900306887,0.));
#13628=CARTESIAN_POINT('',(66.9580490866977,29.4343947859134,0.));
#13629=CARTESIAN_POINT('',(66.9609257419161,29.4132236402945,0.));
#13630=CARTESIAN_POINT('',(66.9636920701479,29.3919750992669,0.));
#13631=CARTESIAN_POINT('',(66.9656838092417,29.3759828807242,0.));
#13632=CARTESIAN_POINT('',(66.9669774219638,29.3652948904517,0.));
#13633=CARTESIAN_POINT('',(66.9676168062037,29.3599506627626,0.));
#13634=CARTESIAN_POINT('',(66.968251314465,29.3545839238145,0.));
#13635=CARTESIAN_POINT('',(66.9690607960674,29.3476568170992,0.));
#13636=CARTESIAN_POINT('',(66.970066437595,29.3388997906986,0.));
#13637=CARTESIAN_POINT('',(66.9716363229275,29.3248981229557,0.));
#13638=CARTESIAN_POINT('',(66.9735372123835,29.307313175786,0.));
#13639=CARTESIAN_POINT('',(66.9757161930659,29.2861102664551,0.));
#13640=CARTESIAN_POINT('',(66.9777940800249,29.2647980267694,0.));
#13641=CARTESIAN_POINT('',(66.9794412138575,29.2469482377782,0.));
#13642=CARTESIAN_POINT('',(66.980708226546,29.2326151853454,0.));
#13643=CARTESIAN_POINT('',(66.9814791310124,29.2236330624106,0.));
#13644=CARTESIAN_POINT('',(66.9820074315047,29.2173369108358,0.));
#13645=CARTESIAN_POINT('',(66.9823065483538,29.2137308827295,0.));
#13646=CARTESIAN_POINT('',(66.982491246639,29.2114871330927,0.));
#13647=CARTESIAN_POINT('',(66.9826403486,29.2096651018314,0.));
#13648=CARTESIAN_POINT('',(66.9827811286829,29.2079381371113,0.));
#13649=CARTESIAN_POINT('',(66.9830276689371,29.2048968683859,0.));
#13650=CARTESIAN_POINT('',(66.9835149386351,29.1988170385722,0.));
#13651=CARTESIAN_POINT('',(66.9841977518734,29.1900990561872,0.));
#13652=CARTESIAN_POINT('',(66.9852605303811,29.1760976581975,0.));
#13653=CARTESIAN_POINT('',(66.9865339080783,29.1584895365231,0.));
#13654=CARTESIAN_POINT('',(66.9879736104526,29.1371919874176,0.));
#13655=CARTESIAN_POINT('',(66.9890997781418,29.1193037185599,0.));
#13656=CARTESIAN_POINT('',(66.9899565613705,29.1049088597653,0.));
#13657=CARTESIAN_POINT('',(66.9905770556474,29.0940709643285,0.));
#13658=CARTESIAN_POINT('',(66.9911755336399,29.0831897499572,0.));
#13659=CARTESIAN_POINT('',(66.991655676932,29.0740908887537,0.));
#13660=CARTESIAN_POINT('',(66.9919824917925,29.0676956761309,0.));
#13661=CARTESIAN_POINT('',(66.9921429744073,29.0645038529654,0.));
#13662=CARTESIAN_POINT('',(66.9922348099548,29.0626619223189,0.));
#13663=CARTESIAN_POINT('',(66.9923178451164,29.0609876048925,0.));
#13664=CARTESIAN_POINT('',(66.9924238403387,29.0588339665694,0.));
#13665=CARTESIAN_POINT('',(66.9925903538918,29.0554144661523,0.));
#13666=CARTESIAN_POINT('',(66.9927963031606,29.0511176537462,0.));
#13667=CARTESIAN_POINT('',(66.9930388109812,29.0459480990014,0.));
#13668=CARTESIAN_POINT('',(66.9933563783501,29.0390295251724,0.));
#13669=CARTESIAN_POINT('',(66.9938967026933,29.0268593299968,0.));
#13670=CARTESIAN_POINT('',(66.9946246717643,29.0092916106922,0.));
#13671=CARTESIAN_POINT('',(66.995427917386,28.9879203980574,0.));
#13672=CARTESIAN_POINT('',(66.9960386997025,28.9698692663881,0.));
#13673=CARTESIAN_POINT('',(66.9964921716452,28.955283273944,0.));
#13674=CARTESIAN_POINT('',(66.9968146960849,28.9442713491863,0.));
#13675=CARTESIAN_POINT('',(66.9970688263777,28.9350339860239,0.));
#13676=CARTESIAN_POINT('',(66.9972633249907,28.9276085446357,0.));
#13677=CARTESIAN_POINT('',(66.9973812634908,28.922950907922,0.));
#13678=CARTESIAN_POINT('',(66.997461820222,28.9196858868426,0.));
#13679=CARTESIAN_POINT('',(66.997507424943,28.9178127973136,0.));
#13680=CARTESIAN_POINT('',(66.9975354135518,28.9166531380012,0.));
#13681=CARTESIAN_POINT('',(66.9975583218528,28.9156973995926,0.));
#13682=CARTESIAN_POINT('',(66.9975787480409,28.9148414878892,0.));
#13683=CARTESIAN_POINT('',(66.9976147353011,28.9133244618346,0.));
#13684=CARTESIAN_POINT('',(66.9976856766712,28.9102963528186,0.));
#13685=CARTESIAN_POINT('',(66.9977850875956,28.9059453640425,0.));
#13686=CARTESIAN_POINT('',(66.9979395962546,28.898947696441,0.));
#13687=CARTESIAN_POINT('',(66.9981243978753,28.8901248954109,0.));
#13688=CARTESIAN_POINT('',(66.9983327641294,28.8794189019613,0.));
#13689=CARTESIAN_POINT('',(66.9984952526972,28.8703978591818,0.));
#13690=CARTESIAN_POINT('',(66.998618552612,28.8631213902442,0.));
#13691=CARTESIAN_POINT('',(66.9987076788048,28.8576344716816,0.));
#13692=CARTESIAN_POINT('',(66.9987934710756,28.8521169046176,0.));
#13693=CARTESIAN_POINT('',(66.9988621396899,28.8474967883718,0.));
#13694=CARTESIAN_POINT('',(66.9989088161598,28.8442444216562,0.));
#13695=CARTESIAN_POINT('',(66.9989316898324,28.8426221556015,0.));
#13696=CARTESIAN_POINT('',(66.9989448147034,28.8416826651192,0.));
#13697=CARTESIAN_POINT('',(66.9989562577851,28.8408588544026,0.));
#13698=CARTESIAN_POINT('',(66.9989710220092,28.8397873932766,0.));
#13699=CARTESIAN_POINT('',(66.9989941252106,28.838091560393,0.));
#13700=CARTESIAN_POINT('',(66.9990341544352,28.8351035549146,0.));
#13701=CARTESIAN_POINT('',(66.9990897020949,28.8308120568133,0.));
#13702=CARTESIAN_POINT('',(66.9991752899673,28.8238821844522,0.));
#13703=CARTESIAN_POINT('',(66.9992760152444,28.815107543927,0.));
#13704=CARTESIAN_POINT('',(66.9993868997852,28.8043961796074,0.));
#13705=CARTESIAN_POINT('',(66.999470975326,28.7953190404679,0.));
#13706=CARTESIAN_POINT('',(66.9995332402581,28.7879665995351,0.));
#13707=CARTESIAN_POINT('',(66.9995774402698,28.7824070344515,0.));
#13708=CARTESIAN_POINT('',(66.9996121939541,28.77773596852,0.));
#13709=CARTESIAN_POINT('',(66.9996387433813,28.7739771528449,0.));
#13710=CARTESIAN_POINT('',(66.9996548266253,28.771616842768,0.));
#13711=CARTESIAN_POINT('',(66.999665791092,28.7699628839013,0.));
#13712=CARTESIAN_POINT('',(66.9996720106434,28.76901131483,0.));
#13713=CARTESIAN_POINT('',(66.9996757897257,28.7684278103551,0.));
#13714=CARTESIAN_POINT('',(66.9996789668912,28.7679335512098,0.));
#13715=CARTESIAN_POINT('',(66.9996814978733,28.7675380082422,0.));
#13716=CARTESIAN_POINT('',(66.9996860181327,28.7668273864519,0.));
#13717=CARTESIAN_POINT('',(66.9996948947295,28.7654139994591,0.));
#13718=CARTESIAN_POINT('',(66.9997073761713,28.7633757951812,0.));
#13719=CARTESIAN_POINT('',(66.9997268092679,28.7600912277402,0.));
#13720=CARTESIAN_POINT('',(66.9997501448304,28.7559336211067,0.));
#13721=CARTESIAN_POINT('',(66.9997854212787,28.7491740397103,0.));
#13722=CARTESIAN_POINT('',(66.999825663348,28.74052164591,0.));
#13723=CARTESIAN_POINT('',(66.9998607648348,28.7315990965514,0.));
#13724=CARTESIAN_POINT('',(66.9998857621259,28.7242988942438,0.));
#13725=CARTESIAN_POINT('',(66.9999029680719,28.7187426719568,0.));
#13726=CARTESIAN_POINT('',(66.9999186320115,28.7131053784033,0.));
#13727=CARTESIAN_POINT('',(66.999930400297,28.7083400677085,0.));
#13728=CARTESIAN_POINT('',(66.9999390439004,28.7044872958952,0.));
#13729=CARTESIAN_POINT('',(66.9999451411597,28.7015774133593,0.));
#13730=CARTESIAN_POINT('',(66.9999499007709,28.6991357342523,0.));
#13731=CARTESIAN_POINT('',(66.9999530642081,28.6974174696049,0.));
#13732=CARTESIAN_POINT('',(66.9999548231266,28.6964334171641,0.));
#13733=CARTESIAN_POINT('',(66.9999561198334,28.6956931347345,0.));
#13734=CARTESIAN_POINT('',(66.99995717521,28.6950782871387,0.));
#13735=CARTESIAN_POINT('',(66.9999580189804,28.6945787997097,0.));
#13736=CARTESIAN_POINT('',(66.9999585150943,28.6942822410624,0.));
#13737=CARTESIAN_POINT('',(66.9999589690301,28.6940084560246,0.));
#13738=CARTESIAN_POINT('',(66.9999592017106,28.6938673766022,0.));
#13739=CARTESIAN_POINT('',(66.9999596461356,28.6935963743289,0.));
#13740=CARTESIAN_POINT('',(66.999960501529,28.6930673339953,0.));
#13741=CARTESIAN_POINT('',(66.9999617208591,28.692292854267,0.));
#13742=CARTESIAN_POINT('',(66.9999631506341,28.6913510417527,0.));
#13743=CARTESIAN_POINT('',(66.9999645547989,28.690392106576,0.));
#13744=CARTESIAN_POINT('',(66.9999663900988,28.6890923596064,0.));
#13745=CARTESIAN_POINT('',(66.9999695067364,28.6867611735447,0.));
#13746=CARTESIAN_POINT('',(66.9999736863497,28.6832696542117,0.));
#13747=CARTESIAN_POINT('',(66.9999782658081,28.6788216548803,0.));
#13748=CARTESIAN_POINT('',(66.9999824091127,28.6741155250784,0.));
#13749=CARTESIAN_POINT('',(66.9999873520076,28.6674964951659,0.));
#13750=CARTESIAN_POINT('',(66.99999244028,28.6585773586612,0.));
#13751=CARTESIAN_POINT('',(66.999996801657,28.6468418339294,0.));
#13752=CARTESIAN_POINT('',(66.9999994184831,28.6340737489001,0.));
#13753=CARTESIAN_POINT('',(67.,28.624873318568,0.));
#13754=CARTESIAN_POINT('',(67.,28.62010101,0.));
#13755=CARTESIAN_POINT('',(67.,-48.62010101,0.));
#13756=CARTESIAN_POINT('',(67.,-48.6248638479528,0.));
#13757=CARTESIAN_POINT('',(66.9999996133419,-48.6338722756404,0.));
#13758=CARTESIAN_POINT('',(66.999998163374,-48.6438396895478,0.));
#13759=CARTESIAN_POINT('',(66.9999964234124,-48.6510377485345,0.));
#13760=CARTESIAN_POINT('',(66.9999950942754,-48.6552132547555,0.));
#13761=CARTESIAN_POINT('',(66.9999938859683,-48.6583596927789,0.));
#13762=CARTESIAN_POINT('',(66.9999929072418,-48.6606225341408,0.));
#13763=CARTESIAN_POINT('',(66.9999918560081,-48.6627884033328,0.));
#13764=CARTESIAN_POINT('',(66.9999909195921,-48.6645124372983,0.));
#13765=CARTESIAN_POINT('',(66.9999901341489,-48.6658432552879,0.));
#13766=CARTESIAN_POINT('',(66.9999895271089,-48.6668168964445,0.));
#13767=CARTESIAN_POINT('',(66.9999890056073,-48.6676087789636,0.));
#13768=CARTESIAN_POINT('',(66.9999885805348,-48.6682285473804,0.));
#13769=CARTESIAN_POINT('',(66.9999883083762,-48.6686145279219,0.));
#13770=CARTESIAN_POINT('',(66.9999880945958,-48.6689118615719,0.));
#13771=CARTESIAN_POINT('',(66.999987960738,-48.6690952658498,0.));
#13772=CARTESIAN_POINT('',(66.9999878914361,-48.6691895597242,0.));
#13773=CARTESIAN_POINT('',(66.9999877967015,-48.6693179502055,0.));
#13774=CARTESIAN_POINT('',(66.9999876381109,-48.6695314854859,0.));
#13775=CARTESIAN_POINT('',(66.9999873116417,-48.6699659681182,0.));
#13776=CARTESIAN_POINT('',(66.9999868381074,-48.6705813506986,0.));
#13777=CARTESIAN_POINT('',(66.99998605714,-48.6715656512487,0.));
#13778=CARTESIAN_POINT('',(66.9999850409296,-48.6727903750211,0.));
#13779=CARTESIAN_POINT('',(66.999983328115,-48.6747399823409,0.));
#13780=CARTESIAN_POINT('',(66.9999810249105,-48.6771573641955,0.));
#13781=CARTESIAN_POINT('',(66.9999769934905,-48.6809837067614,0.));
#13782=CARTESIAN_POINT('',(66.9999713050534,-48.6856886958537,0.));
#13783=CARTESIAN_POINT('',(66.9999634402236,-48.6912100395518,0.));
#13784=CARTESIAN_POINT('',(66.9999545367109,-48.6966067205948,0.));
#13785=CARTESIAN_POINT('',(66.9999445944711,-48.7018787573811,0.));
#13786=CARTESIAN_POINT('',(66.9999354437941,-48.70616820603,0.));
#13787=CARTESIAN_POINT('',(66.9999276036796,-48.7095375148477,0.));
#13788=CARTESIAN_POINT('',(66.9999214645373,-48.7120331191851,0.));
#13789=CARTESIAN_POINT('',(66.9999161302279,-48.7140874974929,0.));
#13790=CARTESIAN_POINT('',(66.9999117373462,-48.715713897252,0.));
#13791=CARTESIAN_POINT('',(66.9999089276713,-48.7167273676427,0.));
#13792=CARTESIAN_POINT('',(66.9999066704321,-48.7175263173128,0.));
#13793=CARTESIAN_POINT('',(66.9999053414144,-48.7179905523548,0.));
#13794=CARTESIAN_POINT('',(66.9999045253242,-48.7182735285,0.));
#13795=CARTESIAN_POINT('',(66.9999038008841,-48.7185238589889,0.));
#13796=CARTESIAN_POINT('',(66.999902556063,-48.7189513383064,0.));
#13797=CARTESIAN_POINT('',(66.9999000180849,-48.7198128768326,0.));
#13798=CARTESIAN_POINT('',(66.9998963256646,-48.7210375038126,0.));
#13799=CARTESIAN_POINT('',(66.9998902457518,-48.7229941719982,0.));
#13800=CARTESIAN_POINT('',(66.9998823369407,-48.7254301065311,0.));
#13801=CARTESIAN_POINT('',(66.999869018137,-48.7293084643186,0.));
#13802=CARTESIAN_POINT('',(66.9998511259214,-48.7341196155776,0.));
#13803=CARTESIAN_POINT('',(66.9998198440402,-48.7417393391474,0.));
#13804=CARTESIAN_POINT('',(66.9997757653077,-48.7511173468027,0.));
#13805=CARTESIAN_POINT('',(66.9997149084672,-48.7621363754779,0.));
#13806=CARTESIAN_POINT('',(66.9996460892887,-48.7729208106206,0.));
#13807=CARTESIAN_POINT('',(66.9995693078301,-48.7834706499362,0.));
#13808=CARTESIAN_POINT('',(66.9994986878355,-48.7920667046765,0.));
#13809=CARTESIAN_POINT('',(66.9994382110529,-48.7988262184027,0.));
#13810=CARTESIAN_POINT('',(66.9993908618466,-48.8038372992835,0.));
#13811=CARTESIAN_POINT('',(66.9993497486519,-48.8079640292436,0.));
#13812=CARTESIAN_POINT('',(66.9993158554113,-48.8112367564673,0.));
#13813=CARTESIAN_POINT('',(66.9992942742661,-48.8132684733498,0.));
#13814=CARTESIAN_POINT('',(66.9992789160083,-48.8146873051503,0.));
#13815=CARTESIAN_POINT('',(66.9992701304381,-48.8154914699091,0.));
#13816=CARTESIAN_POINT('',(66.9992644896129,-48.8160044931385,0.));
#13817=CARTESIAN_POINT('',(66.9992602456251,-48.8163888030552,0.));
#13818=CARTESIAN_POINT('',(66.9992549535144,-48.8168664623131,0.));
#13819=CARTESIAN_POINT('',(66.9992458278063,-48.8176856590599,0.));
#13820=CARTESIAN_POINT('',(66.9992272765744,-48.8193338745547,0.));
#13821=CARTESIAN_POINT('',(66.9992003468806,-48.8216774955235,0.));
#13822=CARTESIAN_POINT('',(66.9991561682368,-48.825420108338,0.));
#13823=CARTESIAN_POINT('',(66.9990989810825,-48.8300774411871,0.));
#13824=CARTESIAN_POINT('',(66.999003258,-48.8374876209918,0.));
#13825=CARTESIAN_POINT('',(66.9988757004603,-48.8466710078112,0.));
#13826=CARTESIAN_POINT('',(66.9986547410997,-48.8611957489981,0.));
#13827=CARTESIAN_POINT('',(66.9984084809936,-48.8754673458745,0.));
#13828=CARTESIAN_POINT('',(66.9981369263531,-48.8894855649363,0.));
#13829=CARTESIAN_POINT('',(66.9979566522902,-48.8981419174459,0.));
#13830=CARTESIAN_POINT('',(66.9978061333826,-48.9050026534638,0.));
#13831=CARTESIAN_POINT('',(66.9977093662389,-48.9092666375184,0.));
#13832=CARTESIAN_POINT('',(66.9976403608625,-48.9122327762042,0.));
#13833=CARTESIAN_POINT('',(66.9976053545944,-48.9137189612093,0.));
#13834=CARTESIAN_POINT('',(66.9975855060573,-48.914556632026,0.));
#13835=CARTESIAN_POINT('',(66.9975630639455,-48.9154997063936,0.));
#13836=CARTESIAN_POINT('',(66.9975357074292,-48.9166415411819,0.));
#13837=CARTESIAN_POINT('',(66.9974911119931,-48.9184870306321,0.));
#13838=CARTESIAN_POINT('',(66.9974123849016,-48.9217028482281,0.));
#13839=CARTESIAN_POINT('',(66.9972972062491,-48.9262893020527,0.));
#13840=CARTESIAN_POINT('',(66.9971074495836,-48.933598245539,0.));
#13841=CARTESIAN_POINT('',(66.9968598516689,-48.9426854237081,0.));
#13842=CARTESIAN_POINT('',(66.9965461358896,-48.9535097297417,0.));
#13843=CARTESIAN_POINT('',(66.9962158105534,-48.9642542188549,0.));
#13844=CARTESIAN_POINT('',(66.995868875711,-48.9749188335198,0.));
#13845=CARTESIAN_POINT('',(66.9955053424348,-48.9855033129986,0.));
#13846=CARTESIAN_POINT('',(66.9951885290589,-48.9942578503083,0.));
#13847=CARTESIAN_POINT('',(66.9949268401172,-49.0012198922137,0.));
#13848=CARTESIAN_POINT('',(66.9947596752407,-49.0055582412949,0.));
#13849=CARTESIAN_POINT('',(66.9946242094388,-49.0090104113711,0.));
#13850=CARTESIAN_POINT('',(66.994546529021,-49.010966008592,0.));
#13851=CARTESIAN_POINT('',(66.9944955349602,-49.0122403486225,0.));
#13852=CARTESIAN_POINT('',(66.9944587852666,-49.0131559312046,0.));
#13853=CARTESIAN_POINT('',(66.9943946449275,-49.0147463012048,0.));
#13854=CARTESIAN_POINT('',(66.9942649608815,-49.0179319913868,0.));
#13855=CARTESIAN_POINT('',(66.9940767526945,-49.0224703586347,0.));
#13856=CARTESIAN_POINT('',(66.99376889359,-49.0297159566725,0.));
#13857=CARTESIAN_POINT('',(66.9933716642383,-49.0387381929688,0.));
#13858=CARTESIAN_POINT('',(66.9927095337945,-49.0531019696087,0.));
#13859=CARTESIAN_POINT('',(66.991832192466,-49.0709196147751,0.));
#13860=CARTESIAN_POINT('',(66.9908882423176,-49.0885606828734,0.));
#13861=CARTESIAN_POINT('',(66.9901931621405,-49.1008059533526,0.));
#13862=CARTESIAN_POINT('',(66.9898362163321,-49.106916315116,0.));
#13863=CARTESIAN_POINT('',(66.9896308840732,-49.1103826757554,0.));
#13864=CARTESIAN_POINT('',(66.9894128352522,-49.1140287704395,0.));
#13865=CARTESIAN_POINT('',(66.9891404516989,-49.1185176933754,0.));
#13866=CARTESIAN_POINT('',(66.9886950304936,-49.1257220777455,0.));
#13867=CARTESIAN_POINT('',(66.9881248384521,-49.1346913450375,0.));
#13868=CARTESIAN_POINT('',(66.9874176993988,-49.1454209027357,0.));
#13869=CARTESIAN_POINT('',(66.9864448206625,-49.1596735044647,0.));
#13870=CARTESIAN_POINT('',(66.9854266805875,-49.1738494841429,0.));
#13871=CARTESIAN_POINT('',(66.9843634156248,-49.1879469868504,0.));
#13872=CARTESIAN_POINT('',(66.9836798809387,-49.1967275955742,0.));
#13873=CARTESIAN_POINT('',(66.983191831875,-49.2028532513905,0.));
#13874=CARTESIAN_POINT('',(66.9829449054292,-49.2059170848154,0.));
#13875=CARTESIAN_POINT('',(66.9828037899856,-49.2076582011662,0.));
#13876=CARTESIAN_POINT('',(66.9826553236433,-49.2094829209831,0.));
#13877=CARTESIAN_POINT('',(66.9824710729037,-49.21173402566,0.));
#13878=CARTESIAN_POINT('',(66.9821728326344,-49.2153497517683,0.));
#13879=CARTESIAN_POINT('',(66.9816459102381,-49.2216642287596,0.));
#13880=CARTESIAN_POINT('',(66.9808768225875,-49.2306729456134,0.));
#13881=CARTESIAN_POINT('',(66.9796122730282,-49.2450508492663,0.));
#13882=CARTESIAN_POINT('',(66.9779674263221,-49.262960490092,0.));
#13883=CARTESIAN_POINT('',(66.9758910769366,-49.2843501638013,0.));
#13884=CARTESIAN_POINT('',(66.973712164316,-49.3056383256806,0.));
#13885=CARTESIAN_POINT('',(66.9714306857746,-49.3268249552202,0.));
#13886=CARTESIAN_POINT('',(66.9690466819521,-49.3479097510074,0.));
#13887=CARTESIAN_POINT('',(66.9669744411384,-49.3653965745039,0.));
#13888=CARTESIAN_POINT('',(66.9652656053363,-49.3793334278897,0.));
#13889=CARTESIAN_POINT('',(66.9641756787565,-49.3880269336948,0.));
#13890=CARTESIAN_POINT('',(66.9632921493439,-49.3949595714708,0.));
#13891=CARTESIAN_POINT('',(66.9627878273241,-49.3988738643685,0.));
#13892=CARTESIAN_POINT('',(66.9624536325702,-49.4014504791514,0.));
#13893=CARTESIAN_POINT('',(66.9622206979665,-49.403241530355,0.));
#13894=CARTESIAN_POINT('',(66.961813103275,-49.4063625433331,0.));
#13895=CARTESIAN_POINT('',(66.9609905479543,-49.4126096219795,0.));
#13896=CARTESIAN_POINT('',(66.9597982580657,-49.4215187347497,0.));
#13897=CARTESIAN_POINT('',(66.9578522825486,-49.4357530678766,0.));
#13898=CARTESIAN_POINT('',(66.9553487198888,-49.4535022939455,0.));
#13899=CARTESIAN_POINT('',(66.9511910008456,-49.4818104703361,0.));
#13900=CARTESIAN_POINT('',(66.9457092683429,-49.5170230968202,0.));
#13901=CARTESIAN_POINT('',(66.9398467964607,-49.55201258571,0.));
#13902=CARTESIAN_POINT('',(66.9355454590679,-49.5763759110016,0.));
#13903=CARTESIAN_POINT('',(66.9333425069361,-49.588540602032,0.));
#13904=CARTESIAN_POINT('',(66.9320733531507,-49.5954624162,0.));
#13905=CARTESIAN_POINT('',(66.9307559715122,-49.602587386368,0.));
#13906=CARTESIAN_POINT('',(66.9291033931833,-49.6114130876125,0.));
#13907=CARTESIAN_POINT('',(66.9264116248433,-49.6255542789146,0.));
#13908=CARTESIAN_POINT('',(66.9229737748505,-49.6431800639014,0.));
#13909=CARTESIAN_POINT('',(66.918726248553,-49.66427760559,0.));
#13910=CARTESIAN_POINT('',(66.9129018946415,-49.692326540554,0.));
#13911=CARTESIAN_POINT('',(66.9068352910921,-49.7202578632875,0.));
#13912=CARTESIAN_POINT('',(66.9005268940883,-49.7480695107681,0.));
#13913=CARTESIAN_POINT('',(66.8964827697079,-49.7654045284263,0.));
#13914=CARTESIAN_POINT('',(66.8935999579859,-49.777508908865,0.));
#13915=CARTESIAN_POINT('',(66.8921439102104,-49.7835603678271,0.));
#13916=CARTESIAN_POINT('',(66.8913103610959,-49.7870072352582,0.));
#13917=CARTESIAN_POINT('',(66.890451686252,-49.7905459027332,0.));
#13918=CARTESIAN_POINT('',(66.8893811582697,-49.7949348750695,0.));
#13919=CARTESIAN_POINT('',(66.8876535733361,-49.8019697303635,0.));
#13920=CARTESIAN_POINT('',(66.8846049023472,-49.8142585488209,0.));
#13921=CARTESIAN_POINT('',(66.8801703356225,-49.8317786011737,0.));
#13922=CARTESIAN_POINT('',(66.8729085427274,-49.8597237772641,0.));
#13923=CARTESIAN_POINT('',(66.8635183591697,-49.8944959771344,0.));
#13924=CARTESIAN_POINT('',(66.8537091747615,-49.9290612044233,0.));
#13925=CARTESIAN_POINT('',(66.8466264923766,-49.9531361134154,0.));
#13926=CARTESIAN_POINT('',(66.8425120020137,-49.966876489788,0.));
#13927=CARTESIAN_POINT('',(66.8394078190145,-49.9771235123174,0.));
#13928=CARTESIAN_POINT('',(66.8362226307386,-49.9875166622726,0.));
#13929=CARTESIAN_POINT('',(66.8319515487464,-50.0012920690946,0.));
#13930=CARTESIAN_POINT('',(66.8243599921826,-50.0253609493666,0.));
#13931=CARTESIAN_POINT('',(66.8132074825613,-50.0595459594833,0.));
#13932=CARTESIAN_POINT('',(66.8016381228254,-50.0934886002909,0.));
#13933=CARTESIAN_POINT('',(66.7921332318492,-50.1204946236872,0.));
#13934=CARTESIAN_POINT('',(66.7860897414428,-50.1373091340652,0.));
#13935=CARTESIAN_POINT('',(66.7811903937969,-50.1507297100579,0.));
#13936=CARTESIAN_POINT('',(66.7781074399499,-50.1590883624439,0.));
#13937=CARTESIAN_POINT('',(66.7756137968095,-50.1657975744904,0.));
#13938=CARTESIAN_POINT('',(66.7730902604461,-50.1725523920633,0.));
#13939=CARTESIAN_POINT('',(66.7686564821718,-50.1843293563814,0.));
#13940=CARTESIAN_POINT('',(66.7622412540971,-50.2011113278423,0.));
#13941=CARTESIAN_POINT('',(66.751816416353,-50.2278376850015,0.));
#13942=CARTESIAN_POINT('',(66.7411461694034,-50.2543895175053,0.));
#13943=CARTESIAN_POINT('',(66.7302312982061,-50.2807646091951,0.));
#13944=CARTESIAN_POINT('',(66.7219232202745,-50.300456762396,0.));
#13945=CARTESIAN_POINT('',(66.7148963825012,-50.316796688033,0.));
#13946=CARTESIAN_POINT('',(66.7092170605145,-50.3298170586444,0.));
#13947=CARTESIAN_POINT('',(66.7056344154241,-50.3379534175655,0.));
#13948=CARTESIAN_POINT('',(66.702770360324,-50.3444125322948,0.));
#13949=CARTESIAN_POINT('',(66.699832749207,-50.3510064754349,0.));
#13950=CARTESIAN_POINT('',(66.6946766751651,-50.362497825316,0.));
#13951=CARTESIAN_POINT('',(66.6842512341716,-50.3854072635594,0.));
#13952=CARTESIAN_POINT('',(66.6690606659116,-50.4178651487148,0.));
#13953=CARTESIAN_POINT('',(66.6534671084703,-50.4499788952393,0.));
#13954=CARTESIAN_POINT('',(66.6407514136894,-50.475461156636,0.));
#13955=CARTESIAN_POINT('',(66.6327041662588,-50.4912998691637,0.));
#13956=CARTESIAN_POINT('',(66.6262050102423,-50.5039208612831,0.));
#13957=CARTESIAN_POINT('',(66.6221205132952,-50.5117823741079,0.));
#13958=CARTESIAN_POINT('',(66.6192430277781,-50.5172838501258,0.));
#13959=CARTESIAN_POINT('',(66.6176030603423,-50.5204089361628,0.));
#13960=CARTESIAN_POINT('',(66.6159302497983,-50.5235895431678,0.));
#13961=CARTESIAN_POINT('',(66.6138120850222,-50.5276032629966,0.));
#13962=CARTESIAN_POINT('',(66.6104255773121,-50.5339913285676,0.));
#13963=CARTESIAN_POINT('',(66.60616939691,-50.5419657475906,0.));
#13964=CARTESIAN_POINT('',(66.5993219170383,-50.5546800894559,0.));
#13965=CARTESIAN_POINT('',(66.5906867538262,-50.5704992735812,0.));
#13966=CARTESIAN_POINT('',(66.5802049322282,-50.5893611236725,0.));
#13967=CARTESIAN_POINT('',(66.5696030259694,-50.6081026715216,0.));
#13968=CARTESIAN_POINT('',(66.5588811950662,-50.6267236243899,0.));
#13969=CARTESIAN_POINT('',(66.5480392583707,-50.6452242846148,0.));
#13970=CARTESIAN_POINT('',(66.5389046934436,-50.6605404937568,0.));
#13971=CARTESIAN_POINT('',(66.5315362323165,-50.6727345384967,0.));
#13972=CARTESIAN_POINT('',(66.5269078105938,-50.6803276971217,0.));
#13973=CARTESIAN_POINT('',(66.523185809827,-50.6863940692239,0.));
#13974=CARTESIAN_POINT('',(66.5208630432479,-50.690163516044,0.));
#13975=CARTESIAN_POINT('',(66.5189787879393,-50.6932114050219,0.));
#13976=CARTESIAN_POINT('',(66.5170543786796,-50.6963173406675,0.));
#13977=CARTESIAN_POINT('',(66.5136975643098,-50.7017170287743,0.));
#13978=CARTESIAN_POINT('',(66.5088740323751,-50.7094246500462,0.));
#13979=CARTESIAN_POINT('',(66.5011210929616,-50.7217037623906,0.));
#13980=CARTESIAN_POINT('',(66.4913524278614,-50.7369714402477,0.));
#13981=CARTESIAN_POINT('',(66.4755619063762,-50.7612189274272,0.));
#13982=CARTESIAN_POINT('',(66.4555207095574,-50.7911923140285,0.));
#13983=CARTESIAN_POINT('',(66.4350745760107,-50.820718783756,0.));
#13984=CARTESIAN_POINT('',(66.4205522243672,-50.8411492564873,0.));
#13985=CARTESIAN_POINT('',(66.4132352228915,-50.8513094818338,0.));
#13986=CARTESIAN_POINT('',(66.4090434432535,-50.8570923772713,0.));
#13987=CARTESIAN_POINT('',(66.4026704224811,-50.8658461420507,0.));
#13988=CARTESIAN_POINT('',(66.3930832581856,-50.8788710502742,0.));
#13989=CARTESIAN_POINT('',(66.3758554201143,-50.9018711387018,0.));
#13990=CARTESIAN_POINT('',(66.3540236387689,-50.9302636669539,0.));
#13991=CARTESIAN_POINT('',(66.3273378623399,-50.9637804880486,0.));
#13992=CARTESIAN_POINT('',(66.3046887713761,-50.9912535872333,0.));
#13993=CARTESIAN_POINT('',(66.2863401524694,-51.0129383346527,0.));
#13994=CARTESIAN_POINT('',(66.2676999725783,-51.0345867130511,0.));
#13995=CARTESIAN_POINT('',(66.2441248970456,-51.0612571440046,0.));
#13996=CARTESIAN_POINT('',(66.2153111066647,-51.0927372570509,0.));
#13997=CARTESIAN_POINT('',(66.1859914437495,-51.1236708411694,0.));
#13998=CARTESIAN_POINT('',(66.1462409029391,-51.1641720296189,0.));
#13999=CARTESIAN_POINT('',(66.1053671835956,-51.2036913929933,0.));
#14000=CARTESIAN_POINT('',(66.0634095564178,-51.2421869128908,0.));
#14001=CARTESIAN_POINT('',(66.0367416708365,-51.2658150731817,0.));
#14002=CARTESIAN_POINT('',(66.0151087758419,-51.2844855230718,0.));
#14003=CARTESIAN_POINT('',(65.9933896737251,-51.3029057836883,0.));
#14004=CARTESIAN_POINT('',(65.9658777316136,-51.3256376083725,0.));
#14005=CARTESIAN_POINT('',(65.9379044871749,-51.3479577253865,0.));
#14006=CARTESIAN_POINT('',(65.9152455569674,-51.3655700408867,0.));
#14007=CARTESIAN_POINT('',(65.898110710817,-51.3786576284054,0.));
#14008=CARTESIAN_POINT('',(65.8837181768588,-51.3894599069934,0.));
#14009=CARTESIAN_POINT('',(65.8721273851848,-51.3980455914961,0.));
#14010=CARTESIAN_POINT('',(65.8648696256861,-51.4033748440597,0.));
#14011=CARTESIAN_POINT('',(65.8590101750115,-51.407648933967,0.));
#14012=CARTESIAN_POINT('',(65.8532696389129,-51.4118180453127,0.));
#14013=CARTESIAN_POINT('',(65.8431724487511,-51.4191041364003,0.));
#14014=CARTESIAN_POINT('',(65.8228790804824,-51.4335588804382,0.));
#14015=CARTESIAN_POINT('',(65.7935517149539,-51.4539127298202,0.));
#14016=CARTESIAN_POINT('',(65.7578368820808,-51.4778516192143,0.));
#14017=CARTESIAN_POINT('',(65.7215955270314,-51.501308113744,0.));
#14018=CARTESIAN_POINT('',(65.6909565984264,-51.5204524750759,0.));
#14019=CARTESIAN_POINT('',(65.6661827140737,-51.5355263983096,0.));
#14020=CARTESIAN_POINT('',(65.6505893390296,-51.5448470704272,0.));
#14021=CARTESIAN_POINT('',(65.6380494176608,-51.552242950066,0.));
#14022=CARTESIAN_POINT('',(65.6286103238209,-51.5577604109417,0.));
#14023=CARTESIAN_POINT('',(65.6207211887717,-51.5623307648383,0.));
#14024=CARTESIAN_POINT('',(65.615176278541,-51.5655214520086,0.));
#14025=CARTESIAN_POINT('',(65.6120163693993,-51.5673336684911,0.));
#14026=CARTESIAN_POINT('',(65.6096085604281,-51.5687113929036,0.));
#14027=CARTESIAN_POINT('',(65.6073356362882,-51.5700090632384,0.));
#14028=CARTESIAN_POINT('',(65.6042551591714,-51.5717640439131,0.));
#14029=CARTESIAN_POINT('',(65.5988805664739,-51.5748159600235,0.));
#14030=CARTESIAN_POINT('',(65.5911739561915,-51.5791636357602,0.));
#14031=CARTESIAN_POINT('',(65.5819037663491,-51.5843478499285,0.));
#14032=CARTESIAN_POINT('',(65.5695054787252,-51.5912209231655,0.));
#14033=CARTESIAN_POINT('',(65.5539401491262,-51.5997365409628,0.));
#14034=CARTESIAN_POINT('',(65.5288901030795,-51.6132008933638,0.));
#14035=CARTESIAN_POINT('',(65.4973053256292,-51.6297297676466,0.));
#14036=CARTESIAN_POINT('',(65.4589683378062,-51.6490818106174,0.));
#14037=CARTESIAN_POINT('',(65.4201943368123,-51.667952013374,0.));
#14038=CARTESIAN_POINT('',(65.3875241051819,-51.6832731791602,0.));
#14039=CARTESIAN_POINT('',(65.3644556777563,-51.6937907447354,0.));
#14040=CARTESIAN_POINT('',(65.3528856938439,-51.6989915307292,0.));
#14041=CARTESIAN_POINT('',(65.3462415495018,-51.7019567463427,0.));
#14042=CARTESIAN_POINT('',(65.3397782102439,-51.7048277250365,0.));
#14043=CARTESIAN_POINT('',(65.3316213353644,-51.7084257830663,0.));
#14044=CARTESIAN_POINT('',(65.31857780985,-51.7141252533981,0.));
#14045=CARTESIAN_POINT('',(65.3022076472291,-51.7211775352447,0.));
#14046=CARTESIAN_POINT('',(65.2824832660261,-51.7295138128168,0.));
#14047=CARTESIAN_POINT('',(65.2560682918611,-51.7404642018792,0.));
#14048=CARTESIAN_POINT('',(65.2228365264655,-51.7538416524198,0.));
#14049=CARTESIAN_POINT('',(65.18261632729,-51.7693982822197,0.));
#14050=CARTESIAN_POINT('',(65.148814484509,-51.7819484973996,0.));
#14051=CARTESIAN_POINT('',(65.1216024693242,-51.7917403320166,0.));
#14052=CARTESIAN_POINT('',(65.1045228137798,-51.7977571213882,0.));
#14053=CARTESIAN_POINT('',(65.0908184737052,-51.802507785671,0.));
#14054=CARTESIAN_POINT('',(65.0822306224029,-51.8054527293722,0.));
#14055=CARTESIAN_POINT('',(65.0762194647411,-51.8074973427897,0.));
#14056=CARTESIAN_POINT('',(65.0727666916437,-51.8086669366537,0.));
#14057=CARTESIAN_POINT('',(65.0693690680498,-51.8098147058152,0.));
#14058=CARTESIAN_POINT('',(65.0651617148256,-51.8112302901417,0.));
#14059=CARTESIAN_POINT('',(65.0584008695028,-51.8134927906272,0.));
#14060=CARTESIAN_POINT('',(65.0499476331986,-51.8162986902397,0.));
#14061=CARTESIAN_POINT('',(65.0363960439116,-51.8207480564214,0.));
#14062=CARTESIAN_POINT('',(65.0194170566733,-51.8262312460223,0.));
#14063=CARTESIAN_POINT('',(64.9989759279291,-51.832686505038,0.));
#14064=CARTESIAN_POINT('',(64.9716337456919,-51.8411270494307,0.));
#14065=CARTESIAN_POINT('',(64.9372917444422,-51.8513657740348,0.));
#14066=CARTESIAN_POINT('',(64.8958186158631,-51.8631530720241,0.));
#14067=CARTESIAN_POINT('',(64.8610388463355,-51.8725598208335,0.));
#14068=CARTESIAN_POINT('',(64.8365778427032,-51.8789262124749,0.));
#14069=CARTESIAN_POINT('',(64.8225676368257,-51.8825016694305,0.));
#14070=CARTESIAN_POINT('',(64.8120425733011,-51.8851523035898,0.));
#14071=CARTESIAN_POINT('',(64.803261153639,-51.8873344040194,0.));
#14072=CARTESIAN_POINT('',(64.7962207419607,-51.8890661967113,0.));
#14073=CARTESIAN_POINT('',(64.7918331533249,-51.8901381705717,0.));
#14074=CARTESIAN_POINT('',(64.7882841814503,-51.8910007747913,0.));
#14075=CARTESIAN_POINT('',(64.7848683633469,-51.8918281971889,0.));
#14076=CARTESIAN_POINT('',(64.7788639878524,-51.8932754117604,0.));
#14077=CARTESIAN_POINT('',(64.7668587061769,-51.8961397863794,0.));
#14078=CARTESIAN_POINT('',(64.7496620461759,-51.9001596142253,0.));
#14079=CARTESIAN_POINT('',(64.7289696700938,-51.9048636799517,0.));
#14080=CARTESIAN_POINT('',(64.7082161881909,-51.9094491724768,0.));
#14081=CARTESIAN_POINT('',(64.6804650830507,-51.9154046546504,0.));
#14082=CARTESIAN_POINT('',(64.6456257999085,-51.9225519958468,0.));
#14083=CARTESIAN_POINT('',(64.6105862327645,-51.9293032644781,0.));
#14084=CARTESIAN_POINT('',(64.5824342733949,-51.9344666599783,0.));
#14085=CARTESIAN_POINT('',(64.5612604097574,-51.9382203562736,0.));
#14086=CARTESIAN_POINT('',(64.5400256210719,-51.941855362202,0.));
#14087=CARTESIAN_POINT('',(64.5222824138224,-51.9447851258161,0.));
#14088=CARTESIAN_POINT('',(64.5098308922174,-51.9467847498088,0.));
#14089=CARTESIAN_POINT('',(64.5036053582396,-51.947770511825,0.));
#14090=CARTESIAN_POINT('',(64.5000350838146,-51.9483317886244,0.));
#14091=CARTESIAN_POINT('',(64.4965738308391,-51.9488733695364,0.));
#14092=CARTESIAN_POINT('',(64.4922063998702,-51.9495519878511,0.));
#14093=CARTESIAN_POINT('',(64.4852332585974,-51.9506252518377,0.));
#14094=CARTESIAN_POINT('',(64.4730036457836,-51.9524808583568,0.));
#14095=CARTESIAN_POINT('',(64.4554900237407,-51.9550619020148,0.));
#14096=CARTESIAN_POINT('',(64.4343947779266,-51.9580490873698,0.));
#14097=CARTESIAN_POINT('',(64.4132236325906,-51.9609257425646,0.));
#14098=CARTESIAN_POINT('',(64.391975093181,-51.9636920706601,0.));
#14099=CARTESIAN_POINT('',(64.3759828768431,-51.9656838095684,0.));
#14100=CARTESIAN_POINT('',(64.3652948884659,-51.9669774221309,0.));
#14101=CARTESIAN_POINT('',(64.3599506617907,-51.9676168062857,0.));
#14102=CARTESIAN_POINT('',(64.3545839240053,-51.9682513144483,0.));
#14103=CARTESIAN_POINT('',(64.3476568182928,-51.9690607959801,0.));
#14104=CARTESIAN_POINT('',(64.3388997931476,-51.9700664374124,0.));
#14105=CARTESIAN_POINT('',(64.3248981269898,-51.9716363226279,0.));
#14106=CARTESIAN_POINT('',(64.3073131812041,-51.9735372119806,0.));
#14107=CARTESIAN_POINT('',(64.2861102725157,-51.9757161926154,0.));
#14108=CARTESIAN_POINT('',(64.2647980324742,-51.9777940796008,0.));
#14109=CARTESIAN_POINT('',(64.24694824234,-51.9794412135184,0.));
#14110=CARTESIAN_POINT('',(64.2326151885095,-51.9807082263107,0.));
#14111=CARTESIAN_POINT('',(64.223633064449,-51.9814791308611,0.));
#14112=CARTESIAN_POINT('',(64.2173369120622,-51.9820074314132,0.));
#14113=CARTESIAN_POINT('',(64.2137308833262,-51.9823065483099,0.));
#14114=CARTESIAN_POINT('',(64.211487133598,-51.9824912466,0.));
#14115=CARTESIAN_POINT('',(64.2096651015327,-51.9826403486245,0.));
#14116=CARTESIAN_POINT('',(64.2079381386436,-51.982781128556,0.));
#14117=CARTESIAN_POINT('',(64.2048968725749,-51.9830276685899,0.));
#14118=CARTESIAN_POINT('',(64.1988170480928,-51.9835149378463,0.));
#14119=CARTESIAN_POINT('',(64.1900990722517,-51.9841977505423,0.));
#14120=CARTESIAN_POINT('',(64.1760976829116,-51.9852605283334,0.));
#14121=CARTESIAN_POINT('',(64.1584895684198,-51.9865339054354,0.));
#14122=CARTESIAN_POINT('',(64.1371920221934,-51.9879736075711,0.));
#14123=CARTESIAN_POINT('',(64.1193037509399,-51.9890997754589,0.));
#14124=CARTESIAN_POINT('',(64.1049088873461,-51.9899565590851,0.));
#14125=CARTESIAN_POINT('',(64.0940709868891,-51.9905770537784,0.));
#14126=CARTESIAN_POINT('',(64.0831897659918,-51.9911755323099,0.));
#14127=CARTESIAN_POINT('',(64.0740908983611,-51.99165567614,0.));
#14128=CARTESIAN_POINT('',(64.0676956801992,-51.9919824914499,0.));
#14129=CARTESIAN_POINT('',(64.0645038546679,-51.992142974274,0.));
#14130=CARTESIAN_POINT('',(64.0626619217212,-51.9922348099906,0.));
#14131=CARTESIAN_POINT('',(64.0609876110979,-51.992317844863,0.));
#14132=CARTESIAN_POINT('',(64.0588339779574,-51.9924238398888,0.));
#14133=CARTESIAN_POINT('',(64.0554144872241,-51.9925903530535,0.));
#14134=CARTESIAN_POINT('',(64.0511176856285,-51.9927963018948,0.));
#14135=CARTESIAN_POINT('',(64.0459481430102,-51.9930388092332,0.));
#14136=CARTESIAN_POINT('',(64.0390295837867,-51.9933563760221,0.));
#14137=CARTESIAN_POINT('',(64.0268594103466,-51.993896699502,0.));
#14138=CARTESIAN_POINT('',(64.0092917110245,-51.9946246677793,0.));
#14139=CARTESIAN_POINT('',(63.9879205047035,-51.9954279131503,0.));
#14140=CARTESIAN_POINT('',(63.9698693635669,-51.9960386958427,0.));
#14141=CARTESIAN_POINT('',(63.9552833547082,-51.9964921684374,0.));
#14142=CARTESIAN_POINT('',(63.9442714132321,-51.9968146935412,0.));
#14143=CARTESIAN_POINT('',(63.93503403242,-51.9970688245346,0.));
#14144=CARTESIAN_POINT('',(63.9276085747827,-51.9972633237939,0.));
#14145=CARTESIAN_POINT('',(63.9229509268106,-51.9973812627389,0.));
#14146=CARTESIAN_POINT('',(63.9196858977323,-51.9974618197919,0.));
#14147=CARTESIAN_POINT('',(63.9178128029229,-51.997507424716,0.));
#14148=CARTESIAN_POINT('',(63.9166531415948,-51.9975354134216,0.));
#14149=CARTESIAN_POINT('',(63.9156973984608,-51.9975583218761,0.));
#14150=CARTESIAN_POINT('',(63.9148414932482,-51.9975787479454,0.));
#14151=CARTESIAN_POINT('',(63.9133244762926,-51.9976147350505,0.));
#14152=CARTESIAN_POINT('',(63.9102963857966,-51.9976856760953,0.));
#14153=CARTESIAN_POINT('',(63.9059454196303,-51.9977850866269,0.));
#14154=CARTESIAN_POINT('',(63.8989477819783,-51.9979395947633,0.));
#14155=CARTESIAN_POINT('',(63.8901250057989,-51.9981243959511,0.));
#14156=CARTESIAN_POINT('',(63.8794190223174,-51.9983327620313,0.));
#14157=CARTESIAN_POINT('',(63.8703979712408,-51.9984952507437,0.));
#14158=CARTESIAN_POINT('',(63.8631214857044,-51.9986185509479,0.));
#14159=CARTESIAN_POINT('',(63.8576345497359,-51.9987076774442,0.));
#14160=CARTESIAN_POINT('',(63.8521169602051,-51.9987934701064,0.));
#14161=CARTESIAN_POINT('',(63.8474968213471,-51.9988621391156,0.));
#14162=CARTESIAN_POINT('',(63.8442444361183,-51.998908815907,0.));
#14163=CARTESIAN_POINT('',(63.8426221609549,-51.99893168974,0.));
#14164=CARTESIAN_POINT('',(63.8416826639975,-51.9989448147213,0.));
#14165=CARTESIAN_POINT('',(63.8408588578294,-51.998956257757,0.));
#14166=CARTESIAN_POINT('',(63.8397873985182,-51.9989710219776,0.));
#14167=CARTESIAN_POINT('',(63.8380915704782,-51.9989941251448,0.));
#14168=CARTESIAN_POINT('',(63.8351035720326,-51.9990341543263,0.));
#14169=CARTESIAN_POINT('',(63.8308120831821,-51.9990897019256,0.));
#14170=CARTESIAN_POINT('',(63.8238822225409,-51.9991752897233,0.));
#14171=CARTESIAN_POINT('',(63.8151075915244,-51.9992760149393,0.));
#14172=CARTESIAN_POINT('',(63.8043962301899,-51.999386899461,0.));
#14173=CARTESIAN_POINT('',(63.7953190865613,-51.9994709750306,0.));
#14174=CARTESIAN_POINT('',(63.7879666378442,-51.9995332400125,0.));
#14175=CARTESIAN_POINT('',(63.7824070648255,-51.9995774400751,0.));
#14176=CARTESIAN_POINT('',(63.7777359905392,-51.999612193813,0.));
#14177=CARTESIAN_POINT('',(63.7739771671225,-51.9996387432898,0.));
#14178=CARTESIAN_POINT('',(63.7716168517928,-51.9996548265675,0.));
#14179=CARTESIAN_POINT('',(63.7699628889753,-51.9996657910595,0.));
#14180=CARTESIAN_POINT('',(63.7690113176506,-51.9996720106253,0.));
#14181=CARTESIAN_POINT('',(63.7684278115766,-51.9996757897179,0.));
#14182=CARTESIAN_POINT('',(63.7679335515103,-51.9996789668893,0.));
#14183=CARTESIAN_POINT('',(63.767538006243,-51.9996814978861,0.));
#14184=CARTESIAN_POINT('',(63.7668273807302,-51.9996860181694,0.));
#14185=CARTESIAN_POINT('',(63.7654139863261,-51.9996948948137,0.));
#14186=CARTESIAN_POINT('',(63.763375772155,-51.9997073763188,0.));
#14187=CARTESIAN_POINT('',(63.7600911901177,-51.999726809509,0.));
#14188=CARTESIAN_POINT('',(63.7559335676645,-51.9997501451729,0.));
#14189=CARTESIAN_POINT('',(63.7491739660839,-51.9997854217507,0.));
#14190=CARTESIAN_POINT('',(63.7405215566893,-51.9998256639199,0.));
#14191=CARTESIAN_POINT('',(63.7315990045783,-51.9998607654244,0.));
#14192=CARTESIAN_POINT('',(63.724298807775,-51.9998857626801,0.));
#14193=CARTESIAN_POINT('',(63.7187425934691,-51.9999029685749,0.));
#14194=CARTESIAN_POINT('',(63.7131053117497,-51.9999186324387,0.));
#14195=CARTESIAN_POINT('',(63.7083400141275,-51.9999304006404,0.));
#14196=CARTESIAN_POINT('',(63.7044872546986,-51.9999390441644,0.));
#14197=CARTESIAN_POINT('',(63.7015773824151,-51.999945141358,0.));
#14198=CARTESIAN_POINT('',(63.699135712651,-51.9999499009093,0.));
#14199=CARTESIAN_POINT('',(63.697417454972,-51.9999530643019,0.));
#14200=CARTESIAN_POINT('',(63.6964334066227,-51.9999548231941,0.));
#14201=CARTESIAN_POINT('',(63.6956931273525,-51.9999561198808,0.));
#14202=CARTESIAN_POINT('',(63.6950782823425,-51.9999571752405,0.));
#14203=CARTESIAN_POINT('',(63.6945787972302,-51.9999580189967,0.));
#14204=CARTESIAN_POINT('',(63.6942822395469,-51.9999585151028,0.));
#14205=CARTESIAN_POINT('',(63.694008456425,-51.9999589690296,0.));
#14206=CARTESIAN_POINT('',(63.6938673747718,-51.9999592017108,0.));
#14207=CARTESIAN_POINT('',(63.6935963693423,-51.9999596461354,0.));
#14208=CARTESIAN_POINT('',(63.6930673222743,-51.9999605015291,0.));
#14209=CARTESIAN_POINT('',(63.6922928334578,-51.9999617208591,0.));
#14210=CARTESIAN_POINT('',(63.6913510103444,-51.999963150634,0.));
#14211=CARTESIAN_POINT('',(63.6903920650211,-51.9999645547988,0.));
#14212=CARTESIAN_POINT('',(63.6890923050743,-51.9999663900987,0.));
#14213=CARTESIAN_POINT('',(63.686761097784,-51.9999695067364,0.));
#14214=CARTESIAN_POINT('',(63.6832695523394,-51.9999736863497,0.));
#14215=CARTESIAN_POINT('',(63.678821528424,-51.9999782658081,0.));
#14216=CARTESIAN_POINT('',(63.6741153807864,-51.9999824091127,0.));
#14217=CARTESIAN_POINT('',(63.6674963360912,-51.9999873520075,0.));
#14218=CARTESIAN_POINT('',(63.6585771979797,-51.99999244028,0.));
#14219=CARTESIAN_POINT('',(63.6468416983142,-51.999996801657,0.));
#14220=CARTESIAN_POINT('',(63.6340736653457,-51.9999994184831,0.));
#14221=CARTESIAN_POINT('',(63.6248732877171,-52.,0.));
#14222=CARTESIAN_POINT('',(63.62010101,-52.,0.));
#14223=CARTESIAN_POINT('',(-69.62010101,-52.,0.));
#14224=CARTESIAN_POINT('',(-69.6248638711262,-52.,0.));
#14225=CARTESIAN_POINT('',(-69.633872335022,-51.9999996133418,0.));
#14226=CARTESIAN_POINT('',(-69.6438397688439,-51.999998163374,0.));
#14227=CARTESIAN_POINT('',(-69.6510378285548,-51.9999964234124,0.));
#14228=CARTESIAN_POINT('',(-69.6552133288919,-51.9999950942755,0.));
#14229=CARTESIAN_POINT('',(-69.6583597584063,-51.9999938859683,0.));
#14230=CARTESIAN_POINT('',(-69.6606225914855,-51.9999929072418,0.));
#14231=CARTESIAN_POINT('',(-69.6627884504944,-51.9999918560081,0.));
#14232=CARTESIAN_POINT('',(-69.6645124743878,-51.9999909195921,0.));
#14233=CARTESIAN_POINT('',(-69.665843283374,-51.9999901341489,0.));
#14234=CARTESIAN_POINT('',(-69.6668169172899,-51.9999895271089,0.));
#14235=CARTESIAN_POINT('',(-69.66760879342,-51.9999890056072,0.));
#14236=CARTESIAN_POINT('',(-69.6682285563962,-51.9999885805349,0.));
#14237=CARTESIAN_POINT('',(-69.6686145336474,-51.9999883083761,0.));
#14238=CARTESIAN_POINT('',(-69.6689118641269,-51.9999880945961,0.));
#14239=CARTESIAN_POINT('',(-69.6690952675825,-51.9999879607375,0.));
#14240=CARTESIAN_POINT('',(-69.6691895593352,-51.9999878914366,0.));
#14241=CARTESIAN_POINT('',(-69.6693179521335,-51.9999877966993,0.));
#14242=CARTESIAN_POINT('',(-69.6695314908191,-51.9999876381046,0.));
#14243=CARTESIAN_POINT('',(-69.6699659806364,-51.9999873116272,0.));
#14244=CARTESIAN_POINT('',(-69.6705813730365,-51.9999868380813,0.));
#14245=CARTESIAN_POINT('',(-69.6715656889797,-51.999986057096,0.));
#14246=CARTESIAN_POINT('',(-69.6727904311064,-51.9999850408642,0.));
#14247=CARTESIAN_POINT('',(-69.6747400660218,-51.9999833280174,0.));
#14248=CARTESIAN_POINT('',(-69.6771574789935,-51.9999810247766,0.));
#14249=CARTESIAN_POINT('',(-69.6809838641654,-51.999976993307,0.));
#14250=CARTESIAN_POINT('',(-69.6856888930389,-51.9999713048235,0.));
#14251=CARTESIAN_POINT('',(-69.6912102629163,-51.9999634399631,0.));
#14252=CARTESIAN_POINT('',(-69.6966069485789,-51.999954536445,0.));
#14253=CARTESIAN_POINT('',(-69.7018789684267,-51.999944594225,0.));
#14254=CARTESIAN_POINT('',(-69.7061683849905,-51.9999354435854,0.));
#14255=CARTESIAN_POINT('',(-69.7095376573695,-51.9999276035133,0.));
#14256=CARTESIAN_POINT('',(-69.7120332289633,-51.9999214644093,0.));
#14257=CARTESIAN_POINT('',(-69.7140875755722,-51.9999161301367,0.));
#14258=CARTESIAN_POINT('',(-69.7157139471002,-51.9999117372882,0.));
#14259=CARTESIAN_POINT('',(-69.7167273991269,-51.9999089276341,0.));
#14260=CARTESIAN_POINT('',(-69.7175263325083,-51.9999066704153,0.));
#14261=CARTESIAN_POINT('',(-69.7179905600324,-51.9999053414032,0.));
#14262=CARTESIAN_POINT('',(-69.7182735280428,-51.9999045253265,0.));
#14263=CARTESIAN_POINT('',(-69.7185238602842,-51.9999038008726,0.));
#14264=CARTESIAN_POINT('',(-69.7189513414508,-51.999902556031,0.));
#14265=CARTESIAN_POINT('',(-69.7198128844871,-51.9999000180099,0.));
#14266=CARTESIAN_POINT('',(-69.7210375173355,-51.9998963255307,0.));
#14267=CARTESIAN_POINT('',(-69.7229941948882,-51.9998902455256,0.));
#14268=CARTESIAN_POINT('',(-69.7254301405335,-51.9998823366045,0.));
#14269=CARTESIAN_POINT('',(-69.7293085150595,-51.9998690176354,0.));
#14270=CARTESIAN_POINT('',(-69.7341196851827,-51.9998511252332,0.));
#14271=CARTESIAN_POINT('',(-69.7417394345871,-51.9998198430968,0.));
#14272=CARTESIAN_POINT('',(-69.7511174663625,-51.9997757641258,0.));
#14273=CARTESIAN_POINT('',(-69.7621365109111,-51.9997149071284,0.));
#14274=CARTESIAN_POINT('',(-69.772920948855,-51.9996460879222,0.));
#14275=CARTESIAN_POINT('',(-69.7834707778996,-51.9995693065651,0.));
#14276=CARTESIAN_POINT('',(-69.7920668131879,-51.9994986867628,0.));
#14277=CARTESIAN_POINT('',(-69.7988263048153,-51.9994382101987,0.));
#14278=CARTESIAN_POINT('',(-69.803837365857,-51.9993908611885,0.));
#14279=CARTESIAN_POINT('',(-69.8079640765521,-51.9993497481842,0.));
#14280=CARTESIAN_POINT('',(-69.8112367867501,-51.9993158551119,0.));
#14281=CARTESIAN_POINT('',(-69.8132684922644,-51.9992942740791,0.));
#14282=CARTESIAN_POINT('',(-69.8146873158424,-51.9992789159025,0.));
#14283=CARTESIAN_POINT('',(-69.8154914756556,-51.9992701303814,0.));
#14284=CARTESIAN_POINT('',(-69.8160044960918,-51.9992644895834,0.));
#14285=CARTESIAN_POINT('',(-69.8163888029676,-51.9992602456265,0.));
#14286=CARTESIAN_POINT('',(-69.8168664620186,-51.9992549535146,0.));
#14287=CARTESIAN_POINT('',(-69.8176856579203,-51.9992458278099,0.));
#14288=CARTESIAN_POINT('',(-69.819333872103,-51.9992272765809,0.));
#14289=CARTESIAN_POINT('',(-69.8216774911009,-51.999200346893,0.));
#14290=CARTESIAN_POINT('',(-69.8254201010447,-51.999156168257,0.));
#14291=CARTESIAN_POINT('',(-69.8300774306111,-51.9990989811118,0.));
#14292=CARTESIAN_POINT('',(-69.8374876059088,-51.9990032580418,0.));
#14293=CARTESIAN_POINT('',(-69.8466709884486,-51.998875700514,0.));
#14294=CARTESIAN_POINT('',(-69.861195725696,-51.9986547411643,0.));
#14295=CARTESIAN_POINT('',(-69.875467322985,-51.9984084810571,0.));
#14296=CARTESIAN_POINT('',(-69.8894855468214,-51.9981369264033,0.));
#14297=CARTESIAN_POINT('',(-69.8981419041158,-51.9979566523273,0.));
#14298=CARTESIAN_POINT('',(-69.9050026450827,-51.9978061334056,0.));
#14299=CARTESIAN_POINT('',(-69.90926663261,-51.9977093662535,0.));
#14300=CARTESIAN_POINT('',(-69.9122327741133,-51.997640360867,0.));
#14301=CARTESIAN_POINT('',(-69.9137189603835,-51.9976053545986,0.));
#14302=CARTESIAN_POINT('',(-69.9145566322673,-51.9975855060534,0.));
#14303=CARTESIAN_POINT('',(-69.9154997044193,-51.9975630640134,0.));
#14304=CARTESIAN_POINT('',(-69.9166415376098,-51.9975357075578,0.));
#14305=CARTESIAN_POINT('',(-69.9184870239586,-51.9974911122313,0.));
#14306=CARTESIAN_POINT('',(-69.9217028366475,-51.997412385316,0.));
#14307=CARTESIAN_POINT('',(-69.9262892839562,-51.9972972068961,0.));
#14308=CARTESIAN_POINT('',(-69.9335982184835,-51.9971074505511,0.));
#14309=CARTESIAN_POINT('',(-69.9426853880136,-51.9968598529451,0.));
#14310=CARTESIAN_POINT('',(-69.9535096878359,-51.9965461373881,0.));
#14311=CARTESIAN_POINT('',(-69.9642541748771,-51.9962158121259,0.));
#14312=CARTESIAN_POINT('',(-69.9749187916128,-51.9958688772094,0.));
#14313=CARTESIAN_POINT('',(-69.9855032773084,-51.995505343711,0.));
#14314=CARTESIAN_POINT('',(-69.9942578232405,-51.9951885300268,0.));
#14315=CARTESIAN_POINT('',(-70.0012198741387,-51.9949268407634,0.));
#14316=CARTESIAN_POINT('',(-70.0055582296497,-51.9947596756572,0.));
#14317=CARTESIAN_POINT('',(-70.0090104055112,-51.994624209648,0.));
#14318=CARTESIAN_POINT('',(-70.0109660059262,-51.994546529117,0.));
#14319=CARTESIAN_POINT('',(-70.0122403485717,-51.9944955349615,0.));
#14320=CARTESIAN_POINT('',(-70.0131559319518,-51.9944587852431,0.));
#14321=CARTESIAN_POINT('',(-70.0147463034685,-51.9943946448555,0.));
#14322=CARTESIAN_POINT('',(-70.0179319964521,-51.9942649607209,0.));
#14323=CARTESIAN_POINT('',(-70.0224703674029,-51.9940767524162,0.));
#14324=CARTESIAN_POINT('',(-70.0297159705766,-51.9937688931488,0.));
#14325=CARTESIAN_POINT('',(-70.0387382118803,-51.9933716636382,0.));
#14326=CARTESIAN_POINT('',(-70.0531019935102,-51.9927095330358,0.));
#14327=CARTESIAN_POINT('',(-70.0709196391303,-51.9918321916952,0.));
#14328=CARTESIAN_POINT('',(-70.0885607004959,-51.9908882417523,0.));
#14329=CARTESIAN_POINT('',(-70.1008059615332,-51.9901931618893,0.));
#14330=CARTESIAN_POINT('',(-70.1069163186049,-51.9898362162095,0.));
#14331=CARTESIAN_POINT('',(-70.1103826746314,-51.9896308841297,0.));
#14332=CARTESIAN_POINT('',(-70.1140287813678,-51.9894128344945,0.));
#14333=CARTESIAN_POINT('',(-70.1185177125733,-51.9891404503405,0.));
#14334=CARTESIAN_POINT('',(-70.1257221114922,-51.988695028116,0.));
#14335=CARTESIAN_POINT('',(-70.1346913921574,-51.9881248351279,0.));
#14336=CARTESIAN_POINT('',(-70.1454209604893,-51.9874176953257,0.));
#14337=CARTESIAN_POINT('',(-70.1596735683586,-51.986444816156,0.));
#14338=CARTESIAN_POINT('',(-70.1738495424639,-51.9854266764739,0.));
#14339=CARTESIAN_POINT('',(-70.187947027688,-51.984363412745,0.));
#14340=CARTESIAN_POINT('',(-70.1967276207902,-51.9836798791589,0.));
#14341=CARTESIAN_POINT('',(-70.2028532626541,-51.9831918310825,0.));
#14342=CARTESIAN_POINT('',(-70.2059170890556,-51.9829449051275,0.));
#14343=CARTESIAN_POINT('',(-70.2076582002463,-51.9828037900552,0.));
#14344=CARTESIAN_POINT('',(-70.2094829243512,-51.9826553233153,0.));
#14345=CARTESIAN_POINT('',(-70.2117340310796,-51.9824710723495,0.));
#14346=CARTESIAN_POINT('',(-70.2153497621483,-51.9821728315842,0.));
#14347=CARTESIAN_POINT('',(-70.2216642466262,-51.9816459084241,0.));
#14348=CARTESIAN_POINT('',(-70.2306729736141,-51.9808768197481,0.));
#14349=CARTESIAN_POINT('',(-70.2450508911002,-51.9796122687849,0.));
#14350=CARTESIAN_POINT('',(-70.2629605452972,-51.9779674207231,0.));
#14351=CARTESIAN_POINT('',(-70.2843502286095,-51.9758910703634,0.));
#14352=CARTESIAN_POINT('',(-70.3056383936931,-51.9737121574179,0.));
#14353=CARTESIAN_POINT('',(-70.3268250200331,-51.9714306792009,0.));
#14354=CARTESIAN_POINT('',(-70.3479098061944,-51.9690466763552,0.));
#14355=CARTESIAN_POINT('',(-70.3653966163922,-51.9669744368889,0.));
#14356=CARTESIAN_POINT('',(-70.3793334557964,-51.9652656025077,0.));
#14357=CARTESIAN_POINT('',(-70.3880269518456,-51.96417567691,0.));
#14358=CARTESIAN_POINT('',(-70.3949595802888,-51.9632921484592,0.));
#14359=CARTESIAN_POINT('',(-70.3988738691301,-51.962787826816,0.));
#14360=CARTESIAN_POINT('',(-70.4014504787079,-51.9624536326357,0.));
#14361=CARTESIAN_POINT('',(-70.4032415320791,-51.9622206976784,0.));
#14362=CARTESIAN_POINT('',(-70.4063625478337,-51.9618131025041,0.));
#14363=CARTESIAN_POINT('',(-70.4126096324547,-51.9609905461724,0.));
#14364=CARTESIAN_POINT('',(-70.4215187526795,-51.9597982550097,0.));
#14365=CARTESIAN_POINT('',(-70.435753096379,-51.9578522776926,0.));
#14366=CARTESIAN_POINT('',(-70.4535023326838,-51.955348713288,0.));
#14367=CARTESIAN_POINT('',(-70.4818105192907,-51.9511909925043,0.));
#14368=CARTESIAN_POINT('',(-70.5170231468204,-51.945709259824,0.));
#14369=CARTESIAN_POINT('',(-70.5520126215019,-51.9398467903603,0.));
#14370=CARTESIAN_POINT('',(-70.5763759281906,-51.9355454561417,0.));
#14371=CARTESIAN_POINT('',(-70.5885406085726,-51.933342505818,0.));
#14372=CARTESIAN_POINT('',(-70.5954624149625,-51.9320733533679,0.));
#14373=CARTESIAN_POINT('',(-70.6025873877547,-51.930755971151,0.));
#14374=CARTESIAN_POINT('',(-70.6114130886464,-51.9291033927794,0.));
#14375=CARTESIAN_POINT('',(-70.6255542812521,-51.9264116240478,0.));
#14376=CARTESIAN_POINT('',(-70.6431800669421,-51.9229737737765,0.));
#14377=CARTESIAN_POINT('',(-70.6642776093817,-51.9187262472259,0.));
#14378=CARTESIAN_POINT('',(-70.69232654473,-51.9129018931763,0.));
#14379=CARTESIAN_POINT('',(-70.7202578671026,-51.9068352897546,0.));
#14380=CARTESIAN_POINT('',(-70.7480695134466,-51.9005268931496,0.));
#14381=CARTESIAN_POINT('',(-70.7654045300595,-51.8964827691344,0.));
#14382=CARTESIAN_POINT('',(-70.7775089096262,-51.8935999577203,0.));
#14383=CARTESIAN_POINT('',(-70.7835603680706,-51.8921439101231,0.));
#14384=CARTESIAN_POINT('',(-70.7870072352575,-51.8913103610994,0.));
#14385=CARTESIAN_POINT('',(-70.7905459018094,-51.8904516865113,0.));
#14386=CARTESIAN_POINT('',(-70.7949348732729,-51.8893811587785,0.));
#14387=CARTESIAN_POINT('',(-70.8019697271237,-51.887653574252,0.));
#14388=CARTESIAN_POINT('',(-70.8142585433472,-51.8846049038956,0.));
#14389=CARTESIAN_POINT('',(-70.8317785931317,-51.8801703378968,0.));
#14390=CARTESIAN_POINT('',(-70.8597237665288,-51.8729085457637,0.));
#14391=CARTESIAN_POINT('',(-70.8944959656513,-51.8635183624174,0.));
#14392=CARTESIAN_POINT('',(-70.9290611956771,-51.8537091772353,0.));
#14393=CARTESIAN_POINT('',(-70.9531361084448,-51.8466264937823,0.));
#14394=CARTESIAN_POINT('',(-70.9668764874602,-51.8425120026722,0.));
#14395=CARTESIAN_POINT('',(-70.9771235123438,-51.8394078190064,0.));
#14396=CARTESIAN_POINT('',(-70.9875166644951,-51.8362226301126,0.));
#14397=CARTESIAN_POINT('',(-71.0012920738772,-51.831951547399,0.));
#14398=CARTESIAN_POINT('',(-71.0253609577614,-51.8243599898178,0.));
#14399=CARTESIAN_POINT('',(-71.0595459705249,-51.8132074794498,0.));
#14400=CARTESIAN_POINT('',(-71.0934886105765,-51.8016381199303,0.));
#14401=CARTESIAN_POINT('',(-71.1204946314579,-51.7921332296557,0.));
#14402=CARTESIAN_POINT('',(-71.1373091391855,-51.7860897400134,0.));
#14403=CARTESIAN_POINT('',(-71.1507297131019,-51.7811903929167,0.));
#14404=CARTESIAN_POINT('',(-71.1590883627311,-51.7781074399376,0.));
#14405=CARTESIAN_POINT('',(-71.1657975753076,-51.7756137964604,0.));
#14406=CARTESIAN_POINT('',(-71.1725523979629,-51.7730902580746,0.));
#14407=CARTESIAN_POINT('',(-71.1843293683168,-51.7686564773444,0.));
#14408=CARTESIAN_POINT('',(-71.2011113477749,-51.7622412460507,0.));
#14409=CARTESIAN_POINT('',(-71.2278377132609,-51.7518164049398,0.));
#14410=CARTESIAN_POINT('',(-71.2543895485391,-51.7411461568721,0.));
#14411=CARTESIAN_POINT('',(-71.2807646372393,-51.730231286881,0.));
#14412=CARTESIAN_POINT('',(-71.3004567852688,-51.72192321104,0.));
#14413=CARTESIAN_POINT('',(-71.3167967044433,-51.7148963758688,0.));
#14414=CARTESIAN_POINT('',(-71.3298170679254,-51.7092170567765,0.));
#14415=CARTESIAN_POINT('',(-71.3379534229963,-51.7056344132015,0.));
#14416=CARTESIAN_POINT('',(-71.3444125315338,-51.7027703606825,0.));
#14417=CARTESIAN_POINT('',(-71.3510064782959,-51.6998327477739,0.));
#14418=CARTESIAN_POINT('',(-71.3624978323666,-51.6946766715848,0.));
#14419=CARTESIAN_POINT('',(-71.3854072785191,-51.6842512266059,0.));
#14420=CARTESIAN_POINT('',(-71.4178651694896,-51.6690606553915,0.));
#14421=CARTESIAN_POINT('',(-71.4499789156029,-51.6534670981614,0.));
#14422=CARTESIAN_POINT('',(-71.4754611727546,-51.640751405529,0.));
#14423=CARTESIAN_POINT('',(-71.4912998810041,-51.6327041602648,0.));
#14424=CARTESIAN_POINT('',(-71.5039208687689,-51.6262050064522,0.));
#14425=CARTESIAN_POINT('',(-71.5117823783821,-51.6221205111324,0.));
#14426=CARTESIAN_POINT('',(-71.5172838521136,-51.6192430267704,0.));
#14427=CARTESIAN_POINT('',(-71.520408936512,-51.6176030601681,0.));
#14428=CARTESIAN_POINT('',(-71.5235895428578,-51.6159302499413,0.));
#14429=CARTESIAN_POINT('',(-71.5276032626375,-51.6138120851555,0.));
#14430=CARTESIAN_POINT('',(-71.5339913277273,-51.6104255776451,0.));
#14431=CARTESIAN_POINT('',(-71.5419657463401,-51.6061693973981,0.));
#14432=CARTESIAN_POINT('',(-71.5546800875636,-51.5993219177796,0.));
#14433=CARTESIAN_POINT('',(-71.5704992710952,-51.5906867547989,0.));
#14434=CARTESIAN_POINT('',(-71.5893611207508,-51.5802049333718,0.));
#14435=CARTESIAN_POINT('',(-71.6081026684562,-51.5696030271691,0.));
#14436=CARTESIAN_POINT('',(-71.6267236214686,-51.5588811962096,0.));
#14437=CARTESIAN_POINT('',(-71.6452242821271,-51.5480392593442,0.));
#14438=CARTESIAN_POINT('',(-71.6605404918695,-51.5389046941825,0.));
#14439=CARTESIAN_POINT('',(-71.6727345372378,-51.5315362328088,0.));
#14440=CARTESIAN_POINT('',(-71.6803276963069,-51.5269078109139,0.));
#14441=CARTESIAN_POINT('',(-71.6863940688209,-51.5231858099827,0.));
#14442=CARTESIAN_POINT('',(-71.6901635158667,-51.5208630433234,0.));
#14443=CARTESIAN_POINT('',(-71.6932114051412,-51.518978787882,0.));
#14444=CARTESIAN_POINT('',(-71.6963173412471,-51.5170543783878,0.));
#14445=CARTESIAN_POINT('',(-71.7017170300462,-51.5136975636733,0.));
#14446=CARTESIAN_POINT('',(-71.7094246522603,-51.5088740312651,0.));
#14447=CARTESIAN_POINT('',(-71.7217037658972,-51.5011210912042,0.));
#14448=CARTESIAN_POINT('',(-71.7369714450193,-51.4913524254699,0.));
#14449=CARTESIAN_POINT('',(-71.761218933456,-51.4755619033542,0.));
#14450=CARTESIAN_POINT('',(-71.7911923201799,-51.455520706477,0.));
#14451=CARTESIAN_POINT('',(-71.8207187881818,-51.4350745737845,0.));
#14452=CARTESIAN_POINT('',(-71.8411492585788,-51.4205522233298,0.));
#14453=CARTESIAN_POINT('',(-71.851309482675,-51.4132352224546,0.));
#14454=CARTESIAN_POINT('',(-71.8570923770564,-51.4090434433881,0.));
#14455=CARTESIAN_POINT('',(-71.8658461444156,-51.4026704204539,0.));
#14456=CARTESIAN_POINT('',(-71.8788710543423,-51.3930832545544,0.));
#14457=CARTESIAN_POINT('',(-71.9018711460424,-51.3758554136243,0.));
#14458=CARTESIAN_POINT('',(-71.9302636759337,-51.3540236308068,0.));
#14459=CARTESIAN_POINT('',(-71.9637804957907,-51.3273378554785,0.));
#14460=CARTESIAN_POINT('',(-71.991253591666,-51.304688767454,0.));
#14461=CARTESIAN_POINT('',(-72.0129383337701,-51.2863401532412,0.));
#14462=CARTESIAN_POINT('',(-72.0345867152414,-51.2676999708861,0.));
#14463=CARTESIAN_POINT('',(-72.0612571463923,-51.2441248952994,0.));
#14464=CARTESIAN_POINT('',(-72.0927372599405,-51.2153111045091,0.));
#14465=CARTESIAN_POINT('',(-72.1236708431409,-51.1859914423122,0.));
#14466=CARTESIAN_POINT('',(-72.1641720293322,-51.1462409030267,0.));
#14467=CARTESIAN_POINT('',(-72.2036913871137,-51.1053671887318,0.));
#14468=CARTESIAN_POINT('',(-72.2421869083307,-51.0634095602622,0.));
#14469=CARTESIAN_POINT('',(-72.265815069451,-51.0367416742907,0.));
#14470=CARTESIAN_POINT('',(-72.2844855240676,-51.0151087745687,0.));
#14471=CARTESIAN_POINT('',(-72.3029057789577,-50.9933896800528,0.));
#14472=CARTESIAN_POINT('',(-72.3256376001975,-50.9658777426285,0.));
#14473=CARTESIAN_POINT('',(-72.3479577160603,-50.937904499724,0.));
#14474=CARTESIAN_POINT('',(-72.3655700324769,-50.9152455682852,0.));
#14475=CARTESIAN_POINT('',(-72.3786576215288,-50.898110720071,0.));
#14476=CARTESIAN_POINT('',(-72.3894599021058,-50.8837181834364,0.));
#14477=CARTESIAN_POINT('',(-72.3980455886475,-50.872127389018,0.));
#14478=CARTESIAN_POINT('',(-72.4033748426216,-50.864869627622,0.));
#14479=CARTESIAN_POINT('',(-72.4076489338633,-50.8590101751499,0.));
#14480=CARTESIAN_POINT('',(-72.4118180462547,-50.8532696376509,0.));
#14481=CARTESIAN_POINT('',(-72.4191041390938,-50.8431724451422,0.));
#14482=CARTESIAN_POINT('',(-72.4335588862078,-50.8228790727521,0.));
#14483=CARTESIAN_POINT('',(-72.4539127388236,-50.7935517028907,0.));
#14484=CARTESIAN_POINT('',(-72.4778516302225,-50.7578368673316,0.));
#14485=CARTESIAN_POINT('',(-72.5013081248862,-50.7215955121027,0.));
#14486=CARTESIAN_POINT('',(-72.5204524847691,-50.690956585439,0.));
#14487=CARTESIAN_POINT('',(-72.535526405909,-50.6661827038917,0.));
#14488=CARTESIAN_POINT('',(-72.5448470763256,-50.6505893311272,0.));
#14489=CARTESIAN_POINT('',(-72.5522429543746,-50.6380494118869,0.));
#14490=CARTESIAN_POINT('',(-72.5577604139274,-50.628610319824,0.));
#14491=CARTESIAN_POINT('',(-72.5623307666674,-50.6207211863106,0.));
#14492=CARTESIAN_POINT('',(-72.5655214528919,-50.6151762773717,0.));
#14493=CARTESIAN_POINT('',(-72.567333668952,-50.6120163687567,0.));
#14494=CARTESIAN_POINT('',(-72.5687113926665,-50.6096085608412,0.));
#14495=CARTESIAN_POINT('',(-72.5700090637254,-50.6073356352784,0.));
#14496=CARTESIAN_POINT('',(-72.5717640448564,-50.6042551571568,0.));
#14497=CARTESIAN_POINT('',(-72.5748159619704,-50.5988805623531,0.));
#14498=CARTESIAN_POINT('',(-72.5791636389415,-50.5911739494392,0.));
#14499=CARTESIAN_POINT('',(-72.5843478545185,-50.5819037566126,0.));
#14500=CARTESIAN_POINT('',(-72.5912209294492,-50.5695054653941,0.));
#14501=CARTESIAN_POINT('',(-72.5997365490585,-50.5539401319519,0.));
#14502=CARTESIAN_POINT('',(-72.6132009036904,-50.5288900811721,0.));
#14503=CARTESIAN_POINT('',(-72.6297297795158,-50.4973053004498,0.));
#14504=CARTESIAN_POINT('',(-72.6490818223478,-50.4589683129205,0.));
#14505=CARTESIAN_POINT('',(-72.6679520229537,-50.4201943164911,0.));
#14506=CARTESIAN_POINT('',(-72.6832731853419,-50.3875240920641,0.));
#14507=CARTESIAN_POINT('',(-72.693790747556,-50.364455671778,0.));
#14508=CARTESIAN_POINT('',(-72.6989915318016,-50.3528856915615,0.));
#14509=CARTESIAN_POINT('',(-72.7019567461115,-50.3462415500053,0.));
#14510=CARTESIAN_POINT('',(-72.7048277258735,-50.3397782082162,0.));
#14511=CARTESIAN_POINT('',(-72.708425784377,-50.3316213321151,0.));
#14512=CARTESIAN_POINT('',(-72.7141252558359,-50.3185778038381,0.));
#14513=CARTESIAN_POINT('',(-72.7211775387671,-50.3022076385288,0.));
#14514=CARTESIAN_POINT('',(-72.7295138174409,-50.2824832546085,0.));
#14515=CARTESIAN_POINT('',(-72.7404642075926,-50.2560682777525,0.));
#14516=CARTESIAN_POINT('',(-72.7538416588351,-50.2228365106241,0.));
#14517=CARTESIAN_POINT('',(-72.7693982884052,-50.1826163120163,0.));
#14518=CARTESIAN_POINT('',(-72.7819485025046,-50.1488144719028,0.));
#14519=CARTESIAN_POINT('',(-72.791740335721,-50.1216024601772,0.));
#14520=CARTESIAN_POINT('',(-72.7977571239988,-50.104522807332,0.));
#14521=CARTESIAN_POINT('',(-72.8025077872635,-50.090818469775,0.));
#14522=CARTESIAN_POINT('',(-72.8054527302944,-50.0822306201189,0.));
#14523=CARTESIAN_POINT('',(-72.8074973431699,-50.0762194638113,0.));
#14524=CARTESIAN_POINT('',(-72.8086669367841,-50.0727666913052,0.));
#14525=CARTESIAN_POINT('',(-72.8098147054335,-50.0693690690793,0.));
#14526=CARTESIAN_POINT('',(-72.8112302889536,-50.0651617180641,0.));
#14527=CARTESIAN_POINT('',(-72.813492788299,-50.0584008758413,0.));
#14528=CARTESIAN_POINT('',(-72.8162986865353,-50.0499476432873,0.));
#14529=CARTESIAN_POINT('',(-72.8207480507164,-50.0363960594482,0.));
#14530=CARTESIAN_POINT('',(-72.826231238149,-50.0194170781155,0.));
#14531=CARTESIAN_POINT('',(-72.8326864951089,-49.9989759549699,0.));
#14532=CARTESIAN_POINT('',(-72.8411270374837,-49.9716337782281,0.));
#14533=CARTESIAN_POINT('',(-72.851365760924,-49.9372917801484,0.));
#14534=CARTESIAN_POINT('',(-72.8631530596894,-49.8958186494548,0.));
#14535=CARTESIAN_POINT('',(-72.8725598109554,-49.8610388732388,0.));
#14536=CARTESIAN_POINT('',(-72.8789262052692,-49.8365778623259,0.));
#14537=CARTESIAN_POINT('',(-72.8825016640199,-49.8225676515636,0.));
#14538=CARTESIAN_POINT('',(-72.8851522996717,-49.8120425839626,0.));
#14539=CARTESIAN_POINT('',(-72.8873344014247,-49.8032611607326,0.));
#14540=CARTESIAN_POINT('',(-72.8890661953185,-49.7962207457068,0.));
#14541=CARTESIAN_POINT('',(-72.890138169787,-49.7918331556037,0.));
#14542=CARTESIAN_POINT('',(-72.8910007749027,-49.7882841809014,0.));
#14543=CARTESIAN_POINT('',(-72.891828196774,-49.784868365809,0.));
#14544=CARTESIAN_POINT('',(-72.8932754106935,-49.7788639944306,0.));
#14545=CARTESIAN_POINT('',(-72.8961397839127,-49.7668587212216,0.));
#14546=CARTESIAN_POINT('',(-72.9001596100837,-49.7496620715149,0.));
#14547=CARTESIAN_POINT('',(-72.9048636741315,-49.7289697056804,0.));
#14548=CARTESIAN_POINT('',(-72.9094491653598,-49.7082162317116,0.));
#14549=CARTESIAN_POINT('',(-72.9154046462955,-49.6804651341397,0.));
#14550=CARTESIAN_POINT('',(-72.9225519868738,-49.6456258547783,0.));
#14551=CARTESIAN_POINT('',(-72.9293032561235,-49.610586283853,0.));
#14552=CARTESIAN_POINT('',(-72.934466652861,-49.5824343169164,0.));
#14553=CARTESIAN_POINT('',(-72.9382203504546,-49.561260445341,0.));
#14554=CARTESIAN_POINT('',(-72.9418553580562,-49.5400256464224,0.));
#14555=CARTESIAN_POINT('',(-72.9447851233616,-49.5222824288335,0.));
#14556=CARTESIAN_POINT('',(-72.946784748725,-49.5098308988421,0.));
#14557=CARTESIAN_POINT('',(-72.9477705114336,-49.5036053606361,0.));
#14558=CARTESIAN_POINT('',(-72.9483317886944,-49.5000350833809,0.));
#14559=CARTESIAN_POINT('',(-72.948873369542,-49.4965738309181,0.));
#14560=CARTESIAN_POINT('',(-72.9495519879533,-49.4922063994577,0.));
#14561=CARTESIAN_POINT('',(-72.9506252519881,-49.4852332580578,0.));
#14562=CARTESIAN_POINT('',(-72.952480858623,-49.4730036447814,0.));
#14563=CARTESIAN_POINT('',(-72.9550619023783,-49.4554900223952,0.));
#14564=CARTESIAN_POINT('',(-72.9580490877905,-49.4343947763635,0.));
#14565=CARTESIAN_POINT('',(-72.9609257429701,-49.413223631084,0.));
#14566=CARTESIAN_POINT('',(-72.9636920709793,-49.3919750920004,0.));
#14567=CARTESIAN_POINT('',(-72.9656838097751,-49.3759828760627,0.));
#14568=CARTESIAN_POINT('',(-72.9669774222332,-49.365294888096,0.));
#14569=CARTESIAN_POINT('',(-72.9676168063448,-49.3599506615306,0.));
#14570=CARTESIAN_POINT('',(-72.9682513144078,-49.3545839243055,0.));
#14571=CARTESIAN_POINT('',(-72.9690607965117,-49.3476568133777,0.));
#14572=CARTESIAN_POINT('',(-72.9700664383455,-49.33889978443,0.));
#14573=CARTESIAN_POINT('',(-72.9716363242137,-49.3248981122068,0.));
#14574=CARTESIAN_POINT('',(-72.9735372140891,-49.3073131615348,0.));
#14575=CARTESIAN_POINT('',(-72.9757161949802,-49.2861102504601,0.));
#14576=CARTESIAN_POINT('',(-72.9777940818244,-49.2647980117333,0.));
#14577=CARTESIAN_POINT('',(-72.9794412152993,-49.2469482257302,0.));
#14578=CARTESIAN_POINT('',(-72.9807082275414,-49.2326151770308,0.));
#14579=CARTESIAN_POINT('',(-72.9814791316657,-49.2236330569447,0.));
#14580=CARTESIAN_POINT('',(-72.9820074318779,-49.2173369077267,0.));
#14581=CARTESIAN_POINT('',(-72.9823065485664,-49.2137308809359,0.));
#14582=CARTESIAN_POINT('',(-72.9824912467253,-49.2114871324234,0.));
#14583=CARTESIAN_POINT('',(-72.9826403486325,-49.2096651014685,0.));
#14584=CARTESIAN_POINT('',(-72.9827811284788,-49.2079381393098,0.));
#14585=CARTESIAN_POINT('',(-72.9830276683631,-49.204896874541,0.));
#14586=CARTESIAN_POINT('',(-72.9835149373407,-49.1988170524721,0.));
#14587=CARTESIAN_POINT('',(-72.9841977496846,-49.1900990796844,0.));
#14588=CARTESIAN_POINT('',(-72.9852605270153,-49.176097694331,0.));
#14589=CARTESIAN_POINT('',(-72.9865339037336,-49.1584895831647,0.));
#14590=CARTESIAN_POINT('',(-72.9879736057159,-49.1371920382679,0.));
#14591=CARTESIAN_POINT('',(-72.9890997737316,-49.1193037659056,0.));
#14592=CARTESIAN_POINT('',(-72.9899565576135,-49.1049089000973,0.));
#14593=CARTESIAN_POINT('',(-72.9905770525756,-49.0940709973079,0.));
#14594=CARTESIAN_POINT('',(-72.9911755314516,-49.0831897734387,0.));
#14595=CARTESIAN_POINT('',(-72.9916556756362,-49.0740909026985,0.));
#14596=CARTESIAN_POINT('',(-72.9919824912207,-49.0676956822236,0.));
#14597=CARTESIAN_POINT('',(-72.9921429742004,-49.064503855252,0.));
#14598=CARTESIAN_POINT('',(-72.9922348099923,-49.0626619218013,0.));
#14599=CARTESIAN_POINT('',(-72.9923178451091,-49.0609876071713,0.));
#14600=CARTESIAN_POINT('',(-72.992423840374,-49.0588339703569,0.));
#14601=CARTESIAN_POINT('',(-72.992590353939,-49.0554144733072,0.));
#14602=CARTESIAN_POINT('',(-72.9927963032401,-49.0511176645071,0.));
#14603=CARTESIAN_POINT('',(-72.9930388110885,-49.0459481138747,0.));
#14604=CARTESIAN_POINT('',(-72.9933563784937,-49.0390295449759,0.));
#14605=CARTESIAN_POINT('',(-72.9938967028897,-49.0268593571477,0.));
#14606=CARTESIAN_POINT('',(-72.9946246720098,-49.0092916445932,0.));
#14607=CARTESIAN_POINT('',(-72.9954279176469,-48.9879204340927,0.));
#14608=CARTESIAN_POINT('',(-72.9960386999402,-48.9698692992233,0.));
#14609=CARTESIAN_POINT('',(-72.9964921718428,-48.9552833012349,0.));
#14610=CARTESIAN_POINT('',(-72.9968146962416,-48.9442713708219,0.));
#14611=CARTESIAN_POINT('',(-72.9970688264911,-48.9350340017153,0.));
#14612=CARTESIAN_POINT('',(-72.9972633250648,-48.9276085547969,0.));
#14613=CARTESIAN_POINT('',(-72.9973812635363,-48.9229509143803,0.));
#14614=CARTESIAN_POINT('',(-72.9974618202496,-48.9196858904163,0.));
#14615=CARTESIAN_POINT('',(-72.997507424955,-48.9178127993945,0.));
#14616=CARTESIAN_POINT('',(-72.9975354135657,-48.9166531386552,0.));
#14617=CARTESIAN_POINT('',(-72.9975583218412,-48.9156974001814,0.));
#14618=CARTESIAN_POINT('',(-72.9975787481017,-48.9148414844325,0.));
#14619=CARTESIAN_POINT('',(-72.9976147354682,-48.9133244521979,0.));
#14620=CARTESIAN_POINT('',(-72.9976856770507,-48.9102963310322,0.));
#14621=CARTESIAN_POINT('',(-72.997785088236,-48.9059453272257,0.));
#14622=CARTESIAN_POINT('',(-72.9979395972398,-48.8989476398207,0.));
#14623=CARTESIAN_POINT('',(-72.9981243991469,-48.8901248223264,0.));
#14624=CARTESIAN_POINT('',(-72.9983327655158,-48.8794188222814,0.));
#14625=CARTESIAN_POINT('',(-72.9984952539879,-48.870397784994,0.));
#14626=CARTESIAN_POINT('',(-72.9986185537116,-48.8631213270456,0.));
#14627=CARTESIAN_POINT('',(-72.9987076797038,-48.8576344200064,0.));
#14628=CARTESIAN_POINT('',(-72.9987934717159,-48.8521168678162,0.));
#14629=CARTESIAN_POINT('',(-72.9988621400693,-48.847496766541,0.));
#14630=CARTESIAN_POINT('',(-72.9989088163266,-48.8442444120812,0.));
#14631=CARTESIAN_POINT('',(-72.9989316898932,-48.8426221520579,0.));
#14632=CARTESIAN_POINT('',(-72.9989448146915,-48.8416826658608,0.));
#14633=CARTESIAN_POINT('',(-72.9989562578035,-48.8408588521513,0.));
#14634=CARTESIAN_POINT('',(-72.9989710220296,-48.8397873898394,0.));
#14635=CARTESIAN_POINT('',(-72.9989941252537,-48.8380915537767,0.));
#14636=CARTESIAN_POINT('',(-72.9990341545064,-48.8351035436861,0.));
#14637=CARTESIAN_POINT('',(-72.9990897022059,-48.8308120395159,0.));
#14638=CARTESIAN_POINT('',(-72.9991752901271,-48.8238821594672,0.));
#14639=CARTESIAN_POINT('',(-72.9992760154445,-48.8151075127043,0.));
#14640=CARTESIAN_POINT('',(-72.9993868999978,-48.8043961464269,0.));
#14641=CARTESIAN_POINT('',(-72.9994709755198,-48.7953190102314,0.));
#14642=CARTESIAN_POINT('',(-72.9995332404191,-48.787966574406,0.));
#14643=CARTESIAN_POINT('',(-72.9995774403975,-48.7824070145245,0.));
#14644=CARTESIAN_POINT('',(-72.9996121940466,-48.7777359540835,0.));
#14645=CARTESIAN_POINT('',(-72.9996387434414,-48.7739771434662,0.));
#14646=CARTESIAN_POINT('',(-72.999654826663,-48.7716168368869,0.));
#14647=CARTESIAN_POINT('',(-72.9996657911137,-48.7699628805186,0.));
#14648=CARTESIAN_POINT('',(-72.9996720106546,-48.7690113130749,0.));
#14649=CARTESIAN_POINT('',(-72.9996757897327,-48.7684278092666,0.));
#14650=CARTESIAN_POINT('',(-72.9996789668893,-48.7679335515104,0.));
#14651=CARTESIAN_POINT('',(-72.9996814978822,-48.7675380068536,0.));
#14652=CARTESIAN_POINT('',(-72.999686018157,-48.7668273826821,0.));
#14653=CARTESIAN_POINT('',(-72.9996948947857,-48.765413990684,0.));
#14654=CARTESIAN_POINT('',(-72.9997073762695,-48.7633757798565,0.));
#14655=CARTESIAN_POINT('',(-72.9997268094285,-48.7600912026799,0.));
#14656=CARTESIAN_POINT('',(-72.9997501450584,-48.7559335855187,0.));
#14657=CARTESIAN_POINT('',(-72.999785421593,-48.7491739906777,0.));
#14658=CARTESIAN_POINT('',(-72.9998256637288,-48.7405215864938,0.));
#14659=CARTESIAN_POINT('',(-72.9998607652274,-48.7315990353019,0.));
#14660=CARTESIAN_POINT('',(-72.9998857624949,-48.7242988366599,0.));
#14661=CARTESIAN_POINT('',(-72.9999029684068,-48.7187426196879,0.));
#14662=CARTESIAN_POINT('',(-72.9999186322959,-48.7131053340153,0.));
#14663=CARTESIAN_POINT('',(-72.9999304005256,-48.7083400320262,0.));
#14664=CARTESIAN_POINT('',(-72.999939044076,-48.7044872684603,0.));
#14665=CARTESIAN_POINT('',(-72.9999451412917,-48.701577392752,0.));
#14666=CARTESIAN_POINT('',(-72.9999499008629,-48.6991357198669,0.));
#14667=CARTESIAN_POINT('',(-72.9999530642704,-48.6974174598602,0.));
#14668=CARTESIAN_POINT('',(-72.9999548231715,-48.6964334101441,0.));
#14669=CARTESIAN_POINT('',(-72.9999561198648,-48.6956931298185,0.));
#14670=CARTESIAN_POINT('',(-72.9999571752302,-48.6950782839446,0.));
#14671=CARTESIAN_POINT('',(-72.9999580189911,-48.6945787980585,0.));
#14672=CARTESIAN_POINT('',(-72.9999585150998,-48.6942822400532,0.));
#14673=CARTESIAN_POINT('',(-72.9999589690297,-48.6940084562913,0.));
#14674=CARTESIAN_POINT('',(-72.9999592017106,-48.6938673753833,0.));
#14675=CARTESIAN_POINT('',(-72.9999596461354,-48.6935963710083,0.));
#14676=CARTESIAN_POINT('',(-72.9999605015289,-48.6930673261903,0.));
#14677=CARTESIAN_POINT('',(-72.9999617208589,-48.6922928404101,0.));
#14678=CARTESIAN_POINT('',(-72.9999631506339,-48.6913510208378,0.));
#14679=CARTESIAN_POINT('',(-72.9999645547987,-48.6903920789045,0.));
#14680=CARTESIAN_POINT('',(-72.9999663900986,-48.6890923232934,0.));
#14681=CARTESIAN_POINT('',(-72.9999695067362,-48.6867611230955,0.));
#14682=CARTESIAN_POINT('',(-72.9999736863496,-48.6832695863746,0.));
#14683=CARTESIAN_POINT('',(-72.999978265808,-48.6788215706727,0.));
#14684=CARTESIAN_POINT('',(-72.9999824091127,-48.674115428994,0.));
#14685=CARTESIAN_POINT('',(-72.9999873520075,-48.6674963892376,0.));
#14686=CARTESIAN_POINT('',(-72.99999244028,-48.658577251663,0.));
#14687=CARTESIAN_POINT('',(-72.999996801657,-48.6468417436229,0.));
#14688=CARTESIAN_POINT('',(-72.9999994184831,-48.634073693261,0.));
#14689=CARTESIAN_POINT('',(-73.,-48.6248732980243,0.));
#14690=CARTESIAN_POINT('',(-73.,-48.62010101,0.));
#14691=CARTESIAN_POINT('',(-69.,-48.,5.));
#14692=CARTESIAN_POINT('',(56.9000015258789,-39.2229995727539,5.));
#14693=CARTESIAN_POINT('',(67.,28.,5.));
#14694=CARTESIAN_POINT('',(-69.,-48.,5.));
#14695=CARTESIAN_POINT('',(67.,28.,55.));
#14696=CARTESIAN_POINT('',(67.,32.,50.));
#14697=CARTESIAN_POINT('',(63.62010101,32.,50.));
#14698=CARTESIAN_POINT('',(-69.62010101,32.,50.));
#14699=CARTESIAN_POINT('',(-69.62010101,32.,50.));
#14700=CARTESIAN_POINT('',(-69.6263752674932,32.,50.));
#14701=CARTESIAN_POINT('',(-69.6352032630619,31.9999994205166,50.0000007243542));
#14702=CARTESIAN_POINT('',(-69.6458071423491,31.9999974889055,50.0000031388681));
#14703=CARTESIAN_POINT('',(-69.6531766613364,31.9999954607136,50.000005674108));
#14704=CARTESIAN_POINT('',(-69.6588317675693,31.9999932876516,50.0000083904356));
#14705=CARTESIAN_POINT('',(-69.6630641587324,31.9999912594588,50.0000109256766));
#14706=CARTESIAN_POINT('',(-69.66609260027,31.9999895934474,50.0000130081908));
#14707=CARTESIAN_POINT('',(-69.668975210019,31.9999877825496,50.000015271813));
#14708=CARTESIAN_POINT('',(-69.6712557956018,31.9999861527909,50.0000173090113));
#14709=CARTESIAN_POINT('',(-69.6730074510421,31.9999847764399,50.00001902945));
#14710=CARTESIAN_POINT('',(-69.674071598474,31.9999838862865,50.0000201421419));
#14711=CARTESIAN_POINT('',(-69.674905263245,31.9999831554884,50.0000210556395));
#14712=CARTESIAN_POINT('',(-69.6755198143614,31.9999825998864,50.000021750142));
#14713=CARTESIAN_POINT('',(-69.6760293765896,31.9999821244055,50.0000223444931));
#14714=CARTESIAN_POINT('',(-69.6763722059296,31.9999817972901,50.0000227533874));
#14715=CARTESIAN_POINT('',(-69.6765823898396,31.9999815941168,50.000023007354));
#14716=CARTESIAN_POINT('',(-69.6766960172304,31.9999814837596,50.0000231453005));
#14717=CARTESIAN_POINT('',(-69.6769751277681,31.999981210041,50.0000234874487));
#14718=CARTESIAN_POINT('',(-69.6772892469812,31.9999808986707,50.0000238766616));
#14719=CARTESIAN_POINT('',(-69.6778652428115,31.9999803204888,50.000024599389));
#14720=CARTESIAN_POINT('',(-69.6786722002149,31.9999794880439,50.0000256399452));
#14721=CARTESIAN_POINT('',(-69.6796436654045,31.9999784509551,50.0000269363061));
#14722=CARTESIAN_POINT('',(-69.6809329697773,31.9999770271702,50.0000287160372));
#14723=CARTESIAN_POINT('',(-69.6825380492283,31.9999751660197,50.0000310424754));
#14724=CARTESIAN_POINT('',(-69.6850902609771,31.9999720163734,50.0000349795333));
#14725=CARTESIAN_POINT('',(-69.688251577613,31.9999677563103,50.0000403046121));
#14726=CARTESIAN_POINT('',(-69.6919985603894,31.9999621276993,50.0000473403759));
#14727=CARTESIAN_POINT('',(-69.6956990209435,31.9999559824802,50.0000550218998));
#14728=CARTESIAN_POINT('',(-69.7005709126512,31.9999471000677,50.0000661249154));
#14729=CARTESIAN_POINT('',(-69.7065444309518,31.9999347055804,50.0000816180245));
#14730=CARTESIAN_POINT('',(-69.7135265153156,31.9999177657666,50.0001027927918));
#14731=CARTESIAN_POINT('',(-69.7191897465575,31.9999019274548,50.0001225906815));
#14732=CARTESIAN_POINT('',(-69.7236273583982,31.9998882232249,50.0001397209689));
#14733=CARTESIAN_POINT('',(-69.7263618500669,31.9998792284852,50.0001509643935));
#14734=CARTESIAN_POINT('',(-69.7285267105215,31.99987177234,50.0001602845751));
#14735=CARTESIAN_POINT('',(-69.7301372534993,31.9998660567151,50.0001674291062));
#14736=CARTESIAN_POINT('',(-69.7314743467566,31.9998611681536,50.000173539808));
#14737=CARTESIAN_POINT('',(-69.7323960581452,31.9998577248202,50.0001778439748));
#14738=CARTESIAN_POINT('',(-69.7329356045718,31.999855686155,50.0001803923062));
#14739=CARTESIAN_POINT('',(-69.7332992299152,31.9998543037456,50.000182120318));
#14740=CARTESIAN_POINT('',(-69.733816203128,31.999852322071,50.0001845974112));
#14741=CARTESIAN_POINT('',(-69.7344514437648,31.9998498630825,50.0001876711469));
#14742=CARTESIAN_POINT('',(-69.7355869106006,31.9998454112999,50.0001932358751));
#14743=CARTESIAN_POINT('',(-69.7371925742316,31.9998389479318,50.0002013150853));
#14744=CARTESIAN_POINT('',(-69.7391195617233,31.9998309253836,50.0002113432705));
#14745=CARTESIAN_POINT('',(-69.7416797286833,31.9998199090441,50.0002251136948));
#14746=CARTESIAN_POINT('',(-69.744867110534,31.9998055229059,50.0002430963676));
#14747=CARTESIAN_POINT('',(-69.7499377579531,31.9997811983994,50.0002735020007));
#14748=CARTESIAN_POINT('',(-69.7562222142705,31.9997483395828,50.0003145755215));
#14749=CARTESIAN_POINT('',(-69.7636771370509,31.9997049848973,50.0003687688783));
#14750=CARTESIAN_POINT('',(-69.7710457046911,31.9996577058417,50.0004278676979));
#14751=CARTESIAN_POINT('',(-69.7807552965973,31.9995894347015,50.0005132066231));
#14752=CARTESIAN_POINT('',(-69.7926763637556,31.999494284982,50.0006321437725));
#14753=CARTESIAN_POINT('',(-69.8043095303152,31.999386054224,50.00076743222));
#14754=CARTESIAN_POINT('',(-69.8134433250351,31.9992916209736,50.000885473783));
#14755=CARTESIAN_POINT('',(-69.8202072984094,31.9992168717623,50.0009789102972));
#14756=CARTESIAN_POINT('',(-69.8268849126379,31.9991381980813,50.0010772523984));
#14757=CARTESIAN_POINT('',(-69.8323775829758,31.9990693669024,50.0011632913721));
#14758=CARTESIAN_POINT('',(-69.8367286089288,31.9990123387185,50.0012345766018));
#14759=CARTESIAN_POINT('',(-69.8394298365754,31.998975881005,50.0012801487437));
#14760=CARTESIAN_POINT('',(-69.8415804114658,31.9989462186454,50.0013172266933));
#14761=CARTESIAN_POINT('',(-69.8431868794207,31.9989237420746,50.0013453224067));
#14762=CARTESIAN_POINT('',(-69.8445244925272,31.9989047579995,50.0013690525007));
#14763=CARTESIAN_POINT('',(-69.8454518107022,31.998891458411,50.0013856769863));
#14764=CARTESIAN_POINT('',(-69.845991414407,31.998883677202,50.0013954034975));
#14765=CARTESIAN_POINT('',(-69.8463665325023,31.9988782507308,50.0014021865865));
#14766=CARTESIAN_POINT('',(-69.8468531112353,31.9988711852634,50.0014110184207));
#14767=CARTESIAN_POINT('',(-69.8474627054821,31.9988622959574,50.0014221300532));
#14768=CARTESIAN_POINT('',(-69.8485470171323,31.9988463931835,50.0014420085206));
#14769=CARTESIAN_POINT('',(-69.850084772739,31.9988235720852,50.0014705348936));
#14770=CARTESIAN_POINT('',(-69.8519312986119,31.9987957439224,50.001505320097));
#14771=CARTESIAN_POINT('',(-69.8543881271014,31.9987581480727,50.0015523149092));
#14772=CARTESIAN_POINT('',(-69.8574525459458,31.9987101859598,50.0016122675502));
#14773=CARTESIAN_POINT('',(-69.8623401930852,31.9986314019155,50.0017107476056));
#14774=CARTESIAN_POINT('',(-69.8684214358199,31.9985290794076,50.0018386507405));
#14775=CARTESIAN_POINT('',(-69.8756734323103,31.998400147206,50.0019998159925));
#14776=CARTESIAN_POINT('',(-69.8828799845125,31.9982650690833,50.0021686636459));
#14777=CARTESIAN_POINT('',(-69.8924281108986,31.9980767706037,50.0024040367453));
#14778=CARTESIAN_POINT('',(-69.9042496303361,31.9978260331436,50.0027174585705));
#14779=CARTESIAN_POINT('',(-69.9182536454333,31.9975005647566,50.0031242940542));
#14780=CARTESIAN_POINT('',(-69.9297721056444,31.9972088563196,50.0034889296006));
#14781=CARTESIAN_POINT('',(-69.9388960449015,31.9969631955355,50.0037960055806));
#14782=CARTESIAN_POINT('',(-69.9445604437057,31.9968045417554,50.0039943228058));
#14783=CARTESIAN_POINT('',(-69.9490696570545,31.9966745328295,50.0041568339631));
#14784=CARTESIAN_POINT('',(-69.9524390485796,31.9965755253344,50.004280593332));
#14785=CARTESIAN_POINT('',(-69.9552410785624,31.9964916253388,50.0043854683265));
#14786=CARTESIAN_POINT('',(-69.9571903188199,31.9964324456556,50.0044594429305));
#14787=CARTESIAN_POINT('',(-69.9583140063455,31.996398089212,50.004502388485));
#14788=CARTESIAN_POINT('',(-69.9591243522546,31.9963732045577,50.0045334943029));
#14789=CARTESIAN_POINT('',(-69.9600551977329,31.9963444827648,50.004569396544));
#14790=CARTESIAN_POINT('',(-69.9612535601301,31.9963073167961,50.0046158540049));
#14791=CARTESIAN_POINT('',(-69.9633688226967,31.99624123871,50.0046984516125));
#14792=CARTESIAN_POINT('',(-69.9663759915893,31.9961459163598,50.0048176045503));
#14793=CARTESIAN_POINT('',(-69.9699820174845,31.9960294095889,50.0049632380139));
#14794=CARTESIAN_POINT('',(-69.9747792158217,31.9958714678444,50.0051606651945));
#14795=CARTESIAN_POINT('',(-69.9807588023942,31.9956690622274,50.0054136722158));
#14796=CARTESIAN_POINT('',(-69.9902886463856,31.9953346360995,50.0058317048756));
#14797=CARTESIAN_POINT('',(-70.002131306861,31.9948967509892,50.0063790612635));
#14798=CARTESIAN_POINT('',(-70.0162308362708,31.9943395326295,50.0070755842131));
#14799=CARTESIAN_POINT('',(-70.0302188513933,31.9937505514989,50.0078118106264));
#14800=CARTESIAN_POINT('',(-70.0417822991269,31.9932332803152,50.008458399606));
#14801=CARTESIAN_POINT('',(-70.050977771066,31.9928035575329,50.0089955530839));
#14802=CARTESIAN_POINT('',(-70.0578450733777,31.9924733982467,50.0094082521916));
#14803=CARTESIAN_POINT('',(-70.063549033768,31.9921914186876,50.0097607266405));
#14804=CARTESIAN_POINT('',(-70.0675208504377,31.9919910116379,50.0100112354526));
#14805=CARTESIAN_POINT('',(-70.0698006339025,31.9918747947351,50.0101565065811));
#14806=CARTESIAN_POINT('',(-70.0714702432919,31.9917891250163,50.0102635937297));
#14807=CARTESIAN_POINT('',(-70.0732852160774,31.99169535539,50.0103808057625));
#14808=CARTESIAN_POINT('',(-70.0756525334042,31.9915721709773,50.0105347862783));
#14809=CARTESIAN_POINT('',(-70.0798151097662,31.9913533303869,50.0108083370165));
#14810=CARTESIAN_POINT('',(-70.0857376535974,31.9910354923087,50.0112056346142));
#14811=CARTESIAN_POINT('',(-70.0928315628657,31.9906444578042,50.0116944277448));
#14812=CARTESIAN_POINT('',(-70.1022636193531,31.990110699835,50.0123616252062));
#14813=CARTESIAN_POINT('',(-70.1140081414493,31.9894200814335,50.0132248982082));
#14814=CARTESIAN_POINT('',(-70.1280274435985,31.9885539285804,50.0143075892745));
#14815=CARTESIAN_POINT('',(-70.1419727994533,31.9876503600118,50.0154370499853));
#14816=CARTESIAN_POINT('',(-70.153532752802,31.9868661706455,50.0164172866931));
#14817=CARTESIAN_POINT('',(-70.1627428516107,31.9862201781997,50.0172247772503));
#14818=CARTESIAN_POINT('',(-70.1696344777289,31.9857261364449,50.0178423294439));
#14819=CARTESIAN_POINT('',(-70.1753540774467,31.9853072492178,50.0183659384778));
#14820=CARTESIAN_POINT('',(-70.1799385289562,31.9849660924437,50.0187923844454));
#14821=CARTESIAN_POINT('',(-70.1833230442318,31.9847116273956,50.0191104657556));
#14822=CARTESIAN_POINT('',(-70.1868907594794,31.9844405424449,50.0194493219439));
#14823=CARTESIAN_POINT('',(-70.1915783712332,31.9840804989703,50.0198993762871));
#14824=CARTESIAN_POINT('',(-70.1998006736608,31.9834390035936,50.020701245508));
#14825=CARTESIAN_POINT('',(-70.2114986327339,31.9824976507364,50.0218779365795));
#14826=CARTESIAN_POINT('',(-70.2254912668954,31.9813257186731,50.0233428516586));
#14827=CARTESIAN_POINT('',(-70.2394302296575,31.980112139697,50.0248598253788));
#14828=CARTESIAN_POINT('',(-70.2533183568358,31.9788566861307,50.0264291423366));
#14829=CARTESIAN_POINT('',(-70.2671530598414,31.9775596069616,50.028050491298));
#14830=CARTESIAN_POINT('',(-70.2786437243186,31.9764433794252,50.0294457757186));
#14831=CARTESIAN_POINT('',(-70.2866550808013,31.975644708373,50.0304441145337));
#14832=CARTESIAN_POINT('',(-70.2912413114944,31.9751815811754,50.0310230235308));
#14833=CARTESIAN_POINT('',(-70.2946361167518,31.9748359034473,50.0314551206909));
#14834=CARTESIAN_POINT('',(-70.298186834338,31.9744712537285,50.0319109328394));
#14835=CARTESIAN_POINT('',(-70.3028631414145,31.973986803968,50.03251649504));
#14836=CARTESIAN_POINT('',(-70.3110648765019,31.9731262756221,50.0335921554725));
#14837=CARTESIAN_POINT('',(-70.3227468161707,31.9718693775766,50.0351632780293));
#14838=CARTESIAN_POINT('',(-70.3367366584713,31.9703142145302,50.0371072318372));
#14839=CARTESIAN_POINT('',(-70.3553421304894,31.9681791336307,50.0397760829616));
#14840=CARTESIAN_POINT('',(-70.3785140689309,31.9653944619323,50.0432569225847));
#14841=CARTESIAN_POINT('',(-70.4061832019784,31.9618676775027,50.0476654031216));
#14842=CARTESIAN_POINT('',(-70.4337153535571,31.958155703019,50.0523053712262));
#14843=CARTESIAN_POINT('',(-70.4565450820641,31.9549079926741,50.0563650091574));
#14844=CARTESIAN_POINT('',(-70.4747395121806,31.9522173670166,50.0597282912292));
#14845=CARTESIAN_POINT('',(-70.4883535328973,31.9501527026815,50.0623091216482));
#14846=CARTESIAN_POINT('',(-70.4996622874491,31.9483948198392,50.064506475201));
#14847=CARTESIAN_POINT('',(-70.508709522994,31.9469625491952,50.066296813506));
#14848=CARTESIAN_POINT('',(-70.5154389869137,31.9458844603103,50.0676444246122));
#14849=CARTESIAN_POINT('',(-70.5223408360669,31.9447654461844,50.0690431922696));
#14850=CARTESIAN_POINT('',(-70.5314728701436,31.9432669426685,50.0709163216643));
#14851=CARTESIAN_POINT('',(-70.5474615064577,31.9405967215455,50.0742540980681));
#14852=CARTESIAN_POINT('',(-70.5702260076023,31.9366611355255,50.0791735805931));
#14853=CARTESIAN_POINT('',(-70.5974519160394,31.931739931826,50.0853250852175));
#14854=CARTESIAN_POINT('',(-70.6336202128848,31.924915408762,50.0938557390475));
#14855=CARTESIAN_POINT('',(-70.6785863989391,31.915890978191,50.1051362772612));
#14856=CARTESIAN_POINT('',(-70.7321535513716,31.9042718703627,50.1196601620466));
#14857=CARTESIAN_POINT('',(-70.7853288425395,31.8918629076297,50.1351713654629));
#14858=CARTESIAN_POINT('',(-70.8293149812554,31.8808638957681,50.14892013029));
#14859=CARTESIAN_POINT('',(-70.8643078519782,31.8716697856016,50.160412767998));
#14860=CARTESIAN_POINT('',(-70.8860969110794,31.8657588662753,50.1678014171559));
#14861=CARTESIAN_POINT('',(-70.9034787775892,31.8609315143341,50.1738356070824));
#14862=CARTESIAN_POINT('',(-70.9164917445392,31.8572613230149,50.1784233462313));
#14863=CARTESIAN_POINT('',(-70.9273120874786,31.8541626855004,50.1822966431245));
#14864=CARTESIAN_POINT('',(-70.9348822487613,31.8519700933249,50.1850373833439));
#14865=CARTESIAN_POINT('',(-70.9391946279615,31.8507140554753,50.1866074306558));
#14866=CARTESIAN_POINT('',(-70.9424565803227,31.8497603706544,50.187799536682));
#14867=CARTESIAN_POINT('',(-70.9456053883675,31.848836363624,50.18895454547));
#14868=CARTESIAN_POINT('',(-70.9498404438036,31.8475891239344,50.190513595082));
#14869=CARTESIAN_POINT('',(-70.9572278052917,31.845401598625,50.1932480017188));
#14870=CARTESIAN_POINT('',(-70.9677738774388,31.8422447936724,50.1971940079095));
#14871=CARTESIAN_POINT('',(-70.9803982764928,31.8384114105243,50.2019857368447));
#14872=CARTESIAN_POINT('',(-70.9971964368677,31.8332379532636,50.2084525584204));
#14873=CARTESIAN_POINT('',(-71.0181266160863,31.8266552509455,50.2166809363181));
#14874=CARTESIAN_POINT('',(-71.0514717377733,31.8158754886814,50.2301556391482));
#14875=CARTESIAN_POINT('',(-71.0846038289235,31.8047239065922,50.2440951167597));
#14876=CARTESIAN_POINT('',(-71.1134022575616,31.7946430352269,50.2566962059664));
#14877=CARTESIAN_POINT('',(-71.1277602452434,31.7895193034587,50.2631008706766));
#14878=CARTESIAN_POINT('',(-71.1359421756922,31.7865716202246,50.2667854747193));
#14879=CARTESIAN_POINT('',(-71.142097925223,31.7843397629497,50.2695752963129));
#14880=CARTESIAN_POINT('',(-71.1481475321685,31.7821326011539,50.2723342485577));
#14881=CARTESIAN_POINT('',(-71.156237645082,31.7791626775825,50.2760466530218));
#14882=CARTESIAN_POINT('',(-71.1703522456844,31.7739327443589,50.2825840695513));
#14883=CARTESIAN_POINT('',(-71.198484043606,31.7633154523133,50.2958556846083));
#14884=CARTESIAN_POINT('',(-71.2383571285754,31.7477113644765,50.3153607944044));
#14885=CARTESIAN_POINT('',(-71.2778147325636,31.7315239299604,50.3355950875495));
#14886=CARTESIAN_POINT('',(-71.305224942356,31.7198828020316,50.3501464974605));
#14887=CARTESIAN_POINT('',(-71.3208142167436,31.7131482360057,50.3585647049928));
#14888=CARTESIAN_POINT('',(-71.3325080424076,31.708038942498,50.3649513218776));
#14889=CARTESIAN_POINT('',(-71.3440450596817,31.7029414398007,50.3713232002492));
#14890=CARTESIAN_POINT('',(-71.3594230368121,31.696071285039,50.3799108937013));
#14891=CARTESIAN_POINT('',(-71.3861910878335,31.6839128161231,50.3951089798462));
#14892=CARTESIAN_POINT('',(-71.4165091390617,31.6696837763141,50.4128952796074));
#14893=CARTESIAN_POINT('',(-71.4465415869944,31.6551261589171,50.4310923013536));
#14894=CARTESIAN_POINT('',(-71.4651946140158,31.6458899631507,50.4426375460617));
#14895=CARTESIAN_POINT('',(-71.4800460033405,31.6384187275458,50.4519765905677));
#14896=CARTESIAN_POINT('',(-71.4911501138502,31.6327735984038,50.4590330019953));
#14897=CARTESIAN_POINT('',(-71.5003713076079,31.6280364205214,50.4649544743483));
#14898=CARTESIAN_POINT('',(-71.5068161784774,31.6246994861897,50.4691256422629));
#14899=CARTESIAN_POINT('',(-71.5104859787635,31.6227919892526,50.4715100134343));
#14900=CARTESIAN_POINT('',(-71.5132602577485,31.6213461758425,50.473317280197));
#14901=CARTESIAN_POINT('',(-71.5159400681807,31.619945999323,50.4750675008462));
#14902=CARTESIAN_POINT('',(-71.5195421428168,31.6180592094699,50.4774259881626));
#14903=CARTESIAN_POINT('',(-71.5258225684337,31.6147568689428,50.4815539138215));
#14904=CARTESIAN_POINT('',(-71.5347789044858,31.6100115656497,50.4874855429379));
#14905=CARTESIAN_POINT('',(-71.545485513886,31.6042811939014,50.4946485076232));
#14906=CARTESIAN_POINT('',(-71.5597119722438,31.5965897503248,50.504262812094));
#14907=CARTESIAN_POINT('',(-71.5774005312901,31.5868812735119,50.5163984081101));
#14908=CARTESIAN_POINT('',(-71.5984764142832,31.5750799890361,50.5311500137048));
#14909=CARTESIAN_POINT('',(-71.6194016231668,31.5631277476284,50.5460903154645));
#14910=CARTESIAN_POINT('',(-71.6367139943194,31.5530415949114,50.5586980063607));
#14911=CARTESIAN_POINT('',(-71.6504882313964,31.5448973939685,50.5688782575393));
#14912=CARTESIAN_POINT('',(-71.6607822775644,31.5387508697903,50.5765614127621));
#14913=CARTESIAN_POINT('',(-71.6693260614807,31.533599276974,50.5830009037825));
#14914=CARTESIAN_POINT('',(-71.675296556531,31.5299727752928,50.587534030884));
#14915=CARTESIAN_POINT('',(-71.6786937015673,31.5279018114754,50.5901227356558));
#14916=CARTESIAN_POINT('',(-71.6812669861044,31.5263292085198,50.5920884893502));
#14917=CARTESIAN_POINT('',(-71.6837317344407,31.524819306976,50.59397586628));
#14918=CARTESIAN_POINT('',(-71.6870518673129,31.5227806345556,50.5965242068055));
#14919=CARTESIAN_POINT('',(-71.6928364116751,31.5192160064489,50.6009799919388));
#14920=CARTESIAN_POINT('',(-71.7010849461114,31.514096773555,50.6073790330562));
#14921=CARTESIAN_POINT('',(-71.7109407401352,31.5079218158713,50.6150977301609));
#14922=CARTESIAN_POINT('',(-71.7240316965662,31.4996420668158,50.6254474164802));
#14923=CARTESIAN_POINT('',(-71.7402984611441,31.4892070716131,50.6384911604836));
#14924=CARTESIAN_POINT('',(-71.7661197412078,31.472328327647,50.6595895904412));
#14925=CARTESIAN_POINT('',(-71.798010374726,31.4508875885793,50.6863905142759));
#14926=CARTESIAN_POINT('',(-71.8356617714991,31.4246108945408,50.719236381824));
#14927=CARTESIAN_POINT('',(-71.8726957447854,31.397786432576,50.7527669592801));
#14928=CARTESIAN_POINT('',(-71.9030429172036,31.374976204048,50.7812797449401));
#14929=CARTESIAN_POINT('',(-71.9270118877604,31.3564541841606,50.8044322697993));
#14930=CARTESIAN_POINT('',(-71.9418640163651,31.3447636785268,50.8190454018415));
#14931=CARTESIAN_POINT('',(-71.9536682053048,31.3353430805846,50.8308211492693));
#14932=CARTESIAN_POINT('',(-71.9624836859082,31.3282426310626,50.8396967111717));
#14933=CARTESIAN_POINT('',(-71.9697948154872,31.3222994921134,50.8471256348582));
#14934=CARTESIAN_POINT('',(-71.9749015090265,31.3181195424843,50.8523505718946));
#14935=CARTESIAN_POINT('',(-71.9778057633948,31.3157341744283,50.8553322819647));
#14936=CARTESIAN_POINT('',(-71.9800069878582,31.3139220101957,50.8575974872554));
#14937=CARTESIAN_POINT('',(-71.9821085352803,31.3121879727935,50.8597650340082));
#14938=CARTESIAN_POINT('',(-71.9849415529008,31.3098452164791,50.8626934794011));
#14939=CARTESIAN_POINT('',(-71.9898755670882,31.3057512351107,50.8678109561116));
#14940=CARTESIAN_POINT('',(-71.9969097614063,31.2998753388055,50.8751558264931));
#14941=CARTESIAN_POINT('',(-72.0053109737022,31.2927943171401,50.8840071035749));
#14942=CARTESIAN_POINT('',(-72.0164654566616,31.2833081200414,50.8958648499483));
#14943=CARTESIAN_POINT('',(-72.0303174397764,31.2713685681404,50.9107892898245));
#14944=CARTESIAN_POINT('',(-72.0467948901979,31.2569095058752,50.928863117656));
#14945=CARTESIAN_POINT('',(-72.0631271731205,31.2423190406119,50.9471011992351));
#14946=CARTESIAN_POINT('',(-72.0766165102328,31.230050753058,50.9624365586775));
#14947=CARTESIAN_POINT('',(-72.0873353815982,31.2201704382276,50.9747869522155));
#14948=CARTESIAN_POINT('',(-72.0940045345597,31.2139677704968,50.982540286879));
#14949=CARTESIAN_POINT('',(-72.0993215117382,31.208989401345,50.9887632483188));
#14950=CARTESIAN_POINT('',(-72.103300739145,31.2052468721057,50.9934414098679));
#14951=CARTESIAN_POINT('',(-72.106607409607,31.2021229591971,50.9973463010036));
#14952=CARTESIAN_POINT('',(-72.1089216324749,31.1999292744738,51.0000884069078));
#14953=CARTESIAN_POINT('',(-72.1102374133534,31.1986799463197,51.0016500671004));
#14954=CARTESIAN_POINT('',(-72.1112391715105,31.1977276955248,51.0028403805941));
#14955=CARTESIAN_POINT('',(-72.1121811546843,31.1968312796333,51.0039609004584));
#14956=CARTESIAN_POINT('',(-72.1134571447976,31.195615728659,51.0054803391762));
#14957=CARTESIAN_POINT('',(-72.1156787510862,31.1934958943255,51.0081301320932));
#14958=CARTESIAN_POINT('',(-72.11885253132,31.1904576958281,51.0119278802149));
#14959=CARTESIAN_POINT('',(-72.1226509444929,31.1868057842565,51.0164927696794));
#14960=CARTESIAN_POINT('',(-72.1277056252848,31.181925023193,51.0225937210087));
#14961=CARTESIAN_POINT('',(-72.1340038001656,31.1758040108074,51.0302449864908));
#14962=CARTESIAN_POINT('',(-72.1440385318155,31.1659669342158,51.0425413322303));
#14963=CARTESIAN_POINT('',(-72.1565022233385,31.153589411499,51.0580132356263));
#14964=CARTESIAN_POINT('',(-72.1713311995902,31.1386064024782,51.0767419969023));
#14965=CARTESIAN_POINT('',(-72.1860326851361,31.1234934484451,51.0956331894436));
#14966=CARTESIAN_POINT('',(-72.1981777185301,31.1107909922437,51.1115112596954));
#14967=CARTESIAN_POINT('',(-72.2078299506082,31.1005641089969,51.1242948637539));
#14968=CARTESIAN_POINT('',(-72.2138361651951,31.0941450930962,51.1323186336298));
#14969=CARTESIAN_POINT('',(-72.2186249108983,31.0889939538363,51.1387575577046));
#14970=CARTESIAN_POINT('',(-72.2222093005511,31.0851216052804,51.1435979933995));
#14971=CARTESIAN_POINT('',(-72.2251871149408,31.0818906523275,51.1476366845907));
#14972=CARTESIAN_POINT('',(-72.2272730792066,31.0796199899807,51.1504750125242));
#14973=CARTESIAN_POINT('',(-72.2284562871846,31.0783299501097,51.152087562363));
#14974=CARTESIAN_POINT('',(-72.2293650994503,31.077337976998,51.1533275287525));
#14975=CARTESIAN_POINT('',(-72.2301896846471,31.0764369900661,51.1544537624174));
#14976=CARTESIAN_POINT('',(-72.2313178014535,31.0752031307519,51.1559960865602));
#14977=CARTESIAN_POINT('',(-72.2332769098536,31.0730570638461,51.1586786701924));
#14978=CARTESIAN_POINT('',(-72.236078539105,31.069978688595,51.1625266392562));
#14979=CARTESIAN_POINT('',(-72.2394306981397,31.0662802944585,51.1671496319269));
#14980=CARTESIAN_POINT('',(-72.2438923104384,31.0613377133959,51.1733278582552));
#14981=CARTESIAN_POINT('',(-72.2494520907529,31.0551407092138,51.1810741134827));
#14982=CARTESIAN_POINT('',(-72.2583119524602,31.0451843720733,51.1935195349084));
#14983=CARTESIAN_POINT('',(-72.2693192274653,31.0326623242461,51.2091720946924));
#14984=CARTESIAN_POINT('',(-72.2824200158822,31.0175131098313,51.2281086127109));
#14985=CARTESIAN_POINT('',(-72.2954128247263,31.0022411798497,51.2471985251879));
#14986=CARTESIAN_POINT('',(-72.3125926105777,30.9817149710629,51.2728562861713));
#14987=CARTESIAN_POINT('',(-72.3337974130409,30.9557504003367,51.3053119995792));
#14988=CARTESIAN_POINT('',(-72.3546423106605,30.9293767481848,51.3382790647691));
#14989=CARTESIAN_POINT('',(-72.3711022855898,30.9080323778835,51.3649595276456));
#14990=CARTESIAN_POINT('',(-72.383339295188,30.8919013759053,51.3851232801183));
#14991=CARTESIAN_POINT('',(-72.3934468270552,30.8783566037578,51.4020542453027));
#14992=CARTESIAN_POINT('',(-72.4014788663956,30.8674594244147,51.4156757194816));
#14993=CARTESIAN_POINT('',(-72.4074759040386,30.8592558573704,51.425930178287));
#14994=CARTESIAN_POINT('',(-72.4134459448738,30.851021614812,51.4362229814849));
#14995=CARTESIAN_POINT('',(-72.4183984970357,30.8441341611125,51.4448322986094));
#14996=CARTESIAN_POINT('',(-72.4223470149842,30.8386088964348,51.4517388794565));
#14997=CARTESIAN_POINT('',(-72.4248092774215,30.8351491257335,51.4560635928331));
#14998=CARTESIAN_POINT('',(-72.426775570723,30.8323776764593,51.4595279044259));
#14999=CARTESIAN_POINT('',(-72.4282489939122,30.8302966177028,51.4621292278714));
#15000=CARTESIAN_POINT('',(-72.4294741991854,30.8285625672017,51.4642967909978));
#15001=CARTESIAN_POINT('',(-72.4303335412075,30.8273444328778,51.4658194589027));
#15002=CARTESIAN_POINT('',(-72.4308205786449,30.8266535189874,51.4666831012658));
#15003=CARTESIAN_POINT('',(-72.4311964679572,30.8261199946177,51.4673500067279));
#15004=CARTESIAN_POINT('',(-72.4315312872598,30.8256445255345,51.4679443430819));
#15005=CARTESIAN_POINT('',(-72.4319918793755,30.8249901468327,51.4687623164591));
#15006=CARTESIAN_POINT('',(-72.4327909249157,30.8238540826333,51.4701823967084));
#15007=CARTESIAN_POINT('',(-72.4339349530451,30.8222251843059,51.4722185196176));
#15008=CARTESIAN_POINT('',(-72.4353047813894,30.8202710082597,51.4746612396753));
#15009=CARTESIAN_POINT('',(-72.4371297193905,30.8176625506836,51.4779218116456));
#15010=CARTESIAN_POINT('',(-72.4394069256378,30.8143981989481,51.4820022513149));
#15011=CARTESIAN_POINT('',(-72.4430424740967,30.8091664916857,51.4885418853928));
#15012=CARTESIAN_POINT('',(-72.4475717233466,30.8026107752803,51.4967365308996));
#15013=CARTESIAN_POINT('',(-72.4529825936673,30.794718085457,51.5066023931788));
#15014=CARTESIAN_POINT('',(-72.4583692166378,30.7867995918553,51.5165005101809));
#15015=CARTESIAN_POINT('',(-72.4655190573932,30.7762071859876,51.5297410175155));
#15016=CARTESIAN_POINT('',(-72.4743957492908,30.762902155966,51.5463723050425));
#15017=CARTESIAN_POINT('',(-72.4849508060464,30.7468328822874,51.5664588971407));
#15018=CARTESIAN_POINT('',(-72.4988949166841,30.7252695343318,51.5934130820853));
#15019=CARTESIAN_POINT('',(-72.5160826207148,30.6980572559062,51.6274284301172));
#15020=CARTESIAN_POINT('',(-72.5329470789288,30.6705008530571,51.6618739336786));
#15021=CARTESIAN_POINT('',(-72.5462446981975,30.6482492557836,51.6896884302705));
#15022=CARTESIAN_POINT('',(-72.5561209385399,30.6314573211685,51.7106783485394));
#15023=CARTESIAN_POINT('',(-72.564270328617,30.6173780089386,51.7282774888267));
#15024=CARTESIAN_POINT('',(-72.5707413510641,30.6060629455073,51.7424213181159));
#15025=CARTESIAN_POINT('',(-72.5755703819915,30.5975508248323,51.7530614689596));
#15026=CARTESIAN_POINT('',(-72.5803751407735,30.5890129473375,51.7637338158282));
#15027=CARTESIAN_POINT('',(-72.5843589930124,30.5818763780348,51.7726545274565));
#15028=CARTESIAN_POINT('',(-72.5875337527749,30.5761545843146,51.7798067696068));
#15029=CARTESIAN_POINT('',(-72.589909309011,30.5718557856742,51.7851802679073));
#15030=CARTESIAN_POINT('',(-72.591882147717,30.5682712605802,51.7896609242748));
#15031=CARTESIAN_POINT('',(-72.5932638993841,30.5657530215515,51.7928087230607));
#15032=CARTESIAN_POINT('',(-72.5940473800516,30.5643229778908,51.7945962776365));
#15033=CARTESIAN_POINT('',(-72.5946496380108,30.5632225573431,51.7959718033211));
#15034=CARTESIAN_POINT('',(-72.5951940791713,30.5622267933434,51.7972165083208));
#15035=CARTESIAN_POINT('',(-72.595939558172,30.5608620774557,51.7989224031804));
#15036=CARTESIAN_POINT('',(-72.5972335405046,30.5584897911956,51.8018877610055));
#15037=CARTESIAN_POINT('',(-72.599083343861,30.555088769967,51.8061390375412));
#15038=CARTESIAN_POINT('',(-72.601295219177,30.5510063666883,51.8112420416396));
#15039=CARTESIAN_POINT('',(-72.6042373838172,30.5455551685035,51.8180560393707));
#15040=CARTESIAN_POINT('',(-72.6079003417191,30.5387291390118,51.8265885762352));
#15041=CARTESIAN_POINT('',(-72.6137302849486,30.5277805949242,51.8402742563447));
#15042=CARTESIAN_POINT('',(-72.6209596740353,30.514045049127,51.8574436885913));
#15043=CARTESIAN_POINT('',(-72.629542174245,30.4974824314386,51.8781469607018));
#15044=CARTESIAN_POINT('',(-72.6380318817183,30.480839898598,51.8989501267525));
#15045=CARTESIAN_POINT('',(-72.6492277772907,30.4585432843584,51.926820894552));
#15046=CARTESIAN_POINT('',(-72.6629906779525,30.430472704883,51.9619091188963));
#15047=CARTESIAN_POINT('',(-72.6764442882351,30.4021357072277,51.9973303659653));
#15048=CARTESIAN_POINT('',(-72.6870216015466,30.3793062597172,52.0258671753535));
#15049=CARTESIAN_POINT('',(-72.6948618003511,30.3621042463821,52.0473696920223));
#15050=CARTESIAN_POINT('',(-72.7026092078953,30.3448223173696,52.0689721032881));
#15051=CARTESIAN_POINT('',(-72.7089880706708,30.3303540758865,52.0870574051419));
#15052=CARTESIAN_POINT('',(-72.7140447392316,30.3187395864833,52.1015755168959));
#15053=CARTESIAN_POINT('',(-72.7171858902472,30.3114637283908,52.1106703395115));
#15054=CARTESIAN_POINT('',(-72.7196870664491,30.3056333973908,52.1179582532615));
#15055=CARTESIAN_POINT('',(-72.7215575497112,30.3012547061251,52.1234316173437));
#15056=CARTESIAN_POINT('',(-72.7231101796365,30.297604648718,52.1279941891025));
#15057=CARTESIAN_POINT('',(-72.7241969825574,30.2950415067147,52.1311981166066));
#15058=CARTESIAN_POINT('',(-72.7248133857218,30.2935854676382,52.1330181654523));
#15059=CARTESIAN_POINT('',(-72.7252863181373,30.2924671027754,52.1344161215308));
#15060=CARTESIAN_POINT('',(-72.7257168692206,30.291447900139,52.1356901248263));
#15061=CARTESIAN_POINT('',(-72.7263051346218,30.290053993234,52.1374325084575));
#15062=CARTESIAN_POINT('',(-72.7273265491093,30.2876300155097,52.1404624806129));
#15063=CARTESIAN_POINT('',(-72.7287858016278,30.2841564795914,52.1448044005107));
#15064=CARTESIAN_POINT('',(-72.7305298041115,30.2799882255996,52.1500147180006));
#15065=CARTESIAN_POINT('',(-72.7328482455238,30.2744244571388,52.1569694285765));
#15066=CARTESIAN_POINT('',(-72.7357321847891,30.2674611151492,52.1656736060635));
#15067=CARTESIAN_POINT('',(-72.7403168731382,30.2563001904768,52.1796247619041));
#15068=CARTESIAN_POINT('',(-72.7459919797868,30.2423128627584,52.197108921552));
#15069=CARTESIAN_POINT('',(-72.7527129728343,30.2254700263032,52.2181624671209));
#15070=CARTESIAN_POINT('',(-72.759344811899,30.2085691917045,52.2392885103694));
#15071=CARTESIAN_POINT('',(-72.7680683987788,30.1859573987023,52.2675532516221));
#15072=CARTESIAN_POINT('',(-72.7787500069679,30.1575476395369,52.3030654505788));
#15073=CARTESIAN_POINT('',(-72.789134448892,30.1289445208094,52.3388193489883));
#15074=CARTESIAN_POINT('',(-72.7972637022624,30.1059460112658,52.3675674859177));
#15075=CARTESIAN_POINT('',(-72.8032714929061,30.0886391196493,52.3892011004384));
#15076=CARTESIAN_POINT('',(-72.809190131404,30.0712742272287,52.4109072159641));
#15077=CARTESIAN_POINT('',(-72.8140480453197,30.0567551225072,52.4290560968661));
#15078=CARTESIAN_POINT('',(-72.81788978624,30.0451108826623,52.4436113966721));
#15079=CARTESIAN_POINT('',(-72.8202723360849,30.037821039097,52.4527237011288));
#15080=CARTESIAN_POINT('',(-72.8221671527958,30.0319821623112,52.4600222971111));
#15081=CARTESIAN_POINT('',(-72.823582910909,30.0275986974148,52.4655016282315));
#15082=CARTESIAN_POINT('',(-72.8247573743594,30.0239449577717,52.4700688027853));
#15083=CARTESIAN_POINT('',(-72.8255784186201,30.0213814972696,52.473273128413));
#15084=CARTESIAN_POINT('',(-72.8260447705992,30.019922855849,52.4750964301888));
#15085=CARTESIAN_POINT('',(-72.8264001575303,30.0188099253535,52.4764875933081));
#15086=CARTESIAN_POINT('',(-72.8267323713074,30.0177683364474,52.4777895794407));
#15087=CARTESIAN_POINT('',(-72.8271828417962,30.0163543792672,52.479557025916));
#15088=CARTESIAN_POINT('',(-72.8279662795588,30.0138909785897,52.4826362767628));
#15089=CARTESIAN_POINT('',(-72.8290840623257,30.0103640511418,52.4870449360728));
#15090=CARTESIAN_POINT('',(-72.8304192039343,30.0061316069714,52.4923354912857));
#15091=CARTESIAN_POINT('',(-72.8321925266502,30.0004837970088,52.499395253739));
#15092=CARTESIAN_POINT('',(-72.834395662849,29.9934175155792,52.5082281055259));
#15093=CARTESIAN_POINT('',(-72.8378921115036,29.9820967207594,52.5223790990508));
#15094=CARTESIAN_POINT('',(-72.8422089818098,29.9679184668369,52.5401019164538));
#15095=CARTESIAN_POINT('',(-72.8473033600039,29.9508608244811,52.5614239693986));
#15096=CARTESIAN_POINT('',(-72.8523118616753,29.9337594768818,52.5828006538978));
#15097=CARTESIAN_POINT('',(-72.858875365542,29.9108993949467,52.6113757563166));
#15098=CARTESIAN_POINT('',(-72.866865059307,29.8822150129678,52.6472312337903));
#15099=CARTESIAN_POINT('',(-72.8745685052099,29.8533849244617,52.6832688444229));
#15100=CARTESIAN_POINT('',(-72.8805595135851,29.8302334280198,52.7122082149752));
#15101=CARTESIAN_POINT('',(-72.8849668945717,29.812826097803,52.7339673777463));
#15102=CARTESIAN_POINT('',(-72.8892884048757,29.7953750394715,52.7557812006607));
#15103=CARTESIAN_POINT('',(-72.8928180901208,29.7807961140859,52.7740048573926));
#15104=CARTESIAN_POINT('',(-72.8955989266601,29.7691110058596,52.7886112426756));
#15105=CARTESIAN_POINT('',(-72.897319000924,29.7617989612523,52.7977512984346));
#15106=CARTESIAN_POINT('',(-72.8986844590706,29.7559432782045,52.8050709022444));
#15107=CARTESIAN_POINT('',(-72.8997028213018,29.7515503811397,52.8105620235753));
#15108=CARTESIAN_POINT('',(-72.900548142553,29.7478822758914,52.8151471551358));
#15109=CARTESIAN_POINT('',(-72.9012191172643,29.7449578215339,52.8188027230826));
#15110=CARTESIAN_POINT('',(-72.9017281074524,29.7427326588476,52.8215841764406));
#15111=CARTESIAN_POINT('',(-72.9022086514477,29.7406256709062,52.8242179113673));
#15112=CARTESIAN_POINT('',(-72.9028571941762,29.7377739655028,52.8277825431215));
#15113=CARTESIAN_POINT('',(-72.9036614656778,29.7342219291536,52.8322225885581));
#15114=CARTESIAN_POINT('',(-72.9046229482844,29.7299507551998,52.8375615560002));
#15115=CARTESIAN_POINT('',(-72.9058977208616,29.7242544733144,52.844681908357));
#15116=CARTESIAN_POINT('',(-72.9074787587861,29.7171268060208,52.853591492474));
#15117=CARTESIAN_POINT('',(-72.909981457793,29.7057088959039,52.8678638801201));
#15118=CARTESIAN_POINT('',(-72.9130594851916,29.6914100248501,52.8857374689374));
#15119=CARTESIAN_POINT('',(-72.9166724989978,29.6742092898032,52.907238387746));
#15120=CARTESIAN_POINT('',(-72.9202049111239,29.6569663889246,52.9287920138443));
#15121=CARTESIAN_POINT('',(-72.9248073188222,29.6339196606807,52.9576004241491));
#15122=CARTESIAN_POINT('',(-72.9303588158067,29.605005871965,52.9937426600438));
#15123=CARTESIAN_POINT('',(-72.936698189124,29.5701407372464,53.037324078442));
#15124=CARTESIAN_POINT('',(-72.9417123201372,29.5409459290164,53.0738175887296));
#15125=CARTESIAN_POINT('',(-72.9455624043934,29.5175058500502,53.1031176874372));
#15126=CARTESIAN_POINT('',(-72.9479015583009,29.5028205232839,53.1214743458951));
#15127=CARTESIAN_POINT('',(-72.9497325274994,29.4910515365496,53.136185579313));
#15128=CARTESIAN_POINT('',(-72.9510857433777,29.4822133020051,53.1472333724936));
#15129=CARTESIAN_POINT('',(-72.9521961841183,29.4748423699115,53.1564470376106));
#15130=CARTESIAN_POINT('',(-72.9529655524239,29.4696721324668,53.1629098344164));
#15131=CARTESIAN_POINT('',(-72.9534013047397,29.4667257231272,53.166592846091));
#15132=CARTESIAN_POINT('',(-72.9537307126286,29.4644889769237,53.1693887788454));
#15133=CARTESIAN_POINT('',(-72.9540441325148,29.4623520299491,53.1720599625637));
#15134=CARTESIAN_POINT('',(-72.9544656573063,29.4594664894584,53.175666888177));
#15135=CARTESIAN_POINT('',(-72.9551968679882,29.4544301025715,53.1819623717856));
#15136=CARTESIAN_POINT('',(-72.9562311511458,29.4472179908674,53.1909775114157));
#15137=CARTESIAN_POINT('',(-72.9574532495713,29.4385531667529,53.2018085415589));
#15138=CARTESIAN_POINT('',(-72.9590582333424,29.4269801866654,53.2162747666682));
#15139=CARTESIAN_POINT('',(-72.9610181431833,29.4124795249899,53.2344005937627));
#15140=CARTESIAN_POINT('',(-72.9632960564741,29.395022722898,53.2562215963775));
#15141=CARTESIAN_POINT('',(-72.9654999488299,29.3775102176356,53.2781122279555));
#15142=CARTESIAN_POINT('',(-72.9672748720051,29.3628697855521,53.2964127680599));
#15143=CARTESIAN_POINT('',(-72.9686577667014,29.3511299009453,53.3110876238183));
#15144=CARTESIAN_POINT('',(-72.9696765439762,29.3423100481784,53.3221124397769));
#15145=CARTESIAN_POINT('',(-72.970509762714,29.3349516860535,53.3313103924332));
#15146=CARTESIAN_POINT('',(-72.9710855963573,29.3297885641664,53.337764294792));
#15147=CARTESIAN_POINT('',(-72.9714112772539,29.3268460904465,53.3414423869419));
#15148=CARTESIAN_POINT('',(-72.9716573511274,29.3246112478092,53.3442359402385));
#15149=CARTESIAN_POINT('',(-72.9718909174149,29.322479181958,53.3469010225525));
#15150=CARTESIAN_POINT('',(-72.9722049332737,29.3195985027078,53.3505018716153));
#15151=CARTESIAN_POINT('',(-72.9727489192213,29.3145698999516,53.3567876250605));
#15152=CARTESIAN_POINT('',(-72.9735165011696,29.3073650084037,53.3657937394953));
#15153=CARTESIAN_POINT('',(-72.9744203601114,29.2987031837129,53.3766210203589));
#15154=CARTESIAN_POINT('',(-72.9756032205763,29.2871264459772,53.3910919425285));
#15155=CARTESIAN_POINT('',(-72.9770396892999,29.2726066338404,53.4092417076995));
#15156=CARTESIAN_POINT('',(-72.9786961823357,29.2551037125479,53.4311203593152));
#15157=CARTESIAN_POINT('',(-72.9802853780264,29.2375219010595,53.4530976236756));
#15158=CARTESIAN_POINT('',(-72.9815536350739,29.2228045635317,53.4714942955853));
#15159=CARTESIAN_POINT('',(-72.9825345908283,29.2109912751691,53.4862609060387));
#15160=CARTESIAN_POINT('',(-72.9831336785915,29.2035913981903,53.4955107522621));
#15161=CARTESIAN_POINT('',(-72.9836045160171,29.1976619107653,53.5029226115433));
#15162=CARTESIAN_POINT('',(-72.983953496999,29.1932090862998,53.5084886421252));
#15163=CARTESIAN_POINT('',(-72.9842406233287,29.1894967510718,53.5131290611602));
#15164=CARTESIAN_POINT('',(-72.9844401376053,29.1868911224555,53.5163860969306));
#15165=CARTESIAN_POINT('',(-72.9845530488324,29.1854091247254,53.5182385940932));
#15166=CARTESIAN_POINT('',(-72.9846390785332,29.1842760503857,53.5196549370179));
#15167=CARTESIAN_POINT('',(-72.9847186944444,29.1832239633659,53.5209700457926));
#15168=CARTESIAN_POINT('',(-72.9848267042618,29.1817921249915,53.5227598437607));
#15169=CARTESIAN_POINT('',(-72.9850139213087,29.179297969758,53.5258775378025));
#15170=CARTESIAN_POINT('',(-72.9852796293841,29.1757231750869,53.5303460311414));
#15171=CARTESIAN_POINT('',(-72.9855946212552,29.1714287140945,53.5357141073819));
#15172=CARTESIAN_POINT('',(-72.9860098452464,29.1656915043543,53.5428856195571));
#15173=CARTESIAN_POINT('',(-72.9865197662797,29.1585011710576,53.551873536178));
#15174=CARTESIAN_POINT('',(-72.9873162799386,29.1469555321139,53.5663055848576));
#15175=CARTESIAN_POINT('',(-72.9882755886638,29.1324468495704,53.584441438037));
#15176=CARTESIAN_POINT('',(-72.989368636245,29.1149136785283,53.6063579018396));
#15177=CARTESIAN_POINT('',(-72.9902310711525,29.1002004399555,53.6247494500556));
#15178=CARTESIAN_POINT('',(-72.9908919566049,29.0883684868891,53.6395393913886));
#15179=CARTESIAN_POINT('',(-72.9913730894844,29.0794638398162,53.6506702002298));
#15180=CARTESIAN_POINT('',(-72.9918396907883,29.0705285185931,53.6618393517586));
#15181=CARTESIAN_POINT('',(-72.9922164167589,29.0630568296796,53.6711789629005));
#15182=CARTESIAN_POINT('',(-72.992510529776,29.0570641843969,53.6786697695039));
#15183=CARTESIAN_POINT('',(-72.9926913278937,29.0533122840638,53.6833596449203));
#15184=CARTESIAN_POINT('',(-72.9928341389145,29.0503071696672,53.687116037916));
#15185=CARTESIAN_POINT('',(-72.992940369269,29.0480507565714,53.6899365542857));
#15186=CARTESIAN_POINT('',(-72.9930280413582,29.0461709131472,53.6922863585661));
#15187=CARTESIAN_POINT('',(-72.9930892036023,29.0448500650352,53.6939374187059));
#15188=CARTESIAN_POINT('',(-72.9931237446333,29.0441014861404,53.6948731423246));
#15189=CARTESIAN_POINT('',(-72.9931504255011,29.0435218154756,53.6955977306555));
#15190=CARTESIAN_POINT('',(-72.9931738698255,29.0430112759783,53.6962359050272));
#15191=CARTESIAN_POINT('',(-72.9932061825667,29.0423060995818,53.6971173755228));
#15192=CARTESIAN_POINT('',(-72.9932620544673,29.0410825947085,53.6986467566143));
#15193=CARTESIAN_POINT('',(-72.9933416950143,29.0393267983679,53.7008415020402));
#15194=CARTESIAN_POINT('',(-72.9934364313568,29.0372190986075,53.7034761267407));
#15195=CARTESIAN_POINT('',(-72.9935618320447,29.0344035971886,53.7069955035143));
#15196=CARTESIAN_POINT('',(-72.9937167784356,29.030876357612,53.711404552985));
#15197=CARTESIAN_POINT('',(-72.9939608805019,29.0252151884197,53.7184810144753));
#15198=CARTESIAN_POINT('',(-72.9942588430757,29.0181061272857,53.7273673408929));
#15199=CARTESIAN_POINT('',(-72.9946049395513,29.0095229771645,53.7380962785444));
#15200=CARTESIAN_POINT('',(-72.9949395759671,29.000887581708,53.748890522865));
#15201=CARTESIAN_POINT('',(-72.995370478289,28.9893040494924,53.7633699381345));
#15202=CARTESIAN_POINT('',(-72.9958804567686,28.9746940050966,53.7816324936292));
#15203=CARTESIAN_POINT('',(-72.99635223608,28.9599097871984,53.800112766002));
#15204=CARTESIAN_POINT('',(-72.9967067400183,28.9479779089736,53.815027613783));
#15205=CARTESIAN_POINT('',(-72.996961158216,28.9389767484152,53.826279064481));
#15206=CARTESIAN_POINT('',(-72.9971636235914,28.9314322377048,53.8357097028689));
#15207=CARTESIAN_POINT('',(-72.9973198660011,28.9253705037662,53.8432868702923));
#15208=CARTESIAN_POINT('',(-72.9974341829065,28.9208111386429,53.8489860766964));
#15209=CARTESIAN_POINT('',(-72.9975456347329,28.9162387169303,53.8547016038372));
#15210=CARTESIAN_POINT('',(-72.9976361242436,28.9124174597323,53.8594781753347));
#15211=CARTESIAN_POINT('',(-72.9977070824029,28.9093539671426,53.8633075410717));
#15212=CARTESIAN_POINT('',(-72.9977508366214,28.9074364611277,53.8657044235904));
#15213=CARTESIAN_POINT('',(-72.9977854767691,28.905901056331,53.8676236795862));
#15214=CARTESIAN_POINT('',(-72.9978112918119,28.9047480486425,53.8690649391968));
#15215=CARTESIAN_POINT('',(-72.9978326106252,28.9037885570141,53.8702643037324));
#15216=CARTESIAN_POINT('',(-72.9978475427998,28.9031125748567,53.8711092814291));
#15217=CARTESIAN_POINT('',(-72.9978559167091,28.9027324130144,53.871584483732));
#15218=CARTESIAN_POINT('',(-72.9978625701336,28.9024297307919,53.8719628365102));
#15219=CARTESIAN_POINT('',(-72.9978677438216,28.9021939289306,53.8722575888367));
#15220=CARTESIAN_POINT('',(-72.997875146006,28.9018560277696,53.872679965288));
#15221=CARTESIAN_POINT('',(-72.9978878351095,28.9012752325633,53.8734059592959));
#15222=CARTESIAN_POINT('',(-72.9979060148944,28.9004388230034,53.8744514712458));
#15223=CARTESIAN_POINT('',(-72.9979276608986,28.8994359499666,53.8757050625417));
#15224=CARTESIAN_POINT('',(-72.997956386027,28.8980957783332,53.8773802770835));
#15225=CARTESIAN_POINT('',(-72.9979919955672,28.8964168112275,53.8794789859656));
#15226=CARTESIAN_POINT('',(-72.9980483547507,28.893721674061,53.8828479074238));
#15227=CARTESIAN_POINT('',(-72.9981176406389,28.8903366329027,53.8870792088717));
#15228=CARTESIAN_POINT('',(-72.9981989252505,28.8862486786452,53.8921891516935));
#15229=CARTESIAN_POINT('',(-72.9982783507404,28.8821348498787,53.8973314376516));
#15230=CARTESIAN_POINT('',(-72.9983817728019,28.8766152347298,53.9042309565878));
#15231=CARTESIAN_POINT('',(-72.9985064029099,28.8696510142703,53.9129362321622));
#15232=CARTESIAN_POINT('',(-72.9986485231236,28.861190425724,53.923511967845));
#15233=CARTESIAN_POINT('',(-72.9988281021754,28.8497716095564,53.9377854880545));
#15234=CARTESIAN_POINT('',(-72.9990339861833,28.8352392801371,53.9559508998287));
#15235=CARTESIAN_POINT('',(-72.9992150837804,28.8203618718655,53.9745476601681));
#15236=CARTESIAN_POINT('',(-72.9993450900124,28.8082528978688,53.989683877664));
#15237=CARTESIAN_POINT('',(-72.9994351587625,28.7990676438264,54.001165445217));
#15238=CARTESIAN_POINT('',(-72.999504019454,28.791326995352,54.0108412558101));
#15239=CARTESIAN_POINT('',(-72.9995553900406,28.7850827156004,54.0186466054995));
#15240=CARTESIAN_POINT('',(-72.9995920590136,28.7803736225176,54.024532971853));
#15241=CARTESIAN_POINT('',(-72.9996268689532,28.7756386574984,54.0304516781269));
#15242=CARTESIAN_POINT('',(-72.9996543282492,28.771671257912,54.0354109276101));
#15243=CARTESIAN_POINT('',(-72.9996753658292,28.7684844604306,54.0393944244617));
#15244=CARTESIAN_POINT('',(-72.9996881278635,28.7664871775187,54.0418910281017));
#15245=CARTESIAN_POINT('',(-72.9996981032071,28.7648864427214,54.0438919465983));
#15246=CARTESIAN_POINT('',(-72.9997054737615,28.7636833797027,54.0453957753717));
#15247=CARTESIAN_POINT('',(-72.9997115024213,28.7626823243315,54.0466470945856));
#15248=CARTESIAN_POINT('',(-72.999715704321,28.7619752944458,54.0475308819427));
#15249=CARTESIAN_POINT('',(-72.9997180398728,28.7615797932603,54.0480252584247));
#15250=CARTESIAN_POINT('',(-72.9997199279718,28.7612585072837,54.0484268658954));
#15251=CARTESIAN_POINT('',(-72.9997212595275,28.7610309971268,54.0487112535915));
#15252=CARTESIAN_POINT('',(-72.9997232225577,28.7606945648195,54.0491317939756));
#15253=CARTESIAN_POINT('',(-72.9997265545035,28.760120303735,54.0498496203313));
#15254=CARTESIAN_POINT('',(-72.9997313227076,28.7592897125097,54.0508878593628));
#15255=CARTESIAN_POINT('',(-72.9997369625683,28.7582928511651,54.0521339360436));
#15256=CARTESIAN_POINT('',(-72.9997444068911,28.7569577480788,54.0538028149015));
#15257=CARTESIAN_POINT('',(-72.9997535551803,28.7552803519507,54.0558995600616));
#15258=CARTESIAN_POINT('',(-72.999767863738,28.7525772472764,54.0592784409045));
#15259=CARTESIAN_POINT('',(-72.9997851301329,28.7491627404045,54.0635465744944));
#15260=CARTESIAN_POINT('',(-72.9998048598586,28.7450081714451,54.0687397856936));
#15261=CARTESIAN_POINT('',(-72.9998235993856,28.7407964843761,54.0740043945299));
#15262=CARTESIAN_POINT('',(-72.9998472652456,28.7351047290084,54.0811190887395));
#15263=CARTESIAN_POINT('',(-72.9998743721994,28.7278472181197,54.0901909773504));
#15264=CARTESIAN_POINT('',(-72.9998981786695,28.7203992831872,54.099500896016));
#15265=CARTESIAN_POINT('',(-72.9999152435534,28.7143266810726,54.1070916486593));
#15266=CARTESIAN_POINT('',(-72.9999270520704,28.7097151025063,54.1128561218671));
#15267=CARTESIAN_POINT('',(-72.9999360673802,28.705824514032,54.11771935746));
#15268=CARTESIAN_POINT('',(-72.9999427845538,28.7026834806442,54.1216456491948));
#15269=CARTESIAN_POINT('',(-72.9999475749014,28.7003134212519,54.1246082234352));
#15270=CARTESIAN_POINT('',(-72.9999521176976,28.6979290899172,54.1275886376035));
#15271=CARTESIAN_POINT('',(-72.999955697127,28.695930215029,54.1300872312138));
#15272=CARTESIAN_POINT('',(-72.9999584367988,28.6943240428261,54.1320949464674));
#15273=CARTESIAN_POINT('',(-72.9999600977592,28.6933170536558,54.1333536829303));
#15274=CARTESIAN_POINT('',(-72.9999613950461,28.6925100347655,54.1343624565431));
#15275=CARTESIAN_POINT('',(-72.9999623540167,28.6919028986873,54.1351213766408));
#15276=CARTESIAN_POINT('',(-72.9999631355692,28.6913993234165,54.1357508457293));
#15277=CARTESIAN_POINT('',(-72.9999636851055,28.6910403165159,54.1361996043551));
#15278=CARTESIAN_POINT('',(-72.9999639827991,28.690844604166,54.1364442447925));
#15279=CARTESIAN_POINT('',(-72.9999642456482,28.6906708728045,54.1366614089944));
#15280=CARTESIAN_POINT('',(-72.9999643525441,28.6905998778851,54.1367501526436));
#15281=CARTESIAN_POINT('',(-72.999964549011,28.6904690845828,54.1369136442715));
#15282=CARTESIAN_POINT('',(-72.9999648665718,28.6902563019535,54.1371796225581));
#15283=CARTESIAN_POINT('',(-72.9999653307279,28.6899418123308,54.1375727345865));
#15284=CARTESIAN_POINT('',(-72.9999658776857,28.6895653350954,54.1380433311307));
#15285=CARTESIAN_POINT('',(-72.9999666031165,28.6890582815602,54.1386771480498));
#15286=CARTESIAN_POINT('',(-72.9999674983089,28.6884178310994,54.1394777111257));
#15287=CARTESIAN_POINT('',(-72.9999689077003,28.6873777537281,54.1407778078399));
#15288=CARTESIAN_POINT('',(-72.9999706256328,28.6860494182441,54.1424382271949));
#15289=CARTESIAN_POINT('',(-72.9999726173238,28.6844100594793,54.1444874256509));
#15290=CARTESIAN_POINT('',(-72.9999745391166,28.6827253911746,54.1465932610318));
#15291=CARTESIAN_POINT('',(-72.9999770083339,28.6804187374832,54.149476578146));
#15292=CARTESIAN_POINT('',(-72.9999799201453,28.6774221230875,54.1532223461406));
#15293=CARTESIAN_POINT('',(-72.9999831347857,28.6736449077685,54.1579438652894));
#15294=CARTESIAN_POINT('',(-72.9999860698921,28.6696864150466,54.1628919811918));
#15295=CARTESIAN_POINT('',(-72.9999887254645,28.66554664475,54.1680666940625));
#15296=CARTESIAN_POINT('',(-72.9999918935157,28.6597852476493,54.1752684404384));
#15297=CARTESIAN_POINT('',(-72.999995154745,28.6521303074232,54.184837115721));
#15298=CARTESIAN_POINT('',(-72.9999979500844,28.6422192690001,54.1972259137499));
#15299=CARTESIAN_POINT('',(-72.999999627288,28.6315831204229,54.2105210994714));
#15300=CARTESIAN_POINT('',(-73.,28.6240089479358,54.2199888150802));
#15301=CARTESIAN_POINT('',(-73.,28.62010101,54.2248737375));
#15302=CARTESIAN_POINT('',(-73.,28.62010101,54.2248737375001));
#15303=CARTESIAN_POINT('',(-73.,23.609756097561,60.4878048780488));
#15304=CARTESIAN_POINT('',(-73.,28.,55.));
#15305=CARTESIAN_POINT('',(67.,28.,55.));
#15306=CARTESIAN_POINT('',(67.,28.62010101,54.2248737375));
#15307=CARTESIAN_POINT('',(67.,28.6239971536747,54.2200035579066));
#15308=CARTESIAN_POINT('',(66.9999996306526,28.6315484517393,54.2105644353259));
#15309=CARTESIAN_POINT('',(66.9999979685894,28.642152430982,54.1973094612725));
#15310=CARTESIAN_POINT('',(66.9999951984841,28.6520334423698,54.1849581970377));
#15311=CARTESIAN_POINT('',(66.9999919666945,28.6596651453159,54.1754185683551));
#15312=CARTESIAN_POINT('',(66.9999888272418,28.6654090237422,54.1682387203223));
#15313=CARTESIAN_POINT('',(66.9999861956417,28.6695361906078,54.1630797617403));
#15314=CARTESIAN_POINT('',(66.9999832870311,28.6734826154736,54.158146730658));
#15315=CARTESIAN_POINT('',(66.9999801014098,28.6772482985109,54.1534396268613));
#15316=CARTESIAN_POINT('',(66.9999772158839,28.6802357489856,54.149705313768));
#15317=CARTESIAN_POINT('',(66.9999747689565,28.6825353393243,54.1468308258447));
#15318=CARTESIAN_POINT('',(66.9999728645121,28.6842148440173,54.1447314449784));
#15319=CARTESIAN_POINT('',(66.9999708908004,28.6858491730294,54.1426885337133));
#15320=CARTESIAN_POINT('',(66.9999691883761,28.6871734287389,54.1410332140765));
#15321=CARTESIAN_POINT('',(66.9999677917074,28.6882103089957,54.1397371137554));
#15322=CARTESIAN_POINT('',(66.9999669045961,28.6888487897046,54.1389390128693));
#15323=CARTESIAN_POINT('',(66.9999661857139,28.6893542829151,54.1383071463562));
#15324=CARTESIAN_POINT('',(66.9999656436932,28.6897296017253,54.1378379978433));
#15325=CARTESIAN_POINT('',(66.9999651837287,28.6900431219918,54.1374460975103));
#15326=CARTESIAN_POINT('',(66.9999648690317,28.6902552512723,54.1371809359095));
#15327=CARTESIAN_POINT('',(66.999964674343,28.6903856386464,54.1370179516921));
#15328=CARTESIAN_POINT('',(66.9999645683977,28.6904564243851,54.1369294695186));
#15329=CARTESIAN_POINT('',(66.9999643079752,28.6906295849347,54.1367130188316));
#15330=CARTESIAN_POINT('',(66.9999640130172,28.6908246626587,54.1364691716766));
#15331=CARTESIAN_POINT('',(66.9999634685387,28.6911825008189,54.1360218739764));
#15332=CARTESIAN_POINT('',(66.9999626941771,28.6916844390793,54.1353944511509));
#15333=CARTESIAN_POINT('',(66.999961744034,28.6922896005887,54.1346379992642));
#15334=CARTESIAN_POINT('',(66.9999604586917,28.6930939953197,54.1336325058503));
#15335=CARTESIAN_POINT('',(66.9999588130307,28.6940977102233,54.1323778622209));
#15336=CARTESIAN_POINT('',(66.9999560986069,28.6956986604915,54.1303766743857));
#15337=CARTESIAN_POINT('',(66.9999525521874,28.6976910376834,54.1278862028958));
#15338=CARTESIAN_POINT('',(66.9999480513206,28.7000676199496,54.124915475063));
#15339=CARTESIAN_POINT('',(66.9999433052206,28.7024299782769,54.1219625271539));
#15340=CARTESIAN_POINT('',(66.9999366501345,28.7055608076406,54.1180489904492));
#15341=CARTESIAN_POINT('',(66.9999277182291,28.7094387611755,54.1132015485307));
#15342=CARTESIAN_POINT('',(66.9999160190695,28.714035369968,54.1074557875401));
#15343=CARTESIAN_POINT('',(66.9998991123582,28.720088268586,54.0998896642675));
#15344=CARTESIAN_POINT('',(66.9998755267842,28.7275120545264,54.090609931842));
#15345=CARTESIAN_POINT('',(66.9998486716332,28.7347460569315,54.0815674288356));
#15346=CARTESIAN_POINT('',(66.9998252257598,28.7404193898099,54.0744757627377));
#15347=CARTESIAN_POINT('',(66.9998066604948,28.7446174521799,54.0692281847751));
#15348=CARTESIAN_POINT('',(66.9997871143037,28.7487585885295,54.0640517643381));
#15349=CARTESIAN_POINT('',(66.999770008579,28.7521620618813,54.0597974226484));
#15350=CARTESIAN_POINT('',(66.9997558331983,28.7548564353789,54.0564294557764));
#15351=CARTESIAN_POINT('',(66.9997467700654,28.7565284155469,54.0543394805663));
#15352=CARTESIAN_POINT('',(66.9997393950518,28.757859207608,54.0526759904899));
#15353=CARTESIAN_POINT('',(66.9997338076838,28.7588528539256,54.051433932593));
#15354=CARTESIAN_POINT('',(66.9997290839249,28.7596807561433,54.0503990548209));
#15355=CARTESIAN_POINT('',(66.9997257829159,28.7602531790851,54.0496835261436));
#15356=CARTESIAN_POINT('',(66.999723838305,28.7605885017739,54.0492643727826));
#15357=CARTESIAN_POINT('',(66.999722518717,28.7608153516081,54.0489808104899));
#15358=CARTESIAN_POINT('',(66.9997206498187,28.7611353238268,54.0485808452165));
#15359=CARTESIAN_POINT('',(66.9997183374748,28.7615293019217,54.0480883725979));
#15360=CARTESIAN_POINT('',(66.9997141776227,28.7622335615152,54.047208048106));
#15361=CARTESIAN_POINT('',(66.9997082091955,28.7632307188082,54.0459616014898));
#15362=CARTESIAN_POINT('',(66.9997009124168,28.764429086641,54.0444636416988));
#15363=CARTESIAN_POINT('',(66.9996910369986,28.7660235778773,54.0424705276533));
#15364=CARTESIAN_POINT('',(66.9996784029932,28.7680130692102,54.0399836634872));
#15365=CARTESIAN_POINT('',(66.9996575768367,28.7711874352814,54.0360157058983));
#15366=CARTESIAN_POINT('',(66.9996303941903,28.7751393579229,54.0310758025964));
#15367=CARTESIAN_POINT('',(66.9995959360108,28.7798558514228,54.0251801857215));
#15368=CARTESIAN_POINT('',(66.9995596385819,28.7845465735049,54.0193167831189));
#15369=CARTESIAN_POINT('',(66.9995087897647,28.7907664927184,54.011541884102));
#15370=CARTESIAN_POINT('',(66.9994406307429,28.7984769419653,54.0019038225434));
#15371=CARTESIAN_POINT('',(66.9993514831291,28.8076263592618,53.9904670509228));
#15372=CARTESIAN_POINT('',(66.9992228105892,28.8196880873612,53.9753898907985));
#15373=CARTESIAN_POINT('',(66.9990435779387,28.8345074440712,53.956865694911));
#15374=CARTESIAN_POINT('',(66.9988398226531,28.8489830630081,53.9387711712398));
#15375=CARTESIAN_POINT('',(66.9986621048446,28.8603573154379,53.9245533557027));
#15376=CARTESIAN_POINT('',(66.9985214596958,28.8687848835037,53.9140188956204));
#15377=CARTESIAN_POINT('',(66.9983981247526,28.875721922169,53.9053475972888));
#15378=CARTESIAN_POINT('',(66.9982957783894,28.8812199930378,53.8984750087027));
#15379=CARTESIAN_POINT('',(66.9982171794558,28.8853177641932,53.8933527947585));
#15380=CARTESIAN_POINT('',(66.9981367411861,28.8893897613521,53.8882627983099));
#15381=CARTESIAN_POINT('',(66.9980681770612,28.8927615889586,53.8840480138017));
#15382=CARTESIAN_POINT('',(66.9980124051968,28.8954462050976,53.880692243628));
#15383=CARTESIAN_POINT('',(66.9979771668141,28.8971186186005,53.8786017267493));
#15384=CARTESIAN_POINT('',(66.9979487411727,28.8984535574391,53.8769330532011));
#15385=CARTESIAN_POINT('',(66.9979273207794,28.8994525189709,53.8756843512864));
#15386=CARTESIAN_POINT('',(66.9979093307993,28.9002856525347,53.8746429343316));
#15387=CARTESIAN_POINT('',(66.9978967735984,28.900864199776,53.87391975028));
#15388=CARTESIAN_POINT('',(66.9978894492861,28.9012007508393,53.8734990614509));
#15389=CARTESIAN_POINT('',(66.9978843274748,28.9014357273787,53.8732053407766));
#15390=CARTESIAN_POINT('',(66.9978777512506,28.9017368704038,53.8728289119953));
#15391=CARTESIAN_POINT('',(66.9978694716765,28.9021152293603,53.8723559632997));
#15392=CARTESIAN_POINT('',(66.9978547091688,28.9027879411835,53.8715150735207));
#15393=CARTESIAN_POINT('',(66.9978336319911,28.9037428237773,53.8703214702783));
#15394=CARTESIAN_POINT('',(66.9978081100568,28.9048902781701,53.8688871522874));
#15395=CARTESIAN_POINT('',(66.997773863374,28.9064182923314,53.8669771345858));
#15396=CARTESIAN_POINT('',(66.9977306066713,28.9083265657363,53.8645917928296));
#15397=CARTESIAN_POINT('',(66.9976604563695,28.9113753066382,53.8607808667023));
#15398=CARTESIAN_POINT('',(66.9975709990022,28.9151781587913,53.8560273015109));
#15399=CARTESIAN_POINT('',(66.9974608214196,28.9197285509623,53.8503393112971));
#15400=CARTESIAN_POINT('',(66.997347814441,28.9242659427325,53.8446675715845));
#15401=CARTESIAN_POINT('',(66.9971933661738,28.9302984539,53.837126932625));
#15402=CARTESIAN_POINT('',(66.9969932326785,28.9378065767803,53.8277417790246));
#15403=CARTESIAN_POINT('',(66.9967417554594,28.9467642969736,53.816544628783));
#15404=CARTESIAN_POINT('',(66.996391363123,28.9586385547468,53.8017018065665));
#15405=CARTESIAN_POINT('',(66.9959250801206,28.9733513096497,53.7833108629379));
#15406=CARTESIAN_POINT('',(66.9954210736922,28.9878906411405,53.7651366985743));
#15407=CARTESIAN_POINT('',(66.9949952344569,28.9994180530884,53.7507274336395));
#15408=CARTESIAN_POINT('',(66.9946645380783,29.0080115833675,53.7399855207906));
#15409=CARTESIAN_POINT('',(66.9943225243641,29.0165530933541,53.7293086333074));
#15410=CARTESIAN_POINT('',(66.9940280830225,29.0236276418511,53.7204654476862));
#15411=CARTESIAN_POINT('',(66.9937868693135,29.0292613135541,53.7134233580574));
#15412=CARTESIAN_POINT('',(66.9936337578567,29.0327714138377,53.7090357327028));
#15413=CARTESIAN_POINT('',(66.9935098430092,29.0355732325067,53.7055334593666));
#15414=CARTESIAN_POINT('',(66.9934162298226,29.0376706827467,53.7029116465666));
#15415=CARTESIAN_POINT('',(66.9933375331318,29.0394179543827,53.7007275570217));
#15416=CARTESIAN_POINT('',(66.9932823249319,29.0406354886133,53.6992056392334));
#15417=CARTESIAN_POINT('',(66.9932503939704,29.0413372698093,53.6983284127384));
#15418=CARTESIAN_POINT('',(66.9932272325743,29.0418452219883,53.6976934725146));
#15419=CARTESIAN_POINT('',(66.9932008503441,29.042422465983,53.6969719175212));
#15420=CARTESIAN_POINT('',(66.9931667031032,29.0431677537584,53.696040307802));
#15421=CARTESIAN_POINT('',(66.9931062346997,29.0444828694645,53.6943964131693));
#15422=CARTESIAN_POINT('',(66.9930195589889,29.0463545129443,53.6920568588197));
#15423=CARTESIAN_POINT('',(66.9929145351681,29.0486010964702,53.6892486294122));
#15424=CARTESIAN_POINT('',(66.9927733464433,29.0515931087787,53.6855086140266));
#15425=CARTESIAN_POINT('',(66.9925946020904,29.0553286435278,53.6808391955902));
#15426=CARTESIAN_POINT('',(66.992303830163,29.0612951276544,53.6733810904321));
#15427=CARTESIAN_POINT('',(66.9919313838846,29.0687341605712,53.664082299286));
#15428=CARTESIAN_POINT('',(66.9914700835137,29.0776303670448,53.652962041194));
#15429=CARTESIAN_POINT('',(66.9909944168767,29.0864959718867,53.6418800351417));
#15430=CARTESIAN_POINT('',(66.9903410401577,29.0982759653147,53.6271550433567));
#15431=CARTESIAN_POINT('',(66.9894884044376,29.1129244355771,53.6088444555286));
#15432=CARTESIAN_POINT('',(66.9884077771089,29.1303801747693,53.5870247815384));
#15433=CARTESIAN_POINT('',(66.9874593696329,29.1448245721213,53.5689692848484));
#15434=CARTESIAN_POINT('',(66.986671907562,29.1563189286553,53.5546013391809));
#15435=CARTESIAN_POINT('',(66.9861677815892,29.1634772691901,53.5456534135124));
#15436=CARTESIAN_POINT('',(66.9857572761601,29.1691889248102,53.5385138439872));
#15437=CARTESIAN_POINT('',(66.9854458649216,29.1734642278313,53.5331697152109));
#15438=CARTESIAN_POINT('',(66.9851831739236,29.1770231060562,53.5287211174298));
#15439=CARTESIAN_POINT('',(66.9849980893104,29.179506062112,53.52561742236));
#15440=CARTESIAN_POINT('',(66.9848912994465,29.1809316056438,53.5238354929453));
#15441=CARTESIAN_POINT('',(66.9848126116361,29.181978684141,53.5225266448237));
#15442=CARTESIAN_POINT('',(66.9847274722801,29.183107853974,53.5211151825325));
#15443=CARTESIAN_POINT('',(66.984615765608,29.1845842611389,53.5192696735763));
#15444=CARTESIAN_POINT('',(66.9844183616163,29.1871802867535,53.5160246415582));
#15445=CARTESIAN_POINT('',(66.9841342787203,29.1908788128227,53.5114014839717));
#15446=CARTESIAN_POINT('',(66.9837889889021,29.195315111544,53.5058561105701));
#15447=CARTESIAN_POINT('',(66.9833231275512,29.2012225574325,53.4984718032094));
#15448=CARTESIAN_POINT('',(66.9827303609775,29.2085949000602,53.4892563749247));
#15449=CARTESIAN_POINT('',(66.9817597352704,29.2203641580036,53.4745448024955));
#15450=CARTESIAN_POINT('',(66.9805047958273,29.2350265095774,53.4562168630282));
#15451=CARTESIAN_POINT('',(66.9789322294427,29.2525424188698,53.4343219764127));
#15452=CARTESIAN_POINT('',(66.9772930137362,29.2699795211241,53.4125255985949));
#15453=CARTESIAN_POINT('',(66.9758714832405,29.2844445479669,53.3944443150414));
#15454=CARTESIAN_POINT('',(66.9747008966672,29.2959775076502,53.3800281154372));
#15455=CARTESIAN_POINT('',(66.973806407251,29.3046064937601,53.3692418827999));
#15456=CARTESIAN_POINT('',(66.9730467616761,29.3117841178584,53.360269852677));
#15457=CARTESIAN_POINT('',(66.9725084150184,29.3167934833557,53.3540081458054));
#15458=CARTESIAN_POINT('',(66.9721976216624,29.3196634206761,53.3504207241549));
#15459=CARTESIAN_POINT('',(66.9719665392909,29.3217867320717,53.3477665849104));
#15460=CARTESIAN_POINT('',(66.9717227419155,29.324015494552,53.34498063181));
#15461=CARTESIAN_POINT('',(66.9714001838629,29.326948929416,53.34131383823));
#15462=CARTESIAN_POINT('',(66.9708298115733,29.3320966696034,53.3348791629958));
#15463=CARTESIAN_POINT('',(66.9700045033026,29.3394328357143,53.3257089553571));
#15464=CARTESIAN_POINT('',(66.9689953549474,29.3482261585511,53.3147173018111));
#15465=CARTESIAN_POINT('',(66.9676254938699,29.3599306466525,53.3000866916843));
#15466=CARTESIAN_POINT('',(66.9658672223351,29.3745268649926,53.2818414187592));
#15467=CARTESIAN_POINT('',(66.9636838893497,29.3919863403363,53.2600170745796));
#15468=CARTESIAN_POINT('',(66.961427111971,29.4093901481806,53.2382623147742));
#15469=CARTESIAN_POINT('',(66.9594852970286,29.4238466677559,53.2201916653051));
#15470=CARTESIAN_POINT('',(66.9578950757416,29.4353843653659,53.2057695432927));
#15471=CARTESIAN_POINT('',(66.9566841985756,29.4440226945203,53.1949716318496));
#15472=CARTESIAN_POINT('',(66.9556593702311,29.451212864635,53.1859839192063));
#15473=CARTESIAN_POINT('',(66.9549348732595,29.4562336391568,53.179707951054));
#15474=CARTESIAN_POINT('',(66.9545171525623,29.4591106602261,53.1761116747174));
#15475=CARTESIAN_POINT('',(66.9542067365714,29.4612400887256,53.173449889093));
#15476=CARTESIAN_POINT('',(66.9538797995215,29.4634736341406,53.1706579573242));
#15477=CARTESIAN_POINT('',(66.9534475381378,29.4664142716727,53.1669821604091));
#15478=CARTESIAN_POINT('',(66.9526842132523,29.4715751140587,53.1605311074267));
#15479=CARTESIAN_POINT('',(66.9515825144754,29.4789322695812,53.1513346630235));
#15480=CARTESIAN_POINT('',(66.9502398696308,29.487754147942,53.1403073150725));
#15481=CARTESIAN_POINT('',(66.9484231357164,29.4995012965575,53.1256233793031));
#15482=CARTESIAN_POINT('',(66.946102024297,29.5141593912442,53.1073007609447));
#15483=CARTESIAN_POINT('',(66.9422813442204,29.5375559882182,53.0780550147272));
#15484=CARTESIAN_POINT('',(66.9373049708951,29.5666966347404,53.0416292065745));
#15485=CARTESIAN_POINT('',(66.9310125116613,29.6014970733379,52.9981286583276));
#15486=CARTESIAN_POINT('',(66.925501446914,29.6303571985784,52.962053501777));
#15487=CARTESIAN_POINT('',(66.9209321873615,29.653361145634,52.9332985679575));
#15488=CARTESIAN_POINT('',(66.917425037466,29.6705720357137,52.9117849553579));
#15489=CARTESIAN_POINT('',(66.913837687221,29.6877408340254,52.8903239574682));
#15490=CARTESIAN_POINT('',(66.9107813799153,29.7020131560345,52.8724835549568));
#15491=CARTESIAN_POINT('',(66.9082962587136,29.7134098587351,52.8582376765811));
#15492=CARTESIAN_POINT('',(66.9067262878798,29.7205242997783,52.8493446252772));
#15493=CARTESIAN_POINT('',(66.9054604251068,29.7262099807387,52.8422375240766));
#15494=CARTESIAN_POINT('',(66.9045056335368,29.730473288857,52.8369083889287));
#15495=CARTESIAN_POINT('',(66.9037070109302,29.7340185191814,52.8324768510232));
#15496=CARTESIAN_POINT('',(66.9030628829198,29.7368653541631,52.8289183072962));
#15497=CARTESIAN_POINT('',(66.9025859757518,29.7389671273197,52.8262910908504));
#15498=CARTESIAN_POINT('',(66.9020794090442,29.7411930429151,52.8235086963561));
#15499=CARTESIAN_POINT('',(66.9014120920447,29.7441164207067,52.8198544741167));
#15500=CARTESIAN_POINT('',(66.9005712011472,29.7477839013288,52.815270123339));
#15501=CARTESIAN_POINT('',(66.8995582237629,29.7521757526959,52.8097803091301));
#15502=CARTESIAN_POINT('',(66.8981999317798,29.758030161511,52.8024622981113));
#15503=CARTESIAN_POINT('',(66.896488837927,29.7653406013842,52.7933242482698));
#15504=CARTESIAN_POINT('',(66.8937223984201,29.7770232150843,52.7787209811446));
#15505=CARTESIAN_POINT('',(66.8902107719083,29.7915991139077,52.7605011076153));
#15506=CARTESIAN_POINT('',(66.885911029093,29.8090467011561,52.7386916235548));
#15507=CARTESIAN_POINT('',(66.8815255133803,29.826450717268,52.716936603415));
#15508=CARTESIAN_POINT('',(66.8755637888084,29.8495980055608,52.688002493049));
#15509=CARTESIAN_POINT('',(66.8678971917321,29.8784232282446,52.6519709646942));
#15510=CARTESIAN_POINT('',(66.8599446721952,29.9071032703657,52.6161209120429));
#15511=CARTESIAN_POINT('',(66.8534111029465,29.9299601960026,52.5875497549968));
#15512=CARTESIAN_POINT('',(66.8484251498834,29.9470593340805,52.5661758323994));
#15513=CARTESIAN_POINT('',(66.8433534178291,29.9641149250093,52.5448563437384));
#15514=CARTESIAN_POINT('',(66.8390555009378,29.9782915999234,52.5271355000958));
#15515=CARTESIAN_POINT('',(66.8355742631974,29.9896112126038,52.5129859842452));
#15516=CARTESIAN_POINT('',(66.8333806555885,29.9966767831138,52.5041540211077));
#15517=CARTESIAN_POINT('',(66.8316149646707,30.0023240554089,52.4970949307389));
#15518=CARTESIAN_POINT('',(66.8302855619834,30.0065560751265,52.4918049060919));
#15519=CARTESIAN_POINT('',(66.8291725381955,30.0100827558996,52.4873965551255));
#15520=CARTESIAN_POINT('',(66.8283924903963,30.0125457942916,52.4843177571355));
#15521=CARTESIAN_POINT('',(66.827943870339,30.0139598484859,52.4825501893927));
#15522=CARTESIAN_POINT('',(66.8276132911237,30.0150006577721,52.4812491777849));
#15523=CARTESIAN_POINT('',(66.8272585974348,30.0161160698501,52.4798549126874));
#15524=CARTESIAN_POINT('',(66.8267934964943,30.0175768829539,52.4780288963077));
#15525=CARTESIAN_POINT('',(66.8259744853422,30.0201446747976,52.4748191565031));
#15526=CARTESIAN_POINT('',(66.8248029965583,30.0238043276792,52.4702445904011));
#15527=CARTESIAN_POINT('',(66.8233907583707,30.0281950113384,52.4647562358271));
#15528=CARTESIAN_POINT('',(66.8215006262046,30.0340434774287,52.4574456532142));
#15529=CARTESIAN_POINT('',(66.819123889262,30.0413453325137,52.4483183343579));
#15530=CARTESIAN_POINT('',(66.8152913687349,30.0530088057025,52.4337389928719));
#15531=CARTESIAN_POINT('',(66.8104448247712,30.067551997648,52.41556000294));
#15532=CARTESIAN_POINT('',(66.8045395829431,30.0849458620895,52.3938176723881));
#15533=CARTESIAN_POINT('',(66.7985449412707,30.1022817945572,52.3721477568035));
#15534=CARTESIAN_POINT('',(66.7904328897487,30.1253191164842,52.3433511043948));
#15535=CARTESIAN_POINT('',(66.7800693311025,30.153970922025,52.3075363474688));
#15536=CARTESIAN_POINT('',(66.769407780834,30.182429596381,52.2719630045238));
#15537=CARTESIAN_POINT('',(66.7606997450709,30.2050806585819,52.2436491767727));
#15538=CARTESIAN_POINT('',(66.7540793217397,30.2220110135788,52.2224862330265));
#15539=CARTESIAN_POINT('',(66.7473694968001,30.2388834390216,52.201395701223));
#15540=CARTESIAN_POINT('',(66.7417034906202,30.2528954811069,52.1838806486164));
#15541=CARTESIAN_POINT('',(66.737125958724,30.2640762120277,52.1699047349653));
#15542=CARTESIAN_POINT('',(66.7342464409249,30.2710519460685,52.1611850674144));
#15543=CARTESIAN_POINT('',(66.7319315051199,30.27662563932,52.15421795085));
#15544=CARTESIAN_POINT('',(66.7301901180488,30.2808013341091,52.1489983323636));
#15545=CARTESIAN_POINT('',(66.7287330267924,30.2842810967776,52.144648629028));
#15546=CARTESIAN_POINT('',(66.7277131289209,30.2867093909113,52.1416132613609));
#15547=CARTESIAN_POINT('',(66.7271257118231,30.2881058338691,52.1398677076637));
#15548=CARTESIAN_POINT('',(66.7266958421992,30.2891267444445,52.1385915694443));
#15549=CARTESIAN_POINT('',(66.7262234136789,30.2902475604881,52.1371905493898));
#15550=CARTESIAN_POINT('',(66.7256077421687,30.2917066083164,52.1353667396045));
#15551=CARTESIAN_POINT('',(66.7245221865341,30.2942751359525,52.1321560800593));
#15552=CARTESIAN_POINT('',(66.7229713406884,30.297932822542,52.1275839718225));
#15553=CARTESIAN_POINT('',(66.7211029715311,30.3023206935959,52.1220991330051));
#15554=CARTESIAN_POINT('',(66.7186045892027,30.3081632518489,52.1147959351888));
#15555=CARTESIAN_POINT('',(66.7154668788142,30.3154543915755,52.1056820105307));
#15556=CARTESIAN_POINT('',(66.7104156069964,30.3270933176997,52.0911333528754));
#15557=CARTESIAN_POINT('',(66.7040432862106,30.3415920830419,52.0730098961977));
#15558=CARTESIAN_POINT('',(66.6963034030496,30.3589106041616,52.051361744798));
#15559=CARTESIAN_POINT('',(66.6884704025465,30.3761491734115,52.0298135332356));
#15560=CARTESIAN_POINT('',(66.6779022522087,30.3990273137923,52.0012158577597));
#15561=CARTESIAN_POINT('',(66.6644592805533,30.4274250867496,51.9657186415629));
#15562=CARTESIAN_POINT('',(66.6507059313235,30.4555563212191,51.9305545984761));
#15563=CARTESIAN_POINT('',(66.6395170254322,30.4779013857116,51.9026232678605));
#15564=CARTESIAN_POINT('',(66.6310322323261,30.4945802233214,51.8817747208482));
#15565=CARTESIAN_POINT('',(66.623883978211,30.5084126178672,51.8644842276661));
#15566=CARTESIAN_POINT('',(66.6181188155087,30.5194385578262,51.8507018027173));
#15567=CARTESIAN_POINT('',(66.61377167269,30.5276880086302,51.8403899892122));
#15568=CARTESIAN_POINT('',(66.6094012227855,30.5359175217502,51.8301030978123));
#15569=CARTESIAN_POINT('',(66.6057398721782,30.5427586266153,51.8215517167309));
#15570=CARTESIAN_POINT('',(66.6027989519042,30.5482218828212,51.8147226464735));
#15571=CARTESIAN_POINT('',(66.6005879902407,30.5523133233561,51.8096083458049));
#15572=CARTESIAN_POINT('',(66.5987389290514,30.5557218861147,51.8053476423566));
#15573=CARTESIAN_POINT('',(66.5974454616663,30.5580994262209,51.8023757172239));
#15574=CARTESIAN_POINT('',(66.5967002675909,30.5594671818548,51.8006660226815));
#15575=CARTESIAN_POINT('',(66.5961560579579,30.5604651189512,51.799418601311));
#15576=CARTESIAN_POINT('',(66.5955539572153,30.5615681198235,51.7980398502206));
#15577=CARTESIAN_POINT('',(66.594770709905,30.5630014605983,51.7962481742521));
#15578=CARTESIAN_POINT('',(66.5933893502016,30.5655255332328,51.7930930834589));
#15579=CARTESIAN_POINT('',(66.5914170646568,30.5691183498167,51.7886020627292));
#15580=CARTESIAN_POINT('',(66.5890421487755,30.5734271009741,51.7832161237824));
#15581=CARTESIAN_POINT('',(66.5858682160352,30.5791621433893,51.7760473207633));
#15582=CARTESIAN_POINT('',(66.5818853452969,30.5863152450681,51.7671059436649));
#15583=CARTESIAN_POINT('',(66.577081681317,30.5948729122178,51.7564088597278));
#15584=CARTESIAN_POINT('',(66.5722536620208,30.6034047743175,51.7457440321031));
#15585=CARTESIAN_POINT('',(66.5657838775817,30.6147460949986,51.7315673812518));
#15586=CARTESIAN_POINT('',(66.5576358271735,30.62885810773,51.7139273653375));
#15587=CARTESIAN_POINT('',(66.547760861897,30.6456890892004,51.6928886384995));
#15588=CARTESIAN_POINT('',(66.5344644993305,30.6679924906365,51.6650093867044));
#15589=CARTESIAN_POINT('',(66.517600780648,30.6956131643471,51.6304835445661));
#15590=CARTESIAN_POINT('',(66.5004127076858,30.7228890678485,51.5963886651893));
#15591=CARTESIAN_POINT('',(66.4864676368271,30.7445029283904,51.569371339512));
#15592=CARTESIAN_POINT('',(66.4759115273628,30.7606098927786,51.5492376340268));
#15593=CARTESIAN_POINT('',(66.4670336811057,30.7739461702588,51.5325672871765));
#15594=CARTESIAN_POINT('',(66.4598827505636,30.7845634772688,51.5192956534141));
#15595=CARTESIAN_POINT('',(66.4544952271998,30.7925005981743,51.5093742522821));
#15596=CARTESIAN_POINT('',(66.4490833730404,30.800411867321,51.4994851658487));
#15597=CARTESIAN_POINT('',(66.4445532356137,30.8069830247214,51.4912712190982));
#15598=CARTESIAN_POINT('',(66.4409169328792,30.8122270637268,51.4847161703414));
#15599=CARTESIAN_POINT('',(66.4386392428229,30.8154991055074,51.4806261181157));
#15600=CARTESIAN_POINT('',(66.4368138960855,30.8181137255637,51.4773578430454));
#15601=CARTESIAN_POINT('',(66.4354437869249,30.8200724752703,51.4749094059121));
#15602=CARTESIAN_POINT('',(66.4342994220532,30.8217053261598,51.4728683423003));
#15603=CARTESIAN_POINT('',(66.4335003316248,30.822843873819,51.4714451577262));
#15604=CARTESIAN_POINT('',(66.4330394116924,30.8235001115965,51.4706248605044));
#15605=CARTESIAN_POINT('',(66.4327051955802,30.8239757343688,51.470030332039));
#15606=CARTESIAN_POINT('',(66.4323266623811,30.8245141537852,51.4693573077685));
#15607=CARTESIAN_POINT('',(66.4318372300549,30.8252099379264,51.468487577592));
#15608=CARTESIAN_POINT('',(66.4309731646602,30.8264373605062,51.4669532993672));
#15609=CARTESIAN_POINT('',(66.429741473674,30.8281842612651,51.4647696734186));
#15610=CARTESIAN_POINT('',(66.4282601274899,30.8302808877158,51.4621488903553));
#15611=CARTESIAN_POINT('',(66.4262832819585,30.8330730001925,51.4586587497594));
#15612=CARTESIAN_POINT('',(66.4238077598693,30.8365585577595,51.4543018028007));
#15613=CARTESIAN_POINT('',(66.4198379165052,30.8421249359909,51.4473438300113));
#15614=CARTESIAN_POINT('',(66.4148584838745,30.8490635345235,51.4386705818457));
#15615=CARTESIAN_POINT('',(66.4088558340503,30.8573587474805,51.4283015656494));
#15616=CARTESIAN_POINT('',(66.4028258335211,30.8656228836721,51.4179713954099));
#15617=CARTESIAN_POINT('',(66.3947493723247,30.8766002861133,51.4042496423584));
#15618=CARTESIAN_POINT('',(66.3845854291331,30.8902443329253,51.3871945838434));
#15619=CARTESIAN_POINT('',(66.3722793116138,30.9064928576576,51.366883927928));
#15620=CARTESIAN_POINT('',(66.3557253069866,30.9279917825464,51.340010271817));
#15621=CARTESIAN_POINT('',(66.3347593363801,30.9545546108774,51.3068067364032));
#15622=CARTESIAN_POINT('',(66.3134287464262,30.9807030017285,51.2741212478393));
#15623=CARTESIAN_POINT('',(66.2961455019096,31.001373052951,51.2482836838113));
#15624=CARTESIAN_POINT('',(66.2830736846573,31.0167512580055,51.2290609274931));
#15625=CARTESIAN_POINT('',(66.2698924737185,31.0320051404213,51.2099935744734));
#15626=CARTESIAN_POINT('',(66.2588170005932,31.0446130733512,51.194233658311));
#15627=CARTESIAN_POINT('',(66.249901874848,31.0546373134058,51.1817033582427));
#15628=CARTESIAN_POINT('',(66.2443072561382,31.0608764261579,51.1739044673027));
#15629=CARTESIAN_POINT('',(66.2398176048395,31.0658524840566,51.1676843949292));
#15630=CARTESIAN_POINT('',(66.2364443048585,31.0695759104945,51.1630301118819));
#15631=CARTESIAN_POINT('',(66.2336250586074,31.0726749824596,51.1591562719256));
#15632=CARTESIAN_POINT('',(66.2316534341766,31.0748356498292,51.1564554377135));
#15633=CARTESIAN_POINT('',(66.2305183814228,31.0760775950375,51.1549030062031));
#15634=CARTESIAN_POINT('',(66.2296879489409,31.0769853293662,51.1537683382923));
#15635=CARTESIAN_POINT('',(66.2287757295037,31.0779814089241,51.1525232388448));
#15636=CARTESIAN_POINT('',(66.2275871195675,31.0792778375555,51.1509027030557));
#15637=CARTESIAN_POINT('',(66.2254920827158,31.0815592357656,51.148050955293));
#15638=CARTESIAN_POINT('',(66.2225010526579,31.084805703926,51.1439928700925));
#15639=CARTESIAN_POINT('',(66.2189008177492,31.0886965016641,51.1391293729199));
#15640=CARTESIAN_POINT('',(66.2140908134991,31.0938721757335,51.1326597803331));
#15641=CARTESIAN_POINT('',(66.2080578479046,31.1003216657491,51.1245979178136));
#15642=CARTESIAN_POINT('',(66.1983624065651,31.1105969234171,51.1117538457286));
#15643=CARTESIAN_POINT('',(66.1861626082558,31.1233591151937,51.0958011060079));
#15644=CARTESIAN_POINT('',(66.1713942059061,31.1385425744165,51.0768217819794));
#15645=CARTESIAN_POINT('',(66.1564970786087,31.1535949445358,51.0580063193302));
#15646=CARTESIAN_POINT('',(66.1439756784369,31.1660292080433,51.0424634899459));
#15647=CARTESIAN_POINT('',(66.1338939780515,31.1759112806051,51.0301108992437));
#15648=CARTESIAN_POINT('',(66.1263011835564,31.1832894337517,51.0208882078104));
#15649=CARTESIAN_POINT('',(66.1199449737093,31.1894125438011,51.0132343202487));
#15650=CARTESIAN_POINT('',(66.1154856186637,31.1936805165988,51.0078993542515));
#15651=CARTESIAN_POINT('',(66.1129270448934,31.1961212903622,51.0048483870473));
#15652=CARTESIAN_POINT('',(66.1110239906736,31.197932835216,51.0025839559799));
#15653=CARTESIAN_POINT('',(66.109050553449,31.1998072624055,51.0002409219932));
#15654=CARTESIAN_POINT('',(66.1064401173541,31.2022811806784,50.9971485241519));
#15655=CARTESIAN_POINT('',(66.1018530015726,31.2066140432387,50.9917324459516));
#15656=CARTESIAN_POINT('',(66.095283555713,31.2127782164092,50.9840272294885));
#15657=CARTESIAN_POINT('',(66.0873621980549,31.2201453976948,50.9748182528815));
#15658=CARTESIAN_POINT('',(66.0767538627378,31.2299245657108,50.9625942928616));
#15659=CARTESIAN_POINT('',(66.0634042843583,31.2420683444425,50.9474145694469));
#15660=CARTESIAN_POINT('',(66.0472427573639,31.2565119992648,50.929360000919));
#15661=CARTESIAN_POINT('',(66.0309389703423,31.2708269822562,50.9114662721798));
#15662=CARTESIAN_POINT('',(66.0172341699008,31.2826487068025,50.8966891164969));
#15663=CARTESIAN_POINT('',(66.0061988832996,31.292042009169,50.8849474885388));
#15664=CARTESIAN_POINT('',(65.9978878513881,31.2990539943301,50.8761825070874));
#15665=CARTESIAN_POINT('',(65.9909292659011,31.3048730527656,50.868908684043));
#15666=CARTESIAN_POINT('',(65.9860488008161,31.3089272887625,50.8638408890468));
#15667=CARTESIAN_POINT('',(65.9832460037254,31.3112478150528,50.8609402311841));
#15668=CARTESIAN_POINT('',(65.981168493825,31.3129641032846,50.8587948708942));
#15669=CARTESIAN_POINT('',(65.9789862833512,31.3147628374485,50.8565464531894));
#15670=CARTESIAN_POINT('',(65.9761092007547,31.3171288551811,50.8535889310236));
#15671=CARTESIAN_POINT('',(65.971049375371,31.3212757686424,50.848405289197));
#15672=CARTESIAN_POINT('',(65.9638060319409,31.3271717237088,50.8410353453639));
#15673=CARTESIAN_POINT('',(65.9550723528029,31.3342163073883,50.8322296157647));
#15674=CARTESIAN_POINT('',(65.9433781531257,31.3435631619552,50.820546047556));
#15675=CARTESIAN_POINT('',(65.9286650946999,31.3551630047336,50.806046244083));
#15676=CARTESIAN_POINT('',(65.904922073913,31.373543148921,50.7830710638487));
#15677=CARTESIAN_POINT('',(65.8748637577078,31.3961820269185,50.7547724663518));
#15678=CARTESIAN_POINT('',(65.8381866858868,31.4228104545682,50.7214869317897));
#15679=CARTESIAN_POINT('',(65.8071165138054,31.4445523192267,50.6943096009667));
#15680=CARTESIAN_POINT('',(65.781956807416,31.4616767153323,50.6729041058346));
#15681=CARTESIAN_POINT('',(65.7629352629367,31.4743854527693,50.6570181840384));
#15682=CARTESIAN_POINT('',(65.7437618694361,31.486959682229,50.6413003972137));
#15683=CARTESIAN_POINT('',(65.7276577653855,31.4973259544406,50.6283425569493));
#15684=CARTESIAN_POINT('',(65.7146981233096,31.5055519846317,50.6180600192104));
#15685=CARTESIAN_POINT('',(65.7049417243892,31.5116870860285,50.6103911424644));
#15686=CARTESIAN_POINT('',(65.6967757051544,31.5167741331809,50.6040323335238));
#15687=CARTESIAN_POINT('',(65.691050868992,31.5203154560869,50.5996056798914));
#15688=CARTESIAN_POINT('',(65.6877623331568,31.5223425057721,50.5970718677849));
#15689=CARTESIAN_POINT('',(65.6853286532172,31.5238391651722,50.5952010435347));
#15690=CARTESIAN_POINT('',(65.6827584564086,31.525416003755,50.5932299953063));
#15691=CARTESIAN_POINT('',(65.6793751943693,31.5274865397853,50.5906418252684));
#15692=CARTESIAN_POINT('',(65.6734244592257,31.531115175252,50.586106030935));
#15693=CARTESIAN_POINT('',(65.6649113174593,31.5362684581283,50.5796644273397));
#15694=CARTESIAN_POINT('',(65.6546530817147,31.5424178467563,50.5719776915546));
#15695=CARTESIAN_POINT('',(65.6409270242025,31.5505659133279,50.5617926083402));
#15696=CARTESIAN_POINT('',(65.6236748993028,31.5606574773072,50.549178153366));
#15697=CARTESIAN_POINT('',(65.6028222694871,31.5726169838643,50.5342287701697));
#15698=CARTESIAN_POINT('',(65.581819178683,31.5844263488096,50.519467063988));
#15699=CARTESIAN_POINT('',(65.5641914849644,31.5941422224346,50.5073222219568));
#15700=CARTESIAN_POINT('',(65.5500138110264,31.6018399987008,50.497700001624));
#15701=CARTESIAN_POINT('',(65.539343908711,31.6075752871267,50.4905308910917));
#15702=CARTESIAN_POINT('',(65.5304180155665,31.6123249633959,50.4845937957552));
#15703=CARTESIAN_POINT('',(65.5241593064996,31.6156302409399,50.4804621988252));
#15704=CARTESIAN_POINT('',(65.5205690531304,31.6175190653918,50.4781011682603));
#15705=CARTESIAN_POINT('',(65.5178997894682,31.6189198475684,50.4763501905395));
#15706=CARTESIAN_POINT('',(65.515129649667,31.6203698450987,50.4745376936266));
#15707=CARTESIAN_POINT('',(65.5114675938603,31.6222816839029,50.4721478951214));
#15708=CARTESIAN_POINT('',(65.5050352156959,31.6256268203816,50.467966474523));
#15709=CARTESIAN_POINT('',(65.495832356304,31.6303754790061,50.4620306512424));
#15710=CARTESIAN_POINT('',(65.4847499241623,31.6360346219162,50.4549567226048));
#15711=CARTESIAN_POINT('',(65.4699274003926,31.6435246398654,50.4455942001683));
#15712=CARTESIAN_POINT('',(65.4513102033719,31.6527845962738,50.4340192546577));
#15713=CARTESIAN_POINT('',(65.421334611927,31.6673807943958,50.4157740070052));
#15714=CARTESIAN_POINT('',(65.3910727288438,31.6816492634505,50.3979384206868));
#15715=CARTESIAN_POINT('',(65.3643531038906,31.6938430057592,50.382696242801));
#15716=CARTESIAN_POINT('',(65.3490027577059,31.7007334934495,50.3740831331881));
#15717=CARTESIAN_POINT('',(65.3374859822549,31.7058464578145,50.3676919277318));
#15718=CARTESIAN_POINT('',(65.3258138040508,31.710970918676,50.3612863516551));
#15719=CARTESIAN_POINT('',(65.3102527331066,31.7177259915657,50.3528425105429));
#15720=CARTESIAN_POINT('',(65.2828916151881,31.7294033783709,50.3382457770364));
#15721=CARTESIAN_POINT('',(65.251381531762,31.742395342253,50.3220058221837));
#15722=CARTESIAN_POINT('',(65.2196188812667,31.7550391191391,50.3062011010762));
#15723=CARTESIAN_POINT('',(65.1956738516198,31.7643465228602,50.2945668464247));
#15724=CARTESIAN_POINT('',(65.1756122705778,31.7719583053709,50.2850521182864));
#15725=CARTESIAN_POINT('',(65.1615215612014,31.7772075466646,50.2784905666693));
#15726=CARTESIAN_POINT('',(65.1534434265405,31.7801891675763,50.2747635405297));
#15727=CARTESIAN_POINT('',(65.1474072674107,31.7824034424753,50.2719956969059));
#15728=CARTESIAN_POINT('',(65.1412477837935,31.7846488861605,50.2691888922994));
#15729=CARTESIAN_POINT('',(65.1330667885462,31.7876124036606,50.2654844954242));
#15730=CARTESIAN_POINT('',(65.1187074941597,31.792764849428,50.259043938215));
#15731=CARTESIAN_POINT('',(65.0899077739653,31.8029022073349,50.2463722408313));
#15732=CARTESIAN_POINT('',(65.0567718562039,31.8141182272431,50.2323522159461));
#15733=CARTESIAN_POINT('',(65.0234217073238,31.8249618738986,50.2187976576267));
#15734=CARTESIAN_POINT('',(65.0024877284099,31.8315843326677,50.2105195841653));
#15735=CARTESIAN_POINT('',(64.9856861597257,31.8367894831962,50.2040131460048));
#15736=CARTESIAN_POINT('',(64.9730590193356,31.8406465787343,50.1991917765821));
#15737=CARTESIAN_POINT('',(64.9625104969952,31.843823106939,50.1952211163262));
#15738=CARTESIAN_POINT('',(64.9551213578527,31.8460243968895,50.1924695038881));
#15739=CARTESIAN_POINT('',(64.9508852328405,31.8472795225833,50.1909005967709));
#15740=CARTESIAN_POINT('',(64.9477356964609,31.8482093635268,50.1897382955915));
#15741=CARTESIAN_POINT('',(64.9444726770382,31.8491691737058,50.1885385328677));
#15742=CARTESIAN_POINT('',(64.9401589889974,31.8504332655017,50.1869584181228));
#15743=CARTESIAN_POINT('',(64.9325864737757,31.8526399765551,50.1842000293062));
#15744=CARTESIAN_POINT('',(64.9217627714057,31.855758689955,50.1803016375562));
#15745=CARTESIAN_POINT('',(64.9087457205495,31.8594528734345,50.1756839082069));
#15746=CARTESIAN_POINT('',(64.8913583592871,31.8643120647989,50.1696099190014));
#15747=CARTESIAN_POINT('',(64.8695623293701,31.8702625103253,50.1621718620934));
#15748=CARTESIAN_POINT('',(64.8345580909382,31.8795192763426,50.1506009045718));
#15749=CARTESIAN_POINT('',(64.7905573383866,31.8905955107977,50.1367556115029));
#15750=CARTESIAN_POINT('',(64.7373638663033,31.9030953843371,50.1211307695786));
#15751=CARTESIAN_POINT('',(64.6837778821574,31.9148036476588,50.1064954404265));
#15752=CARTESIAN_POINT('',(64.6387954802903,31.9239009090324,50.0951238637095));
#15753=CARTESIAN_POINT('',(64.6026138533341,31.9307828234113,50.0865214707359));
#15754=CARTESIAN_POINT('',(64.5753778802893,31.9357466188105,50.0803167264869));
#15755=CARTESIAN_POINT('',(64.5526045570859,31.9397173727366,50.0753532840793));
#15756=CARTESIAN_POINT('',(64.5366102641109,31.9424119395373,50.0719850755783));
#15757=CARTESIAN_POINT('',(64.5274740571554,31.9439244245828,50.0700944692716));
#15758=CARTESIAN_POINT('',(64.520571660809,31.9450535464484,50.0686830669395));
#15759=CARTESIAN_POINT('',(64.5138317295386,31.9461430572195,50.0673211784756));
#15760=CARTESIAN_POINT('',(64.5047741922934,31.9475899855551,50.0655125180561));
#15761=CARTESIAN_POINT('',(64.4889215486735,31.950076845455,50.0624039431812));
#15762=CARTESIAN_POINT('',(64.4661754192479,31.9535155435367,50.0581055705791));
#15763=CARTESIAN_POINT('',(64.4387503517756,31.9574548229044,50.0531814713695));
#15764=CARTESIAN_POINT('',(64.4111876507791,31.9612082388217,50.0484897014728));
#15765=CARTESIAN_POINT('',(64.3834895207786,31.9647754358304,50.0440307052121));
#15766=CARTESIAN_POINT('',(64.3602941410093,31.9675930233748,50.0405087207815));
#15767=CARTESIAN_POINT('',(64.3416703655099,31.969753971255,50.0378075359312));
#15768=CARTESIAN_POINT('',(64.3276672335751,31.9713282829686,50.0358396462892));
#15769=CARTESIAN_POINT('',(64.3159738055189,31.9726010011497,50.0342487485629));
#15770=CARTESIAN_POINT('',(64.3077653533156,31.9734723874485,50.0331595156893));
#15771=CARTESIAN_POINT('',(64.3030833385357,31.973963190229,50.0325460122137));
#15772=CARTESIAN_POINT('',(64.2995337084999,31.9743320894513,50.0320848881859));
#15773=CARTESIAN_POINT('',(64.2961195446733,31.9746839157649,50.0316451052939));
#15774=CARTESIAN_POINT('',(64.2915146537531,31.9751545228983,50.0310568463772));
#15775=CARTESIAN_POINT('',(64.2834673573164,31.9759664818551,50.0300418976811));
#15776=CARTESIAN_POINT('',(64.2719272041256,31.9771011964183,50.0286235044772));
#15777=CARTESIAN_POINT('',(64.2580325510158,31.9784200002256,50.026974999718));
#15778=CARTESIAN_POINT('',(64.2440848662916,31.9796966286951,50.0253792141312));
#15779=CARTESIAN_POINT('',(64.2300864438893,31.9809308592868,50.0238364258915));
#15780=CARTESIAN_POINT('',(64.216034670397,31.9821229038297,50.0223463702129));
#15781=CARTESIAN_POINT('',(64.2042871996716,31.9830805985948,50.0211492517565));
#15782=CARTESIAN_POINT('',(64.1960310628078,31.9837332558774,50.0203334301533));
#15783=CARTESIAN_POINT('',(64.1913229807534,31.9840996820962,50.0198753973797));
#15784=CARTESIAN_POINT('',(64.1877431899894,31.9843753215191,50.0195308481011));
#15785=CARTESIAN_POINT('',(64.1843341275596,31.9846350702507,50.0192061621867));
#15786=CARTESIAN_POINT('',(64.1797213924985,31.9849829409626,50.0187713237967));
#15787=CARTESIAN_POINT('',(64.1716614437338,31.9855811883966,50.0180235145042));
#15788=CARTESIAN_POINT('',(64.1600861589747,31.9864131741121,50.0169835323599));
#15789=CARTESIAN_POINT('',(64.1461283385518,31.987372981806,50.0157837727425));
#15790=CARTESIAN_POINT('',(64.1320949148984,31.9882948397315,50.0146314503356));
#15791=CARTESIAN_POINT('',(64.1179881492199,31.9891785759069,50.0135267801164));
#15792=CARTESIAN_POINT('',(64.106170625881,31.9898833067038,50.0126458666203));
#15793=CARTESIAN_POINT('',(64.0966801860492,31.9904280226604,50.0119649716746));
#15794=CARTESIAN_POINT('',(64.0895425381995,31.9908271092845,50.0114661133944));
#15795=CARTESIAN_POINT('',(64.0835833933819,31.9911515245685,50.0110605942894));
#15796=CARTESIAN_POINT('',(64.0793955040726,31.9913748875396,50.0107813905755));
#15797=CARTESIAN_POINT('',(64.0770132444073,31.9915006502348,50.0106241872065));
#15798=CARTESIAN_POINT('',(64.0751884123886,31.9915963018114,50.0105046227357));
#15799=CARTESIAN_POINT('',(64.0735037939526,31.9916840015613,50.0103949980484));
#15800=CARTESIAN_POINT('',(64.0712057828819,31.9918028549993,50.0102464312508));
#15801=CARTESIAN_POINT('',(64.0672012074431,31.9920078633052,50.0099901708685));
#15802=CARTESIAN_POINT('',(64.0614508152886,31.9922962924686,50.0096296344142));
#15803=CARTESIAN_POINT('',(64.0545274950524,31.9926340209037,50.0092074738704));
#15804=CARTESIAN_POINT('',(64.0452572475183,31.9930735989805,50.0086580012744));
#15805=CARTESIAN_POINT('',(64.0336000259311,31.9936027495703,50.0079965630372));
#15806=CARTESIAN_POINT('',(64.0194990407408,31.9942052810423,50.0072433986971));
#15807=CARTESIAN_POINT('',(64.0052860874606,31.994775345173,50.0065308185337));
#15808=CARTESIAN_POINT('',(63.993348532178,31.9952233478711,50.0059708151611));
#15809=CARTESIAN_POINT('',(63.9837425457627,31.9955655157392,50.005543105326));
#15810=CARTESIAN_POINT('',(63.9777152782804,31.9957726131629,50.0052842335463));
#15811=CARTESIAN_POINT('',(63.9728798740886,31.9959342202228,50.0050822247215));
#15812=CARTESIAN_POINT('',(63.9692451785802,31.9960534320738,50.0049332099078));
#15813=CARTESIAN_POINT('',(63.9662140535875,31.9961509715305,50.0048112855869));
#15814=CARTESIAN_POINT('',(63.9640820903904,31.9962185831602,50.0047267710497));
#15815=CARTESIAN_POINT('',(63.9628740548172,31.9962566186279,50.0046792267152));
#15816=CARTESIAN_POINT('',(63.9619363088629,31.9962859934733,50.0046425081584));
#15817=CARTESIAN_POINT('',(63.9611176992603,31.9963115143573,50.0046106070534));
#15818=CARTESIAN_POINT('',(63.9599834587864,31.9963467208292,50.0045665989635));
#15819=CARTESIAN_POINT('',(63.9580155090931,31.996407377102,50.0044907786225));
#15820=CARTESIAN_POINT('',(63.9551868060447,31.9964933630843,50.0043832961447));
#15821=CARTESIAN_POINT('',(63.9517852605035,31.996594833806,50.0042564577425));
#15822=CARTESIAN_POINT('',(63.947233063066,31.9967280746361,50.0040899067049));
#15823=CARTESIAN_POINT('',(63.9415146857984,31.996890669646,50.0038866629424));
#15824=CARTESIAN_POINT('',(63.9323038670719,31.9971424261115,50.0035719673606));
#15825=CARTESIAN_POINT('',(63.9206758365914,31.9974413597862,50.0031983002673));
#15826=CARTESIAN_POINT('',(63.9065387859794,31.9977748674998,50.0027814156252));
#15827=CARTESIAN_POINT('',(63.894605110428,31.9980317785951,50.0024602767561));
#15828=CARTESIAN_POINT('',(63.8849664833502,31.9982247005008,50.0022191243741));
#15829=CARTESIAN_POINT('',(63.8776916676614,31.9983630884534,50.0020461394333));
#15830=CARTESIAN_POINT('',(63.8703710199362,31.9984951727392,50.001881034076));
#15831=CARTESIAN_POINT('',(63.8642322440395,31.9985999905482,50.0017500118147));
#15832=CARTESIAN_POINT('',(63.8592983776036,31.9986806919296,50.0016491350879));
#15833=CARTESIAN_POINT('',(63.8562049881664,31.9987298195912,50.001587725511));
#15834=CARTESIAN_POINT('',(63.853724940932,31.998768327989,50.0015395900138));
#15835=CARTESIAN_POINT('',(63.851860959727,31.9987968311787,50.0015039610266));
#15836=CARTESIAN_POINT('',(63.8503086919764,31.9988202050733,50.0014747436583));
#15837=CARTESIAN_POINT('',(63.8492141049104,31.9988364934558,50.0014543831802));
#15838=CARTESIAN_POINT('',(63.8485988019577,31.9988455972487,50.0014430034392));
#15839=CARTESIAN_POINT('',(63.8481074725811,31.9988528360038,50.0014339549953));
#15840=CARTESIAN_POINT('',(63.8477293897263,31.9988583853055,50.0014270183681));
#15841=CARTESIAN_POINT('',(63.8471852054097,31.9988663472816,50.001417065898));
#15842=CARTESIAN_POINT('',(63.8462501521507,31.9988799538083,50.0014000577396));
#15843=CARTESIAN_POINT('',(63.8449013092303,31.9988993770151,50.0013757787311));
#15844=CARTESIAN_POINT('',(63.8432813861984,31.9989223729491,50.0013470338136));
#15845=CARTESIAN_POINT('',(63.8411127893511,31.9989527207325,50.0013090990844));
#15846=CARTESIAN_POINT('',(63.8383889311622,31.9989900205756,50.0012624742805));
#15847=CARTESIAN_POINT('',(63.8340014554587,31.9990483655005,50.0011895431244));
#15848=CARTESIAN_POINT('',(63.8284627809222,31.999118784836,50.001101518955));
#15849=CARTESIAN_POINT('',(63.8217292514116,31.9991992719581,50.0010009100524));
#15850=CARTESIAN_POINT('',(63.814908653322,31.9992757422411,50.0009053221987));
#15851=CARTESIAN_POINT('',(63.8056984127827,31.9993723471024,50.0007845661221));
#15852=CARTESIAN_POINT('',(63.793967914961,31.9994830614616,50.000646173173));
#15853=CARTESIAN_POINT('',(63.7819471511769,31.9995803869004,50.0005245163745));
#15854=CARTESIAN_POINT('',(63.7721563827824,31.9996502138864,50.000437232642));
#15855=CARTESIAN_POINT('',(63.7647262231193,31.9996985674622,50.0003767906723));
#15856=CARTESIAN_POINT('',(63.7572089989109,31.9997429043015,50.0003213696232));
#15857=CARTESIAN_POINT('',(63.7508720327798,31.9997765046138,50.0002793692327));
#15858=CARTESIAN_POINT('',(63.7457590240964,31.9998013761238,50.0002482798452));
#15859=CARTESIAN_POINT('',(63.7425450154597,31.9998160849211,50.0002298938487));
#15860=CARTESIAN_POINT('',(63.7399634656108,31.9998273477862,50.0002158152672));
#15861=CARTESIAN_POINT('',(63.7380203767781,31.9998355496088,50.0002055629889));
#15862=CARTESIAN_POINT('',(63.7364013214676,31.999842157075,50.0001973036562));
#15863=CARTESIAN_POINT('',(63.7352563372931,31.9998467081558,50.0001916148053));
#15864=CARTESIAN_POINT('',(63.734615845874,31.9998492216731,50.0001884729086));
#15865=CARTESIAN_POINT('',(63.7340943874402,31.9998512480849,50.0001859398939));
#15866=CARTESIAN_POINT('',(63.7337283549336,31.9998526588108,50.0001841764865));
#15867=CARTESIAN_POINT('',(63.7331848651247,31.9998547406722,50.0001815741597));
#15868=CARTESIAN_POINT('',(63.7322565727192,31.9998582563618,50.0001771795477));
#15869=CARTESIAN_POINT('',(63.7309098475993,31.9998632479658,50.0001709400427));
#15870=CARTESIAN_POINT('',(63.7292877367292,31.9998690839242,50.0001636450947));
#15871=CARTESIAN_POINT('',(63.7271073120512,31.9998766970851,50.0001541286436));
#15872=CARTESIAN_POINT('',(63.7243531605982,31.9998858812071,50.0001426484911));
#15873=CARTESIAN_POINT('',(63.7198836324296,31.9998998739465,50.0001251575669));
#15874=CARTESIAN_POINT('',(63.7141796532489,31.9999160456156,50.0001049429805));
#15875=CARTESIAN_POINT('',(63.7071473037879,31.9999333418386,50.0000833227017));
#15876=CARTESIAN_POINT('',(63.7011307590493,31.9999459969777,50.0000675037778));
#15877=CARTESIAN_POINT('',(63.6962237627543,31.9999550660992,50.000056167376));
#15878=CARTESIAN_POINT('',(63.6924966320256,31.9999613404437,50.0000483244454));
#15879=CARTESIAN_POINT('',(63.6887226374901,31.9999670872735,50.0000411409082));
#15880=CARTESIAN_POINT('',(63.6855385259158,31.9999714367645,50.0000357040444));
#15881=CARTESIAN_POINT('',(63.6829679082229,31.9999746524977,50.0000316843778));
#15882=CARTESIAN_POINT('',(63.6813512519098,31.9999765526857,50.0000293091429));
#15883=CARTESIAN_POINT('',(63.6800526478189,31.9999780063252,50.0000274920935));
#15884=CARTESIAN_POINT('',(63.6790741742041,31.9999790651563,50.0000261685547));
#15885=CARTESIAN_POINT('',(63.6782613977133,31.9999799150465,50.0000251061918));
#15886=CARTESIAN_POINT('',(63.6776812425161,31.9999805053486,50.0000243683143));
#15887=CARTESIAN_POINT('',(63.6773648635541,31.9999808232369,50.0000239709539));
#15888=CARTESIAN_POINT('',(63.6770837196678,31.9999811027099,50.0000236216126));
#15889=CARTESIAN_POINT('',(63.6769693465518,31.9999812153061,50.0000234808674));
#15890=CARTESIAN_POINT('',(63.6767577126337,31.9999814226713,50.0000232216609));
#15891=CARTESIAN_POINT('',(63.676412542005,31.9999817565124,50.0000228043595));
#15892=CARTESIAN_POINT('',(63.6758994862831,31.9999822417826,50.0000221977717));
#15893=CARTESIAN_POINT('',(63.6752807274496,31.9999828088181,50.0000214889774));
#15894=CARTESIAN_POINT('',(63.6744413526562,31.9999835546568,50.000020556679));
#15895=CARTESIAN_POINT('',(63.673369917076,31.99998446313,50.0000194210875));
#15896=CARTESIAN_POINT('',(63.6716062641512,31.9999858678072,50.000017665241));
#15897=CARTESIAN_POINT('',(63.6693100578384,31.9999875311072,50.000015586116));
#15898=CARTESIAN_POINT('',(63.6664077028289,31.9999893792743,50.0000132759071));
#15899=CARTESIAN_POINT('',(63.6633585162316,31.9999910795732,50.0000111505335));
#15900=CARTESIAN_POINT('',(63.6590971317156,31.9999931495074,50.0000085631157));
#15901=CARTESIAN_POINT('',(63.6534032839995,31.9999953672924,50.0000057908845));
#15902=CARTESIAN_POINT('',(63.6459832755354,31.9999974372257,50.0000032034679));
#15903=CARTESIAN_POINT('',(63.6353067440268,31.9999994085905,50.0000007392619));
#15904=CARTESIAN_POINT('',(63.6264182597554,32.,50.));
#15905=CARTESIAN_POINT('',(63.62010101,32.,50.));
#15906=CARTESIAN_POINT('',(-21.8579998016358,28.,23.4799995422364));
#15907=CARTESIAN_POINT('',(-21.8579982688572,28.,23.4799972477532));
#15908=CARTESIAN_POINT('',(-21.8579994574151,31.9999999991511,23.4799987988154));
#15909=CARTESIAN_POINT('',(-21.8579989848604,28.0000037303911,23.4799981821668));
#15910=CARTESIAN_POINT('',(-21.2040004730225,32.,22.5009994506836));
#15911=CARTESIAN_POINT('',(-21.204000473022,32.,22.5009994506836));
#15912=CARTESIAN_POINT('',(-21.2040004730225,28.,22.5009994506836));
#15913=CARTESIAN_POINT('',(-21.2040004730236,28.,22.5009994506836));
#15914=CARTESIAN_POINT('',(-21.8579998016358,28.,23.4799995422364));
#15915=CARTESIAN_POINT('',(-21.2040004730225,28.,22.5009994506836));
#15916=CARTESIAN_POINT('',(-21.2040004730225,32.,22.5009994506836));
#15917=CARTESIAN_POINT('',(-20.6830005645757,32.,21.4449996948242));
#15918=CARTESIAN_POINT('',(-20.6830005645752,28.,21.4449996948242));
#15919=CARTESIAN_POINT('',(-20.6830005645752,28.,21.4449996948242));
#15920=CARTESIAN_POINT('',(-21.2040004730225,28.,22.5009994506836));
#15921=CARTESIAN_POINT('',(-20.6830005645752,28.,21.4449996948242));
#15922=CARTESIAN_POINT('',(-20.6830005645752,32.,21.4449996948242));
#15923=CARTESIAN_POINT('',(-20.3040008544922,32.,20.329999923706));
#15924=CARTESIAN_POINT('',(-20.3040008544922,32.,20.329999923706));
#15925=CARTESIAN_POINT('',(-20.3040008544922,28.,20.329999923706));
#15926=CARTESIAN_POINT('',(-20.3040008544922,28.,20.329999923706));
#15927=CARTESIAN_POINT('',(-20.3040008544922,28.,20.329999923706));
#15928=CARTESIAN_POINT('',(-20.3040008544922,32.,20.329999923706));
#15929=CARTESIAN_POINT('',(-20.0750007629387,32.,19.1749992370605));
#15930=CARTESIAN_POINT('',(-20.0750007629395,32.,19.1749992370606));
#15931=CARTESIAN_POINT('',(-20.0750007629399,28.,19.1749992370606));
#15932=CARTESIAN_POINT('',(-20.3040008544922,28.,20.329999923706));
#15933=CARTESIAN_POINT('',(-20.0750007629395,28.,19.1749992370606));
#15934=CARTESIAN_POINT('',(-20.0750007629395,32.,19.1749992370606));
#15935=CARTESIAN_POINT('',(-19.9979991912842,32.,18.));
#15936=CARTESIAN_POINT('',(-19.9979991912842,32.,18.));
#15937=CARTESIAN_POINT('',(-19.9979991912842,28.,18.));
#15938=CARTESIAN_POINT('',(-20.0750007629395,28.,19.1749992370606));
#15939=CARTESIAN_POINT('',(-2.69599988545674,28.,20.3299998510583));
#15940=CARTESIAN_POINT('',(-2.69600014684121,28.,20.3299990820773));
#15941=CARTESIAN_POINT('',(-2.69600012024786,31.9999989468002,20.3299995559508));
#15942=CARTESIAN_POINT('',(-2.69600010415083,28.,20.3299998359603));
#15943=CARTESIAN_POINT('',(-2.69599988545674,32.,20.3299998510583));
#15944=CARTESIAN_POINT('',(-2.31700035987158,31.9999976705588,21.4449987875771));
#15945=CARTESIAN_POINT('',(-2.31700067876638,32.,21.4449981412184));
#15946=CARTESIAN_POINT('',(-2.31700014794323,28.0000000000018,21.4449992172348));
#15947=CARTESIAN_POINT('',(-2.69599988545674,28.,20.3299998510583));
#15948=CARTESIAN_POINT('',(-1.7960000038147,32.,22.5009994506836));
#15949=CARTESIAN_POINT('',(-2.31699991226196,32.,21.4449996948242));
#15950=CARTESIAN_POINT('',(-1.79600005338115,31.9999996825005,22.5009993501933));
#15951=CARTESIAN_POINT('',(-1.79600011422768,32.,22.5009992268907));
#15952=CARTESIAN_POINT('',(-1.79600002311122,28.0000000008486,22.5009994252167));
#15953=CARTESIAN_POINT('',(-1.7960000038147,28.,22.5009994506836));
#15954=CARTESIAN_POINT('',(-19.9979991912842,28.,18.));
#15955=CARTESIAN_POINT('',(-19.9979991912842,32.,18.));
#15956=CARTESIAN_POINT('',(-20.0750007629388,32.,16.8250007629395));
#15957=CARTESIAN_POINT('',(-20.0750007629395,32.,16.8250007629395));
#15958=CARTESIAN_POINT('',(-20.0750007629396,28.,16.8250007629395));
#15959=CARTESIAN_POINT('',(-19.9979991912842,28.,18.));
#15960=CARTESIAN_POINT('',(-20.3040008544922,32.,15.670000076294));
#15961=CARTESIAN_POINT('',(-20.3040008544922,28.,15.670000076294));
#15962=CARTESIAN_POINT('',(-20.3040008544922,32.,15.670000076294));
#15963=CARTESIAN_POINT('',(-2.92499995231629,32.,19.1749992370606));
#15964=CARTESIAN_POINT('',(-2.92499989231353,28.,19.1750001409468));
#15965=CARTESIAN_POINT('',(-2.92499993863472,31.9999999999719,19.1749994445361));
#15966=CARTESIAN_POINT('',(-2.92499992058187,28.0000011856062,19.1749997151103));
#15967=CARTESIAN_POINT('',(-3.00300002098083,28.,18.));
#15968=CARTESIAN_POINT('',(-3.00300002098084,28.,18.));
#15969=CARTESIAN_POINT('',(-3.00300002098083,28.,18.));
#15970=CARTESIAN_POINT('',(-3.00300002098089,32.,18.));
#15971=CARTESIAN_POINT('',(-2.92499995231629,32.,19.1749992370606));
#15972=CARTESIAN_POINT('',(-2.92500006701666,28.,19.174999259802));
#15973=CARTESIAN_POINT('',(-2.92500006701666,32.,19.174999259802));
#15974=CARTESIAN_POINT('',(-2.92500006701666,28.,19.174999259802));
#15975=CARTESIAN_POINT('',(-2.69599998448175,28.,15.6700000990354));
#15976=CARTESIAN_POINT('',(-2.69600014684049,28.,15.6700009179192));
#15977=CARTESIAN_POINT('',(-2.69599999880913,32.,15.6700001379999));
#15978=CARTESIAN_POINT('',(-2.69599999619997,28.00000000025,15.6700001362851));
#15979=CARTESIAN_POINT('',(-2.69599998448175,32.,15.6700000990354));
#15980=CARTESIAN_POINT('',(-2.92499998942044,31.9999999991485,16.8250005977867));
#15981=CARTESIAN_POINT('',(-2.92499989231353,28.,16.8249998590532));
#15982=CARTESIAN_POINT('',(-2.92499993854304,28.,16.8250005554583));
#15983=CARTESIAN_POINT('',(-2.69599998448175,28.,15.6700000990354));
#15984=CARTESIAN_POINT('',(-2.92499995231629,28.,16.8250007629395));
#15985=CARTESIAN_POINT('',(-2.92499995231629,32.,16.8250007629395));
#15986=CARTESIAN_POINT('',(-2.92499995231629,28.,16.8250007629395));
#15987=CARTESIAN_POINT('',(39.2120017464302,28.,9.07499953636744));
#15988=CARTESIAN_POINT('',(39.2120017464302,32.,9.07499953636744));
#15989=CARTESIAN_POINT('',(38.0569992550447,31.9999999995669,9.30400004614139));
#15990=CARTESIAN_POINT('',(38.0569994927453,28.,9.30400012769835));
#15991=CARTESIAN_POINT('',(38.0569992556934,28.0000000008491,9.30400004619312));
#15992=CARTESIAN_POINT('',(39.2120017464302,28.,9.07499953636744));
#15993=CARTESIAN_POINT('',(38.0569993053172,28.,9.30400019140705));
#15994=CARTESIAN_POINT('',(38.0569993053172,32.,9.30400019140705));
#15995=CARTESIAN_POINT('',(38.0569993053172,28.,9.30400019140705));
#15996=CARTESIAN_POINT('',(50.9980010986328,32.,0.));
#15997=CARTESIAN_POINT('',(49.3129997253418,32.,19.1749992370606));
#15998=CARTESIAN_POINT('',(49.0830001831055,32.,20.329999923706));
#15999=CARTESIAN_POINT('',(48.7039985656738,32.,21.4449996948242));
#16000=CARTESIAN_POINT('',(48.7039985656738,32.,21.4449996948242));
#16001=CARTESIAN_POINT('',(48.1829986572266,32.,22.5009994506836));
#16002=CARTESIAN_POINT('',(45.867000579834,32.,25.1420001983643));
#16003=CARTESIAN_POINT('',(44.8880004882812,32.,25.7959995269775));
#16004=CARTESIAN_POINT('',(44.8880004882812,32.,25.7959995269775));
#16005=CARTESIAN_POINT('',(34.0210002577544,32.,24.3659988229796));
#16006=CARTESIAN_POINT('',(13.1420001983643,32.,23.4799995422364));
#16007=CARTESIAN_POINT('',(7.17500019073486,32.,26.9249992370605));
#16008=CARTESIAN_POINT('',(7.17500018956537,31.9999999991149,26.9249992215795));
#16009=CARTESIAN_POINT('',(52.5852723894956,32.,23.9104886044883));
#16010=CARTESIAN_POINT('',(-0.36599999666214,32.,24.3659992218018));
#16011=CARTESIAN_POINT('',(-0.365999971672324,31.9999999991367,24.3659991998669));
#16012=CARTESIAN_POINT('',(-0.365999946295606,32.,24.3659991776884));
#16013=CARTESIAN_POINT('',(-1.14199996472724,31.9999999995638,23.4799995946039));
#16014=CARTESIAN_POINT('',(-1.14199998697194,32.,23.4799995602907));
#16015=CARTESIAN_POINT('',(-2.31700012598699,32.,14.5550002325284));
#16016=CARTESIAN_POINT('',(2.55500022095495,32.,9.68299992343965));
#16017=CARTESIAN_POINT('',(9.44499969482422,32.,9.68299961090088));
#16018=CARTESIAN_POINT('',(-22.6340005083579,32.,24.3659994581407));
#16019=CARTESIAN_POINT('',(-25.5550003051758,32.,26.3169994354248));
#16020=CARTESIAN_POINT('',(-26.6700000320737,31.9999999995038,26.6959990857401));
#16021=CARTESIAN_POINT('',(-26.6700000943297,32.,26.6959990545419));
#16022=CARTESIAN_POINT('',(-33.5009994506836,32.,25.7959995269775));
#16023=CARTESIAN_POINT('',(-34.4800015197183,31.9999945190053,25.1419988773877));
#16024=CARTESIAN_POINT('',(-34.4799998915434,32.,25.1420005971864));
#16025=CARTESIAN_POINT('',(-37.6959991455078,32.,15.670000076294));
#16026=CARTESIAN_POINT('',(-37.6959991455078,32.,15.670000076294));
#16027=CARTESIAN_POINT('',(-37.6959991455078,32.,15.670000076294));
#16028=CARTESIAN_POINT('',(-37.3170010911574,31.9999978429334,14.5549994228182));
#16029=CARTESIAN_POINT('',(-14.2529186612217,32.,-32.1929271596453));
#16030=CARTESIAN_POINT('',(-36.7960008867211,31.9999978186516,13.4989988582704));
#16031=CARTESIAN_POINT('',(-36.7960014343262,32.,13.4989995956421));
#16032=CARTESIAN_POINT('',(49.6589815843733,32.,-6.75356577775336));
#16033=CARTESIAN_POINT('',(-69.62010101,32.,0.));
#16034=CARTESIAN_POINT('',(-69.62010101,32.,16.6666666666667));
#16035=CARTESIAN_POINT('',(-69.62010101,32.,33.3333333333333));
#16036=CARTESIAN_POINT('',(-69.62010101,32.,50.));
#16037=CARTESIAN_POINT('',(63.62010101,32.,50.));
#16038=CARTESIAN_POINT('',(63.62010101,32.,33.3333333333333));
#16039=CARTESIAN_POINT('',(63.62010101,32.,16.6666666666667));
#16040=CARTESIAN_POINT('',(63.62010101,32.,-1.55431223447522E-15));
#16041=CARTESIAN_POINT('',(-37.6959991455078,28.,15.670000076294));
#16042=CARTESIAN_POINT('',(-37.6959991455078,32.,15.670000076294));
#16043=CARTESIAN_POINT('',(-37.6959991455078,28.,15.670000076294));
#16044=CARTESIAN_POINT('',(-37.6959991455078,28.,15.670000076294));
#16045=CARTESIAN_POINT('',(-36.1419982910157,28.,12.5200004577637));
#16046=CARTESIAN_POINT('',(-36.796000534528,28.,13.4989982487042));
#16047=CARTESIAN_POINT('',(-36.7960011181792,28.0000000008665,13.4989992585267));
#16048=CARTESIAN_POINT('',(-36.1419982910157,28.,12.5200004577637));
#16049=CARTESIAN_POINT('',(-36.7960012451233,28.,13.4989996889893));
#16050=CARTESIAN_POINT('',(-37.3170008216956,32.,14.5549987721808));
#16051=CARTESIAN_POINT('',(-37.3170011825483,28.0000000000271,14.5549998335468));
#16052=CARTESIAN_POINT('',(-36.7960012451233,28.,13.4989996889893));
#16053=CARTESIAN_POINT('',(-37.6959991455078,32.,15.670000076294));
#16054=CARTESIAN_POINT('',(-37.6959991455078,28.,15.670000076294));
#16055=CARTESIAN_POINT('',(-30.1749992550962,28.,9.07499971829924));
#16056=CARTESIAN_POINT('',(-30.1749992550962,28.,9.07499971829924));
#16057=CARTESIAN_POINT('',(-34.4799998915434,32.,25.1420005971864));
#16058=CARTESIAN_POINT('',(-34.4800029334532,32.,25.1419979329369));
#16059=CARTESIAN_POINT('',(-34.4800005807326,28.,25.1419995046198));
#16060=CARTESIAN_POINT('',(-34.4799998915434,28.,25.1420005971864));
#16061=CARTESIAN_POINT('',(-33.5009994506836,32.,25.7959995269775));
#16062=CARTESIAN_POINT('',(-34.4799995422363,28.,25.1420001983643));
#16063=CARTESIAN_POINT('',(-26.6700000943297,32.,26.6959990545419));
#16064=CARTESIAN_POINT('',(-26.6699994088218,32.,26.6959989186273));
#16065=CARTESIAN_POINT('',(-26.6699997997698,28.0000008852857,26.6959990337116));
#16066=CARTESIAN_POINT('',(58.0575336604276,28.,9.89719604792617));
#16067=CARTESIAN_POINT('',(-25.5550003051758,32.,26.3169994354248));
#16068=CARTESIAN_POINT('',(-26.670000076294,28.,26.6959991455078));
#16069=CARTESIAN_POINT('',(-22.6340005083579,28.,24.3659994581407));
#16070=CARTESIAN_POINT('',(-22.6340005083579,28.,24.3659994581407));
#16071=CARTESIAN_POINT('',(-1.14199998697194,32.,23.4799995602907));
#16072=CARTESIAN_POINT('',(-1.14199983857857,32.,23.479999782427));
#16073=CARTESIAN_POINT('',(-1.14199996477681,28.0000000010936,23.479999594522));
#16074=CARTESIAN_POINT('',(-1.14199998697194,28.,23.4799995602907));
#16075=CARTESIAN_POINT('',(-0.365999946295606,32.,24.3659991776884));
#16076=CARTESIAN_POINT('',(-0.365999614496648,32.,24.3659995565205));
#16077=CARTESIAN_POINT('',(-0.365999979885477,28.0000000000816,24.3659992074505));
#16078=CARTESIAN_POINT('',(-0.365999946295606,28.,24.3659991776884));
#16079=CARTESIAN_POINT('',(-0.36599999666214,32.,24.3659992218018));
#16080=CARTESIAN_POINT('',(-0.36599999666214,28.,24.3659992218018));
#16081=CARTESIAN_POINT('',(-2.31700012598699,28.,14.5550002325284));
#16082=CARTESIAN_POINT('',(-2.31700012598699,28.,14.5550002325284));
#16083=CARTESIAN_POINT('',(2.55500022095495,28.,9.68299992343965));
#16084=CARTESIAN_POINT('',(2.55500022095495,28.,9.68299992343965));
#16085=CARTESIAN_POINT('',(9.44499969482422,28.,9.68299961090088));
#16086=CARTESIAN_POINT('',(8.32999992370605,28.,9.30399990081787));
#16087=CARTESIAN_POINT('',(7.17500019073486,28.,26.9249992370605));
#16088=CARTESIAN_POINT('',(7.17500019073486,28.,26.9249992370605));
#16089=CARTESIAN_POINT('',(7.17500019077412,28.0000000000972,26.9249992251036));
#16090=CARTESIAN_POINT('',(7.17500043074999,32.,26.9249991894731));
#16091=CARTESIAN_POINT('',(7.17500018864275,32.,26.9249992055451));
#16092=CARTESIAN_POINT('',(7.17500018864275,28.,26.9249992055451));
#16093=CARTESIAN_POINT('',(12.3660001754761,28.,24.3659992218018));
#16094=CARTESIAN_POINT('',(13.1420001983643,28.,23.4799995422362));
#16095=CARTESIAN_POINT('',(34.0210002577544,28.,24.3659988229796));
#16096=CARTESIAN_POINT('',(34.0210002577544,28.,24.3659988229796));
#16097=CARTESIAN_POINT('',(48.1829986572266,28.,22.5009994506836));
#16098=CARTESIAN_POINT('',(48.7039985656738,28.,21.4449996948242));
#16099=CARTESIAN_POINT('',(48.7039985656738,28.,21.4449996948242));
#16100=CARTESIAN_POINT('',(48.1829986572266,28.,22.5009994506836));
#16101=CARTESIAN_POINT('',(67.,28.,55.));
#16102=CARTESIAN_POINT('',(-73.,28.,55.));
#16103=CARTESIAN_POINT('',(48.7039985656738,28.,21.4449996948242));
#16104=CARTESIAN_POINT('',(49.0830001831055,28.,20.329999923706));
#16105=CARTESIAN_POINT('',(49.3129997253418,28.,19.1749992370606));
#16106=CARTESIAN_POINT('',(36.9420013891726,28.,9.68299961211618));
#16107=CARTESIAN_POINT('',(23.8656025163588,28.,9.34049987853401));
#16108=CARTESIAN_POINT('',(23.8656025163588,28.,9.34049987853401));
#16109=CARTESIAN_POINT('',(10.7892036437984,28.,8.99800014495848));
#16110=CARTESIAN_POINT('',(43.8320007324219,28.,26.3169994354248));
#16111=CARTESIAN_POINT('',(44.8880004882812,28.,25.7959995269775));
#16112=CARTESIAN_POINT('',(45.867000579834,28.,25.1420001983643));
#16113=CARTESIAN_POINT('',(48.7039985656738,28.,21.4449996948242));
#16114=CARTESIAN_POINT('',(49.0830001831055,28.,20.329999923706));
#16115=CARTESIAN_POINT('',(49.3129997253418,28.,19.1749992370606));
#16116=CARTESIAN_POINT('',(44.8880004882812,32.,25.7959995269775));
#16117=CARTESIAN_POINT('',(44.8880004882812,28.,25.7959995269775));
#16118=CARTESIAN_POINT('',(45.867000579834,32.,25.1420001983643));
#16119=CARTESIAN_POINT('',(67.,-48.,55.));
#16120=CARTESIAN_POINT('',(-73.,-48.,49.9999999999149));
#16121=CARTESIAN_POINT('',(-73.,-52.,0.));
#16122=CARTESIAN_POINT('',(-73.,28.62010101,54.2248737375));
#16123=CARTESIAN_POINT('',(-73.,28.62010101,36.149915825));
#16124=CARTESIAN_POINT('',(-73.,28.62010101,18.0749579125));
#16125=CARTESIAN_POINT('',(-73.,28.62010101,-6.21724893790088E-15));
#16126=CARTESIAN_POINT('',(-73.,-48.62010101,-5.55111512312578E-17));
#16127=CARTESIAN_POINT('',(-73.,-48.62010101,18.0749579125));
#16128=CARTESIAN_POINT('',(-73.,-48.62010101,36.149915825));
#16129=CARTESIAN_POINT('',(-73.,-48.62010101,54.2248737375001));
#16130=CARTESIAN_POINT('',(67.,28.62010101,0.));
#16131=CARTESIAN_POINT('',(67.,28.62010101,54.550222979925));
#16132=CARTESIAN_POINT('',(67.,29.1270858585,0.));
#16133=CARTESIAN_POINT('',(67.,29.1270858585,54.550222979925));
#16134=CARTESIAN_POINT('',(67.,29.634070707,0.));
#16135=CARTESIAN_POINT('',(67.,29.634070707,54.550222979925));
#16136=CARTESIAN_POINT('',(66.662010101,30.8733670033334,0.));
#16137=CARTESIAN_POINT('',(66.662010101,30.8733670033334,54.550222979925));
#16138=CARTESIAN_POINT('',(65.8733670033333,31.662010101,0.));
#16139=CARTESIAN_POINT('',(65.8733670033333,31.662010101,54.550222979925));
#16140=CARTESIAN_POINT('',(64.634070707,32.,0.));
#16141=CARTESIAN_POINT('',(64.634070707,32.,54.550222979925));
#16142=CARTESIAN_POINT('',(64.1270858585,32.,0.));
#16143=CARTESIAN_POINT('',(64.1270858585,32.,54.550222979925));
#16144=CARTESIAN_POINT('',(63.62010101,32.,0.));
#16145=CARTESIAN_POINT('',(63.62010101,32.,54.550222979925));
#16146=CARTESIAN_POINT('',(63.62010101,-52.,-1.77635683940025E-14));
#16147=CARTESIAN_POINT('',(63.62010101,-52.,54.5502229799251));
#16148=CARTESIAN_POINT('',(64.1270858585,-52.,-1.77635683940025E-14));
#16149=CARTESIAN_POINT('',(64.1270858585,-52.,54.5502229799251));
#16150=CARTESIAN_POINT('',(64.634070707,-52.,-1.77635683940025E-14));
#16151=CARTESIAN_POINT('',(64.634070707,-52.,54.5502229799251));
#16152=CARTESIAN_POINT('',(65.8733670033333,-51.662010101,-1.77635683940025E-14));
#16153=CARTESIAN_POINT('',(65.8733670033333,-51.662010101,54.5502229799251));
#16154=CARTESIAN_POINT('',(66.662010101,-50.8733670033333,-1.77635683940025E-14));
#16155=CARTESIAN_POINT('',(66.662010101,-50.8733670033333,54.5502229799251));
#16156=CARTESIAN_POINT('',(67.,-49.634070707,-1.77635683940025E-14));
#16157=CARTESIAN_POINT('',(67.,-49.634070707,54.5502229799251));
#16158=CARTESIAN_POINT('',(67.,-49.1270858585,-1.77635683940025E-14));
#16159=CARTESIAN_POINT('',(67.,-49.1270858585,54.5502229799251));
#16160=CARTESIAN_POINT('',(67.,-48.62010101,-1.77635683940025E-14));
#16161=CARTESIAN_POINT('',(67.,-48.62010101,54.5502229799251));
#16162=CARTESIAN_POINT('',(-73.,-48.62010101,0.));
#16163=CARTESIAN_POINT('',(-73.,-48.62010101,54.5502229799251));
#16164=CARTESIAN_POINT('',(-73.,-49.1270858585,0.));
#16165=CARTESIAN_POINT('',(-73.,-49.1270858585,54.5502229799251));
#16166=CARTESIAN_POINT('',(-73.,-49.634070707,0.));
#16167=CARTESIAN_POINT('',(-73.,-49.634070707,54.5502229799251));
#16168=CARTESIAN_POINT('',(-72.662010101,-50.8733670033333,0.));
#16169=CARTESIAN_POINT('',(-72.662010101,-50.8733670033333,54.5502229799251));
#16170=CARTESIAN_POINT('',(-71.8733670033333,-51.662010101,0.));
#16171=CARTESIAN_POINT('',(-71.8733670033333,-51.662010101,54.5502229799251));
#16172=CARTESIAN_POINT('',(-70.634070707,-52.,0.));
#16173=CARTESIAN_POINT('',(-70.634070707,-52.,54.5502229799251));
#16174=CARTESIAN_POINT('',(-70.1270858585,-52.,0.));
#16175=CARTESIAN_POINT('',(-70.1270858585,-52.,54.5502229799251));
#16176=CARTESIAN_POINT('',(-69.62010101,-52.,0.));
#16177=CARTESIAN_POINT('',(-69.62010101,-52.,54.5502229799251));
#16178=CARTESIAN_POINT('',(-73.,28.62010101,54.550222979925));
#16179=CARTESIAN_POINT('',(-73.,28.62010101,0.));
#16180=CARTESIAN_POINT('',(-73.,29.1270858585,54.550222979925));
#16181=CARTESIAN_POINT('',(-73.,29.1270858585,0.));
#16182=CARTESIAN_POINT('',(-73.,29.634070707,54.550222979925));
#16183=CARTESIAN_POINT('',(-73.,29.634070707,-7.105427357601E-15));
#16184=CARTESIAN_POINT('',(-72.662010101,30.8733670033334,54.550222979925));
#16185=CARTESIAN_POINT('',(-72.662010101,30.8733670033334,-7.105427357601E-15));
#16186=CARTESIAN_POINT('',(-71.8733670033333,31.662010101,54.550222979925));
#16187=CARTESIAN_POINT('',(-71.8733670033333,31.662010101,-7.105427357601E-15));
#16188=CARTESIAN_POINT('',(-70.634070707,32.,54.550222979925));
#16189=CARTESIAN_POINT('',(-70.634070707,32.,-7.105427357601E-15));
#16190=CARTESIAN_POINT('',(-70.1270858585,32.,54.550222979925));
#16191=CARTESIAN_POINT('',(-70.1270858585,32.,-7.105427357601E-15));
#16192=CARTESIAN_POINT('',(-69.62010101,32.,54.550222979925));
#16193=CARTESIAN_POINT('',(-69.62010101,32.,-7.105427357601E-15));
#16194=MECHANICAL_DESIGN_GEOMETRIC_PRESENTATION_REPRESENTATION('',(#7547),
#16195);
#16195=(
GEOMETRIC_REPRESENTATION_CONTEXT(3)
GLOBAL_UNCERTAINTY_ASSIGNED_CONTEXT((#16196))
GLOBAL_UNIT_ASSIGNED_CONTEXT((#16199,#16198,#16197))
REPRESENTATION_CONTEXT('product0','TOP_LEVEL_ASSEMBLY_PART')
);
#16196=UNCERTAINTY_MEASURE_WITH_UNIT(LENGTH_MEASURE(2.E-5),#16199,
'DISTANCE_ACCURACY_VALUE','Maximum Tolerance applied to model');
#16197=(
NAMED_UNIT(*)
SI_UNIT($,.STERADIAN.)
SOLID_ANGLE_UNIT()
);
#16198=(
NAMED_UNIT(*)
PLANE_ANGLE_UNIT()
SI_UNIT($,.RADIAN.)
);
#16199=(
LENGTH_UNIT()
NAMED_UNIT(*)
SI_UNIT($,.METRE.)
);
#16200=PRODUCT_DEFINITION_SHAPE('','',#16201);
#16201=PRODUCT_DEFINITION('','',#16203,#16202);
#16202=PRODUCT_DEFINITION_CONTEXT('',#16209,'design');
#16203=PRODUCT_DEFINITION_FORMATION_WITH_SPECIFIED_SOURCE('','',#16205,
 .NOT_KNOWN.);
#16204=PRODUCT_RELATED_PRODUCT_CATEGORY('','',(#16205));
#16205=PRODUCT('product0','product0','product0',(#16207));
#16206=PRODUCT_CATEGORY('','');
#16207=PRODUCT_CONTEXT('',#16209,'mechanical');
#16208=APPLICATION_PROTOCOL_DEFINITION('international standard',
'ap242_managed_model_based_3d_engineering',2020,#16209);
#16209=APPLICATION_CONTEXT('managed model based 3d engineering');
ENDSEC;
END-ISO-10303-21;
