# Object Export From Tinkercad Server 2015

mtllib obj.mtl

o obj_0
v -74 		27.998 		55.003
v -74 		27.998 		50
v -74 		-47.998 		50
v -74 		-47.998 		55.003
v -74 		32 		58
v -74 		32 		50.0005
v -74 		-52 		50.0018
v -74 		-52 		58
v -31 		-4.8 		58
v -31 		-3.62 		58
v -31 		32 		58
v -19.112 		8.769 		61
v -18.925 		8.909 		61
v -18.745 		9.08 		61
v -31 		-3.62 		61
v -18.996 		8.242 		61
v -19.07 		8.38 		61
v -19.147 		8.491 		61
v -19.226 		8.584 		61
v -19.307 		8.66 		61
v -31 		-4.8 		61
v 72 		-52 		58
v 72 		-52 		50
v 72 		-11 		58
v -28.003 		-33.691 		58
v -12.998 		-33.691 		58
v -20.202 		9.2 		61
v -24.576 		-11 		58
v -12.998 		-43.696 		58
v -28.003 		-43.696 		58
v -20.05 		9.213 		61
v -18.6389 		9.216 		58
v -18.575 		9.298 		58
v 53.556 		-11 		58
v 51.317 		-11 		58
v -18.432 		9.527 		58
v 29.959 		-11 		58
v -19.898 		9.253 		58
v -20.0386 		9.216 		58
v 21.242 		-11 		58
v 19.003 		-11 		58
v -19.746 		9.32 		58
v 1.735 		-11 		58
v -0.503 		-11 		58
v -7.745 		-11 		58
v -19.605 		9.422 		58
v -19.477 		9.569 		58
v -19.36 		9.76 		58
v -12.998 		-33.691 		50
v -28.003 		-33.691 		50
v -28.003 		-43.696 		50
v -12.998 		-43.696 		50
v -19.25 		10 		58
v -19.1738 		10.24 		58
v 67.003 		-47.998 		50
v 67.003 		-52 		50
v -19.2223 		8.7073 		58
v -19.112 		8.769 		58
v 67.003 		-52 		50.0018
v -18.925 		8.909 		58
v -18.745 		9.08 		58
v 67.003 		-47.998 		55.003
v -18.9717 		8.192 		58
v -18.996 		8.242 		58
v -19.2402 		8.6974 		58
v -19.07 		8.38 		58
v 53.556 		-11 		61
v -19.2762 		8.6772 		58
v 51.317 		-11 		61
v -19.147 		8.491 		58
v 21.242 		-11 		61
v 19.003 		-11 		61
v -19.2959 		8.6662 		58
v 1.735 		-11 		61
v -19.226 		8.584 		58
v -0.503 		-11 		61
v 72 		32 		50
v 72 		32 		58
v -19.307 		8.66 		58
v 67.003 		27.998 		50
v 67.003 		32 		50
v 67.003 		32 		50.0005
v -20.202 		9.2 		58
v 67.003 		27.998 		55.003
v -20.05 		9.213 		58
v -23.6 		11.56 		58
v -23.6 		11.56 		61
v 61 		-4.88 		58
v -23.588 		10.987 		58
v -23.588 		10.987 		61
v -23.553 		10.44 		58
v -23.553 		10.44 		61
v -24.679 		16.78 		58
v -24.565 		16.78 		58
v -20.36 		16.78 		58
v -23.5303 		10.24 		58
v 0 		16.78 		58
v 25.21 		16.78 		58
v -22.439 		12.133 		61
v -22.439 		12.133 		58
v -22.45 		11.6 		61
v -22.45 		11.6 		58
v -22.441 		11.147 		61
v -22.441 		11.147 		58
v -22.415 		10.747 		61
v -22.415 		10.747 		58
v 59.42 		8.94 		58
v 59.139 		8.94 		58
v 59.007 		8.933 		58
v 58.881 		8.913 		58
v 58.761 		8.88 		58
v -22.371 		10.4 		61
v 58.643 		8.827 		58
v -22.371 		10.4 		58
v 58.535 		8.747 		58
v 58.437 		8.64 		58
v 58.355 		8.487 		58
v 58.284 		8.293 		58
v 58.2589 		8.192 		58
v -22.3385 		10.24 		58
v -23.5115 		10.0744 		58
v -23.494 		9.92 		58
v -23.494 		9.92 		61
v -23.4572 		9.6943 		58
v -23.415 		9.436 		58
v -23.415 		9.436 		61
v -23.3949 		9.3541 		58
v -23.3571 		9.2 		58
v -23.307 		8.996 		58
v -23.307 		8.996 		61
v 59.42 		10.1 		58
v -23.169 		8.6 		58
v -23.169 		8.6 		61
v -23.009 		8.264 		58
v -23.009 		8.264 		61
v -22.9619 		8.192 		58
v -22.315 		10.124 		61
v -22.315 		10.124 		58
v -22.242 		9.884 		61
v -22.242 		9.884 		58
v -22.151 		9.68 		61
v -22.151 		9.68 		58
v -22.05 		9.524 		61
v -22.05 		9.524 		58
v 55.627 		10.1 		58
v -21.933 		9.404 		61
v -21.933 		9.404 		58
v -21.8 		9.32 		58
v 55.627 		8.94 		58
v -21.8 		9.32 		61
v -21.648 		9.253 		58
v -21.648 		9.253 		61
v -21.484 		9.213 		58
v -21.484 		9.213 		61
v -21.308 		9.2 		58
v 56.7828 		8.192 		58
v -21.308 		9.2 		61
v 56.772 		8.236 		58
v 56.701 		8.436 		58
v 56.619 		8.6 		58
v 56.521 		8.72 		58
v 56.413 		8.813 		58
v 56.295 		8.88 		58
v 56.17 		8.913 		58
v 56.041 		8.933 		58
v 55.908 		8.94 		58
v -24.961 		15.336 		61
v -24.961 		15.336 		58
v -24.576 		15.3788 		58
v 53.556 		8.94 		58
v 53.459 		8.94 		58
v 53.327 		8.933 		58
v 53.248 		8.9208 		58
v -25.318 		15.202 		61
v -25.318 		15.202 		58
v -25.636 		14.98 		61
v -25.636 		14.98 		58
v -25.921 		14.667 		61
v -25.921 		14.667 		58
v -26.1457 		14.336 		58
v 53.556 		10.1 		58
v -26.202 		16.384 		58
v -26.356 		16.26 		58
v -26.356 		16.26 		61
v -26.559 		16.051 		58
v -26.559 		16.051 		61
v -26.746 		15.798 		58
v -26.746 		15.798 		61
v -26.918 		15.5 		58
v -26.918 		15.5 		61
v -27.078 		15.162 		58
v -27.078 		15.162 		61
v 52.594 		8.192 		58
v -27.23 		14.762 		58
v -27.23 		14.762 		61
v 53.198 		8.913 		58
v 53.073 		8.88 		58
v 52.956 		8.813 		58
v 52.851 		8.72 		58
v 52.757 		8.6 		58
v 52.675 		8.436 		58
v 52.605 		8.236 		58
v -26.179 		14.287 		61
v -26.179 		14.287 		58
v 9.831 		10.078 		58
v -26.409 		13.84 		61
v 9.908 		10.12 		58
v -26.409 		13.84 		58
v 9.993 		10.169 		58
v -26.613 		13.32 		61
v -26.613 		13.32 		58
v 9.8119 		10.0646 		58
v -26.791 		12.747 		61
v -26.791 		12.747 		58
v 9.764 		10.031 		58
v -26.903 		12.288 		58
v 9.706 		9.98 		58
v -27.374 		14.3 		58
v -27.374 		14.3 		61
v -27.512 		13.787 		58
v -27.512 		13.787 		61
v 9.706 		8.82 		58
v -27.644 		13.207 		58
v -27.644 		13.207 		61
v -27.769 		12.56 		58
v -27.769 		12.56 		61
v 10.24 		8.985 		58
v 10.211 		8.982 		58
v 10.084 		8.96 		58
v 9.96 		8.918 		58
v 9.834 		8.871 		58
v -27.8188 		12.288 		58
v -26.944 		12.12 		61
v -26.944 		12.12 		58
v -27.083 		11.449 		61
v -27.083 		11.449 		58
v -27.206 		10.742 		61
v -27.206 		10.742 		58
v -27.313 		10 		61
v -27.313 		10 		58
v -27.9 		11.844 		58
v -27.9 		11.844 		61
v 6.4389 		8.192 		58
v -28.035 		11.058 		58
v 7.6 		8.94 		58
v -28.035 		11.058 		61
v 7.319 		8.94 		58
v 7.187 		8.933 		58
v 7.061 		8.913 		58
v 6.941 		8.88 		58
v 6.823 		8.827 		58
v 6.715 		8.747 		58
v -28.173 		10.2 		58
v 6.616 		8.64 		58
v -28.173 		10.2 		61
v 6.534 		8.487 		58
v 6.464 		8.293 		58
v -18.71 		7.34 		61
v -18.754 		7.558 		61
v -18.804 		7.758 		61
v 7.6 		10.1 		58
v -18.859 		7.94 		61
v -18.925 		8.096 		61
v -20 		7.24 		61
v -20.064 		7.311 		61
v 4.962 		8.192 		58
v -20.137 		7.364 		61
v 4.951 		8.236 		58
v 4.881 		8.436 		58
v 4.799 		8.6 		58
v 4.701 		8.72 		58
v 4.592 		8.813 		58
v 4.474 		8.88 		58
v 4.35 		8.913 		58
v 4.221 		8.933 		58
v 4.096 		8.9396 		58
v -20.22 		7.4 		61
v 1.735 		10.1 		58
v 3.807 		10.1 		58
v -20.305 		7.411 		61
v -20.395 		7.418 		61
v 0.7732 		8.192 		58
v 3.807 		8.94 		58
v 1.735 		8.94 		58
v 1.639 		8.94 		58
v 1.506 		8.933 		58
v 1.378 		8.913 		58
v 1.253 		8.88 		58
v 1.136 		8.813 		58
v 1.03 		8.72 		58
v 0.937 		8.6 		58
v 0.855 		8.436 		58
v -18.657 		6.62 		61
v 0.784 		8.236 		58
v -18.663 		6.878 		61
v -18.681 		7.118 		61
v -19.801 		6.184 		61
v -19.798 		6.38 		61
v -19.804 		6.591 		61
v 4.088 		8.94 		58
v -19.822 		6.771 		61
v -19.851 		6.92 		61
v -19.891 		7.053 		61
v 11.2029 		8.192 		58
v 11.418 		6.24 		58
v 11.39 		7.104 		58
v 11.305 		7.804 		58
v -19.941 		7.16 		61
v 14.9219 		8.192 		58
v 12.56 		6.08 		58
v 15.035 		6.96 		58
v 15.027 		7.36 		58
v 15.004 		7.707 		58
v 14.965 		8 		58
v -18.6875 		7.168 		58
v -18.692 		7.2023 		58
v 12.549 		6.838 		58
v -18.703 		7.2864 		58
v 12.517 		7.511 		58
v 12.463 		8.1 		58
v -18.71 		7.34 		58
v -18.7188 		7.3834 		58
v 16.185 		0.52 		58
v 16.1931 		0 		58
v -18.754 		7.558 		58
v -18.804 		7.758 		58
v 15.035 		0.38 		58
v -18.859 		7.94 		58
v -18.925 		8.096 		58
v 6.406 		8.06 		58
v 6.357 		7.791 		58
v 6.328 		7.464 		58
v 6.318 		7.08 		58
v -20 		7.24 		58
v -19.9469 		7.168 		58
v -20.064 		7.311 		58
v 0.726 		8 		58
v 0.677 		7.704 		58
v 0.648 		7.351 		58
v 0.638 		6.94 		58
v 5.089 		6.94 		58
v 5.08 		7.351 		58
v 5.054 		7.704 		58
v 5.01 		8 		58
v -20.137 		7.364 		58
v 16.384 		-1.8686 		58
v 16.194 		-0.06 		58
v 16.22 		-0.6 		58
v 16.264 		-1.1 		58
v 16.321 		-1.542 		58
v -20.22 		7.4 		58
v 13.49 		-3.2 		58
v -20.305 		7.411 		58
v 15.052 		-0.522 		58
v 12.56 		-3.2 		58
v -20.395 		7.418 		58
v 15.101 		-1.336 		58
v -20.48 		7.4198 		58
v 15.184 		-2.06 		58
v 15.293 		-2.711 		58
v -18.6787 		6.144 		58
v -18.657 		6.62 		58
v 15.43 		-3.278 		58
v -18.663 		6.878 		58
v 15.597 		-3.76 		58
v -18.681 		7.118 		58
v 15.7608 		-4.096 		58
v 9.821 		-3.2 		58
v 11.418 		-3.2 		58
v -19.801 		6.184 		58
v -19.8029 		6.144 		58
v -19.798 		6.38 		58
v -19.804 		6.591 		58
v 15.793 		-4.162 		58
v -19.822 		6.771 		58
v 13.49 		-4.32 		58
v 13.339 		-4.342 		58
v 13.178 		-4.409 		58
v 13.007 		-4.52 		58
v 12.839 		-4.684 		58
v 12.683 		-4.911 		58
v 12.542 		-5.2 		58
v 12.41 		-5.567 		58
v 12.296 		-5.973 		58
v 12.288 		-6.0103 		58
v -19.851 		6.92 		58
v -19.891 		7.053 		58
v -19.941 		7.16 		58
v 16.018 		-4.489 		58
v 16.273 		-4.74 		58
v -18.85 		5.32 		61
v 9.18 		-4.88 		58
v 9.821 		-4.8 		58
v -18.743 		5.704 		61
v 8.556 		-4.88 		58
v -18.679 		6.138 		61
v 8.4804 		-6.144 		58
v 8.486 		-6.06 		58
v 11.418 		-4.8 		58
v 12.2593 		-6.144 		58
v -19.893 		5.22 		61
v -19.869 		5.36 		61
v -19.852 		5.5 		61
v 8.192 		-7.7543 		58
v 8.232 		-7.66 		58
v 8.306 		-7.447 		58
v 8.364 		-7.207 		58
v 8.407 		-6.94 		58
v 8.439 		-6.656 		58
v 8.466 		-6.362 		58
v 11.9828 		-8.192 		58
v -19.825 		5.82 		61
v -19.81 		5.998 		61
v 12.2 		-6.42 		58
v 12.121 		-6.94 		58
v 12.047 		-7.54 		58
v -19.837 		5.653 		61
v 9.127 		-9.74 		58
v 11.418 		-8.22 		58
v 11.98 		-8.22 		58
v -19.213 		4.609 		61
v -19.005 		4.962 		61
v -19.474 		4.26 		61
v 7.892 		-8.192 		58
v 7.933 		-8.16 		58
v 8.048 		-8.024 		58
v 8.148 		-7.858 		58
v -19.977 		4.876 		61
v -19.948 		4.98 		61
v -19.919 		5.093 		61
v 2.833 		-4.88 		58
v 2.894 		-6.06 		58
v 2.916 		-6.362 		58
v 2.945 		-6.656 		58
v 2.982 		-6.94 		58
v 3.024 		-7.207 		58
v 3.08 		-7.447 		58
v 3.149 		-7.66 		58
v 3.233 		-7.858 		58
v 3.332 		-8.024 		58
v 3.447 		-8.16 		58
v 3.4896 		-8.192 		58
v -20.069 		4.693 		61
v -20.035 		4.68 		61
v -20.11 		4.707 		61
v -20.158 		4.72 		61
v -20.212 		4.731 		61
v -20.268 		4.738 		61
v -20.385 		4.751 		61
v -20.325 		4.74 		61
v 2.201 		-4.88 		58
v -20.446 		4.758 		61
v -20.006 		4.776 		61
v 0.638 		-7.94 		58
v 6.318 		-8.34 		58
v 7.485 		-8.34 		58
v 7.656 		-8.32 		58
v -18.9366 		5.12 		58
v 7.805 		-8.26 		58
v -18.85 		5.32 		58
v 5.089 		-8.34 		58
v -18.743 		5.704 		58
v -18.679 		6.138 		58
v 3.58 		-8.26 		58
v 3.732 		-8.32 		58
v 3.904 		-8.34 		58
v -19.893 		5.22 		58
v -19.9135 		5.12 		58
v 2.262 		-9.74 		58
v -19.869 		5.36 		58
v -19.852 		5.5 		58
v 1.735 		-9.82 		58
v -19.8518 		5.5024 		58
v -19.81 		5.998 		58
v -19.825 		5.82 		58
v 0.648 		-8.316 		58
v 0.677 		-8.642 		58
v 0.726 		-8.92 		58
v 0.784 		-9.153 		58
v 0.855 		-9.347 		58
v 0.937 		-9.5 		58
v 1.035 		-9.618 		58
v 1.143 		-9.704 		58
v -19.837 		5.653 		58
v 1.261 		-9.76 		58
v 1.381 		-9.793 		58
v 1.507 		-9.813 		58
v 1.639 		-9.82 		58
v -1.539 		8.94 		58
v -19.213 		4.609 		58
v -19.456 		4.2841 		58
v -1.008 		8.827 		58
v -1.126 		8.88 		58
v -1.246 		8.913 		58
v -1.372 		8.933 		58
v -19.005 		4.962 		58
v -1.504 		8.94 		58
v -0.649 		8.293 		58
v -0.72 		8.487 		58
v -0.802 		8.64 		58
v -0.9 		8.747 		58
v -3.321 		10.1 		58
v -1.539 		10.1 		58
v -19.32 		4.096 		58
v -19.456 		4.2408 		58
v -19.474 		4.26 		58
v -6.06 		10.1 		58
v -5.445 		10.1 		58
v -19.977 		4.876 		58
v -19.9948 		4.8147 		58
v -5.445 		8.94 		58
v -6.06 		8.94 		58
v -19.948 		4.98 		58
v -19.919 		5.093 		58
v -4.5841 		8.192 		58
v -4.594 		8.236 		58
v -4.658 		8.436 		58
v -4.734 		8.6 		58
v -4.822 		8.72 		58
v -4.922 		8.813 		58
v -5.033 		8.88 		58
v -5.153 		8.913 		58
v -5.279 		8.933 		58
v -5.41 		8.94 		58
v -20.035 		4.68 		58
v -20.069 		4.693 		58
v -20.11 		4.707 		58
v -7.1066 		8.192 		58
v -6.227 		8.94 		58
v -6.358 		8.933 		58
v -6.484 		8.913 		58
v -6.604 		8.88 		58
v -6.722 		8.827 		58
v -6.83 		8.747 		58
v -6.929 		8.64 		58
v -7.011 		8.487 		58
v -7.081 		8.293 		58
v -20.158 		4.72 		58
v -20.212 		4.731 		58
v -10.019 		10.1 		58
v -9.536 		10.1 		58
v -20.268 		4.738 		58
v -20.325 		4.74 		58
v -9.536 		8.94 		58
v -20.385 		4.751 		58
v -10.019 		8.94 		58
v -10.124 		8.94 		58
v -10.24 		8.9339 		58
v -20.446 		4.758 		58
v -20.48 		4.7591 		58
v -8.504 		8.192 		58
v -8.515 		8.236 		58
v -8.585 		8.436 		58
v -8.667 		8.6 		58
v -8.761 		8.72 		58
v -8.866 		8.813 		58
v -8.983 		8.88 		58
v -9.108 		8.913 		58
v -9.237 		8.933 		58
v -9.369 		8.94 		58
v -20.006 		4.776 		58
v -10.9898 		8.192 		58
v -10.257 		8.933 		58
v -10.386 		8.913 		58
v -10.511 		8.88 		58
v -10.628 		8.813 		58
v -10.733 		8.72 		58
v -10.827 		8.6 		58
v -10.909 		8.436 		58
v -10.979 		8.236 		58
v -20.7146 		4.755 		58
v -21.021 		4.722 		58
v -21.021 		4.722 		61
v -21.343 		4.609 		58
v -21.343 		4.609 		61
v -21.633 		4.42 		58
v -21.633 		4.42 		61
v -13.302 		8.94 		58
v -21.893 		4.149 		58
v -21.893 		4.149 		61
v -21.9293 		4.096 		58
v -22.822 		7.978 		58
v -22.822 		7.978 		61
v -12.3874 		8.192 		58
v -12.413 		8.293 		58
v -12.483 		8.487 		58
v -12.565 		8.64 		58
v -12.663 		8.747 		58
v -12.772 		8.827 		58
v -12.89 		8.88 		58
v -13.01 		8.913 		58
v -13.135 		8.933 		58
v -20.51 		4.76 		58
v -20.51 		4.76 		61
v -13.267 		8.94 		58
v -20.668 		4.76 		58
v -20.668 		4.76 		61
v -16.384 		8.3468 		58
v -16.3383 		8.192 		58
v -16.348 		8.236 		58
v -22.608 		7.74 		58
v -22.608 		7.74 		61
v -15.084 		10.1 		58
v -13.302 		10.1 		58
v -22.357 		7.562 		58
v -22.357 		7.562 		61
v -22.073 		7.456 		58
v -22.073 		7.456 		61
v -21.756 		7.42 		58
v -21.756 		7.42 		61
v -0.542 		7.791 		58
v -20.492 		7.42 		61
v -0.591 		8.06 		58
v -20.492 		7.42 		58
v -0.503 		7.08 		58
v -0.513 		7.464 		58
v -18.571 		2.247 		58
v -18.571 		2.247 		61
v -18.5362 		2.048 		58
v -18.657 		2.62 		58
v -18.657 		2.62 		61
v -7.14 		8.06 		58
v -7.188 		7.791 		58
v -7.218 		7.464 		58
v -7.227 		7.08 		58
v -18.7354 		2.8952 		58
v -4.471 		6.96 		58
v -4.479 		7.36 		58
v -4.502 		7.707 		58
v -4.541 		8 		58
v -18.759 		2.978 		58
v -18.759 		2.978 		61
v -3.321 		0.52 		58
v -18.876 		3.304 		58
v -18.876 		3.304 		61
v -0.514 		0.571 		58
v -0.503 		1.22 		58
v -19.008 		3.6 		58
v -19.008 		3.6 		61
v -4.471 		0.38 		58
v -19.15 		3.86 		58
v -19.15 		3.86 		61
v -19.305 		4.08 		58
v -19.305 		4.08 		61
v -12.266 		7.08 		58
v -12.276 		7.464 		58
v -19.781 		2.56 		58
v -19.6642 		2.048 		58
v -19.781 		2.56 		61
v -11.037 		8 		58
v -11.086 		7.704 		58
v -11.115 		7.351 		58
v -19.993 		3.016 		58
v -11.125 		6.94 		58
v -19.993 		3.016 		61
v -8.369 		6.94 		58
v -8.378 		7.351 		58
v -8.408 		7.704 		58
v -8.456 		8 		58
v -20.276 		3.289 		61
v -20.276 		3.289 		58
v -12.305 		7.791 		58
v -12.354 		8.06 		58
v -20.48 		3.3411 		58
v -18.376 		0.08 		58
v -18.376 		0.08 		61
v -18.3777 		0 		58
v -16.234 		6.96 		58
v -16.241 		7.36 		58
v -16.262 		7.707 		58
v -18.384 		0.54 		58
v -16.296 		8 		58
v -18.384 		0.54 		61
v -18.408 		0.987 		58
v -18.408 		0.987 		61
v -15.0768 		0 		58
v -12.3077 		0 		58
v -12.302 		0.073 		58
v -18.447 		1.42 		58
v -12.275 		0.64 		58
v -18.447 		1.42 		61
v -12.266 		1.22 		58
v -15.084 		0.52 		58
v -18.501 		1.847 		58
v -18.501 		1.847 		61
v -16.234 		0.38 		58
v -19.547 		1.067 		58
v -19.518 		0 		58
v -19.518 		0 		61
v -19.547 		1.067 		61
v -19.635 		1.92 		58
v -19.635 		1.92 		61
v -22.121 		3.816 		58
v -22.121 		3.816 		61
v -3.312 		-0.06 		58
v -3.286 		-0.6 		58
v -3.242 		-1.1 		58
v -3.185 		-1.542 		58
v -3.109 		-1.936 		58
v -22.318 		3.42 		58
v -22.318 		3.42 		61
v -0.8659 		-2.048 		58
v -0.863 		-2.04 		58
v -0.756 		-1.624 		58
v -0.668 		-1.151 		58
v -0.6 		-0.62 		58
v -0.546 		-0.042 		58
v -22.485 		2.967 		58
v -22.485 		2.967 		61
v -22.622 		2.46 		58
v -22.622 		2.46 		61
v -2.048 		-3.2713 		58
v -1.978 		-3.28 		58
v -1.737 		-3.244 		58
v -1.517 		-3.138 		58
v -22.7022 		2.048 		58
v -1.319 		-2.96 		58
v -1.148 		-2.716 		58
v -0.996 		-2.409 		58
v -0.961 		-3.931 		58
v -20.632 		3.38 		61
v -0.485 		-3.32 		58
v -20.632 		3.38 		58
v -0.491 		-3.567 		58
v -20.821 		3.358 		61
v -20.821 		3.358 		58
v -0.497 		-3.827 		58
v -20.987 		3.291 		61
v -20.987 		3.291 		58
v -0.5029 		-4.096 		58
v -21.133 		3.18 		61
v -0.459 		-2.52 		58
v -21.133 		3.18 		58
v -0.521 		-2.52 		58
v -0.475 		-3.053 		58
v -0.466 		-2.787 		58
v -21.265 		3.022 		61
v -21.265 		3.022 		58
v -3.014 		-2.28 		58
v -21.379 		2.816 		61
v -2.898 		-2.584 		58
v -2.76 		-2.831 		58
v -21.379 		2.816 		58
v -2.601 		-3.02 		58
v -2.419 		-3.164 		58
v -2.211 		-3.251 		58
v -21.475 		2.56 		61
v -21.475 		2.56 		58
v -4.076 		-3.278 		58
v -3.909 		-3.76 		58
v -21.554 		2.264 		61
v -21.554 		2.264 		58
v -21.5919 		2.048 		58
v -7.227 		-1.72 		58
v -7.2193 		-2.048 		58
v -22.731 		1.9 		58
v -22.731 		1.9 		61
v -4.454 		-0.522 		58
v -22.809 		1.307 		58
v -4.405 		-1.336 		58
v -22.809 		1.307 		61
v -22.855 		0.673 		58
v -22.855 		0.673 		61
v -4.322 		-2.06 		58
v -22.871 		0 		58
v -22.871 		0 		61
v -4.213 		-2.711 		58
v -21.616 		1.911 		61
v -21.616 		1.911 		58
v -21.66 		1.5 		61
v -21.66 		1.5 		58
v -6.192 		-3.62 		58
v -21.694 		1.044 		61
v -21.694 		1.044 		58
v -21.714 		0.531 		61
v -21.714 		0.531 		58
v -6.83 		-3.4 		58
v -6.722 		-3.493 		58
v -21.7205 		0 		58
v -6.604 		-3.56 		58
v -6.484 		-3.593 		58
v -6.358 		-3.613 		58
v -6.227 		-3.62 		58
v -7.218 		-2.104 		58
v -27.884 		7.72 		58
v -7.188 		-2.431 		58
v -27.862 		7.467 		58
v -7.14 		-2.7 		58
v -27.862 		7.467 		61
v -7.081 		-2.933 		58
v -27.884 		7.72 		61
v -7.011 		-3.127 		58
v -6.929 		-3.28 		58
v -27.833 		7.187 		58
v -27.833 		7.187 		61
v -3.713 		-4.162 		58
v -27.796 		6.88 		58
v -27.796 		6.88 		61
v -3.488 		-4.489 		58
v -27.698 		6.204 		58
v -27.6896 		6.144 		58
v -3.233 		-4.74 		58
v -27.698 		6.204 		61
v -27.748 		6.551 		58
v -2.951 		-4.918 		58
v -27.748 		6.551 		61
v -2.644 		-5.024 		58
v -2.311 		-5.06 		58
v -1.558 		-4.778 		58
v -0.503 		-4.1 		58
v -28.103 		6.24 		58
v -28.103 		6.24 		61
v -28.116 		6.144 		58
v -6.192 		-4.8 		58
v -7.194 		-8.087 		58
v -28.032 		6.796 		58
v -28.032 		6.796 		61
v -7.254 		-7.94 		58
v -27.97 		7.289 		58
v -7.317 		-7.809 		58
v -27.97 		7.289 		61
v -7.39 		-7.709 		58
v -27.919 		7.72 		61
v -27.919 		7.72 		58
v -7.473 		-7.64 		58
v -7.558 		-7.596 		58
v -7.649 		-7.569 		58
v -27.647 		5.84 		58
v -27.647 		5.84 		61
v -7.745 		-7.56 		58
v -27.593 		5.476 		58
v -27.593 		5.476 		61
v -7.837 		-7.569 		58
v -27.537 		5.102 		58
v -27.48 		4.72 		58
v -27.48 		4.72 		61
v -27.537 		5.102 		61
v -7.925 		-7.596 		58
v -27.4786 		4.7119 		58
v -8.009 		-7.64 		58
v -8.092 		-7.709 		58
v -27.417 		4.358 		58
v -27.3723 		4.096 		58
v -27.417 		4.358 		61
v -8.165 		-7.809 		58
v -8.192 		-7.8651 		58
v -28.275 		5.013 		58
v -28.275 		5.013 		61
v -28.375 		4.36 		61
v -28.375 		4.36 		58
v -28.2344 		5.2929 		58
v -28.184 		5.64 		58
v -28.184 		5.64 		61
v -7.075 		-8.693 		58
v -7.058 		-8.967 		58
v -7.105 		-8.46 		58
v -27.359 		4.018 		58
v -7.145 		-8.26 		58
v -27.359 		4.018 		61
v -27.304 		3.7 		58
v -27.304 		3.7 		61
v -26.6364 		0 		58
v -7.105 		-10.1 		58
v -7.075 		-9.858 		58
v -7.058 		-9.584 		58
v -7.052 		-9.28 		58
v -19.151 		-4.087 		58
v -19.151 		-4.087 		61
v -19.1573 		-4.096 		58
v -8.165 		-10.74 		58
v -8.192 		-10.6886 		58
v -18.947 		-3.68 		58
v -18.947 		-3.68 		61
v -8.092 		-10.833 		58
v -18.77 		-3.209 		58
v -18.77 		-3.209 		61
v -8.009 		-10.9 		58
v -18.627 		-2.676 		58
v -18.627 		-2.676 		61
v -7.925 		-10.956 		58
v -18.517 		-2.08 		58
v -18.517 		-2.08 		61
v -7.837 		-10.989 		58
v -18.439 		-1.413 		58
v -18.439 		-1.413 		61
v -18.392 		-0.693 		58
v -18.392 		-0.693 		61
v -7.649 		-10.989 		58
v -7.558 		-10.956 		58
v -19.546 		-1.133 		58
v -19.546 		-1.133 		61
v -7.473 		-10.9 		58
v -20.264 		-3.56 		58
v -7.39 		-10.833 		58
v -20.264 		-3.56 		61
v -19.98 		-3.26 		58
v -7.317 		-10.74 		58
v -19.98 		-3.26 		61
v -19.772 		-2.76 		58
v -7.254 		-10.62 		58
v -19.772 		-2.76 		61
v -19.631 		-2.053 		58
v -7.194 		-10.473 		58
v -19.631 		-2.053 		61
v -7.145 		-10.3 		58
v -22.855 		-0.744 		58
v -22.855 		-0.744 		61
v -22.809 		-1.404 		58
v -22.809 		-1.404 		61
v -11.125 		-1.72 		58
v -11.1165 		-2.048 		58
v -22.731 		-1.98 		58
v -22.731 		-1.98 		61
v -10.089 		-3.62 		58
v -22.718 		-2.048 		58
v -10.24 		-3.6138 		58
v -10.124 		-3.62 		58
v -21.721 		-0.04 		61
v -21.721 		-0.04 		58
v -12.284 		-2.52 		58
v -12.288 		-2.5355 		58
v -21.693 		-1.171 		61
v -21.693 		-1.171 		58
v -12.2185 		-2.5854 		58
v -12.223 		-2.52 		58
v -21.6114 		-2.048 		58
v -22.47 		-3.458 		58
v -22.528 		-3.5146 		58
v -22.47 		-3.458 		61
v -22.4113 		-3.3878 		58
v -11.0698 		-2.52 		58
v -11.037 		-2.7 		58
v -10.979 		-2.933 		58
v -10.909 		-3.127 		58
v -10.827 		-3.28 		58
v -10.728 		-3.4 		58
v -10.62 		-3.493 		58
v -10.502 		-3.56 		58
v -10.382 		-3.593 		58
v -22.528 		-2.9167 		58
v -10.256 		-3.613 		58
v -22.52 		-2.949 		58
v -22.52 		-2.949 		61
v -22.388 		-3.36 		58
v -22.388 		-3.36 		61
v -11.115 		-2.104 		58
v -11.086 		-2.431 		58
v -22.4519 		-3.161 		58
v -21.608 		-2.084 		61
v -21.608 		-2.084 		58
v -15.076 		-0.06 		58
v -15.049 		-0.6 		58
v -15.005 		-1.1 		58
v -14.949 		-1.542 		58
v -14.873 		-1.936 		58
v -21.466 		-2.78 		61
v -21.466 		-2.78 		58
v -12.591 		-1.92 		58
v -12.486 		-1.484 		58
v -12.404 		-1.004 		58
v -12.345 		-0.48 		58
v -21.264 		-3.269 		61
v -21.264 		-3.269 		58
v -20.983 		-3.562 		61
v -20.983 		-3.562 		58
v -16.219 		-0.522 		58
v -20.624 		-3.66 		58
v -20.624 		-3.66 		61
v -16.172 		-1.336 		58
v -16.0953 		-2.048 		58
v -23.319 		-2.76 		61
v -23.317 		-2.856 		61
v -13.25 		-3.111 		58
v -13.048 		-2.9 		58
v -12.872 		-2.631 		58
v -12.72 		-2.304 		58
v -14.336 		-3.0428 		58
v -14.182 		-3.164 		58
v -13.974 		-3.251 		58
v -13.741 		-3.28 		58
v -23.311 		-2.956 		61
v -13.481 		-3.238 		58
v -12.8207 		-4.096 		58
v -12.679 		-3.8 		58
v -23.301 		-3.06 		61
v -12.541 		-3.436 		58
v -12.41 		-3.009 		58
v -14.777 		-2.28 		58
v -14.661 		-2.584 		58
v -14.523 		-2.831 		58
v -14.365 		-3.02 		58
v -23.425 		-2.771 		61
v -16.094 		-2.06 		58
v -23.522 		-2.804 		61
v -15.987 		-2.711 		58
v -23.608 		-2.86 		61
v -15.852 		-3.278 		58
v -23.685 		-2.949 		61
v -15.69 		-3.76 		58
v -23.753 		-3.056 		61
v -15.5287 		-4.096 		58
v -12.065 		-4.8 		58
v -22.634 		-2.489 		61
v -8.369 		-4.8 		58
v -10.089 		-4.8 		58
v -23.287 		-3.164 		61
v -23.266 		-3.264 		61
v -8.228 		-7.94 		58
v -8.288 		-8.087 		58
v -23.24 		-3.36 		61
v -8.3177 		-8.192 		58
v -23.207 		-3.447 		61
v -15.497 		-4.162 		58
v -15.28 		-4.489 		58
v -23.166 		-3.52 		61
v -15.04 		-4.74 		58
v -23.117 		-3.58 		61
v -14.778 		-4.918 		58
v -14.494 		-5.024 		58
v -23.059 		-3.624 		61
v -14.189 		-5.06 		58
v -13.994 		-5.047 		58
v -22.992 		-3.651 		61
v -13.807 		-5.007 		58
v -22.915 		-3.66 		61
v -13.627 		-4.94 		58
v -13.454 		-4.853 		58
v -22.813 		-3.653 		61
v -13.288 		-4.727 		58
v -22.72 		-3.633 		61
v -13.127 		-4.56 		58
v -12.976 		-4.36 		58
v -22.634 		-3.6 		61
v -12.826 		-4.107 		58
v -22.552 		-3.538 		61
v -8.337 		-8.26 		58
v -24.153 		-3.62 		61
v -8.377 		-8.46 		58
v -24.574 		-3.498 		61
v -8.412 		-8.693 		58
v -8.432 		-8.967 		58
v -24.495 		-3.56 		61
v -8.439 		-9.28 		58
v -8.432 		-9.584 		58
v -24.402 		-3.593 		61
v -8.412 		-9.858 		58
v -24.3 		-3.613 		61
v -8.377 		-10.1 		58
v -8.337 		-10.3 		58
v -24.188 		-3.62 		61
v -8.288 		-10.473 		58
v -8.228 		-10.62 		58
v -23.81 		-3.18 		61
v -19.1449 		16.384 		58
v -19.583 		16.651 		58
v -23.858 		-3.32 		61
v -20.891 		16.738 		58
v -23.896 		-3.473 		61
v -25.023 		16.767 		58
v -23.924 		-3.64 		61
v -25.339 		16.727 		58
v -23.949 		-3.818 		61
v -25.627 		16.66 		58
v -25.892 		16.571 		58
v -26.135 		16.438 		58
v 50.281 		8.94 		58
v -21.371 		16.611 		58
v -21.8 		16.4 		58
v -21.8223 		16.384 		58
v -18.109 		14.76 		58
v -18.0887 		14.6565 		58
v 51.1961 		8.192 		58
v -18.0258 		14.336 		58
v 51.171 		8.293 		58
v 51.101 		8.487 		58
v 51.019 		8.64 		58
v 50.92 		8.747 		58
v 50.812 		8.827 		58
v 50.694 		8.88 		58
v 50.574 		8.913 		58
v -18.455 		15.62 		58
v 50.448 		8.933 		58
v -18.4249 		15.5451 		58
v -18.2719 		15.165 		58
v 50.316 		8.94 		58
v -18.948 		16.264 		58
v 50.281 		10.1 		58
v -20.48 		15.3752 		58
v -19.2307 		14.336 		58
v -19.272 		14.46 		58
v -19.395 		14.731 		58
v -19.541 		14.958 		58
v 58.226 		8.06 		58
v -19.711 		15.14 		58
v 58.177 		7.791 		58
v -19.915 		15.273 		58
v 58.148 		7.464 		58
v -20.152 		15.353 		58
v 58.138 		7.08 		58
v -20.422 		15.38 		58
v -17.832 		12.44 		58
v -17.901 		13.7 		58
v 51.317 		7.08 		58
v 51.307 		7.464 		58
v 51.278 		7.791 		58
v 51.229 		8.06 		58
v -18.9753 		12.288 		58
v -18.981 		12.604 		58
v -19.004 		13.031 		58
v -19.044 		13.44 		58
v -19.096 		13.82 		58
v -19.172 		14.16 		58
v -24.565 		15.38 		58
v 52.546 		8 		58
v 52.497 		7.704 		58
v 52.468 		7.351 		58
v 52.458 		6.94 		58
v 56.909 		6.94 		58
v 56.9 		7.351 		58
v 56.874 		7.704 		58
v -22.185 		16.124 		58
v 56.83 		8 		58
v -22.522 		15.778 		58
v 51.2762 		0 		58
v 51.306 		0.571 		58
v 51.317 		1.22 		58
v -22.81 		15.36 		58
v -23.05 		14.884 		58
v -23.247 		14.338 		58
v 60.9639 		-8.192 		58
v -23.2475 		14.336 		58
v 60.377 		-4.88 		58
v -21.859 		14.629 		58
v -22.0192 		14.336 		58
v -20.797 		15.349 		58
v -21.128 		15.256 		58
v -21.414 		15.1 		58
v -21.654 		14.889 		58
v -23.398 		13.72 		58
v 59.7124 		-8.192 		58
v 59.753 		-8.16 		58
v 59.869 		-8.024 		58
v 59.968 		-7.858 		58
v 60.052 		-7.66 		58
v -23.51 		13.053 		58
v 60.126 		-7.447 		58
v 60.185 		-7.207 		58
v 60.227 		-6.94 		58
v 60.26 		-6.656 		58
v 60.286 		-6.362 		58
v 60.306 		-6.06 		58
v -23.577 		12.333 		58
v 60.947 		-9.74 		58
v -22.028 		14.32 		58
v -22.166 		13.964 		58
v -22.274 		13.564 		58
v 58.138 		-8.34 		58
v -22.353 		13.12 		58
v 59.306 		-8.34 		58
v -22.407 		12.64 		58
v 59.476 		-8.32 		58
v 59.626 		-8.26 		58
v -18.037 		10.516 		58
v -17.946 		10.92 		58
v -17.883 		11.382 		58
v -17.845 		11.889 		58
v 50.9541 		-2.048 		58
v 50.957 		-2.04 		58
v 51.065 		-1.624 		58
v 51.152 		-1.151 		58
v 51.221 		-0.62 		58
v 51.274 		-0.042 		58
v -19.157 		10.293 		58
v -19.079 		10.64 		58
v -19.02 		11.067 		58
v -18.985 		11.573 		58
v -18.973 		12.16 		58
v -18.145 		10.156 		58
v 51.335 		-3.32 		58
v -18.1673 		10.1 		58
v 51.345 		-3.053 		58
v 51.354 		-2.787 		58
v -17.209 		10.1 		58
v 51.361 		-2.52 		58
v 51.3 		-2.52 		58
v 51.2 		-2.84 		58
v 51.3325 		-3.4212 		58
v -17.209 		8.94 		58
v -18.417 		9.551 		58
v 51.329 		-3.567 		58
v -18.271 		9.84 		58
v 51.323 		-3.827 		58
v 51.3171 		-4.096 		58
v -16.413 		8.436 		58
v -16.489 		8.6 		58
v -16.581 		8.72 		58
v -16.68 		8.813 		58
v -16.787 		8.88 		58
v -16.907 		8.913 		58
v -17.033 		8.933 		58
v -17.165 		8.94 		58
v 49.152 		-2.9404 		58
v 49.219 		-3.02 		58
v 49.401 		-3.164 		58
v 49.609 		-3.251 		58
v 49.842 		-3.28 		58
v 50.083 		-3.244 		58
v 50.303 		-3.138 		58
v 50.501 		-2.96 		58
v 50.672 		-2.716 		58
v 50.825 		-2.409 		58
v 50.7427 		-4.096 		58
v 50.859 		-3.931 		58
v 60.306 		-6.06 		61
v 60.377 		-4.88 		61
v 2.916 		-6.362 		61
v -23.963 		-4.004 		61
v 2.894 		-6.06 		61
v 59.476 		-8.32 		61
v 59.306 		-8.34 		61
v 59.626 		-8.26 		61
v 12.549 		6.838 		61
v 12.56 		6.08 		61
v 12.517 		7.511 		61
v 12.463 		8.1 		61
v 60.947 		-9.74 		61
v 50.957 		-2.04 		61
v 15.035 		6.96 		61
v 51.065 		-1.624 		61
v 15.027 		7.36 		61
v 51.152 		-1.151 		61
v 15.004 		7.707 		61
v 51.221 		-0.62 		61
v 51.274 		-0.042 		61
v 52.458 		0 		61
v 51.335 		-3.32 		61
v 51.345 		-3.053 		61
v 51.354 		-2.787 		61
v 51.329 		-3.567 		61
v 51.323 		-3.827 		61
v 51.361 		-2.52 		61
v 51.3 		-2.52 		61
v 49.219 		-3.02 		61
v 49.401 		-3.164 		61
v 49.609 		-3.251 		61
v 49.842 		-3.28 		61
v 50.083 		-3.244 		61
v 50.303 		-3.138 		61
v 50.501 		-2.96 		61
v 50.672 		-2.716 		61
v 50.825 		-2.409 		61
v 50.859 		-3.931 		61
v 54.653 		-4.88 		61
v 54.715 		-6.06 		61
v 54.736 		-6.362 		61
v 54.765 		-6.656 		61
v 54.802 		-6.94 		61
v 54.844 		-7.207 		61
v 54.9 		-7.447 		61
v 54.021 		-4.88 		61
v 54.969 		-7.66 		61
v 55.053 		-7.858 		61
v 55.152 		-8.024 		61
v 55.268 		-8.16 		61
v 52.458 		-7.94 		61
v 25.677 		5.22 		58
v 25.6557 		5.12 		58
v 25.701 		5.36 		58
v 25.718 		5.5 		58
v 51.317 		-4.1 		61
v 25.7184 		5.5047 		58
v 49.176 		-5.024 		61
v 49.509 		-5.06 		61
v 50.262 		-4.778 		61
v 25.76 		5.998 		58
v 25.745 		5.82 		58
v 56.909 		-8.34 		61
v 25.732 		5.653 		58
v 55.4 		-8.26 		61
v 55.552 		-8.32 		61
v 55.724 		-8.34 		61
v 53.327 		-9.813 		61
v 25.7663 		6.144 		58
v 53.459 		-9.82 		61
v 26.096 		4.26 		58
v 26.357 		4.609 		58
v 53.556 		-9.82 		61
v 54.082 		-9.74 		61
v 26.564 		4.962 		58
v 26.624 		5.1006 		58
v 25.622 		4.98 		58
v 25.6 		4.9011 		58
v 25.65 		5.093 		58
v 54.653 		-4.88 		58
v 54.715 		-6.06 		58
v 54.736 		-6.362 		58
v 54.765 		-6.656 		58
v 54.802 		-6.94 		58
v 54.844 		-7.207 		58
v 54.9 		-7.447 		58
v 54.969 		-7.66 		58
v 55.053 		-7.858 		58
v 55.152 		-8.024 		58
v 55.268 		-8.16 		58
v 55.3102 		-8.192 		58
v 26.25 		4.096 		58
v 54.021 		-4.88 		58
v 54.0281 		-5.4421 		58
v 54.0442 		-6.7252 		58
v 54.0506 		-7.2377 		58
v 54.0626 		-8.192 		58
v 49.152 		-5.0157 		58
v 49.176 		-5.024 		58
v 52.4647 		-8.192 		58
v 52.458 		-7.94 		58
v 49.509 		-5.06 		58
v 50.262 		-4.778 		58
v 51.317 		-4.1 		58
v 55.4 		-8.26 		58
v 55.552 		-8.32 		58
v 55.724 		-8.34 		58
v 56.909 		-8.34 		58
v 54.082 		-9.74 		58
v 53.556 		-9.82 		58
v 53.248 		-9.8004 		58
v 53.327 		-9.813 		58
v 53.459 		-9.82 		58
v 52.468 		-8.316 		58
v 52.497 		-8.642 		58
v 52.546 		-8.92 		58
v 52.605 		-9.153 		58
v 52.675 		-9.347 		58
v 52.757 		-9.5 		58
v 52.855 		-9.618 		58
v 52.468 		-8.316 		61
v 52.964 		-9.704 		58
v 53.082 		-9.76 		58
v 53.202 		-9.793 		58
v 52.497 		-8.642 		61
v 52.546 		-8.92 		61
v 52.605 		-9.153 		61
v 52.675 		-9.347 		61
v 52.757 		-9.5 		61
v 52.855 		-9.618 		61
v 52.964 		-9.704 		61
v 53.082 		-9.76 		61
v 53.202 		-9.793 		61
v 47.226 		8.236 		61
v 47.162 		8.436 		61
v 47.086 		8.6 		61
v 25.534 		4.68 		58
v 46.998 		8.72 		61
v 25.501 		4.693 		58
v 46.899 		8.813 		61
v 25.46 		4.707 		58
v 46.787 		8.88 		61
v 46.667 		8.913 		61
v 25.411 		4.72 		58
v 46.542 		8.933 		61
v 46.41 		8.94 		61
v 25.358 		4.731 		58
v 46.375 		8.94 		61
v 48.499 		10.1 		61
v 46.375 		10.1 		61
v 25.302 		4.738 		58
v 42.963 		10.324 		61
v 42.539 		10.38 		61
v 42.196 		10.349 		61
v 41.883 		10.256 		61
v 25.245 		4.74 		58
v 25.185 		4.751 		58
v 43.135 		8.28 		61
v 25.124 		4.758 		58
v 44.61 		8.4 		61
v 44.352 		9 		61
v 44.056 		9.493 		61
v 43.724 		9.88 		61
v 43.358 		10.158 		61
v 25.088 		4.7591 		58
v 40.96 		16.384 		58
v 58.138 		-8.34 		61
v 42.902 		8.469 		61
v 42.648 		8.582 		61
v 42.372 		8.62 		61
v 48.499 		10.1 		58
v 14.965 		8 		61
v 42.166 		8.602 		61
v 41.97 		8.549 		61
v 46.375 		10.1 		58
v 16.185 		0.52 		61
v 41.784 		8.46 		61
v 41.608 		8.34 		61
v 46.375 		8.94 		58
v 41.444 		8.193 		61
v 47.2359 		8.192 		58
v 47.226 		8.236 		58
v 47.162 		8.436 		58
v 47.086 		8.6 		58
v 46.998 		8.72 		58
v 46.899 		8.813 		58
v 46.787 		8.88 		58
v 46.667 		8.913 		58
v 46.542 		8.933 		58
v 46.41 		8.94 		58
v -23.317 		-2.856 		58
v -23.319 		-2.76 		58
v 41.883 		10.256 		58
v 42.196 		10.349 		58
v -23.3227 		-2.7604 		58
v 41.8539 		10.24 		58
v -23.311 		-2.956 		58
v 43.1629 		10.24 		58
v -23.3297 		-2.7611 		58
v 42.963 		10.324 		58
v 42.539 		10.38 		58
v -23.301 		-3.06 		58
v -23.3411 		-2.7623 		58
v 43.2075 		8.192 		58
v 43.135 		8.28 		58
v 43.008 		8.383 		58
v -23.2994 		-3.072 		58
v 44.6773 		8.192 		58
v 44.61 		8.4 		58
v -23.425 		-2.771 		58
v 44.352 		9 		58
v -23.522 		-2.804 		58
v 44.056 		9.493 		58
v -23.608 		-2.86 		58
v 43.724 		9.88 		58
v -23.685 		-2.949 		58
v 43.358 		10.158 		58
v -23.753 		-3.056 		58
v 41.599 		10.1 		58
v 41.346 		9.911 		58
v -22.634 		-2.489 		58
v 41.123 		9.691 		58
v 40.96 		9.4768 		58
v -23.287 		-3.164 		58
v 41.4431 		8.192 		58
v -23.266 		-3.264 		58
v 2.945 		-6.656 		61
v 15.035 		0.38 		61
v 2.982 		-6.94 		61
v -23.24 		-3.36 		58
v 3.024 		-7.207 		61
v 6.406 		8.06 		61
v 3.08 		-7.447 		61
v -23.207 		-3.447 		58
v 6.357 		7.791 		61
v 6.328 		7.464 		61
v 2.201 		-4.88 		61
v -23.166 		-3.52 		58
v 6.318 		7.08 		61
v 3.149 		-7.66 		61
v 3.233 		-7.858 		61
v -23.117 		-3.58 		58
v 3.332 		-8.024 		61
v -23.059 		-3.624 		58
v 0.726 		8 		61
v 0.677 		7.704 		61
v -22.992 		-3.651 		58
v 0.648 		7.351 		61
v 3.447 		-8.16 		61
v 0.638 		-7.94 		61
v -22.915 		-3.66 		58
v -22.813 		-3.653 		58
v -22.72 		-3.633 		58
v 0.638 		6.94 		61
v -22.634 		-3.6 		58
v 5.089 		-8.34 		61
v 6.318 		-8.34 		61
v 5.089 		6.94 		61
v 7.656 		-8.32 		61
v 7.485 		-8.34 		61
v 7.805 		-8.26 		61
v 5.08 		7.351 		61
v -22.552 		-3.538 		58
v 5.054 		7.704 		61
v 5.01 		8 		61
v -24.153 		-3.62 		58
v 3.58 		-8.26 		61
v 16.194 		-0.06 		61
v 3.732 		-8.32 		61
v -24.574 		-3.498 		58
v -24.576 		-3.4958 		58
v 16.22 		-0.6 		61
v 3.904 		-8.34 		61
v 16.264 		-1.1 		61
v 2.262 		-9.74 		61
v -24.495 		-3.56 		58
v 16.321 		-1.542 		61
v 0.648 		-8.316 		61
v -24.402 		-3.593 		58
v 0.677 		-8.642 		61
v 13.49 		-3.2 		61
v -24.3 		-3.613 		58
v 0.726 		-8.92 		61
v 12.56 		-3.2 		61
v 0.784 		-9.153 		61
v -24.188 		-3.62 		58
v 0.855 		-9.347 		61
v 15.052 		-0.522 		61
v 0.937 		-9.5 		61
v 15.101 		-1.336 		61
v -23.81 		-3.18 		58
v 1.035 		-9.618 		61
v 15.184 		-2.06 		61
v 1.143 		-9.704 		61
v 15.293 		-2.711 		61
v 15.43 		-3.278 		61
v 1.261 		-9.76 		61
v -23.858 		-3.32 		58
v 15.597 		-3.76 		61
v 1.381 		-9.793 		61
v -23.896 		-3.473 		58
v 1.507 		-9.813 		61
v 9.821 		-3.2 		61
v 1.639 		-9.82 		61
v -23.924 		-3.64 		58
v 11.418 		-3.2 		61
v 1.735 		-9.82 		61
v -23.949 		-3.818 		58
v -1.539 		8.94 		61
v -1.504 		8.94 		61
v 13.49 		-4.32 		61
v -23.963 		-4.004 		58
v 13.339 		-4.342 		61
v -23.9653 		-4.096 		58
v 13.178 		-4.409 		61
v -0.649 		8.293 		61
v -20.298 		-5.02 		58
v -20.298 		-5.02 		61
v -20.48 		-5.0397 		58
v -0.72 		8.487 		61
v -19.961 		-4.9 		58
v -19.961 		-4.9 		61
v -0.802 		8.64 		61
v 13.007 		-4.52 		61
v -19.658 		-4.7 		58
v -19.658 		-4.7 		61
v -0.9 		8.747 		61
v -19.388 		-4.427 		58
v -19.388 		-4.427 		61
v -1.008 		8.827 		61
v 12.839 		-4.684 		61
v 0 		8.192 		61
v 12.683 		-4.911 		61
v -1.126 		8.88 		61
v -21.502 		-4.78 		61
v 12.542 		-5.2 		61
v -1.246 		8.913 		61
v 12.41 		-5.567 		61
v -1.372 		8.933 		61
v 42.902 		8.469 		58
v 42.648 		8.582 		58
v 41.599 		10.1 		61
v 42.372 		8.62 		58
v 41.346 		9.911 		61
v 41.123 		9.691 		61
v 42.166 		8.602 		58
v 41.97 		8.549 		58
v 12.296 		-5.973 		61
v 41.784 		8.46 		58
v 41.608 		8.34 		58
v 41.444 		8.193 		58
v 39.053 		8.94 		61
v 39.053 		10.1 		61
v -21.376 		-4.856 		61
v 15.793 		-4.162 		61
v 16.018 		-4.489 		61
v -21.244 		-4.922 		61
v 16.273 		-4.74 		61
v -21.106 		-4.98 		61
v 39.053 		8.94 		58
v 9.18 		-4.88 		61
v -20.96 		-5.024 		61
v 8.556 		-4.88 		61
v 40.932 		9.44 		58
v -20.814 		-5.051 		61
v 39.053 		10.1 		58
v -20.668 		-5.06 		61
v 40.766 		9.164 		58
v 8.486 		-6.06 		61
v 40.632 		8.871 		58
v -21.998 		-4.258 		61
v -21.919 		-4.371 		61
v 9.821 		-4.8 		61
v 11.418 		-4.8 		61
v 40.932 		9.44 		61
v 40.766 		9.164 		61
v 40.632 		8.871 		61
v 40.528 		8.56 		61
v 40.455 		8.247 		61
v 38.895 		8.94 		61
v 8.232 		-7.66 		61
v 38.763 		8.933 		61
v 8.306 		-7.447 		61
v 38.634 		8.913 		61
v 8.364 		-7.207 		61
v 38.509 		8.88 		61
v 8.407 		-6.94 		61
v 38.392 		8.813 		61
v 8.439 		-6.656 		61
v 38.287 		8.72 		61
v 8.466 		-6.362 		61
v 38.193 		8.6 		61
v 38.106 		8.436 		61
v 38.033 		8.236 		61
v 12.2 		-6.42 		61
v 12.121 		-6.94 		61
v 12.047 		-7.54 		61
v 9.127 		-9.74 		61
v 36.666 		8.72 		61
v 34.252 		8.72 		61
v 11.418 		-8.22 		61
v 34.079 		8.696 		61
v 11.98 		-8.22 		61
v 33.924 		8.622 		61
v 33.786 		8.5 		61
v 33.665 		8.338 		61
v 45.275 		5.011 		61
v 45.172 		6 		61
v 7.933 		-8.16 		61
v 47.349 		6.96 		61
v 8.048 		-8.024 		61
v 47.341 		7.36 		61
v 8.148 		-7.858 		61
v 47.318 		7.707 		61
v 47.279 		8 		61
v 2.833 		-4.88 		61
v 44.11 		4.736 		61
v 40.528 		8.56 		58
v 44.04 		5.5 		61
v 40.455 		8.247 		58
v 43.947 		6.176 		61
v 40.4469 		8.192 		58
v 43.833 		6.762 		61
v 43.697 		7.26 		61
v 43.533 		7.684 		61
v 38.022 		8.192 		58
v 38.895 		8.94 		58
v 38.763 		8.933 		58
v 38.634 		8.913 		58
v 38.509 		8.88 		58
v 43.346 		8.024 		61
v 38.392 		8.813 		58
v 38.287 		8.72 		58
v 38.193 		8.6 		58
v 38.106 		8.436 		58
v 38.033 		8.236 		58
v 45.024 		6.898 		61
v 44.837 		7.698 		61
v 41.292 		8.02 		61
v 41.152 		7.838 		61
v 41.023 		7.638 		61
v 33.586 		8.192 		58
v 36.666 		8.72 		58
v 34.252 		8.72 		58
v 34.079 		8.696 		58
v 33.924 		8.622 		58
v 33.786 		8.5 		58
v 33.665 		8.338 		58
v 48.499 		0.52 		61
v 44.154 		1.34 		61
v 41.31 		1.34 		61
v 44.18 		2.94 		61
v 41.318 		0.651 		61
v 44.157 		3.882 		61
v 45.279 		0.396 		61
v 45.356 		2.78 		61
v 45.336 		3.938 		61
v 45.275 		5.011 		58
v 45.327 		4.096 		58
v 47.349 		6.96 		58
v 47.341 		7.36 		58
v 47.318 		7.707 		58
v 47.279 		8 		58
v 45.172 		6 		58
v 47.349 		0.38 		61
v 45.056 		6.7038 		58
v 40.906 		7.42 		61
v 40.801 		7.189 		61
v 40.711 		6.949 		61
v 41.292 		8.02 		58
v 41.152 		7.838 		58
v 41.023 		7.638 		58
v 40.96 		7.5206 		58
v 40.411 		7.947 		61
v 40.397 		7.66 		61
v 40.405 		7.431 		61
v 40.432 		7.224 		61
v 40.476 		7.04 		61
v 44.1452 		4.096 		58
v 40.524 		6.896 		61
v 44.11 		4.736 		58
v 40.577 		6.782 		61
v 44.04 		5.5 		58
v 40.634 		6.7 		61
v 43.947 		6.176 		58
v 43.833 		6.762 		58
v 43.697 		7.26 		58
v 43.533 		7.684 		58
v 43.346 		8.024 		58
v 37.974 		8 		61
v 45.024 		6.898 		58
v 37.93 		7.704 		61
v 37.903 		7.351 		61
v 44.837 		7.698 		58
v 37.895 		6.94 		61
v 48.499 		0.52 		58
v 48.5071 		0 		58
v 44.18 		2.94 		58
v 44.157 		3.882 		58
v 41.3449 		0 		58
v 44.0799 		0 		58
v 33.56 		8.144 		61
v 44.154 		1.34 		58
v 41.31 		1.34 		58
v 41.318 		0.651 		58
v 33.47 		7.92 		61
v 45.279 		0.396 		58
v 45.2322 		0 		58
v 47.349 		0.38 		58
v 33.39 		7.669 		61
v 45.356 		2.78 		58
v 33.326 		7.396 		61
v 33.277 		7.1 		61
v 45.336 		3.938 		58
v 33.235 		6.807 		61
v 33.203 		6.513 		61
v 47.3562 		0 		58
v 33.181 		6.22 		61
v 33.058 		4.12 		61
v 40.411 		7.947 		58
v 40.397 		7.66 		58
v 40.405 		7.431 		58
v 40.124 		2.94 		61
v 40.124 		1.64 		61
v 40.144 		0.589 		61
v 40.432 		7.224 		58
v 48.508 		-0.06 		61
v 40.476 		7.04 		58
v 48.534 		-0.6 		61
v 48.578 		-1.1 		61
v 40.524 		6.896 		58
v 48.635 		-1.542 		61
v 40.577 		6.782 		58
v 48.711 		-1.936 		61
v 40.634 		6.7 		58
v 47.366 		-0.522 		61
v 47.416 		-1.336 		61
v 40.906 		7.42 		58
v 40.801 		7.189 		58
v 48.806 		-2.28 		61
v 40.711 		6.949 		58
v 37.974 		8 		58
v 37.93 		7.704 		58
v 37.903 		7.351 		58
v 37.895 		6.94 		58
v 33.058 		4.12 		58
v 33.56 		8.144 		58
v 33.47 		7.92 		58
v 33.39 		7.669 		58
v 33.326 		7.396 		58
v 33.277 		7.1 		58
v 33.235 		6.807 		58
v 33.203 		6.513 		58
v 33.181 		6.22 		58
v -21.826 		-4.48 		61
v -21.724 		-4.584 		61
v 40.124 		2.94 		58
v -21.616 		-4.684 		61
v 40.124 		1.64 		58
v -22.442 		-4.949 		61
v 40.144 		0.589 		58
v 40.1793 		0 		58
v -22.354 		-4.789 		61
v 48.508 		-0.06 		58
v 48.534 		-0.6 		58
v 48.578 		-1.1 		58
v 48.635 		-1.542 		58
v 48.711 		-1.936 		58
v 48.7419 		-2.048 		58
v -22.274 		-4.62 		61
v 45.056 		-1.4903 		58
v 47.366 		-0.522 		58
v -22.196 		-4.451 		61
v 47.416 		-1.336 		58
v 47.4966 		-2.048 		58
v -22.126 		-4.291 		61
v 48.806 		-2.28 		58
v 48.923 		-2.584 		58
v 49.06 		-2.831 		58
v -22.063 		-4.14 		61
v 47.498 		-2.06 		58
v 47.607 		-2.711 		58
v -21.502 		-4.78 		58
v -21.504 		-4.7783 		58
v 47.744 		-3.278 		58
v -21.376 		-4.856 		58
v 47.911 		-3.76 		58
v -21.244 		-4.922 		58
v 48.0748 		-4.096 		58
v 44.924 		-2.048 		58
v 45.048 		-1.558 		58
v -21.106 		-4.98 		58
v -20.96 		-5.024 		58
v -20.814 		-5.051 		58
v 41.345 		-0.002 		58
v 41.389 		-0.62 		58
v 41.445 		-1.18 		58
v 41.521 		-1.687 		58
v -20.668 		-5.06 		58
v 41.5975 		-2.048 		58
v 43.928 		-1.3 		58
v 44.074 		-0.107 		58
v 40.96 		-3.6939 		58
v 41.041 		-3.873 		58
v 41.1812 		-4.096 		58
v -22.0023 		-4.2501 		58
v -21.998 		-4.258 		58
v 44.1689 		-4.096 		58
v 44.663 		-3.08 		58
v -21.919 		-4.371 		58
v -21.826 		-4.48 		58
v -21.724 		-4.584 		58
v -21.616 		-4.684 		58
v 42.213 		-3.309 		58
v 42.423 		-3.422 		58
v 42.661 		-3.46 		58
v 43.083 		-3.324 		58
v 43.434 		-2.918 		58
v 43.715 		-2.24 		58
v 41.617 		-2.14 		58
v 41.733 		-2.533 		58
v 41.87 		-2.86 		58
v 42.029 		-3.12 		58
v -22.528 		-5.0857 		58
v -22.442 		-4.949 		58
v 41.305 		-4.293 		58
v -22.03 		-4.1999 		58
v 41.599 		-4.62 		58
v 41.928 		-4.864 		58
v -22.354 		-4.789 		58
v 42.282 		-5.011 		58
v -22.0543 		-4.1558 		58
v 42.661 		-5.06 		58
v -22.274 		-4.62 		58
v -22.0573 		-4.1504 		58
v 48.107 		-4.162 		58
v 43.461 		-4.84 		58
v -22.196 		-4.451 		58
v 44.128 		-4.18 		58
v -22.0613 		-4.1431 		58
v -22.126 		-4.291 		58
v 48.332 		-4.489 		58
v -22.063 		-4.14 		58
v 48.587 		-4.74 		58
v 48.869 		-4.918 		58
v -24.153 		-4.8 		61
v -23.945 		-4.564 		61
v -23.962 		-4.384 		61
v -23.916 		-4.74 		61
v 40.202 		-0.378 		58
v 40.3 		-1.26 		58
v -23.882 		-4.907 		61
v 40.435 		-2.053 		58
v -23.838 		-5.06 		61
v 40.604 		-2.753 		58
v 40.809 		-3.36 		58
v -22.537 		-5.1 		61
v 36.3943 		-8.192 		58
v 36.454 		-8.087 		58
v -23.968 		-4.2 		61
v 36.527 		-7.893 		58
v 36.587 		-7.66 		58
v 36.631 		-7.382 		58
v 36.657 		-7.056 		58
v 36.666 		-6.68 		58
v -23.784 		-5.2 		61
v 37.895 		-6.56 		58
v 37.903 		-6.971 		58
v 37.93 		-7.324 		58
v 37.974 		-7.62 		58
v 38.033 		-7.856 		58
v 38.106 		-8.056 		58
v 38.1781 		-8.192 		58
v -23.721 		-5.324 		61
v 39.053 		-9.74 		58
v -23.647 		-5.431 		61
v 39.053 		-8.56 		58
v 38.193 		-8.22 		58
v 38.287 		-8.34 		58
v 38.392 		-8.433 		58
v 38.509 		-8.5 		58
v 38.634 		-8.533 		58
v 38.763 		-8.553 		58
v 38.895 		-8.56 		58
v 36.168 		-8.444 		58
v 36.274 		-8.358 		58
v 36.367 		-8.24 		58
v 35.507 		-8.56 		58
v 35.665 		-8.56 		58
v 35.798 		-8.553 		58
v 35.926 		-8.533 		58
v 36.051 		-8.5 		58
v 35.507 		-9.74 		58
v 25.987 		16.651 		58
v 26.4251 		16.384 		58
v 24.679 		16.738 		58
v 24.199 		16.611 		58
v 23.77 		16.4 		58
v 23.7477 		16.384 		58
v 27.461 		14.76 		58
v 27.4813 		14.6565 		58
v 27.5442 		14.336 		58
v 27.115 		15.62 		58
v 27.1451 		15.5451 		58
v 27.2981 		15.165 		58
v 26.622 		16.264 		58
v 26.8712 		15.9385 		58
v 24.576 		15.2936 		58
v 26.3393 		14.336 		58
v 26.298 		14.46 		58
v 26.175 		14.731 		58
v 26.029 		14.958 		58
v 25.859 		15.14 		58
v 25.655 		15.273 		58
v 25.418 		15.353 		58
v 25.148 		15.38 		58
v 24.773 		15.349 		58
v 27.7344 		12.288 		58
v 27.738 		12.44 		58
v 27.669 		13.7 		58
v -1.539 		10.1 		61
v 26.5947 		12.288 		58
v 26.589 		12.604 		58
v 26.565 		13.031 		58
v 26.526 		13.44 		58
v 26.474 		13.82 		58
v 26.398 		14.16 		58
v -3.321 		10.1 		61
v -6.06 		10.1 		61
v 31.644 		10.1 		58
v -5.445 		10.1 		61
v 31.644 		8.94 		58
v -6.06 		8.94 		61
v 32.513 		10.1 		58
v -5.445 		8.94 		61
v -4.594 		8.236 		61
v 30.72 		8.5374 		58
v 31.477 		8.94 		58
v -4.658 		8.436 		61
v 31.346 		8.933 		58
v 31.22 		8.913 		58
v 31.1 		8.88 		58
v 30.982 		8.827 		58
v 30.874 		8.747 		58
v 30.775 		8.64 		58
v -4.734 		8.6 		61
v -4.822 		8.72 		61
v -4.922 		8.813 		61
v -5.033 		8.88 		61
v 28.672 		8.8929 		58
v 29.2 		8.192 		58
v 29.189 		8.236 		58
v 29.119 		8.436 		58
v 29.037 		8.6 		58
v -5.153 		8.913 		61
v 28.943 		8.72 		58
v 28.838 		8.813 		58
v 28.721 		8.88 		58
v -5.279 		8.933 		61
v 30.5979 		8.192 		58
v 30.651 		8.3705 		58
v 30.623 		8.293 		58
v -5.41 		8.94 		61
v 30.693 		8.487 		58
v 25.564 		4.776 		58
v 25.593 		4.876 		58
v 25.06 		4.76 		58
v 24.902 		4.76 		58
v 24.576 		4.7249 		58
v 26.998 		2.247 		58
v 26.998 		2.247 		61
v 27.0333 		2.048 		58
v 26.913 		2.62 		58
v 26.913 		2.62 		61
v 26.8347 		2.8949 		58
v 26.811 		2.978 		58
v 26.811 		2.978 		61
v 26.694 		3.304 		58
v 26.694 		3.304 		61
v 26.5738 		3.5715 		58
v 26.561 		3.6 		58
v 26.561 		3.6 		61
v 26.42 		3.86 		58
v 26.42 		3.86 		61
v 26.3275 		3.9913 		58
v 26.265 		4.08 		58
v 26.265 		4.08 		61
v 25.789 		2.56 		58
v 25.9058 		2.048 		58
v 25.789 		2.56 		61
v 25.577 		3.016 		58
v 25.577 		3.016 		61
v 25.293 		3.289 		61
v 25.293 		3.289 		58
v 24.937 		3.38 		61
v 24.937 		3.38 		58
v 24.749 		3.358 		61
v 24.749 		3.358 		58
v 24.582 		3.291 		61
v 24.582 		3.291 		58
v 24.576 		3.2864 		58
v 27.194 		0.08 		58
v 27.194 		0.08 		61
v 27.1923 		0 		58
v 27.186 		0.54 		58
v 27.186 		0.54 		61
v 27.162 		0.987 		58
v 27.162 		0.987 		61
v 27.123 		1.42 		58
v 27.123 		1.42 		61
v 27.069 		1.847 		58
v 27.069 		1.847 		61
v 26.023 		1.067 		58
v 26.052 		0 		58
v 26.052 		0 		61
v 26.023 		1.067 		61
v 25.935 		1.92 		58
v 25.935 		1.92 		61
v 24.549 		4.722 		58
v 24.549 		4.722 		61
v 24.227 		4.609 		58
v 24.227 		4.609 		61
v 23.937 		4.42 		58
v 23.937 		4.42 		61
v 23.677 		4.149 		58
v 23.677 		4.149 		61
v 23.6407 		4.096 		58
v 22.6073 		8.192 		58
v 22.748 		7.978 		58
v 22.748 		7.978 		61
v 22.962 		7.74 		58
v 22.962 		7.74 		61
v 23.213 		7.562 		58
v 23.213 		7.562 		61
v 23.497 		7.456 		58
v 23.497 		7.456 		61
v 23.814 		7.42 		58
v 23.814 		7.42 		61
v 19.003 		7.08 		58
v 19.003 		7.08 		61
v 18.993 		7.464 		58
v 18.993 		7.464 		61
v 18.964 		7.791 		58
v 18.964 		7.791 		61
v 18.915 		8.06 		58
v 18.915 		8.06 		61
v 18.8821 		8.192 		58
v 20.232 		8 		61
v 20.232 		8 		58
v 20.28 		8.192 		58
v 20.183 		7.704 		61
v 20.183 		7.704 		58
v 20.154 		7.351 		61
v 20.154 		7.351 		58
v 20.144 		6.94 		61
v 20.144 		6.94 		58
v 23.449 		3.816 		58
v 23.449 		3.816 		61
v 23.252 		3.42 		58
v 23.252 		3.42 		61
v 23.085 		2.967 		58
v 23.085 		2.967 		61
v 22.948 		2.46 		58
v 22.948 		2.46 		61
v 22.8678 		2.048 		58
v 24.437 		3.18 		61
v 24.437 		3.18 		58
v 24.305 		3.022 		61
v 24.305 		3.022 		58
v 24.191 		2.816 		61
v 24.191 		2.816 		58
v 24.095 		2.56 		61
v 24.095 		2.56 		58
v 24.016 		2.264 		61
v 24.016 		2.264 		58
v 23.9781 		2.048 		58
v 22.839 		1.9 		58
v 22.839 		1.9 		61
v 22.761 		1.307 		58
v 22.761 		1.307 		61
v 22.714 		0.673 		58
v 22.714 		0.673 		61
v 22.699 		0 		58
v 22.699 		0 		61
v 23.954 		1.911 		61
v 23.954 		1.911 		58
v 23.91 		1.5 		61
v 23.91 		1.5 		58
v 23.876 		1.044 		61
v 23.876 		1.044 		58
v 23.856 		0.531 		61
v 23.856 		0.531 		58
v 23.8495 		0 		58
v 18.992 		0.571 		58
v 18.9622 		0 		58
v 18.992 		0.571 		61
v 19.003 		1.22 		58
v 19.003 		1.22 		61
v -6.227 		8.94 		61
v -6.358 		8.933 		61
v -6.484 		8.913 		61
v -6.604 		8.88 		61
v -6.722 		8.827 		61
v -6.83 		8.747 		61
v -6.929 		8.64 		61
v -7.011 		8.487 		61
v -7.081 		8.293 		61
v -10.124 		8.94 		61
v -10.019 		8.94 		61
v -10.019 		10.1 		61
v -8.515 		8.236 		61
v -8.585 		8.436 		61
v -8.667 		8.6 		61
v -8.761 		8.72 		61
v -8.866 		8.813 		61
v -8.983 		8.88 		61
v -9.108 		8.913 		61
v -9.237 		8.933 		61
v -9.369 		8.94 		61
v -9.536 		8.94 		61
v -9.536 		10.1 		61
v -10.257 		8.933 		61
v -10.386 		8.913 		61
v -10.511 		8.88 		61
v -10.628 		8.813 		61
v -24.153 		-4.8 		58
v -23.945 		-4.564 		58
v -23.962 		-4.384 		58
v -23.916 		-4.74 		58
v -23.882 		-4.907 		58
v -10.733 		8.72 		61
v -23.838 		-5.06 		58
v -10.827 		8.6 		61
v -23.8149 		-5.12 		58
v -10.909 		8.436 		61
v -22.5508 		-5.12 		58
v -10.979 		8.236 		61
v -22.537 		-5.1 		58
v -23.968 		-4.2 		58
v -13.302 		8.94 		61
v -13.267 		8.94 		61
v -16.348 		8.236 		61
v -23.784 		-5.2 		58
v -23.721 		-5.324 		58
v -23.647 		-5.431 		58
v -12.413 		8.293 		61
v -23.565 		-5.52 		58
v -12.483 		8.487 		61
v -23.466 		-5.587 		58
v -12.565 		8.64 		61
v -12.663 		8.747 		61
v -23.358 		-5.627 		58
v -12.772 		8.827 		61
v -23.24 		-5.64 		58
v -12.89 		8.88 		61
v -23.108 		-5.622 		58
v -13.01 		8.913 		61
v -13.135 		8.933 		61
v -22.982 		-5.569 		58
v -13.302 		10.1 		61
v -22.862 		-5.48 		58
v -15.084 		10.1 		61
v -22.748 		-5.376 		58
v -22.64 		-5.249 		58
v -0.503 		7.08 		61
v -0.513 		7.464 		61
v -0.542 		7.791 		61
v -0.591 		8.06 		61
v -7.14 		8.06 		61
v -7.188 		7.791 		61
v -7.218 		7.464 		61
v -26.3169 		-2.048 		58
v -26.32 		-1.969 		58
v -26.33 		-1.82 		58
v -26.346 		-1.651 		58
v -26.373 		-1.464 		58
v -26.409 		-1.26 		58
v -7.227 		7.08 		61
v -25.0741 		-2.048 		58
v -4.471 		6.96 		61
v -26.39 		-3.044 		58
v -26.332 		-2.704 		58
v -26.312 		-2.28 		58
v -26.314 		-2.122 		58
v -4.479 		7.36 		61
v -26.624 		-3.4693 		58
v -26.488 		-3.3 		58
v -4.502 		7.707 		61
v -4.541 		8 		61
v -25.057 		-2.14 		58
v -24.999 		-2.416 		58
v -3.321 		0.52 		61
v -24.944 		-2.656 		58
v -24.89 		-2.86 		58
v -24.835 		-3.036 		58
v -24.777 		-3.189 		58
v -24.715 		-3.32 		58
v -24.647 		-3.418 		58
v -26.816 		-3.584 		58
v -26.631 		-3.478 		58
v -28.463 		-3.62 		58
v -27.076 		-3.62 		58
v -27.041 		-3.62 		58
v -4.471 		0.38 		61
v -0.514 		0.571 		61
v -0.503 		1.22 		61
v -12.266 		7.08 		61
v -12.276 		7.464 		61
v -28.672 		-3.5945 		58
v -28.498 		-3.62 		58
v -11.037 		8 		61
v -11.086 		7.704 		61
v -29.2919 		-2.048 		58
v -11.115 		7.351 		61
v -29.192 		-1.06 		58
v -29.224 		-1.282 		58
v -29.25 		-1.496 		58
v -29.271 		-1.7 		58
v -29.285 		-1.904 		58
v -11.125 		6.94 		61
v -30.103 		-1.873 		58
v -30.034 		-1.46 		58
v -8.369 		6.94 		61
v -8.378 		7.351 		61
v -8.408 		7.704 		61
v -8.456 		8 		61
v -16.234 		6.96 		61
v -16.241 		7.36 		61
v -16.262 		7.707 		61
v -16.296 		8 		61
v -12.305 		7.791 		61
v -12.354 		8.06 		61
v -15.084 		0.52 		61
v -16.234 		0.38 		61
v -12.302 		0.073 		61
v -12.275 		0.64 		61
v -12.266 		1.22 		61
v -3.312 		-0.06 		61
v -3.286 		-0.6 		61
v -3.242 		-1.1 		61
v -3.185 		-1.542 		61
v -3.109 		-1.936 		61
v -0.863 		-2.04 		61
v -0.756 		-1.624 		61
v -0.668 		-1.151 		61
v -0.6 		-0.62 		61
v -0.546 		-0.042 		61
v -1.978 		-3.28 		61
v -1.737 		-3.244 		61
v -1.517 		-3.138 		61
v -1.319 		-2.96 		61
v -1.148 		-2.716 		61
v -0.996 		-2.409 		61
v -0.485 		-3.32 		61
v -0.491 		-3.567 		61
v -0.497 		-3.827 		61
v -23.565 		-5.52 		61
v -0.475 		-3.053 		61
v -23.466 		-5.587 		61
v -0.466 		-2.787 		61
v -0.459 		-2.52 		61
v -23.358 		-5.627 		61
v -0.521 		-2.52 		61
v -23.24 		-5.64 		61
v -0.961 		-3.931 		61
v -23.108 		-5.622 		61
v -3.014 		-2.28 		61
v -22.982 		-5.569 		61
v -2.898 		-2.584 		61
v -2.76 		-2.831 		61
v -22.862 		-5.48 		61
v -2.601 		-3.02 		61
v -22.748 		-5.376 		61
v -2.419 		-3.164 		61
v -2.211 		-3.251 		61
v -22.64 		-5.249 		61
v -4.076 		-3.278 		61
v -3.909 		-3.76 		61
v -7.227 		-1.72 		61
v -4.454 		-0.522 		61
v -4.405 		-1.336 		61
v -4.322 		-2.06 		61
v -4.213 		-2.711 		61
v -7.218 		-2.104 		61
v -7.188 		-2.431 		61
v -7.14 		-2.7 		61
v -7.081 		-2.933 		61
v -7.011 		-3.127 		61
v -6.929 		-3.28 		61
v -6.83 		-3.4 		61
v -6.722 		-3.493 		61
v -6.604 		-3.56 		61
v -6.484 		-3.593 		61
v -6.358 		-3.613 		61
v -6.227 		-3.62 		61
v -6.192 		-3.62 		61
v 48.923 		-2.584 		61
v 49.06 		-2.831 		61
v -29.294 		-2.091 		58
v -0.503 		-4.1 		61
v -29.297 		-2.26 		58
v -29.275 		-2.696 		58
v -29.207 		-3.042 		58
v -29.194 		-3.072 		58
v 47.498 		-2.06 		61
v 47.607 		-2.711 		61
v -1.558 		-4.778 		61
v 47.744 		-3.278 		61
v 47.911 		-3.76 		61
v -30.3719 		-3.072 		58
v -3.713 		-4.162 		61
v -30.352 		-3.02 		58
v -3.488 		-4.489 		61
v -30.288 		-2.8 		58
v -3.233 		-4.74 		61
v -30.227 		-2.54 		58
v -2.951 		-4.918 		61
v -30.167 		-2.233 		58
v -2.644 		-5.024 		61
v -2.311 		-5.06 		61
v 43.928 		-1.3 		61
v -29.095 		-3.3 		58
v -28.943 		-3.478 		58
v -28.744 		-3.584 		58
v 44.074 		-0.107 		61
v 31.513 		-3.62 		58
v 31.513 		-3.62 		61
v -30.421 		-3.2 		58
v -7.194 		-8.087 		61
v -7.254 		-7.94 		61
v -7.317 		-7.809 		61
v -7.39 		-7.709 		61
v -7.473 		-7.64 		61
v -7.558 		-7.596 		61
v -7.649 		-7.569 		61
v 30.477 		-1.72 		61
v -7.745 		-7.56 		61
v 30.477 		-1.72 		58
v -7.837 		-7.569 		61
v -7.925 		-7.596 		61
v -8.009 		-7.64 		61
v -8.092 		-7.709 		61
v 45.048 		-1.558 		61
v -8.165 		-7.809 		61
v -30.72 		-3.5714 		58
v -30.658 		-3.54 		58
v -30.573 		-3.458 		58
v -30.494 		-3.344 		58
v -26.32 		-1.969 		61
v 30.486 		-2.104 		61
v 30.486 		-2.104 		58
v -6.192 		-4.8 		61
v 41.345 		-0.002 		61
v -26.33 		-1.82 		61
v 41.389 		-0.62 		61
v 30.516 		-2.431 		61
v 30.516 		-2.431 		58
v -30.956 		-3.62 		58
v -30.845 		-3.611 		58
v -30.745 		-3.584 		58
v -26.346 		-1.651 		61
v 41.445 		-1.18 		61
v 30.565 		-2.7 		61
v 30.565 		-2.7 		58
v -26.373 		-1.464 		61
v 41.521 		-1.687 		61
v -27.076 		-4.8 		58
v 30.623 		-2.933 		61
v 30.623 		-2.933 		58
v -28.463 		-4.8 		58
v -26.409 		-1.26 		61
v 30.693 		-3.127 		61
v -7.105 		-10.1 		61
v 30.693 		-3.127 		58
v 27.533 		10.516 		58
v 27.4502 		10.24 		58
v 42.661 		-3.46 		61
v 42.423 		-3.422 		61
v 30.775 		-3.28 		61
v 30.775 		-3.28 		58
v 43.083 		-3.324 		61
v 27.624 		10.92 		58
v -26.488 		-3.3 		61
v 30.874 		-3.4 		61
v 43.434 		-2.918 		61
v 27.687 		11.382 		58
v -26.39 		-3.044 		61
v 30.874 		-3.4 		58
v 43.715 		-2.24 		61
v 27.725 		11.889 		58
v 30.982 		-3.493 		58
v -26.332 		-2.704 		61
v -7.075 		-9.858 		61
v -7.058 		-9.584 		61
v -7.052 		-9.28 		61
v -7.058 		-8.967 		61
v -7.075 		-8.693 		61
v -7.105 		-8.46 		61
v -7.145 		-8.26 		61
v 44.663 		-3.08 		61
v -26.312 		-2.28 		61
v -26.314 		-2.122 		61
v 41.617 		-2.14 		61
v -25.057 		-2.14 		61
v -7.745 		-11 		61
v 26.3962 		10.24 		58
v -7.649 		-10.989 		61
v 26.413 		10.293 		58
v -7.558 		-10.956 		61
v 41.733 		-2.533 		61
v 26.491 		10.64 		58
v -7.473 		-10.9 		61
v 26.55 		11.067 		58
v -7.39 		-10.833 		61
v -7.317 		-10.74 		61
v 26.585 		11.573 		58
v -7.254 		-10.62 		61
v 26.597 		12.16 		58
v -7.194 		-10.473 		61
v -7.145 		-10.3 		61
v 41.87 		-2.86 		61
v 30.982 		-3.493 		61
v -8.165 		-10.74 		61
v -8.092 		-10.833 		61
v -8.009 		-10.9 		61
v -7.925 		-10.956 		61
v -7.837 		-10.989 		61
v 42.029 		-3.12 		61
v 31.1 		-3.56 		58
v 31.1 		-3.56 		61
v -11.125 		-1.72 		61
v 42.213 		-3.309 		61
v 31.22 		-3.593 		58
v 31.22 		-3.593 		61
v 31.346 		-3.613 		58
v 31.346 		-3.613 		61
v 41.041 		-3.873 		61
v -24.565 		16.78 		61
v -24.679 		16.78 		61
v 31.477 		-3.62 		58
v -10.124 		-3.62 		61
v 31.477 		-3.62 		61
v 59.42 		8.94 		61
v 59.139 		8.94 		61
v 42.282 		-5.011 		61
v 42.661 		-5.06 		61
v 43.461 		-4.84 		61
v 44.128 		-4.18 		61
v -10.089 		-3.62 		61
v 41.305 		-4.293 		61
v 41.599 		-4.62 		61
v 59.007 		8.933 		61
v 41.928 		-4.864 		61
v 58.881 		8.913 		61
v 26.419 		-4.087 		58
v 26.419 		-4.087 		61
v 48.107 		-4.162 		61
v 48.332 		-4.489 		61
v 26.4127 		-4.096 		58
v 48.587 		-4.74 		61
v 48.869 		-4.918 		61
v 58.761 		8.88 		61
v 26.623 		-3.68 		58
v 27.425 		10.156 		58
v 26.623 		-3.68 		61
v 27.4027 		10.1 		58
v 28.168 		10.1 		58
v 26.799 		-3.209 		58
v 26.799 		-3.209 		61
v -11.037 		-2.7 		61
v -10.979 		-2.933 		61
v 26.943 		-2.676 		58
v 26.943 		-2.676 		61
v 40.202 		-0.378 		61
v 40.3 		-1.26 		61
v 40.435 		-2.053 		61
v 40.604 		-2.753 		61
v 40.809 		-3.36 		61
v -10.909 		-3.127 		61
v 27.053 		-2.08 		58
v 27.053 		-2.08 		61
v 36.454 		-8.087 		61
v -10.827 		-3.28 		61
v 28.168 		8.94 		58
v 27.131 		-1.413 		58
v 26.645 		8.909 		58
v 36.527 		-7.893 		61
v 27.131 		-1.413 		61
v 26.624 		8.8933 		58
v -10.728 		-3.4 		61
v -24.999 		-2.416 		61
v 36.587 		-7.66 		61
v 36.631 		-7.382 		61
v -10.62 		-3.493 		61
v 26.825 		9.08 		58
v 36.657 		-7.056 		61
v -24.944 		-2.656 		61
v -12.223 		-2.52 		61
v 36.666 		-6.68 		61
v -10.502 		-3.56 		61
v 26.995 		9.298 		58
v -24.89 		-2.86 		61
v 37.895 		-6.56 		61
v -10.382 		-3.593 		61
v 27.153 		9.551 		58
v 37.903 		-6.971 		61
v -24.835 		-3.036 		61
v -10.256 		-3.613 		61
v 37.93 		-7.324 		61
v 27.299 		9.84 		58
v 37.974 		-7.62 		61
v -24.777 		-3.189 		61
v 38.033 		-7.856 		61
v -24.715 		-3.32 		61
v -11.115 		-2.104 		61
v 38.106 		-8.056 		61
v -11.086 		-2.431 		61
v -24.647 		-3.418 		61
v -12.284 		-2.52 		61
v 28.596 		8.913 		58
v 28.467 		8.933 		58
v 28.335 		8.94 		58
v 38.193 		-8.22 		61
v 38.287 		-8.34 		61
v 26.598 		8.192 		58
v 26.458 		8.769 		58
v 26.3502 		8.7088 		58
v -27.076 		-3.62 		61
v 38.392 		-8.433 		61
v 26.574 		8.242 		58
v -15.076 		-0.06 		61
v 38.509 		-8.5 		61
v 27.178 		-0.693 		58
v 27.178 		-0.693 		61
v -15.049 		-0.6 		61
v 38.634 		-8.533 		61
v -15.005 		-1.1 		61
v 38.763 		-8.553 		61
v 25.9929 		9.454 		58
v 26.093 		9.569 		58
v 38.895 		-8.56 		61
v 26.21 		9.76 		58
v 26.32 		10 		58
v -14.949 		-1.542 		61
v 39.053 		-9.74 		61
v 39.053 		-8.56 		61
v 26.024 		-1.133 		58
v 26.024 		-1.133 		61
v 26.3298 		8.6974 		58
v 26.5 		8.38 		58
v -14.873 		-1.936 		61
v 35.507 		-8.56 		61
v 35.665 		-8.56 		61
v 35.798 		-8.553 		61
v 24.587 		-3.562 		61
v 24.587 		-3.562 		58
v 24.576 		-3.5505 		58
v 25.9479 		9.4096 		58
v -16.219 		-0.522 		61
v -16.172 		-1.336 		61
v 35.926 		-8.533 		61
v 25.965 		9.422 		58
v 24.946 		-3.66 		58
v 36.051 		-8.5 		61
v 26.2938 		8.6772 		58
v 24.946 		-3.66 		61
v 26.423 		8.491 		58
v 36.168 		-8.444 		61
v -12.591 		-1.92 		61
v 25.306 		-3.56 		58
v 36.274 		-8.358 		61
v -12.486 		-1.484 		61
v 25.306 		-3.56 		61
v 25.8399 		9.3315 		58
v 35.507 		-9.74 		61
v 36.367 		-8.24 		61
v -12.404 		-1.004 		61
v 25.59 		-3.26 		58
v 26.2741 		8.6662 		58
v 26.344 		8.584 		58
v 25.59 		-3.26 		61
v -12.345 		-0.48 		61
v 25.798 		-2.76 		58
v 25.798 		-2.76 		61
v 25.7475 		9.2863 		58
v 25.824 		9.32 		58
v 25.21 		16.78 		61
v 24.679 		16.738 		61
v 24.199 		16.611 		61
v 23.77 		16.4 		61
v 25.939 		-2.053 		58
v -14.182 		-3.164 		61
v 26.263 		8.66 		58
v 25.939 		-2.053 		61
v 25.987 		16.651 		61
v -13.974 		-3.251 		61
v 26.298 		14.46 		61
v 25.64 		9.2446 		58
v -13.741 		-3.28 		61
v 25.672 		9.253 		58
v 26.175 		14.731 		61
v 29.335 		-4.8 		58
v 29.335 		-4.8 		61
v -13.481 		-3.238 		61
v 26.029 		14.958 		61
v 31.513 		-4.8 		58
v 31.513 		-4.8 		61
v 25.859 		15.14 		61
v 25.368 		9.2 		58
v -13.25 		-3.111 		61
v 25.52 		9.213 		58
v -27.041 		-3.62 		61
v 23.385 		16.124 		58
v 25.655 		15.273 		61
v -26.816 		-3.584 		61
v -13.048 		-2.9 		61
v 23.048 		15.778 		58
v 25.418 		15.353 		61
v 27.461 		14.76 		61
v -12.872 		-2.631 		61
v 25.148 		15.38 		61
v 22.76 		15.36 		58
v -12.72 		-2.304 		61
v -26.631 		-3.478 		61
v 24.773 		15.349 		61
v 22.519 		14.884 		58
v 27.115 		15.62 		61
v 22.323 		14.338 		58
v -12.679 		-3.8 		61
v 26.622 		16.264 		61
v -12.541 		-3.436 		61
v 22.3225 		14.336 		58
v -12.41 		-3.009 		61
v 30.51 		-8.087 		58
v 30.51 		-8.087 		61
v 30.5403 		-8.192 		58
v -14.777 		-2.28 		61
v 26.589 		12.604 		61
v 23.5508 		14.336 		58
v 30.45 		-7.94 		58
v 30.45 		-7.94 		61
v -14.661 		-2.584 		61
v 26.565 		13.031 		61
v 24.442 		15.256 		58
v 24.156 		15.1 		58
v 23.916 		14.889 		58
v 23.711 		14.629 		58
v -14.523 		-2.831 		61
v 30.387 		-7.809 		58
v 26.526 		13.44 		61
v 30.387 		-7.809 		61
v -14.365 		-3.02 		61
v 22.172 		13.72 		58
v 26.474 		13.82 		61
v 30.314 		-7.709 		58
v 30.314 		-7.709 		61
v 26.398 		14.16 		61
v 22.06 		13.053 		58
v -16.094 		-2.06 		61
v -15.987 		-2.711 		61
v 30.231 		-7.64 		58
v -15.852 		-3.278 		61
v 30.231 		-7.64 		61
v 27.738 		12.44 		61
v -15.69 		-3.76 		61
v 21.993 		12.333 		58
v 27.669 		13.7 		61
v 30.146 		-7.596 		58
v 30.146 		-7.596 		61
v 31.477 		8.94 		61
v 31.644 		8.94 		61
v -12.065 		-4.8 		61
v -10.089 		-4.8 		61
v 30.055 		-7.569 		58
v 31.346 		8.933 		61
v 30.055 		-7.569 		61
v 31.22 		8.913 		61
v -8.228 		-7.94 		61
v -8.288 		-8.087 		61
v 29.959 		-7.56 		58
v 29.959 		-7.56 		61
v 23.542 		14.32 		58
v 31.1 		8.88 		61
v 23.404 		13.964 		58
v 23.296 		13.564 		58
v 23.217 		13.12 		58
v 23.163 		12.64 		58
v -8.369 		-4.8 		61
v 30.982 		8.827 		61
v 29.867 		-7.569 		58
v 29.867 		-7.569 		61
v 30.874 		8.747 		61
v 29.779 		-7.596 		58
v 29.779 		-7.596 		61
v 30.775 		8.64 		61
v 31.644 		10.1 		61
v 21.97 		11.56 		58
v 29.695 		-7.64 		58
v 29.695 		-7.64 		61
v -15.497 		-4.162 		61
v 21.982 		10.987 		58
v -15.28 		-4.489 		61
v -15.04 		-4.74 		61
v -14.778 		-4.918 		61
v -14.494 		-5.024 		61
v 32.513 		10.1 		61
v -14.189 		-5.06 		61
v -13.994 		-5.047 		61
v 22.017 		10.44 		58
v 29.613 		-7.709 		58
v 29.613 		-7.709 		61
v 29.539 		-7.809 		58
v 29.539 		-7.809 		61
v 29.476 		-7.94 		58
v 29.476 		-7.94 		61
v -28.463 		-3.62 		61
v 29.416 		-8.087 		58
v 29.416 		-8.087 		61
v -28.498 		-3.62 		61
v 29.3863 		-8.192 		58
v -29.192 		-1.06 		61
v 24.61 		-5.024 		58
v 24.61 		-5.024 		61
v -29.224 		-1.282 		61
v 24.576 		-5.0138 		58
v -29.25 		-1.496 		61
v 24.756 		-5.051 		58
v 24.756 		-5.051 		61
v -29.271 		-1.7 		61
v 24.902 		-5.06 		58
v 24.902 		-5.06 		61
v -29.285 		-1.904 		61
v 25.272 		-5.02 		58
v 25.272 		-5.02 		61
v 25.608 		-4.9 		58
v 25.608 		-4.9 		61
v -30.103 		-1.873 		61
v 25.912 		-4.7 		58
v 25.912 		-4.7 		61
v -30.034 		-1.46 		61
v 26.182 		-4.427 		58
v 26.182 		-4.427 		61
v -29.294 		-2.091 		61
v -29.297 		-2.26 		61
v 30.629 		-8.693 		61
v 30.646 		-8.967 		61
v -29.275 		-2.696 		61
v 30.6 		-8.46 		61
v -29.207 		-3.042 		61
v 30.56 		-8.26 		61
v -30.352 		-3.02 		61
v -30.288 		-2.8 		61
v -30.227 		-2.54 		61
v 29.367 		-8.26 		61
v -30.167 		-2.233 		61
v 29.327 		-8.46 		61
v -29.095 		-3.3 		61
v 29.293 		-8.693 		61
v -28.943 		-3.478 		61
v 29.272 		-8.967 		61
v -28.744 		-3.584 		61
v -30.421 		-3.2 		61
v -30.658 		-3.54 		61
v 29.265 		-9.28 		61
v -30.573 		-3.458 		61
v 29.272 		-9.584 		61
v -30.494 		-3.344 		61
v 29.293 		-9.858 		61
v -30.956 		-3.62 		61
v 29.327 		-10.1 		61
v -30.845 		-3.611 		61
v -30.745 		-3.584 		61
v 30.6 		-10.1 		61
v 30.629 		-9.858 		61
v 30.646 		-9.584 		61
v 30.652 		-9.28 		61
v 29.779 		-10.956 		61
v 29.867 		-10.989 		61
v 29.959 		-11 		61
v 30.055 		-10.989 		61
v 30.146 		-10.956 		61
v 30.231 		-10.9 		61
v 30.314 		-10.833 		61
v 30.387 		-10.74 		61
v 30.45 		-10.62 		61
v 30.51 		-10.473 		61
v 30.56 		-10.3 		61
v 29.367 		-10.3 		61
v -27.076 		-4.8 		61
v 29.416 		-10.473 		61
v 29.476 		-10.62 		61
v -28.463 		-4.8 		61
v 29.539 		-10.74 		61
v 29.613 		-10.833 		61
v 29.695 		-10.9 		61
v 30.646 		-8.967 		58
v 30.629 		-8.693 		58
v 30.6 		-8.46 		58
v 30.56 		-8.26 		58
v 29.367 		-8.26 		58
v 29.327 		-8.46 		58
v 29.293 		-8.693 		58
v 29.272 		-8.967 		58
v 29.2664 		-9.216 		58
v 30.6508 		-9.216 		58
v 29.265 		-9.28 		58
v 29.272 		-9.584 		58
v 29.293 		-9.858 		58
v 29.327 		-10.1 		58
v 23.131 		12.133 		58
v 23.12 		11.6 		58
v 23.129 		11.147 		58
v 23.155 		10.747 		58
v 23.199 		10.4 		58
v 23.2315 		10.24 		58
v 29.355 		-10.24 		58
v 22.56 		8.264 		58
v 22.528 		8.3312 		58
v 30.572 		-10.24 		58
v 30.6 		-10.1 		58
v 30.629 		-9.858 		58
v 30.646 		-9.584 		58
v 30.652 		-9.28 		58
v 23.255 		10.124 		58
v 23.328 		9.884 		58
v 23.419 		9.68 		58
v 23.52 		9.524 		58
v 23.637 		9.404 		58
v 23.77 		9.32 		58
v 23.922 		9.253 		58
v 24.086 		9.213 		58
v 24.261 		9.2 		58
v 29.696 		-10.9007 		58
v 29.779 		-10.956 		58
v 21.242 		8.94 		58
v 21.145 		8.94 		58
v 21.012 		8.933 		58
v 20.884 		8.913 		58
v 29.867 		-10.989 		58
v 20.759 		8.88 		58
v 20.642 		8.813 		58
v 20.536 		8.72 		58
v 20.48 		8.6477 		58
v 30.055 		-10.989 		58
v 30.146 		-10.956 		58
v 30.231 		-10.9 		58
v 22.076 		9.92 		58
v 30.314 		-10.833 		58
v 22.0604 		10.0574 		58
v 30.387 		-10.74 		58
v 30.45 		-10.62 		58
v 21.242 		10.1 		58
v 30.51 		-10.473 		58
v 22.155 		9.436 		58
v 30.56 		-10.3 		58
v 22.263 		8.996 		58
v 22.4 		8.6 		58
v 29.367 		-10.3 		58
v 29.416 		-10.473 		58
v 17.967 		8.94 		58
v 29.476 		-10.62 		58
v 29.539 		-10.74 		58
v 29.613 		-10.833 		58
v 29.695 		-10.9 		58
v 18.857 		8.293 		58
v 18.787 		8.487 		58
v 18.705 		8.64 		58
v 18.606 		8.747 		58
v 18.498 		8.827 		58
v 18.38 		8.88 		58
v 18.26 		8.913 		58
v 18.134 		8.933 		58
v 18.002 		8.94 		58
v 22.714 		-0.744 		58
v 22.714 		-0.744 		61
v 20.3288 		8.3441 		58
v 20.291 		8.236 		58
v 22.761 		-1.404 		58
v 22.761 		-1.404 		61
v 20.4275 		8.569 		58
v 20.361 		8.436 		58
v 22.839 		-1.98 		58
v 22.839 		-1.98 		61
v 20.443 		8.6 		58
v 22.852 		-2.048 		58
v 17.967 		10.1 		58
v 23.849 		-0.04 		61
v 23.849 		-0.04 		58
v 23.877 		-1.171 		61
v 23.877 		-1.171 		58
v 58.643 		8.827 		61
v 23.9586 		-2.048 		58
v 58.535 		8.747 		61
v 29.335 		6.94 		58
v 29.326 		7.351 		58
v 29.296 		7.704 		58
v 29.248 		8 		58
v 22.578 		-3.651 		58
v 59.42 		10.1 		61
v 22.528 		-3.6309 		58
v 58.437 		8.64 		61
v 22.578 		-3.651 		61
v 58.355 		8.487 		61
v 22.655 		-3.66 		58
v 58.284 		8.293 		61
v 22.655 		-3.66 		61
v 30.565 		8.06 		58
v 30.516 		7.791 		58
v 30.486 		7.464 		58
v 30.477 		7.08 		58
v 22.756 		-3.653 		58
v 32.426 		4.12 		58
v 22.756 		-3.653 		61
v 22.85 		-3.633 		58
v 22.85 		-3.633 		61
v 22.936 		-3.6 		58
v 56.772 		8.236 		61
v 22.936 		-3.6 		61
v 26.913 		6.62 		58
v 26.8913 		6.144 		58
v 23.018 		-3.538 		58
v 56.701 		8.436 		61
v 23.018 		-3.538 		61
v 26.907 		6.878 		58
v 23.1 		-3.458 		58
v 56.619 		8.6 		61
v 23.1 		-3.458 		61
v 26.889 		7.118 		58
v 56.521 		8.72 		61
v 23.1168 		-3.4379 		58
v 26.86 		7.34 		58
v 56.413 		8.813 		61
v 22.936 		-2.489 		58
v 22.936 		-2.489 		61
v 26.816 		7.558 		58
v 56.295 		8.88 		61
v 23.1587 		-3.3878 		58
v 26.766 		7.758 		58
v 56.17 		8.913 		61
v 56.041 		8.933 		61
v 55.908 		8.94 		61
v 55.627 		8.94 		61
v 55.627 		10.1 		61
v 53.459 		8.94 		61
v 53.556 		8.94 		61
v 53.327 		8.933 		61
v 53.556 		10.1 		61
v 53.198 		8.913 		61
v 53.073 		8.88 		61
v 52.956 		8.813 		61
v 52.851 		8.72 		61
v 52.757 		8.6 		61
v 52.675 		8.436 		61
v 52.605 		8.236 		61
v -13.807 		-5.007 		61
v -13.627 		-4.94 		61
v -13.454 		-4.853 		61
v -13.288 		-4.727 		61
v -13.127 		-4.56 		61
v -12.976 		-4.36 		61
v -12.826 		-4.107 		61
v 50.281 		8.94 		61
v 50.316 		8.94 		61
v 51.171 		8.293 		61
v 51.101 		8.487 		61
v 51.019 		8.64 		61
v -8.337 		-10.3 		61
v -8.288 		-10.473 		61
v -8.228 		-10.62 		61
v 50.92 		8.747 		61
v -8.337 		-8.26 		61
v -8.377 		-8.46 		61
v -8.412 		-8.693 		61
v -8.432 		-8.967 		61
v -8.439 		-9.28 		61
v -8.432 		-9.584 		61
v -8.412 		-9.858 		61
v -8.377 		-10.1 		61
v 50.812 		8.827 		61
v 50.694 		8.88 		61
v -25.023 		16.767 		61
v -25.339 		16.727 		61
v -25.627 		16.66 		61
v 50.574 		8.913 		61
v -25.892 		16.571 		61
v -26.135 		16.438 		61
v 50.448 		8.933 		61
v 50.281 		10.1 		61
v 26.711 		7.94 		58
v 58.226 		8.06 		61
v -20.36 		16.78 		61
v -20.891 		16.738 		61
v -21.371 		16.611 		61
v -21.8 		16.4 		61
v 26.644 		8.096 		58
v 58.177 		7.791 		61
v -19.583 		16.651 		61
v 58.148 		7.464 		61
v 26.624 		8.1377 		58
v -19.272 		14.46 		61
v 58.138 		7.08 		61
v -19.395 		14.731 		61
v -19.541 		14.958 		61
v 51.317 		7.08 		61
v -19.711 		15.14 		61
v 51.307 		7.464 		61
v -19.915 		15.273 		61
v 51.278 		7.791 		61
v -20.152 		15.353 		61
v 51.229 		8.06 		61
v -18.109 		14.76 		61
v 25.768 		6.184 		58
v 52.546 		8 		61
v 25.771 		6.38 		58
v 25.766 		6.591 		58
v 25.748 		6.771 		58
v 25.719 		6.92 		58
v 25.679 		7.053 		58
v 25.629 		7.16 		58
v 25.569 		7.24 		58
v 52.497 		7.704 		61
v 25.506 		7.311 		58
v 25.433 		7.364 		58
v 25.35 		7.4 		58
v 25.265 		7.411 		58
v 25.174 		7.418 		58
v 25.078 		7.42 		58
v 52.468 		7.351 		61
v 52.458 		6.94 		61
v 29.189 		8.236 		61
v 26.719 		5.32 		58
v -20.422 		15.38 		61
v 29.119 		8.436 		61
v 26.827 		5.704 		58
v 29.037 		8.6 		61
v -18.455 		15.62 		61
v -18.948 		16.264 		61
v 26.891 		6.138 		58
v 28.943 		8.72 		61
v -18.981 		12.604 		61
v 28.838 		8.813 		61
v -19.004 		13.031 		61
v 30.623 		8.293 		61
v -19.044 		13.44 		61
v 28.721 		8.88 		61
v -19.096 		13.82 		61
v -19.172 		14.16 		61
v 30.693 		8.487 		61
v -17.832 		12.44 		61
v -17.901 		13.7 		61
v -24.565 		15.38 		61
v 26.597 		12.16 		61
v 26.585 		11.573 		61
v 26.413 		10.293 		61
v 26.491 		10.64 		61
v 26.55 		11.067 		61
v 27.533 		10.516 		61
v 27.624 		10.92 		61
v 27.687 		11.382 		61
v 27.725 		11.889 		61
v 27.425 		10.156 		61
v 26.645 		8.909 		61
v 26.825 		9.08 		61
v 26.995 		9.298 		61
v 27.153 		9.551 		61
v 27.299 		9.84 		61
v 28.596 		8.913 		61
v 28.467 		8.933 		61
v 28.335 		8.94 		61
v 28.168 		8.94 		61
v 28.168 		10.1 		61
v 26.093 		9.569 		61
v 26.21 		9.76 		61
v 26.32 		10 		61
v 26.458 		8.769 		61
v 25.965 		9.422 		61
v 56.909 		6.94 		61
v 56.9 		7.351 		61
v 56.874 		7.704 		61
v 23.05 		-2.949 		58
v 23.05 		-2.949 		61
v 56.83 		8 		61
v 23.182 		-3.36 		58
v 23.182 		-3.36 		61
v 23.962 		-2.084 		61
v 23.962 		-2.084 		58
v 24.103 		-2.78 		61
v 24.103 		-2.78 		58
v 24.306 		-3.269 		61
v 24.306 		-3.269 		58
v 22.251 		-2.76 		61
v 22.253 		-2.856 		61
v 22.259 		-2.956 		61
v 22.269 		-3.06 		61
v 22.145 		-2.771 		61
v 22.048 		-2.804 		61
v 21.961 		-2.86 		61
v 21.884 		-2.949 		61
v 21.817 		-3.056 		61
v 22.283 		-3.164 		61
v 22.304 		-3.264 		61
v -20.797 		15.349 		61
v 22.33 		-3.36 		61
v -21.128 		15.256 		61
v 22.363 		-3.447 		61
v -21.414 		15.1 		61
v 22.404 		-3.52 		61
v -21.654 		14.889 		61
v 22.453 		-3.58 		61
v -21.859 		14.629 		61
v -22.185 		16.124 		61
v -22.522 		15.778 		61
v -22.81 		15.36 		61
v -23.05 		14.884 		61
v -23.247 		14.338 		61
v 22.511 		-3.624 		61
v -22.028 		14.32 		61
v 25.824 		9.32 		61
v -22.166 		13.964 		61
v -22.274 		13.564 		61
v 25.672 		9.253 		61
v -22.353 		13.12 		61
v 26.263 		8.66 		61
v -22.407 		12.64 		61
v 25.368 		9.2 		61
v 25.52 		9.213 		61
v -23.398 		13.72 		61
v -23.51 		13.053 		61
v -23.577 		12.333 		61
v 26.574 		8.242 		61
v 26.5 		8.38 		61
v 26.423 		8.491 		61
v 26.344 		8.584 		61
v 24.442 		15.256 		61
v 24.156 		15.1 		61
v 23.916 		14.889 		61
v 23.711 		14.629 		61
v 51.306 		0.571 		61
v 51.317 		1.22 		61
v 23.385 		16.124 		61
v 23.048 		15.778 		61
v 22.76 		15.36 		61
v 22.519 		14.884 		61
v 22.323 		14.338 		61
v 23.542 		14.32 		61
v 23.404 		13.964 		61
v 23.296 		13.564 		61
v 23.217 		13.12 		61
v 23.163 		12.64 		61
v 59.753 		-8.16 		61
v 59.869 		-8.024 		61
v 22.172 		13.72 		61
v 22.06 		13.053 		61
v 21.993 		12.333 		61
v 59.968 		-7.858 		61
v -18.973 		12.16 		61
v -18.985 		11.573 		61
v 23.131 		12.133 		61
v 23.12 		11.6 		61
v -19.157 		10.293 		61
v 23.129 		11.147 		61
v -19.079 		10.64 		61
v 23.155 		10.747 		61
v -19.02 		11.067 		61
v 23.199 		10.4 		61
v 21.97 		11.56 		61
v 21.982 		10.987 		61
v 22.017 		10.44 		61
v -18.037 		10.516 		61
v -17.946 		10.92 		61
v -17.883 		11.382 		61
v -17.845 		11.889 		61
v 23.255 		10.124 		61
v -18.145 		10.156 		61
v 21.76 		-3.18 		61
v -18.417 		9.551 		61
v -18.271 		9.84 		61
v -16.413 		8.436 		61
v -16.489 		8.6 		61
v 21.712 		-3.32 		61
v -16.581 		8.72 		61
v 21.674 		-3.473 		61
v -16.68 		8.813 		61
v 21.645 		-3.64 		61
v -16.787 		8.88 		61
v 21.621 		-3.818 		61
v -16.907 		8.913 		61
v 21.606 		-4.004 		61
v -17.033 		8.933 		61
v -17.165 		8.94 		61
v 22.253 		-2.856 		58
v 22.251 		-2.76 		58
v -17.209 		10.1 		61
v -17.209 		8.94 		61
v 22.2473 		-2.7604 		58
v -19.898 		9.253 		61
v 22.259 		-2.956 		58
v -19.746 		9.32 		61
v 22.2403 		-2.7611 		58
v -19.605 		9.422 		61
v 22.269 		-3.06 		58
v -19.477 		9.569 		61
v -19.36 		9.76 		61
v 22.2289 		-2.7623 		58
v -19.25 		10 		61
v 22.2706 		-3.072 		58
v 22.145 		-2.771 		58
v -18.575 		9.298 		61
v 22.048 		-2.804 		58
v 21.961 		-2.86 		58
v 21.884 		-2.949 		58
v 21.817 		-3.056 		58
v 21.8096 		-3.072 		58
v 22.283 		-3.164 		58
v 22.304 		-3.264 		58
v 23.328 		9.884 		61
v 23.419 		9.68 		61
v 23.52 		9.524 		61
v 23.637 		9.404 		61
v 60.052 		-7.66 		61
v 23.77 		9.32 		61
v 60.126 		-7.447 		61
v 23.922 		9.253 		61
v 60.185 		-7.207 		61
v 24.086 		9.213 		61
v 60.227 		-6.94 		61
v 24.261 		9.2 		61
v 60.26 		-6.656 		61
v 60.286 		-6.362 		61
v 22.56 		8.264 		61
v 61 		-4.88 		61
v 21.145 		8.94 		61
v 21.242 		8.94 		61
v 21.012 		8.933 		61
v 20.884 		8.913 		61
v 20.759 		8.88 		61
v 20.642 		8.813 		61
v 20.536 		8.72 		61
v 21.242 		10.1 		61
v 22.263 		8.996 		61
v 22.4 		8.6 		61
v 22.076 		9.92 		61
v 22.155 		9.436 		61
v 17.967 		8.94 		61
v 18.002 		8.94 		61
v 18.857 		8.293 		61
v 18.787 		8.487 		61
v 18.705 		8.64 		61
v 18.606 		8.747 		61
v 18.498 		8.827 		61
v 20.291 		8.236 		61
v 18.38 		8.88 		61
v 20.361 		8.436 		61
v 18.26 		8.913 		61
v 20.443 		8.6 		61
v 18.134 		8.933 		61
v 17.967 		10.1 		61
v 22.33 		-3.36 		58
v 22.363 		-3.447 		58
v 22.404 		-3.52 		58
v 22.453 		-3.58 		58
v 21.8029 		-3.0868 		58
v 22.511 		-3.624 		58
v 21.76 		-3.18 		58
v 21.7174 		-3.3042 		58
v 21.712 		-3.32 		58
v 21.674 		-3.473 		58
v 21.645 		-3.64 		58
v 21.621 		-3.818 		58
v 21.606 		-4.004 		58
v 21.6041 		-4.096 		58
v 16.397 		-1.936 		61
v 16.397 		-1.936 		58
v 16.4279 		-2.048 		58
v 18.643 		-2.04 		58
v 18.6401 		-2.048 		58
v 18.643 		-2.04 		61
v 18.75 		-1.624 		58
v 18.75 		-1.624 		61
v 18.838 		-1.151 		58
v 18.838 		-1.151 		61
v 18.906 		-0.62 		58
v 18.906 		-0.62 		61
v 18.96 		-0.042 		58
v 18.96 		-0.042 		61
v 20.144 		-2.048 		61
v 18.51 		-2.409 		58
v 18.432 		-2.5665 		58
v 18.51 		-2.409 		61
v 19.0235 		-3.2521 		58
v 19.021 		-3.32 		58
v 19.021 		-3.32 		61
v 19.015 		-3.567 		58
v 29.335 		6.94 		61
v 19.015 		-3.567 		61
v 29.326 		7.351 		61
v 19.009 		-3.827 		58
v 19.009 		-3.827 		61
v 29.296 		7.704 		61
v 19.0031 		-4.096 		58
v 29.248 		8 		61
v 30.565 		8.06 		61
v 20.144 		-4.096 		58
v 30.516 		7.791 		61
v 18.545 		-3.931 		58
v 18.545 		-3.931 		61
v 18.432 		-4.0913 		58
v 30.486 		7.464 		61
v 19.031 		-3.053 		58
v 19.031 		-3.053 		61
v 30.477 		7.08 		61
v 19.04 		-2.787 		58
v 19.04 		-2.787 		61
v 19.047 		-2.52 		58
v 19.047 		-2.52 		61
v 18.985 		-2.52 		61
v 18.985 		-2.52 		58
v 32.426 		4.12 		61
v 16.492 		-2.28 		61
v 16.492 		-2.28 		58
v 26.711 		7.94 		61
v 26.644 		8.096 		61
v 16.608 		-2.584 		61
v 16.608 		-2.584 		58
v 26.913 		6.62 		61
v 26.907 		6.878 		61
v 26.889 		7.118 		61
v 16.746 		-2.831 		61
v 26.86 		7.34 		61
v 16.746 		-2.831 		58
v 26.816 		7.558 		61
v 26.766 		7.758 		61
v 25.768 		6.184 		61
v 16.905 		-3.02 		61
v 16.905 		-3.02 		58
v 25.771 		6.38 		61
v 17.087 		-3.164 		58
v 17.087 		-3.164 		61
v 25.766 		6.591 		61
v 17.295 		-3.251 		58
v 17.295 		-3.251 		61
v 25.748 		6.771 		61
v 17.528 		-3.28 		58
v 17.528 		-3.28 		61
v 17.769 		-3.244 		58
v 25.719 		6.92 		61
v 17.769 		-3.244 		61
v 17.989 		-3.138 		58
v 25.679 		7.053 		61
v 17.989 		-3.138 		61
v 18.187 		-2.96 		58
v 25.629 		7.16 		61
v 18.187 		-2.96 		61
v 18.358 		-2.716 		58
v 25.569 		7.24 		61
v 18.358 		-2.716 		61
v 25.506 		7.311 		61
v 18.4287 		-4.096 		58
v 25.433 		7.364 		61
v 25.35 		7.4 		61
v 23.572 		-4.258 		61
v 23.651 		-4.371 		61
v 23.744 		-4.48 		61
v 23.846 		-4.584 		61
v 23.954 		-4.684 		61
v 24.068 		-4.78 		61
v 24.194 		-4.856 		61
v 25.265 		7.411 		61
v 24.326 		-4.922 		61
v 25.174 		7.418 		61
v 24.463 		-4.98 		61
v 25.078 		7.42 		61
v 23.032 		-5.1 		61
v 23.128 		-4.949 		61
v 23.216 		-4.789 		61
v 23.296 		-4.62 		61
v 23.374 		-4.451 		61
v 23.444 		-4.291 		61
v 23.506 		-4.14 		61
v 22.588 		-5.569 		61
v 22.708 		-5.48 		61
v 23.552 		-4.2222 		58
v 23.572 		-4.258 		58
v 22.822 		-5.376 		61
v 23.651 		-4.371 		58
v 22.93 		-5.249 		61
v 23.744 		-4.48 		58
v 23.846 		-4.584 		58
v 23.954 		-4.684 		58
v 24.068 		-4.78 		58
v 24.194 		-4.856 		58
v 26.719 		5.32 		61
v 26.827 		5.704 		61
v 26.891 		6.138 		61
v 24.326 		-4.922 		58
v 25.677 		5.22 		61
v 25.701 		5.36 		61
v 24.463 		-4.98 		58
v 25.718 		5.5 		61
v 23.0183 		-5.12 		58
v 23.032 		-5.1 		58
v 25.732 		5.653 		61
v 23.128 		-4.949 		58
v 25.76 		5.998 		61
v 25.745 		5.82 		61
v 23.5398 		-4.2004 		58
v 23.216 		-4.789 		58
v 23.5153 		-4.1567 		58
v 23.296 		-4.62 		58
v 23.5123 		-4.1513 		58
v 23.374 		-4.451 		58
v 23.5083 		-4.1441 		58
v 23.444 		-4.291 		58
v 25.622 		4.98 		61
v 23.506 		-4.14 		58
v 25.65 		5.093 		61
v 22.588 		-5.569 		58
v 22.528 		-5.5942 		58
v 26.096 		4.26 		61
v 26.357 		4.609 		61
v 26.564 		4.962 		61
v 22.708 		-5.48 		58
v 22.822 		-5.376 		58
v 22.93 		-5.249 		58
v 25.245 		4.74 		61
v 25.185 		4.751 		61
v 25.124 		4.758 		61
v 21.625 		-4.564 		58
v 21.607 		-4.384 		58
v 25.534 		4.68 		61
v 25.501 		4.693 		61
v 25.46 		4.707 		61
v 25.411 		4.72 		61
v 21.654 		-4.74 		58
v 21.688 		-4.907 		58
v 21.732 		-5.06 		58
v 21.786 		-5.2 		58
v 21.849 		-5.324 		58
v 21.922 		-5.431 		58
v 22.005 		-5.52 		58
v 22.104 		-5.587 		58
v 22.212 		-5.627 		58
v 22.33 		-5.64 		58
v 22.462 		-5.622 		58
v 21.607 		-4.384 		61
v 21.602 		-4.2 		58
v 21.625 		-4.564 		61
v 21.654 		-4.74 		61
v 21.688 		-4.907 		61
v 21.732 		-5.06 		61
v 16.555 		-4.918 		58
v 21.786 		-5.2 		61
v 20.1507 		-8.192 		58
v 20.144 		-7.94 		58
v 21.849 		-5.324 		61
v 16.862 		-5.024 		58
v 21.922 		-5.431 		61
v 17.195 		-5.06 		58
v 22.005 		-5.52 		61
v 22.104 		-5.587 		61
v 17.948 		-4.778 		58
v 22.212 		-5.627 		61
v 22.33 		-5.64 		61
v 19.003 		-4.1 		58
v 22.462 		-5.622 		61
v 21.242 		-9.82 		58
v 21.602 		-4.2 		61
v 20.144 		-7.94 		61
v 20.154 		-8.316 		58
v 20.183 		-8.642 		58
v 20.232 		-8.92 		58
v 20.291 		-9.153 		58
v 20.361 		-9.347 		58
v 20.443 		-9.5 		58
v 20.541 		-9.618 		58
v 20.65 		-9.704 		58
v 20.768 		-9.76 		58
v 20.888 		-9.793 		58
v 21.013 		-9.813 		58
v 21.145 		-9.82 		58
v 16.555 		-4.918 		61
v 16.185 		10.1 		58
v 16.862 		-5.024 		61
v 25.358 		4.731 		61
v 25.302 		4.738 		61
v 14.061 		10.1 		58
v 17.195 		-5.06 		61
v 25.564 		4.776 		61
v 12.38 		8.622 		58
v 25.593 		4.876 		61
v 14.061 		8.94 		58
v 12.288 		9.0028 		58
v 25.06 		4.76 		61
v 24.902 		4.76 		61
v 14.912 		8.236 		58
v 14.848 		8.436 		58
v 14.772 		8.6 		58
v 14.684 		8.72 		58
v 14.584 		8.813 		58
v 14.473 		8.88 		58
v 14.353 		8.913 		58
v 14.227 		8.933 		58
v 14.096 		8.94 		58
v 11.348 		10.273 		58
v 11.4068 		10.24 		58
v 11.082 		10.353 		58
v 10.786 		10.38 		58
v 10.691 		10.376 		58
v 10.591 		10.362 		58
v 10.488 		10.34 		58
v 10.38 		10.311 		58
v 10.277 		10.278 		58
v 10.181 		10.24 		58
v 11.164 		8.34 		58
v 10.975 		8.707 		58
v 10.75 		8.927 		58
v 10.488 		9 		58
v 10.345 		8.996 		58
v 12.272 		9.069 		58
v 12.138 		9.44 		58
v 11.983 		9.74 		58
v 11.799 		9.973 		58
v 11.585 		10.14 		58
v 10.084 		10.209 		58
v 17.948 		-4.778 		61
v 19.003 		-4.1 		61
v 21.242 		-9.82 		61
v 20.154 		-8.316 		61
v 20.183 		-8.642 		61
v 20.232 		-8.92 		61
v 20.291 		-9.153 		61
v 20.361 		-9.347 		61
v 20.443 		-9.5 		61
v 20.541 		-9.618 		61
v 20.65 		-9.704 		61
v 20.768 		-9.76 		61
v 20.888 		-9.793 		61
v 21.013 		-9.813 		61
v 21.145 		-9.82 		61
v 16.185 		10.1 		61
v 14.061 		10.1 		61
v 12.38 		8.622 		61
v 14.061 		8.94 		61
v 14.912 		8.236 		61
v 14.848 		8.436 		61
v 14.772 		8.6 		61
v 14.684 		8.72 		61
v 14.584 		8.813 		61
v 14.473 		8.88 		61
v 14.353 		8.913 		61
v 14.227 		8.933 		61
v 14.096 		8.94 		61
v 11.348 		10.273 		61
v 11.082 		10.353 		61
v 10.786 		10.38 		61
v 10.691 		10.376 		61
v 10.591 		10.362 		61
v 10.488 		10.34 		61
v 10.38 		10.311 		61
v 10.277 		10.278 		61
v 10.181 		10.24 		61
v 10.75 		8.927 		61
v 10.488 		9 		61
v 10.345 		8.996 		61
v 11.164 		8.34 		61
v 10.975 		8.707 		61
v 12.272 		9.069 		61
v 12.138 		9.44 		61
v 11.983 		9.74 		61
v 11.799 		9.973 		61
v 11.585 		10.14 		61
v 10.084 		10.209 		61
v 9.993 		10.169 		61
v 9.831 		10.078 		61
v 9.908 		10.12 		61
v 9.764 		10.031 		61
v 9.706 		9.98 		61
v 9.706 		8.82 		61
v 10.211 		8.982 		61
v 10.084 		8.96 		61
v 9.96 		8.918 		61
v 9.834 		8.871 		61
v 7.6 		8.94 		61
v 7.319 		8.94 		61
v 7.187 		8.933 		61
v 7.061 		8.913 		61
v 6.941 		8.88 		61
v 6.823 		8.827 		61
v 6.715 		8.747 		61
v 6.616 		8.64 		61
v 7.6 		10.1 		61
v 6.534 		8.487 		61
v 6.464 		8.293 		61
v 4.951 		8.236 		61
v 4.881 		8.436 		61
v 4.799 		8.6 		61
v 4.701 		8.72 		61
v 4.592 		8.813 		61
v 4.474 		8.88 		61
v 4.35 		8.913 		61
v 4.221 		8.933 		61
v 1.735 		10.1 		61
v 3.807 		10.1 		61
v 1.735 		8.94 		61
v 1.639 		8.94 		61
v 1.506 		8.933 		61
v 1.378 		8.913 		61
v 1.253 		8.88 		61
v 1.136 		8.813 		61
v 1.03 		8.72 		61
v 0.937 		8.6 		61
v 0.855 		8.436 		61
v 0.784 		8.236 		61
v 3.807 		8.94 		61
v 4.088 		8.94 		61
v 11.418 		6.24 		61
v 11.39 		7.104 		61
v 11.305 		7.804 		61
# 3632 vertices

g group_0_40919

usemtl color_40919
s 0

f 2 	3 	1
f 3 	4 	1
f 4 	8 	1
f 5 	6 	1
f 7 	8 	4
f 5 	1 	8
f 25 	28 	8
f 9 	10 	5
f 10 	11 	5
f 11 	6 	5
f 60 	13 	12
f 14 	13 	60
f 66 	17 	16
f 12 	20 	57
f 9 	21 	10
f 18 	17 	66
f 15 	10 	21
f 75 	19 	18
f 75 	20 	19
f 22 	23 	24
f 26 	28 	25
f 9 	8 	28
f 8 	29 	30
f 8 	30 	25
f 5 	8 	9
f 34 	35 	22
f 35 	37 	22
f 37 	40 	22
f 40 	41 	22
f 26 	22 	41
f 41 	43 	26
f 43 	44 	26
f 44 	45 	26
f 45 	28 	26
f 22 	26 	29
f 29 	8 	22
f 24 	34 	22
f 49 	50 	2
f 51 	52 	3
f 51 	3 	50
f 3 	2 	50
f 3 	52 	55
f 52 	49 	55
f 23 	56 	55
f 57 	58 	12
f 22 	8 	59
f 7 	59 	8
f 56 	23 	59
f 23 	22 	59
f 12 	58 	60
f 61 	14 	60
f 3 	55 	4
f 62 	4 	55
f 25 	50 	49
f 25 	49 	26
f 61 	32 	14
f 33 	3222 	32
f 29 	52 	51
f 29 	51 	30
f 50 	25 	30
f 50 	30 	51
f 263 	63 	16
f 52 	29 	26
f 52 	26 	49
f 59 	7 	4
f 62 	59 	4
f 59 	62 	55
f 59 	55 	56
f 16 	64 	66
f 69 	34 	67
f 65 	57 	20
f 34 	69 	35
f 70 	18 	66
f 40 	71 	72
f 40 	72 	41
f 73 	68 	20
f 68 	65 	20
f 18 	70 	75
f 43 	74 	76
f 43 	76 	44
f 77 	78 	24
f 77 	24 	23
f 79 	73 	20
f 2 	80 	49
f 55 	49 	80
f 75 	79 	20
f 77 	23 	80
f 81 	77 	80
f 55 	80 	23
f 6 	11 	82
f 81 	82 	77
f 78 	77 	82
f 78 	82 	11
f 83 	155 	27
f 80 	2 	84
f 1 	84 	2
f 6 	82 	1
f 84 	1 	82
f 85 	83 	27
f 85 	27 	31
f 84 	82 	80
f 81 	80 	82
f 39 	85 	31
f 1099 	88 	107
f 24 	88 	1130
f 86 	89 	90
f 86 	90 	87
f 89 	91 	92
f 89 	92 	90
f 91 	96 	92
f 11 	93 	94
f 94 	1121 	11
f 11 	95 	1055
f 11 	1055 	97
f 98 	11 	1910
f 1908 	78 	98
f 78 	11 	98
f 3138 	99 	100
f 1380 	1385 	78
f 100 	99 	101
f 100 	101 	102
f 102 	101 	103
f 102 	103 	104
f 104 	103 	105
f 104 	105 	106
f 106 	105 	112
f 106 	112 	114
f 113 	115 	111
f 115 	116 	111
f 116 	117 	111
f 110 	111 	117
f 117 	118 	110
f 109 	110 	118
f 108 	109 	118
f 118 	119 	108
f 107 	108 	119
f 114 	112 	120
f 78 	131 	24
f 96 	121 	123
f 96 	123 	92
f 123 	121 	122
f 122 	124 	123
f 125 	126 	124
f 123 	124 	126
f 125 	127 	126
f 107 	24 	131
f 126 	127 	128
f 129 	130 	128
f 126 	128 	130
f 129 	132 	133
f 129 	133 	130
f 132 	134 	135
f 132 	135 	133
f 181 	145 	78
f 134 	136 	135
f 131 	78 	145
f 138 	120 	137
f 112 	137 	120
f 138 	137 	139
f 138 	139 	140
f 140 	139 	141
f 140 	141 	142
f 142 	141 	143
f 142 	143 	144
f 144 	143 	146
f 144 	146 	147
f 148 	147 	146
f 148 	146 	150
f 145 	170 	149
f 170 	193 	149
f 151 	148 	150
f 151 	150 	152
f 153 	151 	152
f 153 	152 	154
f 155 	153 	154
f 155 	154 	157
f 160 	161 	159
f 161 	162 	159
f 162 	163 	159
f 163 	164 	159
f 164 	165 	159
f 165 	166 	159
f 158 	159 	166
f 149 	158 	166
f 155 	157 	27
f 167 	168 	169
f 158 	149 	193
f 171 	202 	170
f 172 	201 	171
f 173 	201 	172
f 168 	167 	174
f 168 	174 	175
f 175 	174 	176
f 175 	176 	177
f 177 	176 	178
f 177 	178 	179
f 179 	178 	180
f 145 	181 	170
f 182 	183 	184
f 183 	185 	186
f 183 	186 	184
f 185 	187 	188
f 185 	188 	186
f 187 	189 	190
f 187 	190 	188
f 189 	191 	192
f 189 	192 	190
f 191 	194 	195
f 191 	195 	192
f 196 	201 	173
f 197 	201 	196
f 198 	201 	197
f 199 	201 	198
f 200 	201 	199
f 202 	171 	201
f 193 	170 	202
f 204 	180 	203
f 178 	203 	180
f 204 	203 	206
f 204 	206 	208
f 208 	206 	210
f 208 	210 	211
f 205 	97 	212
f 211 	210 	213
f 211 	213 	214
f 222 	217 	245
f 212 	97 	215
f 214 	213 	216
f 215 	261 	217
f 219 	195 	218
f 194 	218 	195
f 218 	220 	221
f 218 	221 	219
f 220 	223 	224
f 220 	224 	221
f 223 	225 	226
f 223 	226 	224
f 228 	229 	3528
f 230 	3528 	229
f 230 	231 	304
f 222 	307 	231
f 225 	232 	226
f 234 	216 	233
f 213 	233 	216
f 234 	233 	235
f 234 	235 	236
f 236 	235 	237
f 236 	237 	238
f 3538 	97 	209
f 238 	237 	239
f 238 	239 	240
f 232 	241 	242
f 232 	242 	226
f 241 	244 	246
f 241 	246 	242
f 244 	253 	255
f 244 	255 	246
f 331 	305 	330
f 330 	305 	243
f 243 	245 	247
f 248 	257 	247
f 249 	257 	248
f 250 	256 	249
f 251 	256 	250
f 252 	256 	251
f 254 	256 	252
f 256 	257 	249
f 243 	247 	257
f 2236 	255 	253
f 258 	322 	259
f 326 	260 	259
f 262 	260 	326
f 64 	16 	63
f 265 	267 	345
f 270 	271 	269
f 271 	272 	269
f 272 	273 	269
f 273 	274 	269
f 274 	275 	269
f 275 	276 	269
f 276 	300 	269
f 268 	269 	339
f 345 	267 	277
f 278 	279 	97
f 97 	279 	261
f 281 	612 	358
f 285 	294 	284
f 286 	292 	285
f 287 	292 	286
f 288 	292 	287
f 289 	292 	288
f 290 	292 	289
f 291 	292 	290
f 292 	294 	285
f 282 	284 	294
f 364 	295 	293
f 366 	296 	295
f 366 	295 	364
f 278 	284 	279
f 283 	279 	284
f 373 	298 	299
f 301 	373 	299
f 337 	338 	283
f 338 	339 	283
f 284 	337 	283
f 3528 	230 	304
f 245 	243 	305
f 222 	245 	305
f 305 	306 	222
f 306 	307 	222
f 304 	231 	307
f 388 	303 	308
f 264 	335 	308
f 312 	317 	311
f 313 	317 	312
f 314 	317 	313
f 309 	317 	314
f 258 	296 	316
f 296 	366 	315
f 310 	311 	317
f 318 	258 	316
f 315 	316 	296
f 317 	3505 	319
f 258 	318 	321
f 325 	259 	322
f 321 	322 	258
f 324 	2109 	323
f 325 	326 	259
f 311 	310 	327
f 262 	326 	328
f 328 	329 	263
f 328 	263 	262
f 329 	63 	263
f 332 	305 	331
f 333 	305 	332
f 333 	368 	305
f 334 	335 	264
f 336 	334 	264
f 336 	264 	265
f 282 	337 	284
f 339 	269 	283
f 300 	283 	269
f 266 	268 	339
f 340 	341 	339
f 341 	342 	339
f 342 	343 	339
f 343 	344 	339
f 266 	339 	344
f 336 	265 	345
f 3294 	3296 	349
f 349 	350 	3294
f 3292 	3294 	350
f 346 	3292 	350
f 277 	351 	345
f 351 	277 	280
f 351 	280 	353
f 327 	355 	354
f 310 	355 	327
f 352 	357 	355
f 281 	356 	280
f 353 	280 	356
f 354 	355 	357
f 358 	356 	281
f 357 	352 	359
f 359 	352 	360
f 396 	361 	293
f 293 	362 	364
f 369 	305 	368
f 333 	395 	368
f 370 	371 	297
f 372 	370 	297
f 372 	297 	298
f 298 	373 	372
f 375 	373 	301
f 365 	376 	367
f 367 	376 	374
f 360 	352 	363
f 363 	376 	365
f 352 	376 	363
f 377 	378 	41
f 378 	379 	41
f 380 	41 	379
f 382 	41 	381
f 383 	41 	382
f 384 	41 	383
f 385 	41 	384
f 400 	41 	385
f 414 	41 	400
f 301 	302 	375
f 386 	375 	302
f 376 	377 	41
f 387 	386 	302
f 387 	302 	303
f 303 	388 	387
f 374 	376 	389
f 41 	390 	376
f 388 	308 	335
f 368 	392 	393
f 392 	368 	395
f 362 	293 	361
f 392 	418 	393
f 395 	455 	398
f 407 	455 	406
f 408 	455 	407
f 408 	409 	455
f 409 	410 	455
f 397 	455 	410
f 398 	455 	397
f 474 	412 	413
f 415 	41 	414
f 411 	41 	416
f 484 	473 	417
f 472 	43 	469
f 412 	484 	417
f 399 	393 	419
f 419 	393 	418
f 419 	418 	420
f 41 	420 	418
f 297 	371 	413
f 416 	41 	415
f 380 	381 	41
f 395 	333 	455
f 340 	431 	341
f 490 	421 	491
f 406 	455 	405
f 456 	427 	455
f 405 	455 	404
f 426 	456 	425
f 427 	456 	426
f 404 	455 	427
f 514 	429 	430
f 401 	468 	430
f 431 	432 	461
f 461 	432 	433
f 461 	433 	434
f 461 	434 	435
f 461 	435 	436
f 461 	436 	437
f 461 	437 	438
f 461 	438 	439
f 461 	439 	440
f 461 	440 	441
f 461 	441 	442
f 443 	527 	445
f 461 	341 	431
f 527 	446 	445
f 431 	340 	451
f 543 	449 	450
f 340 	454 	451
f 469 	451 	454
f 448 	543 	450
f 424 	425 	456
f 424 	456 	457
f 424 	457 	459
f 458 	460 	391
f 460 	462 	394
f 460 	394 	391
f 462 	463 	396
f 462 	396 	394
f 464 	465 	442
f 461 	442 	466
f 466 	442 	465
f 463 	361 	396
f 454 	476 	469
f 467 	468 	401
f 470 	467 	401
f 470 	401 	402
f 418 	469 	43
f 41 	418 	43
f 402 	403 	470
f 471 	470 	403
f 473 	471 	403
f 412 	474 	475
f 477 	469 	476
f 477 	478 	469
f 478 	479 	469
f 472 	469 	479
f 480 	487 	479
f 481 	486 	480
f 482 	485 	481
f 483 	485 	482
f 486 	481 	485
f 487 	480 	486
f 488 	479 	487
f 472 	479 	488
f 403 	417 	473
f 475 	484 	412
f 474 	413 	371
f 503 	502 	489
f 423 	491 	421
f 421 	490 	422
f 496 	422 	490
f 494 	633 	493
f 495 	633 	494
f 497 	633 	495
f 499 	500 	633
f 493 	633 	492
f 501 	633 	500
f 492 	633 	501
f 503 	278 	97
f 496 	458 	422
f 391 	422 	458
f 633 	489 	502
f 423 	644 	505
f 503 	97 	502
f 507 	508 	97
f 491 	423 	506
f 502 	97 	508
f 453 	428 	510
f 508 	507 	511
f 507 	512 	511
f 513 	509 	428
f 513 	428 	429
f 429 	514 	513
f 514 	430 	468
f 511 	512 	516
f 517 	524 	516
f 518 	522 	517
f 519 	522 	518
f 520 	522 	519
f 521 	522 	520
f 523 	517 	522
f 524 	517 	523
f 511 	516 	524
f 506 	423 	505
f 443 	444 	526
f 525 	526 	444
f 526 	527 	443
f 530 	537 	529
f 512 	529 	528
f 531 	537 	530
f 528 	516 	512
f 532 	536 	531
f 533 	536 	532
f 534 	536 	533
f 535 	536 	534
f 536 	537 	531
f 528 	529 	537
f 446 	527 	538
f 1071 	1073 	97
f 97 	1102 	540
f 540 	541 	97
f 538 	539 	447
f 538 	447 	446
f 541 	507 	97
f 448 	447 	542
f 539 	542 	447
f 548 	563 	569
f 449 	543 	545
f 540 	546 	541
f 544 	541 	546
f 545 	549 	452
f 545 	452 	449
f 549 	550 	452
f 560 	544 	553
f 554 	558 	553
f 555 	558 	554
f 556 	558 	555
f 557 	558 	556
f 559 	553 	558
f 560 	553 	559
f 562 	553 	544
f 546 	562 	544
f 542 	543 	448
f 444 	453 	525
f 561 	525 	453
f 510 	561 	453
f 509 	510 	428
f 564 	569 	563
f 548 	570 	547
f 547 	570 	546
f 565 	569 	564
f 566 	569 	565
f 567 	569 	566
f 568 	569 	567
f 570 	548 	569
f 562 	546 	570
f 571 	572 	573
f 572 	574 	575
f 572 	575 	573
f 574 	576 	577
f 574 	577 	575
f 576 	579 	580
f 576 	580 	577
f 579 	581 	580
f 136 	582 	583
f 136 	583 	135
f 683 	584 	585
f 683 	585 	586
f 683 	586 	587
f 683 	587 	588
f 683 	588 	589
f 683 	589 	590
f 683 	590 	591
f 683 	591 	592
f 683 	592 	595
f 683 	595 	578
f 452 	550 	594
f 593 	594 	550
f 593 	596 	597
f 593 	597 	594
f 573 	597 	571
f 596 	571 	597
f 582 	601 	602
f 582 	602 	583
f 604 	540 	1102
f 605 	606 	602
f 605 	602 	601
f 604 	603 	578
f 683 	578 	603
f 607 	608 	606
f 607 	606 	605
f 604 	1102 	603
f 609 	610 	608
f 609 	608 	607
f 612 	614 	358
f 498 	499 	633
f 613 	498 	633
f 497 	489 	633
f 611 	613 	633
f 615 	616 	633
f 611 	633 	616
f 614 	612 	610
f 614 	610 	609
f 617 	618 	619
f 620 	621 	618
f 620 	618 	617
f 626 	632 	621
f 626 	621 	620
f 622 	623 	630
f 629 	630 	623
f 516 	528 	515
f 624 	625 	628
f 627 	628 	625
f 628 	629 	624
f 623 	624 	629
f 528 	622 	630
f 515 	528 	630
f 631 	632 	626
f 634 	635 	632
f 634 	632 	631
f 636 	637 	633
f 615 	633 	637
f 638 	639 	635
f 638 	635 	634
f 754 	640 	625
f 627 	625 	640
f 641 	642 	639
f 641 	639 	638
f 643 	644 	642
f 643 	642 	641
f 645 	646 	683
f 662 	683 	646
f 643 	504 	644
f 504 	505 	644
f 647 	648 	649
f 653 	647 	649
f 653 	649 	655
f 553 	562 	552
f 650 	551 	562
f 651 	658 	650
f 552 	562 	551
f 656 	657 	652
f 654 	656 	652
f 657 	658 	652
f 651 	652 	658
f 659 	650 	658
f 551 	650 	659
f 653 	655 	660
f 653 	660 	661
f 682 	645 	683
f 662 	663 	683
f 584 	683 	663
f 661 	660 	664
f 665 	666 	667
f 322 	321 	672
f 599 	325 	672
f 671 	673 	666
f 671 	666 	665
f 674 	675 	673
f 674 	673 	671
f 679 	681 	675
f 679 	675 	674
f 676 	677 	678
f 680 	683 	678
f 682 	683 	680
f 676 	678 	683
f 684 	685 	681
f 684 	681 	679
f 684 	619 	685
f 618 	685 	619
f 687 	688 	689
f 687 	689 	690
f 910 	656 	654
f 691 	687 	690
f 691 	690 	692
f 648 	691 	692
f 648 	692 	649
f 581 	693 	694
f 581 	694 	580
f 693 	700 	701
f 693 	701 	694
f 695 	707 	633
f 696 	706 	695
f 697 	706 	696
f 703 	704 	698
f 699 	702 	698
f 703 	698 	702
f 698 	705 	697
f 705 	698 	704
f 706 	697 	705
f 707 	695 	706
f 636 	633 	707
f 700 	708 	709
f 700 	709 	701
f 708 	710 	711
f 708 	711 	709
f 710 	716 	711
f 713 	717 	712
f 699 	739 	702
f 714 	715 	713
f 717 	713 	715
f 718 	712 	717
f 718 	719 	741
f 702 	739 	719
f 735 	720 	722
f 723 	664 	721
f 660 	721 	664
f 722 	720 	724
f 723 	721 	725
f 723 	725 	726
f 724 	720 	727
f 726 	725 	728
f 726 	728 	729
f 729 	728 	731
f 729 	731 	733
f 735 	736 	720
f 734 	720 	736
f 732 	734 	736
f 733 	731 	737
f 733 	737 	738
f 738 	737 	740
f 738 	740 	743
f 745 	718 	744
f 742 	744 	718
f 741 	742 	718
f 741 	719 	739
f 746 	718 	745
f 712 	718 	746
f 743 	740 	747
f 743 	747 	748
f 767 	772 	749
f 748 	747 	751
f 748 	751 	752
f 752 	751 	753
f 716 	756 	757
f 716 	757 	711
f 784 	786 	764
f 755 	764 	754
f 640 	754 	758
f 758 	754 	760
f 756 	759 	761
f 756 	761 	757
f 759 	762 	763
f 759 	763 	761
f 760 	754 	764
f 762 	765 	766
f 762 	766 	763
f 755 	784 	764
f 769 	753 	768
f 751 	768 	753
f 769 	768 	770
f 769 	770 	771
f 771 	770 	773
f 771 	773 	774
f 774 	773 	775
f 774 	775 	776
f 776 	775 	779
f 785 	787 	789
f 785 	789 	791
f 767 	764 	772
f 772 	764 	783
f 790 	792 	764
f 788 	790 	764
f 786 	788 	764
f 792 	793 	764
f 783 	764 	782
f 782 	764 	781
f 781 	764 	780
f 780 	764 	778
f 778 	764 	777
f 777 	764 	793
f 787 	794 	795
f 787 	795 	789
f 750 	814 	796
f 794 	797 	798
f 794 	798 	795
f 799 	820 	802
f 800 	801 	803
f 802 	815 	805
f 804 	800 	803
f 804 	803 	806
f 805 	856 	807
f 797 	804 	806
f 797 	806 	798
f 807 	44 	808
f 808 	44 	809
f 809 	810 	720
f 810 	730 	720
f 44 	810 	809
f 727 	720 	730
f 853 	813 	812
f 811 	812 	813
f 823 	785 	791
f 818 	802 	820
f 816 	817 	812
f 816 	812 	811
f 858 	805 	815
f 815 	802 	818
f 819 	821 	817
f 819 	817 	816
f 820 	799 	822
f 823 	824 	785
f 822 	814 	825
f 824 	823 	821
f 824 	821 	819
f 825 	814 	826
f 826 	814 	827
f 801 	828 	829
f 801 	829 	803
f 833 	1004 	838
f 814 	1004 	827
f 828 	831 	832
f 828 	832 	829
f 830 	827 	1004
f 834 	835 	836
f 834 	836 	837
f 835 	839 	836
f 1004 	1005 	838
f 831 	834 	837
f 831 	837 	832
f 842 	843 	844
f 839 	842 	844
f 839 	844 	836
f 772 	814 	749
f 814 	822 	799
f 749 	814 	750
f 847 	848 	849
f 847 	849 	850
f 848 	847 	851
f 796 	814 	799
f 848 	851 	853
f 852 	853 	851
f 853 	852 	813
f 807 	856 	44
f 44 	854 	855
f 44 	855 	866
f 865 	44 	866
f 858 	856 	805
f 854 	44 	856
f 843 	857 	859
f 843 	859 	844
f 857 	860 	861
f 857 	861 	859
f 860 	862 	861
f 905 	44 	863
f 865 	864 	44
f 863 	44 	864
f 867 	868 	869
f 871 	28 	870
f 872 	873 	868
f 872 	868 	867
f 870 	28 	874
f 875 	876 	873
f 875 	873 	872
f 874 	28 	877
f 878 	879 	876
f 878 	876 	875
f 877 	28 	880
f 881 	882 	879
f 881 	879 	878
f 28 	45 	883
f 28 	883 	880
f 884 	885 	882
f 884 	882 	881
f 886 	887 	885
f 886 	885 	884
f 889 	888 	44
f 45 	44 	888
f 886 	667 	887
f 666 	887 	667
f 889 	44 	892
f 688 	890 	891
f 688 	891 	689
f 892 	44 	894
f 894 	44 	897
f 896 	893 	895
f 896 	895 	898
f 903 	44 	905
f 897 	44 	900
f 899 	896 	898
f 899 	898 	901
f 900 	44 	903
f 902 	899 	901
f 902 	901 	904
f 891 	890 	902
f 891 	902 	904
f 765 	906 	907
f 765 	907 	766
f 906 	908 	909
f 906 	909 	907
f 911 	914 	910
f 946 	914 	911
f 908 	912 	913
f 908 	913 	909
f 1005 	1004 	914
f 912 	915 	913
f 1003 	913 	915
f 931 	932 	914
f 932 	933 	914
f 656 	910 	914
f 919 	779 	918
f 775 	918 	779
f 919 	918 	922
f 919 	922 	923
f 921 	987 	924
f 924 	925 	921
f 920 	921 	925
f 923 	922 	926
f 927 	928 	929
f 930 	927 	929
f 917 	914 	933
f 916 	917 	933
f 916 	933 	934
f 935 	939 	934
f 936 	939 	935
f 937 	939 	936
f 938 	939 	937
f 941 	934 	939
f 916 	934 	941
f 929 	945 	930
f 944 	930 	945
f 931 	914 	947
f 946 	947 	914
f 942 	948 	943
f 944 	945 	948
f 943 	948 	945
f 950 	926 	949
f 922 	949 	926
f 950 	949 	956
f 950 	956 	957
f 677 	676 	951
f 952 	961 	951
f 953 	960 	952
f 954 	959 	953
f 955 	958 	954
f 958 	959 	954
f 960 	953 	959
f 961 	952 	960
f 677 	951 	961
f 957 	956 	962
f 957 	962 	963
f 963 	962 	964
f 963 	964 	965
f 967 	965 	964
f 967 	964 	968
f 969 	884 	970
f 966 	886 	969
f 968 	895 	967
f 893 	967 	895
f 975 	976 	988
f 955 	988 	976
f 958 	955 	976
f 988 	989 	975
f 978 	979 	974
f 989 	990 	975
f 979 	980 	974
f 973 	974 	980
f 973 	980 	982
f 983 	1002 	984
f 1002 	924 	987
f 984 	1002 	986
f 986 	1002 	987
f 974 	975 	990
f 990 	991 	974
f 991 	977 	974
f 977 	978 	974
f 970 	881 	993
f 995 	878 	997
f 996 	1430 	998
f 997 	872 	999
f 1430 	1000 	998
f 1029 	1002 	1031
f 1032 	1031 	1002
f 1011 	1009 	1002
f 845 	1005 	846
f 1003 	940 	943
f 656 	914 	1004
f 845 	841 	1005
f 841 	840 	1005
f 840 	838 	1005
f 833 	830 	1004
f 1002 	846 	1005
f 846 	1002 	1008
f 1008 	1002 	1009
f 1010 	1012 	1448
f 872 	867 	999
f 1001 	867 	1013
f 867 	869 	1013
f 1448 	1012 	1015
f 1026 	1024 	1041
f 869 	1542 	1013
f 1015 	1017 	1456
f 1014 	1013 	1542
f 1018 	1016 	28
f 1020 	1456 	1017
f 1019 	28 	1021
f 1021 	1046 	1022
f 1046 	1044 	1022
f 1465 	1023 	1025
f 1044 	1043 	1022
f 1024 	1022 	1043
f 1028 	1465 	1025
f 1043 	1041 	1024
f 1469 	1030 	1033
f 1002 	983 	1034
f 1002 	1034 	1032
f 1035 	1469 	1033
f 929 	928 	1035
f 1011 	1002 	1036
f 1046 	28 	1048
f 1036 	1002 	1038
f 1038 	1002 	1040
f 2532 	1039 	1485
f 1040 	1002 	1041
f 1002 	1029 	1041
f 1029 	1027 	1041
f 1027 	1026 	1041
f 1496 	1045 	1047
f 1050 	1496 	1047
f 1048 	28 	1049
f 1052 	28 	871
f 1049 	28 	1051
f 1051 	28 	1052
f 1480 	1037 	1860
f 1054 	97 	1055
f 1053 	1512 	1056
f 95 	11 	1057
f 1512 	1058 	1056
f 93 	11 	1059
f 1059 	11 	1061
f 1061 	11 	1063
f 1063 	11 	1064
f 1065 	11 	182
f 1064 	11 	1065
f 1057 	11 	1067
f 1067 	11 	1068
f 1068 	11 	1069
f 1070 	1071 	97
f 97 	1081 	1083
f 97 	1083 	1084
f 97 	1084 	1070
f 1076 	1077 	1710
f 1077 	1078 	1710
f 1079 	1710 	1078
f 1080 	1710 	1079
f 1082 	1710 	1080
f 1085 	1710 	1082
f 1066 	1710 	1085
f 97 	1054 	1086
f 97 	1086 	1081
f 1088 	1135 	1091
f 1092 	1100 	1091
f 1094 	1098 	1092
f 1096 	1098 	1094
f 1100 	1092 	1098
f 1088 	1091 	1100
f 119 	1093 	107
f 1093 	1095 	107
f 1095 	1097 	107
f 1097 	1099 	107
f 1102 	97 	1073
f 1166 	603 	1101
f 1101 	603 	1102
f 1075 	1710 	1074
f 1104 	1105 	1710
f 1106 	1710 	1105
f 1072 	1710 	1106
f 1090 	1133 	1089
f 1110 	1111 	1134
f 1111 	1112 	1134
f 1112 	1089 	1134
f 1133 	1134 	1089
f 169 	168 	1139
f 1113 	1127 	94
f 1069 	11 	1121
f 1119 	1120 	1115
f 158 	193 	156
f 1115 	1116 	1119
f 1118 	1119 	1116
f 1117 	1118 	1116
f 1114 	1115 	1120
f 193 	1114 	1120
f 1120 	1122 	193
f 156 	193 	1122
f 169 	1139 	1113
f 1123 	94 	1127
f 1121 	94 	1123
f 1126 	1103 	1710
f 1103 	1104 	1710
f 1127 	1113 	1128
f 1132 	88 	1099
f 24 	107 	88
f 1134 	1154 	1110
f 1090 	1091 	1135
f 1135 	1136 	1090
f 1136 	1137 	1090
f 1138 	1090 	1137
f 1133 	1090 	1138
f 1139 	179 	1145
f 1129 	1113 	1131
f 1131 	1113 	1139
f 1128 	1113 	1129
f 177 	179 	1139
f 180 	204 	1145
f 1099 	1140 	1141
f 1099 	1141 	1142
f 1099 	1142 	1143
f 1099 	1143 	1144
f 1099 	1144 	1146
f 1099 	1146 	1147
f 1099 	1147 	1148
f 1099 	1148 	1149
f 1099 	1149 	1150
f 1099 	1150 	1151
f 1132 	1099 	1151
f 1145 	211 	1152
f 24 	1130 	1153
f 1323 	34 	1153
f 1154 	1155 	1110
f 1155 	1156 	1110
f 1156 	1158 	1109
f 1109 	1110 	1156
f 1108 	1109 	1158
f 1158 	1160 	1108
f 100 	1107 	1160
f 1157 	1159 	1099
f 1159 	1161 	1099
f 1161 	1162 	1099
f 1140 	1099 	1162
f 1163 	1183 	1164
f 1164 	1183 	1165
f 1165 	603 	1166
f 1169 	1170 	1781
f 1780 	1781 	1170
f 1779 	1780 	1170
f 1171 	1779 	1170
f 1172 	1778 	1171
f 1124 	1711 	1172
f 85 	54 	83
f 1174 	106 	1173
f 1108 	1160 	1107
f 1175 	104 	1174
f 1176 	102 	1175
f 1177 	100 	1176
f 1107 	100 	1177
f 1178 	1183 	1163
f 1180 	1183 	1178
f 603 	1165 	1183
f 1181 	1186 	1179
f 1185 	1186 	1182
f 1184 	1185 	1182
f 1181 	1182 	1186
f 1187 	1179 	1213
f 1186 	1213 	1179
f 1183 	1180 	1188
f 1191 	1189 	1188
f 36 	33 	1188
f 1189 	36 	1188
f 1190 	1213 	1192
f 1191 	1188 	1180
f 1197 	1198 	1194
f 1195 	1196 	1194
f 1196 	1197 	1194
f 1198 	1199 	1194
f 1199 	1200 	1194
f 1200 	1201 	1194
f 598 	1194 	1201
f 1201 	1188 	598
f 63 	329 	1188
f 329 	328 	1188
f 33 	32 	1188
f 1204 	1205 	1203
f 1205 	1206 	1203
f 1206 	1207 	1203
f 1207 	1208 	1203
f 1208 	1209 	1203
f 1202 	1203 	1209
f 1781 	1782 	1167
f 1167 	1168 	1781
f 1168 	1169 	1781
f 1190 	1187 	1213
f 1212 	1193 	1213
f 1132 	1151 	1214
f 1132 	1214 	1215
f 1062 	1526 	1217
f 1173 	106 	54
f 54 	39 	38
f 54 	38 	42
f 54 	42 	46
f 54 	46 	47
f 54 	47 	48
f 54 	48 	53
f 1381 	1226 	1220
f 1219 	1220 	1226
f 1381 	1277 	1226
f 317 	1222 	1223
f 317 	1223 	310
f 319 	1224 	1222
f 319 	1222 	317
f 320 	1225 	1224
f 320 	1224 	319
f 3164 	1226 	3165
f 1226 	3164 	1221
f 1221 	1219 	1226
f 3556 	1225 	320
f 312 	311 	1228
f 312 	1228 	1230
f 1227 	1241 	1229
f 1231 	1229 	1235
f 1233 	1231 	1235
f 1234 	1233 	1235
f 1265 	1235 	1239
f 1240 	1265 	1239
f 1241 	1238 	1235
f 1238 	1237 	1235
f 1237 	1236 	1235
f 1235 	1229 	1241
f 2472 	2474 	1244
f 1248 	1252 	1249
f 1250 	1249 	1252
f 1252 	1242 	1250
f 1251 	1250 	1242
f 1242 	1241 	1227
f 1251 	1242 	1227
f 1255 	1254 	1260
f 1253 	1260 	1254
f 1256 	1255 	1260
f 1260 	1288 	1256
f 1257 	1256 	1288
f 1259 	1258 	1288
f 1258 	1257 	1288
f 1262 	1261 	1288
f 1261 	1259 	1288
f 1263 	1262 	1288
f 1264 	1263 	1288
f 1335 	1265 	69
f 1240 	1270 	1265
f 1236 	1239 	1235
f 1248 	1247 	1252
f 1274 	1252 	1247
f 1247 	1246 	1274
f 1246 	1245 	1273
f 1273 	1274 	1246
f 1269 	3413 	1271
f 1281 	1280 	1288
f 1280 	1279 	1288
f 1279 	1264 	1288
f 67 	1287 	1284
f 1284 	1282 	67
f 1286 	1289 	3435
f 1288 	1226 	1277
f 1277 	1281 	1288
f 1289 	1290 	3435
f 1118 	1294 	1295
f 1118 	1295 	1296
f 1118 	1296 	1297
f 1118 	1297 	1298
f 1118 	1298 	1299
f 1118 	1299 	1300
f 1118 	1300 	1301
f 1118 	1301 	1302
f 1118 	1302 	1303
f 1118 	1303 	1304
f 1118 	1304 	1305
f 1305 	1319 	1118
f 1118 	1117 	1294
f 1307 	1294 	1117
f 1117 	1315 	1307
f 1309 	1315 	1310
f 1312 	35 	1313
f 1314 	1311 	1315
f 1313 	35 	1316
f 1308 	1315 	1309
f 1980 	3504 	1292
f 1316 	35 	1317
f 1308 	1307 	1315
f 1192 	1213 	1193
f 1317 	1318 	1212
f 1193 	1212 	1318
f 35 	1318 	1317
f 1319 	1320 	1118
f 1321 	1118 	1320
f 1118 	1321 	1322
f 1310 	1315 	1311
f 1314 	1328 	1311
f 1323 	1324 	34
f 1323 	1311 	1324
f 1328 	1329 	1311
f 1327 	1311 	1326
f 1324 	1311 	1327
f 24 	1153 	34
f 1370 	1371 	3439
f 1330 	1331 	1311
f 1329 	1330 	1311
f 1331 	1332 	1311
f 1326 	1311 	1325
f 1332 	1333 	1311
f 1333 	1334 	1311
f 1334 	1336 	1311
f 1337 	1311 	1336
f 1338 	1311 	1337
f 1325 	1311 	1338
f 1270 	69 	1265
f 1339 	1335 	69
f 3499 	1365 	3439
f 1340 	1339 	69
f 1341 	1340 	69
f 1342 	1341 	69
f 1344 	1343 	69
f 1343 	1342 	69
f 1346 	1345 	69
f 1345 	1344 	69
f 1282 	1347 	67
f 1347 	1346 	67
f 69 	67 	1346
f 1349 	1348 	1363
f 3445 	1351 	1353
f 1352 	1350 	1363
f 1350 	1349 	1363
f 1353 	1355 	3445
f 1354 	1352 	1363
f 1356 	1354 	1363
f 1363 	1364 	1356
f 1357 	1356 	1364
f 1359 	1357 	1364
f 1360 	1359 	1364
f 1362 	1360 	1364
f 3499 	1361 	1365
f 1368 	1384 	1367
f 1226 	1288 	1153
f 1323 	1153 	1288
f 1226 	1153 	1130
f 1378 	1383 	1377
f 1377 	1382 	1376
f 1378 	1366 	1383
f 1367 	1384 	1366
f 1375 	1376 	1372
f 1372 	1376 	1382
f 1372 	1645 	1375
f 181 	78 	1087
f 1099 	3015 	1157
f 1431 	1389 	1380
f 1087 	78 	1385
f 1159 	1157 	1381
f 1159 	1381 	1220
f 1161 	1159 	1220
f 1161 	1220 	1219
f 313 	312 	1230
f 313 	1230 	1232
f 1382 	1377 	1383
f 1162 	1161 	1219
f 1162 	1219 	1221
f 314 	313 	1232
f 314 	1232 	1386
f 1066 	1087 	1385
f 1385 	1710 	1066
f 1075 	1076 	1710
f 1140 	1162 	1221
f 1140 	1221 	3164
f 309 	314 	1386
f 309 	1386 	3558
f 1383 	1366 	1384
f 1368 	1369 	1384
f 1385 	1380 	1389
f 1118 	1322 	1277
f 1251 	1227 	1167
f 1168 	1167 	1227
f 323 	1390 	324
f 1396 	1705 	1395
f 1389 	1425 	1393
f 1387 	1384 	1369
f 1369 	1556 	1387
f 1169 	1168 	1227
f 1169 	1227 	1229
f 1170 	1169 	1229
f 1170 	1229 	1231
f 1556 	1558 	1387
f 1388 	1387 	1558
f 1171 	1170 	1231
f 1171 	1231 	1233
f 1172 	1171 	1233
f 1172 	1233 	1234
f 1124 	1172 	1234
f 1526 	1528 	1217
f 1399 	1705 	1398
f 1400 	1705 	1399
f 1401 	1705 	1400
f 1398 	1705 	1397
f 1397 	1705 	1396
f 1402 	1705 	1401
f 1403 	1705 	1402
f 1404 	1705 	1403
f 1393 	1705 	1404
f 3043 	1235 	1117
f 971 	972 	1406
f 1405 	1406 	972
f 1407 	1408 	1380
f 1408 	1415 	1380
f 1415 	1414 	1380
f 1414 	1412 	1380
f 1181 	1179 	1236
f 1181 	1236 	1237
f 1406 	1409 	971
f 1407 	1380 	1410
f 1179 	1187 	1236
f 1411 	1405 	972
f 1411 	972 	981
f 1182 	1181 	1237
f 1182 	1237 	1238
f 1431 	1380 	1412
f 1409 	1413 	971
f 1187 	1190 	1239
f 1187 	1239 	1236
f 981 	985 	1411
f 1416 	1411 	985
f 1190 	1192 	1240
f 1190 	1240 	1239
f 1413 	1417 	971
f 992 	971 	1417
f 1270 	1240 	1193
f 1192 	1193 	1240
f 1420 	1564 	1419
f 1184 	1182 	1238
f 1184 	1238 	1241
f 1421 	1416 	985
f 1265 	1315 	1235
f 1422 	1393 	1423
f 1417 	1424 	992
f 1184 	1241 	1242
f 1184 	1242 	1185
f 1423 	1393 	1425
f 994 	992 	1426
f 1424 	1426 	992
f 1425 	1389 	1427
f 1252 	1186 	1242
f 1185 	1242 	1186
f 996 	994 	1428
f 1426 	1428 	994
f 1427 	1389 	1429
f 1243 	1203 	1202
f 1389 	1431 	1429
f 1428 	1430 	996
f 1204 	1203 	1243
f 1204 	1243 	1244
f 1000 	1430 	1432
f 1205 	1204 	1244
f 1205 	1244 	1245
f 1410 	1380 	1433
f 1053 	1000 	1432
f 1206 	1205 	1245
f 1206 	1245 	1246
f 1433 	1380 	1434
f 915 	1435 	1003
f 1207 	1206 	1246
f 1207 	1246 	1247
f 942 	943 	940
f 1435 	940 	1003
f 1208 	1207 	1247
f 1208 	1247 	1248
f 1209 	1208 	1248
f 1209 	1248 	1249
f 1438 	1421 	1006
f 985 	1006 	1421
f 305 	369 	1520
f 1210 	1209 	1249
f 1210 	1249 	1250
f 1498 	355 	1223
f 1007 	1440 	1006
f 1438 	1006 	1440
f 1211 	1210 	1250
f 1211 	1250 	1251
f 311 	327 	1442
f 311 	1442 	1228
f 1167 	1211 	1251
f 1010 	1444 	1007
f 1440 	1007 	1444
f 1213 	1252 	1212
f 1216 	1218 	1451
f 330 	243 	1446
f 3607 	1446 	243
f 1252 	1213 	1186
f 1451 	1489 	1441
f 1441 	1216 	1451
f 1444 	1010 	1448
f 330 	1446 	1449
f 330 	1449 	331
f 331 	1449 	1450
f 331 	1450 	332
f 1015 	1452 	1448
f 332 	1450 	1453
f 332 	1453 	333
f 1443 	1441 	1489
f 1294 	1253 	1254
f 1294 	1254 	1295
f 1447 	1445 	1489
f 1445 	1443 	1489
f 1452 	1015 	1456
f 1454 	1447 	1489
f 1295 	1254 	1255
f 1295 	1255 	1296
f 337 	282 	1459
f 3627 	1459 	282
f 1458 	1456 	1020
f 337 	1459 	1460
f 337 	1460 	338
f 1461 	1458 	1020
f 1461 	1020 	1023
f 1455 	1454 	1489
f 1296 	1255 	1256
f 1296 	1256 	1297
f 1023 	1465 	1461
f 1297 	1256 	1257
f 1297 	1257 	1298
f 1466 	1465 	1028
f 338 	1460 	1462
f 338 	1462 	339
f 339 	1462 	1468
f 339 	1468 	340
f 1028 	1030 	1466
f 1467 	1466 	1030
f 1457 	1455 	1489
f 1298 	1257 	1258
f 1298 	1258 	1299
f 1030 	1469 	1467
f 1260 	1253 	1294
f 341 	1470 	1472
f 342 	341 	1472
f 342 	1472 	1476
f 1299 	1258 	1259
f 1299 	1259 	1300
f 1477 	1469 	1035
f 343 	342 	1476
f 343 	1476 	1478
f 1294 	1307 	1260
f 1473 	1612 	1475
f 344 	343 	1478
f 344 	1478 	1479
f 928 	1477 	1035
f 1300 	1259 	1261
f 1300 	1261 	1301
f 1473 	1474 	1612
f 1474 	1471 	1612
f 1612 	1471 	1470
f 1487 	1489 	1470
f 266 	344 	1479
f 347 	324 	1482
f 1390 	1482 	324
f 1481 	1463 	1489
f 1463 	1457 	1489
f 1307 	1308 	1260
f 347 	1482 	1486
f 347 	1486 	348
f 1484 	1485 	1039
f 1483 	1481 	1489
f 1301 	1261 	1262
f 1301 	1262 	1302
f 348 	1486 	1488
f 348 	1488 	349
f 1483 	1489 	1487
f 1612 	1470 	1489
f 1039 	1042 	1484
f 1490 	1484 	1042
f 1308 	1309 	1260
f 349 	1488 	1491
f 349 	1491 	350
f 1493 	1490 	1042
f 1493 	1042 	1045
f 1302 	1262 	1263
f 1302 	1263 	1303
f 350 	1491 	346
f 1464 	76 	1492
f 1309 	1310 	1260
f 1045 	1496 	1493
f 1492 	76 	1494
f 310 	1223 	355
f 1303 	1263 	1264
f 1303 	1264 	1304
f 1500 	1496 	1050
f 352 	355 	1498
f 352 	1498 	1495
f 1288 	1260 	1310
f 1497 	1494 	76
f 1502 	1442 	354
f 327 	354 	1442
f 1480 	1500 	1050
f 1480 	1050 	1037
f 1305 	1304 	1264
f 354 	357 	1504
f 354 	1504 	1502
f 1310 	1311 	1288
f 1432 	1505 	1053
f 357 	359 	1507
f 357 	1507 	1504
f 359 	360 	1509
f 359 	1509 	1507
f 1503 	1501 	76
f 1499 	76 	1501
f 360 	363 	1510
f 360 	1510 	1509
f 1506 	1503 	76
f 1335 	1314 	1265
f 1315 	1265 	1314
f 1505 	1512 	1053
f 363 	365 	1513
f 363 	1513 	1510
f 1313 	1272 	1312
f 1508 	76 	1511
f 1058 	1512 	1515
f 365 	367 	1513
f 1516 	1514 	74
f 1514 	1511 	74
f 369 	368 	1517
f 369 	1517 	1520
f 1515 	1519 	1060
f 1515 	1060 	1058
f 368 	1587 	1517
f 74 	1521 	1518
f 1518 	1516 	74
f 1062 	1060 	1522
f 1519 	1522 	1060
f 376 	1525 	1527
f 376 	1527 	377
f 1522 	1526 	1062
f 1961 	1960 	1942
f 377 	1527 	1529
f 377 	1529 	378
f 1581 	1533 	1532
f 352 	1495 	376
f 1535 	1536 	1532
f 1535 	1532 	1531
f 1534 	1530 	1546
f 378 	1529 	1538
f 378 	1538 	379
f 1539 	1540 	1536
f 1539 	1536 	1535
f 1546 	3625 	1534
f 1525 	376 	1495
f 1542 	1543 	1540
f 1542 	1540 	1539
f 379 	1538 	1545
f 379 	1545 	380
f 1542 	869 	1543
f 868 	1543 	869
f 380 	1545 	1547
f 380 	1547 	381
f 381 	1547 	1550
f 381 	1550 	382
f 1541 	3625 	1544
f 382 	1550 	1552
f 382 	1552 	383
f 383 	1552 	1562
f 383 	1562 	384
f 1554 	1563 	1420
f 1419 	1564 	1418
f 1555 	1563 	1554
f 1557 	1563 	1555
f 1560 	1563 	1557
f 1561 	1563 	1560
f 1564 	1420 	1563
f 1686 	1687 	1701
f 1700 	1701 	1687
f 1558 	1559 	1388
f 1391 	1388 	1559
f 1559 	1589 	1391
f 1589 	1590 	1391
f 1392 	1391 	1590
f 384 	1562 	385
f 1915 	1916 	1380
f 367 	374 	1569
f 367 	1569 	1513
f 1800 	1568 	1549
f 374 	389 	1570
f 374 	1570 	1569
f 1571 	1568 	1800
f 390 	1572 	1570
f 390 	1570 	389
f 1612 	392 	1575
f 392 	395 	1577
f 392 	1577 	1575
f 1808 	1579 	1576
f 1578 	1580 	1582
f 1436 	1434 	1580
f 1380 	1580 	1434
f 1437 	1436 	1580
f 1574 	1584 	1580
f 1581 	1579 	1808
f 1916 	1934 	1380
f 1437 	1580 	1578
f 398 	397 	1583
f 395 	398 	1583
f 395 	1583 	1577
f 60 	66 	1188
f 57 	75 	58
f 368 	393 	1587
f 32 	61 	1188
f 58 	70 	60
f 1562 	1609 	400
f 1562 	400 	385
f 66 	64 	1188
f 399 	1588 	1587
f 399 	1587 	393
f 1592 	1593 	1653
f 1654 	1653 	1593
f 61 	60 	1188
f 1594 	1566 	1567
f 1627 	1595 	404
f 405 	404 	1595
f 65 	75 	57
f 64 	63 	1188
f 406 	405 	1595
f 406 	1595 	1597
f 68 	75 	65
f 66 	60 	70
f 1596 	1594 	1567
f 407 	406 	1597
f 407 	1597 	1599
f 73 	75 	68
f 70 	58 	75
f 2720 	1613 	1567
f 408 	407 	1599
f 408 	1599 	1601
f 75 	73 	79
f 1596 	1567 	1598
f 409 	408 	1601
f 409 	1601 	1603
f 1598 	1567 	1600
f 410 	409 	1603
f 410 	1603 	1605
f 39 	54 	85
f 1613 	1602 	1567
f 397 	410 	1605
f 397 	1605 	1583
f 1600 	1567 	1602
f 1604 	1602 	1613
f 1606 	1604 	1613
f 1615 	1588 	399
f 216 	234 	86
f 1609 	414 	400
f 1152 	214 	86
f 414 	1609 	1610
f 414 	1610 	415
f 89 	86 	236
f 234 	236 	86
f 415 	1610 	1611
f 415 	1611 	416
f 1607 	1606 	1613
f 1707 	1706 	1613
f 1608 	1607 	1613
f 1617 	411 	1611
f 416 	1611 	411
f 1612 	418 	392
f 1709 	1707 	1613
f 1614 	1613 	2720
f 399 	419 	1615
f 420 	1617 	1615
f 420 	1615 	419
f 102 	1176 	100
f 104 	1175 	102
f 106 	1174 	104
f 114 	54 	106
f 120 	54 	114
f 120 	138 	54
f 1616 	1614 	2720
f 1618 	1616 	2720
f 1617 	420 	411
f 333 	1453 	455
f 1471 	455 	1453
f 121 	240 	122
f 96 	91 	240
f 121 	96 	240
f 1619 	1618 	2720
f 1620 	1619 	2720
f 124 	240 	125
f 122 	240 	124
f 341 	461 	1470
f 240 	129 	128
f 127 	240 	128
f 125 	240 	127
f 1730 	1729 	2720
f 129 	240 	132
f 132 	240 	134
f 1622 	1651 	1635
f 1475 	1623 	424
f 425 	424 	1623
f 426 	425 	1623
f 426 	1623 	1625
f 427 	426 	1625
f 427 	1625 	1627
f 404 	427 	1627
f 431 	1630 	1218
f 431 	1218 	432
f 431 	1451 	1630
f 1629 	1363 	1348
f 1629 	1628 	1363
f 1628 	1626 	1363
f 1626 	1624 	1363
f 1582 	1580 	1584
f 432 	1218 	1216
f 432 	1216 	433
f 1584 	1574 	1632
f 433 	1216 	1441
f 433 	1441 	434
f 1671 	1621 	1631
f 434 	1441 	1443
f 434 	1443 	435
f 1621 	1622 	1633
f 1633 	1631 	1621
f 435 	1443 	1445
f 435 	1445 	436
f 1651 	1652 	1637
f 1637 	1635 	1651
f 1635 	1633 	1622
f 1641 	1650 	1574
f 1650 	1734 	1574
f 1642 	1649 	1641
f 1643 	1649 	1642
f 1644 	1646 	1643
f 1647 	1643 	1646
f 1648 	1643 	1647
f 1649 	1643 	1648
f 1649 	1650 	1641
f 1640 	1735 	1650
f 436 	1445 	1447
f 436 	1447 	437
f 431 	451 	1451
f 1638 	1637 	1652
f 1639 	1638 	1652
f 1652 	1374 	1639
f 1374 	1375 	1645
f 1645 	1639 	1374
f 437 	1447 	1454
f 437 	1454 	438
f 1590 	1591 	1392
f 1394 	1392 	1591
f 1591 	1592 	1394
f 1653 	1394 	1592
f 1658 	1662 	1657
f 1659 	1660 	1658
f 1661 	1658 	1660
f 1661 	1662 	1658
f 1656 	1657 	1662
f 469 	1451 	451
f 438 	1454 	1455
f 438 	1455 	439
f 1665 	1664 	1666
f 439 	1455 	1457
f 439 	1457 	440
f 1666 	1737 	1665
f 1737 	1738 	1665
f 1580 	1380 	1948
f 1464 	454 	1468
f 440 	1457 	1463
f 440 	1463 	441
f 1074 	1710 	1072
f 442 	441 	1463
f 1671 	1666 	1670
f 1631 	1668 	1671
f 1668 	1666 	1671
f 1666 	1664 	1670
f 1669 	1670 	1664
f 1673 	1674 	1672
f 1675 	1705 	1674
f 1676 	1705 	1675
f 1677 	1705 	1676
f 1395 	1705 	1677
f 1678 	1674 	1680
f 1672 	1674 	1678
f 1363 	1624 	1663
f 1679 	1663 	1624
f 1750 	1741 	1679
f 1663 	1679 	1741
f 1655 	1654 	1688
f 1688 	1689 	1655
f 1682 	1681 	1690
f 1690 	1691 	1682
f 1691 	1692 	1682
f 1683 	1682 	1692
f 1694 	1683 	1692
f 1696 	1683 	1694
f 1698 	1683 	1696
f 1689 	1690 	1681
f 1681 	1655 	1689
f 1593 	1688 	1654
f 1687 	1752 	1700
f 1752 	1753 	1700
f 1753 	1755 	1700
f 1755 	1749 	1700
f 1699 	1700 	1749
f 1685 	1686 	1701
f 1701 	1702 	1685
f 1684 	1685 	1702
f 1439 	1684 	1702
f 1565 	1439 	1702
f 1702 	1703 	1565
f 1703 	1418 	1565
f 1564 	1565 	1418
f 1708 	1393 	1422
f 1680 	1674 	1705
f 1705 	1393 	1708
f 1704 	1608 	1613
f 1706 	1704 	1613
f 1125 	1126 	1710
f 1124 	1125 	1710
f 1124 	1710 	1711
f 1693 	1695 	1771
f 2720 	1716 	1620
f 1718 	1719 	1717
f 1715 	1717 	1719
f 1714 	1715 	1719
f 1722 	1731 	1721
f 1674 	1728 	1723
f 1720 	1716 	2720
f 1725 	1723 	1728
f 1721 	1723 	1725
f 1674 	1673 	1728
f 1724 	1720 	2720
f 1726 	1724 	2720
f 1723 	1721 	1731
f 1729 	1727 	2720
f 1727 	1726 	2720
f 3332 	1733 	1732
f 1730 	3332 	1732
f 1632 	1574 	1634
f 1634 	1574 	1636
f 1636 	1574 	1734
f 1734 	1650 	1735
f 1735 	1757 	1736
f 2369 	2367 	2488
f 1740 	1759 	1742
f 1742 	1759 	1745
f 1743 	1741 	1750
f 1750 	1751 	1743
f 1745 	1759 	1747
f 1744 	1743 	1751
f 1746 	1744 	1751
f 1751 	2319 	1746
f 1697 	1699 	1749
f 1749 	1771 	1697
f 1695 	1697 	1771
f 340 	1468 	454
f 454 	1464 	476
f 1756 	1735 	1640
f 1757 	1735 	1756
f 1758 	1736 	1757
f 1759 	1736 	1758
f 1712 	1713 	1771
f 1759 	1771 	1749
f 1749 	1747 	1759
f 1736 	1759 	1740
f 457 	456 	1474
f 457 	1474 	1473
f 459 	457 	1473
f 459 	1473 	1475
f 424 	459 	1475
f 1474 	456 	455
f 1474 	455 	1471
f 1470 	461 	1487
f 1585 	1824 	1586
f 1657 	1656 	1761
f 1657 	1761 	1762
f 1657 	1762 	1763
f 1657 	1763 	1764
f 1657 	1764 	1765
f 1766 	1657 	1765
f 1767 	1657 	1766
f 1768 	1657 	1767
f 1760 	1657 	1768
f 1824 	1769 	1586
f 1760 	1879 	1657
f 1713 	1693 	1771
f 1881 	1775 	1759
f 2352 	2340 	1760
f 1797 	1549 	1798
f 1771 	1759 	1773
f 1773 	1759 	1775
f 1775 	1881 	1776
f 1820 	1585 	1841
f 1844 	1777 	1774
f 1778 	1172 	1711
f 1779 	1171 	1778
f 1782 	1783 	1167
f 1783 	1791 	1167
f 1211 	1167 	1791
f 1791 	1792 	1211
f 1210 	1211 	1792
f 1784 	1777 	1844
f 1805 	1789 	1785
f 1722 	1785 	1786
f 1731 	1722 	1786
f 1788 	1785 	1789
f 1786 	1785 	1788
f 1792 	1793 	1210
f 1793 	1202 	1210
f 1209 	1210 	1202
f 1854 	1849 	1794
f 1795 	1804 	1796
f 1805 	1804 	1789
f 1772 	1798 	1549
f 1796 	1823 	1799
f 1549 	1797 	1800
f 1822 	1853 	1803
f 1799 	1822 	1801
f 1801 	1822 	1803
f 1802 	1571 	1800
f 1571 	1802 	1573
f 1806 	1573 	1802
f 1807 	1576 	1573
f 1807 	1573 	1806
f 1807 	1808 	1576
f 1808 	1813 	1581
f 1715 	1714 	1809
f 1810 	1816 	1809
f 1811 	1816 	1810
f 1812 	1815 	1811
f 1814 	1815 	1812
f 1815 	1816 	1811
f 1715 	1809 	1816
f 1531 	1532 	1533
f 1813 	1533 	1581
f 1817 	1881 	1818
f 1818 	1881 	1819
f 1820 	1821 	1585
f 1822 	1799 	1823
f 1821 	1824 	1585
f 1823 	1796 	1804
f 1789 	1804 	1795
f 1769 	1824 	1825
f 1825 	1826 	1770
f 1825 	1770 	1769
f 1770 	1826 	1772
f 1827 	1772 	1826
f 1798 	1772 	1827
f 1831 	1832 	1830
f 1829 	1830 	1832
f 1828 	1829 	1832
f 1833 	1815 	1834
f 1814 	1834 	1815
f 1834 	1835 	1833
f 1835 	1836 	1833
f 1832 	1833 	1836
f 1836 	1837 	1832
f 1828 	1832 	1837
f 1838 	1839 	1774
f 1840 	1881 	1842
f 1819 	1881 	1840
f 1794 	1841 	1585
f 1842 	1891 	1843
f 1839 	1844 	1774
f 35 	1847 	1891
f 1784 	1844 	1848
f 1841 	1794 	1846
f 1850 	1803 	1853
f 1858 	1856 	1851
f 1847 	35 	1851
f 1848 	1852 	1787
f 1848 	1787 	1784
f 1851 	35 	1858
f 1859 	1858 	35
f 1849 	1846 	1794
f 1790 	1787 	1855
f 1852 	1855 	1787
f 1312 	1859 	35
f 1856 	1850 	1853
f 1857 	1854 	1794
f 1853 	1851 	1856
f 1855 	1857 	1794
f 1855 	1794 	1790
f 1845 	1891 	1847
f 1843 	1891 	1845
f 1776 	1881 	1864
f 1864 	1881 	1865
f 1865 	1881 	1867
f 1869 	1881 	1870
f 1870 	1881 	1817
f 1217 	1528 	1874
f 1873 	2620 	1872
f 1875 	2620 	1873
f 1875 	1876 	2620
f 1877 	2620 	1876
f 1878 	2620 	1877
f 1879 	2620 	1878
f 1867 	1881 	1869
f 1881 	1882 	1842
f 1882 	1883 	1842
f 1883 	1884 	1842
f 1884 	1885 	1842
f 1885 	1886 	1842
f 1886 	1887 	1842
f 1887 	1892 	1842
f 1891 	1889 	35
f 469 	418 	1612
f 1463 	1481 	442
f 464 	442 	1481
f 465 	464 	1481
f 465 	1481 	1483
f 466 	465 	1483
f 466 	1483 	1487
f 1896 	1842 	1895
f 1894 	1895 	1842
f 1893 	1894 	1842
f 1892 	1893 	1842
f 1897 	1842 	1896
f 1898 	1842 	1897
f 1891 	1842 	1898
f 461 	466 	1487
f 1489 	1451 	469
f 1904 	1905 	2620
f 1903 	1904 	2620
f 1905 	1906 	2620
f 1872 	2620 	1901
f 1906 	1899 	2620
f 1901 	2620 	1900
f 1900 	2620 	1899
f 1612 	1489 	469
f 74 	43 	472
f 74 	472 	1521
f 1464 	1492 	476
f 476 	1492 	1494
f 476 	1494 	477
f 477 	1494 	1497
f 477 	1497 	478
f 478 	1497 	1499
f 478 	1499 	479
f 479 	1499 	1501
f 479 	1501 	480
f 480 	1501 	1503
f 480 	1503 	481
f 481 	1503 	1506
f 481 	1506 	482
f 2869 	2867 	1907
f 483 	482 	1506
f 483 	1506 	1508
f 485 	483 	1508
f 485 	1508 	1511
f 1909 	1380 	1908
f 486 	485 	1511
f 486 	1511 	1514
f 487 	486 	1514
f 487 	1514 	1516
f 1910 	11 	1911
f 488 	487 	1516
f 488 	1516 	1518
f 1911 	97 	1912
f 97 	1913 	1912
f 472 	488 	1518
f 472 	1518 	1521
f 78 	1908 	1380
f 503 	489 	1523
f 1524 	1523 	489
f 1524 	489 	497
f 1915 	1380 	1914
f 1918 	1380 	1917
f 1919 	1380 	1918
f 1914 	1380 	1919
f 2206 	633 	1942
f 1920 	1380 	1909
f 1921 	1380 	1920
f 1917 	1380 	1921
f 499 	498 	1530
f 499 	1530 	1534
f 500 	499 	1534
f 500 	1534 	1537
f 501 	500 	1537
f 501 	1537 	1541
f 501 	1541 	1544
f 501 	1544 	492
f 1922 	1923 	1924
f 1922 	1924 	1925
f 1922 	1925 	1926
f 1922 	1926 	1927
f 1922 	1927 	1928
f 1922 	1928 	1929
f 1922 	1929 	1930
f 1922 	1930 	1931
f 492 	1544 	1548
f 492 	1548 	493
f 493 	1548 	1551
f 493 	1551 	494
f 1933 	1944 	1934
f 494 	1551 	1553
f 494 	1553 	495
f 495 	1553 	1524
f 495 	1524 	497
f 503 	1523 	1935
f 2696 	2698 	1939
f 1941 	1923 	2653
f 2661 	2653 	1923
f 2660 	2661 	1923
f 2659 	2660 	1923
f 502 	508 	1942
f 1948 	1380 	1934
f 508 	1945 	1942
f 1943 	1947 	512
f 1943 	512 	507
f 2926 	1948 	1946
f 1944 	1946 	1948
f 508 	511 	1949
f 508 	1949 	1945
f 516 	515 	1950
f 517 	516 	1950
f 517 	1950 	1953
f 1975 	1976 	2926
f 1951 	1978 	2926
f 1946 	1952 	2926
f 1952 	1954 	2926
f 1954 	1955 	2926
f 1955 	1956 	2926
f 1956 	1957 	2926
f 1957 	1958 	2926
f 1958 	1959 	2926
f 1951 	2926 	1959
f 518 	517 	1953
f 518 	1953 	1960
f 519 	518 	1960
f 519 	1960 	1961
f 1944 	1948 	1934
f 519 	1961 	1962
f 519 	1962 	520
f 520 	1962 	1963
f 520 	1963 	521
f 521 	1963 	1969
f 521 	1969 	522
f 2534 	2945 	1964
f 1968 	1970 	2945
f 1970 	1971 	2945
f 1971 	1972 	2945
f 1964 	2945 	1972
f 522 	1969 	1973
f 522 	1973 	523
f 1974 	2926 	1976
f 523 	1973 	1977
f 523 	1977 	524
f 1975 	2926 	1978
f 138 	140 	54
f 83 	54 	155
f 140 	142 	54
f 142 	144 	54
f 144 	147 	54
f 147 	148 	54
f 148 	151 	54
f 153 	54 	151
f 155 	54 	153
f 1316 	1273 	1272
f 1316 	1272 	1313
f 168 	175 	1139
f 177 	1139 	175
f 1117 	1235 	1315
f 182 	11 	183
f 1317 	1274 	1273
f 1317 	1273 	1316
f 1193 	1318 	1270
f 183 	11 	185
f 35 	69 	1318
f 185 	11 	187
f 1317 	1212 	1274
f 1252 	1274 	1212
f 189 	11 	191
f 187 	11 	189
f 191 	11 	194
f 1264 	1279 	1305
f 1319 	1305 	1279
f 1320 	1319 	1279
f 1320 	1279 	1280
f 1321 	1320 	1280
f 1321 	1280 	1281
f 180 	1145 	179
f 211 	1145 	208
f 214 	1152 	211
f 216 	86 	214
f 1311 	1323 	1288
f 1277 	1322 	1321
f 1277 	1321 	1281
f 218 	11 	220
f 218 	194 	11
f 67 	34 	1324
f 67 	1324 	1287
f 1326 	1325 	1282
f 220 	11 	223
f 1327 	1326 	1282
f 1327 	1282 	1284
f 11 	232 	225
f 223 	11 	225
f 1324 	1327 	1284
f 1324 	1284 	1287
f 1270 	1318 	69
f 208 	1145 	204
f 91 	89 	238
f 236 	238 	89
f 240 	91 	238
f 10 	2236 	11
f 241 	232 	11
f 241 	11 	244
f 1335 	1328 	1314
f 244 	11 	253
f 1328 	1335 	1339
f 1328 	1339 	1329
f 1329 	1339 	1340
f 1329 	1340 	1330
f 1330 	1340 	1341
f 1330 	1341 	1331
f 669 	364 	668
f 1331 	1341 	1342
f 1331 	1342 	1332
f 1332 	1342 	1343
f 1332 	1343 	1333
f 318 	670 	321
f 316 	670 	318
f 669 	670 	316
f 1333 	1343 	1344
f 1333 	1344 	1334
f 322 	672 	325
f 670 	672 	321
f 1336 	1334 	1344
f 1336 	1344 	1345
f 328 	326 	1188
f 325 	599 	326
f 1337 	1336 	1345
f 1337 	1345 	1346
f 598 	1188 	326
f 599 	600 	326
f 1338 	1337 	1346
f 1338 	1346 	1347
f 600 	598 	326
f 1325 	1338 	1347
f 1325 	1347 	1282
f 1710 	1385 	1363
f 373 	375 	609
f 336 	353 	334
f 345 	353 	336
f 351 	353 	345
f 353 	356 	334
f 614 	609 	375
f 1385 	1389 	1364
f 1385 	1364 	1363
f 361 	668 	362
f 316 	315 	669
f 362 	668 	364
f 1389 	1393 	1362
f 1389 	1362 	1364
f 364 	669 	366
f 1396 	1395 	1348
f 366 	669 	315
f 1397 	1396 	1348
f 1397 	1348 	1349
f 1398 	1397 	1349
f 1398 	1349 	1350
f 1399 	1398 	1350
f 1399 	1350 	1352
f 1399 	1352 	1354
f 1399 	1354 	1400
f 358 	614 	375
f 375 	386 	358
f 356 	358 	386
f 386 	387 	356
f 387 	388 	356
f 335 	356 	388
f 1400 	1354 	1356
f 1400 	1356 	1401
f 1401 	1356 	1357
f 1401 	1357 	1402
f 458 	668 	460
f 1402 	1357 	1359
f 1402 	1359 	1403
f 460 	668 	462
f 1403 	1359 	1360
f 1403 	1360 	1404
f 668 	361 	463
f 668 	463 	462
f 1404 	1360 	1362
f 1404 	1362 	1393
f 1368 	1408 	1407
f 1368 	1407 	1369
f 1407 	1410 	1369
f 1412 	1414 	1366
f 1414 	1415 	1367
f 1414 	1367 	1366
f 370 	609 	371
f 509 	609 	510
f 513 	609 	509
f 470 	609 	467
f 471 	609 	470
f 473 	609 	471
f 473 	484 	609
f 475 	474 	609
f 371 	609 	474
f 1415 	1408 	1368
f 1415 	1368 	1367
f 475 	609 	484
f 1645 	1372 	1418
f 1419 	1418 	1372
f 1382 	1420 	1372
f 1419 	1372 	1420
f 458 	496 	668
f 504 	490 	491
f 504 	491 	505
f 1423 	1374 	1422
f 490 	641 	496
f 1425 	1375 	1374
f 1425 	1374 	1423
f 1427 	1376 	1375
f 1427 	1375 	1425
f 505 	491 	506
f 1429 	1377 	1376
f 1429 	1376 	1427
f 1429 	1431 	1378
f 1429 	1378 	1377
f 514 	609 	513
f 467 	609 	468
f 468 	609 	514
f 1366 	1378 	1412
f 1431 	1412 	1378
f 1410 	1433 	1556
f 1410 	1556 	1369
f 527 	561 	538
f 525 	561 	526
f 609 	538 	510
f 1433 	1434 	1558
f 1433 	1558 	1556
f 526 	561 	527
f 1434 	1436 	1559
f 1434 	1559 	1558
f 1436 	1437 	1559
f 538 	609 	539
f 1382 	1554 	1420
f 539 	609 	542
f 1554 	1382 	1383
f 1554 	1383 	1555
f 542 	609 	543
f 543 	609 	545
f 1555 	1383 	1384
f 1555 	1384 	1557
f 1557 	1384 	1387
f 1557 	1387 	1560
f 1560 	1387 	1388
f 1560 	1388 	1561
f 1561 	1388 	1391
f 1561 	1391 	1563
f 134 	240 	136
f 576 	605 	579
f 240 	579 	582
f 136 	240 	582
f 572 	609 	574
f 596 	609 	571
f 571 	609 	572
f 1563 	1391 	1392
f 1563 	1392 	1564
f 574 	607 	576
f 1564 	1392 	1394
f 1564 	1394 	1565
f 1565 	1394 	1439
f 1580 	1567 	1566
f 1580 	1566 	1574
f 549 	609 	550
f 593 	609 	596
f 545 	609 	549
f 561 	510 	538
f 601 	579 	605
f 582 	579 	601
f 550 	609 	593
f 1437 	1578 	1589
f 1437 	1589 	1559
f 1578 	1582 	1590
f 1578 	1590 	1589
f 1582 	1584 	1591
f 1582 	1591 	1590
f 605 	576 	607
f 1584 	1632 	1592
f 1584 	1592 	1591
f 1632 	1634 	1593
f 1632 	1593 	1592
f 334 	356 	335
f 372 	373 	609
f 607 	574 	609
f 1634 	1636 	1593
f 370 	372 	609
f 1566 	1594 	1641
f 1566 	1641 	1574
f 1641 	1594 	1596
f 1641 	1596 	1642
f 634 	631 	668
f 619 	686 	617
f 679 	686 	684
f 668 	496 	641
f 617 	668 	620
f 1642 	1596 	1598
f 1642 	1598 	1643
f 620 	668 	626
f 1643 	1598 	1600
f 1643 	1600 	1644
f 631 	626 	668
f 1644 	1600 	1602
f 1644 	1602 	1646
f 634 	668 	638
f 1646 	1602 	1604
f 1646 	1604 	1647
f 638 	668 	641
f 1647 	1604 	1606
f 1647 	1606 	1648
f 490 	504 	643
f 641 	490 	643
f 1648 	1606 	1607
f 1648 	1607 	1649
f 723 	726 	647
f 664 	723 	647
f 664 	647 	653
f 664 	653 	661
f 1370 	3439 	1365
f 668 	617 	686
f 686 	667 	966
f 667 	686 	665
f 671 	686 	674
f 665 	686 	671
f 684 	686 	619
f 674 	686 	679
f 647 	748 	648
f 753 	769 	648
f 581 	240 	693
f 700 	240 	708
f 693 	240 	700
f 1984 	1985 	1986
f 708 	240 	710
f 1987 	1988 	1985
f 1987 	1985 	1984
f 1989 	1988 	1987
f 1988 	1989 	1991
f 1990 	1991 	1989
f 1992 	1993 	1991
f 1992 	1991 	1990
f 729 	647 	726
f 733 	647 	729
f 738 	647 	733
f 743 	647 	738
f 748 	647 	743
f 752 	648 	748
f 753 	648 	752
f 1994 	1993 	1992
f 1993 	1994 	1996
f 1995 	1996 	1994
f 710 	240 	716
f 240 	759 	756
f 1997 	1998 	1996
f 1997 	1996 	1995
f 240 	2193 	759
f 1999 	1998 	1997
f 1998 	1999 	2001
f 2000 	2001 	1999
f 2001 	2000 	1306
f 648 	769 	691
f 691 	769 	687
f 771 	687 	769
f 771 	774 	687
f 776 	687 	774
f 779 	688 	776
f 2002 	2003 	2004
f 813 	800 	811
f 785 	824 	787
f 2005 	2002 	2004
f 2005 	2004 	2006
f 2005 	2006 	2007
f 2005 	2007 	2008
f 794 	816 	797
f 2008 	2007 	2009
f 2008 	2009 	2010
f 804 	811 	800
f 797 	816 	804
f 2010 	2009 	2011
f 2010 	2011 	2012
f 2012 	2011 	2013
f 2012 	2013 	2014
f 811 	804 	816
f 2014 	2013 	2015
f 816 	794 	819
f 2016 	2017 	2018
f 819 	787 	824
f 2019 	2020 	2017
f 2019 	2017 	2016
f 253 	11 	2236
f 2021 	2022 	2020
f 2021 	2020 	2019
f 2023 	2024 	2022
f 2023 	2022 	2021
f 801 	813 	828
f 800 	813 	801
f 850 	835 	847
f 2025 	2026 	2024
f 2025 	2024 	2023
f 831 	851 	834
f 828 	852 	831
f 2025 	1986 	2026
f 1985 	2026 	1986
f 834 	847 	835
f 2027 	2028 	2029
f 2027 	2029 	2030
f 835 	850 	839
f 2031 	2027 	2030
f 2031 	2030 	2032
f 839 	850 	842
f 2003 	2031 	2032
f 2003 	2032 	2004
f 579 	240 	581
f 787 	819 	794
f 847 	834 	851
f 852 	828 	813
f 851 	831 	852
f 2034 	3508 	1983
f 2033 	2034 	1983
f 2033 	2035 	2036
f 2033 	2036 	2034
f 2035 	2037 	2038
f 2035 	2038 	2036
f 2037 	2039 	2040
f 2037 	2040 	2038
f 2039 	2041 	2040
f 850 	857 	843
f 843 	842 	850
f 857 	850 	860
f 2042 	2043 	2044
f 2043 	2045 	2046
f 2043 	2046 	2044
f 2047 	2048 	2046
f 2047 	2046 	2045
f 756 	716 	240
f 2049 	2050 	2048
f 2049 	2048 	2047
f 2051 	2052 	2050
f 2051 	2050 	2049
f 1535 	1016 	1539
f 993 	881 	995
f 2052 	2051 	3041
f 878 	995 	881
f 872 	997 	875
f 2055 	2053 	2054
f 2055 	2054 	2056
f 2057 	2055 	2056
f 2057 	2056 	2058
f 886 	966 	667
f 875 	997 	878
f 2059 	2057 	2058
f 2059 	2058 	2060
f 881 	970 	884
f 2061 	2059 	2060
f 884 	969 	886
f 2063 	2064 	2062
f 3265 	2062 	2064
f 2063 	2062 	2065
f 2063 	2065 	2066
f 2066 	2065 	2067
f 2066 	2067 	2068
f 2068 	2067 	2069
f 2068 	2069 	2070
f 687 	776 	688
f 902 	950 	899
f 899 	957 	896
f 890 	926 	902
f 688 	919 	890
f 2041 	2071 	2072
f 2041 	2072 	2040
f 2071 	2073 	2074
f 2071 	2074 	2072
f 762 	759 	2193
f 906 	765 	2193
f 1413 	912 	1417
f 906 	2193 	908
f 2073 	2075 	2076
f 2073 	2076 	2074
f 2075 	2077 	2078
f 2075 	2078 	2076
f 2077 	2079 	2078
f 2081 	2015 	2080
f 2013 	2080 	2015
f 919 	688 	779
f 923 	890 	919
f 926 	890 	923
f 2081 	2080 	2082
f 2081 	2082 	2083
f 940 	1421 	942
f 927 	930 	1438
f 1421 	1438 	930
f 2083 	2082 	2084
f 2083 	2084 	2085
f 942 	1421 	948
f 948 	1421 	944
f 2085 	2084 	2086
f 2085 	2086 	2087
f 2087 	2086 	2088
f 2087 	2088 	2089
f 950 	902 	926
f 957 	899 	950
f 963 	896 	957
f 893 	896 	963
f 965 	967 	963
f 893 	963 	967
f 2089 	2088 	2090
f 2079 	2091 	2092
f 2079 	2092 	2078
f 2091 	2093 	2094
f 2091 	2094 	2092
f 2093 	2095 	2096
f 2093 	2096 	2094
f 930 	944 	1421
f 912 	1406 	915
f 1435 	915 	1406
f 1406 	1405 	940
f 1405 	1411 	940
f 1411 	1416 	940
f 1421 	940 	1416
f 2095 	2097 	2098
f 2095 	2098 	2096
f 1409 	1406 	912
f 2100 	2090 	2099
f 2088 	2099 	2090
f 908 	1424 	912
f 912 	1413 	1409
f 2100 	2099 	2101
f 2100 	2101 	2102
f 1417 	912 	1424
f 2102 	2101 	2103
f 2102 	2103 	2104
f 2104 	2103 	2105
f 2104 	2105 	2106
f 1426 	908 	2204
f 1424 	908 	1426
f 2106 	2105 	2107
f 2193 	2204 	908
f 3299 	2110 	2109
f 2108 	2109 	2110
f 2204 	2205 	1428
f 1428 	1426 	2204
f 2111 	2108 	2110
f 2111 	2110 	2112
f 2053 	2111 	2112
f 2053 	2112 	2054
f 1430 	1428 	2205
f 3300 	2070 	2069
f 1435 	1406 	940
f 2616 	2617 	2908
f 1438 	1440 	927
f 928 	927 	1440
f 1477 	928 	1440
f 1440 	1444 	1477
f 1469 	1477 	1444
f 1469 	1444 	1448
f 1469 	1448 	1452
f 1469 	1452 	1456
f 1469 	1456 	1458
f 1469 	1458 	1461
f 1469 	1461 	1465
f 1469 	1465 	1466
f 1469 	1466 	1467
f 1551 	1548 	1935
f 1548 	1544 	1935
f 1523 	1524 	1935
f 1524 	1553 	1935
f 1553 	1551 	1935
f 1432 	1430 	2208
f 1515 	1512 	2209
f 1480 	1515 	2209
f 1512 	1505 	2209
f 1505 	1432 	2209
f 2208 	2209 	1432
f 1500 	1480 	2209
f 2205 	2207 	1430
f 1953 	1950 	1942
f 2207 	2208 	1430
f 1515 	1480 	1519
f 1960 	1953 	1942
f 1519 	1480 	1522
f 1961 	1942 	1962
f 1522 	1480 	1526
f 1480 	1528 	1526
f 1962 	1942 	1963
f 1969 	1963 	1945
f 1533 	28 	1531
f 1046 	1021 	28
f 1973 	1969 	1945
f 1977 	1973 	1945
f 1945 	1963 	1942
f 1949 	1977 	1945
f 1001 	999 	867
f 1542 	1539 	1014
f 1531 	28 	1535
f 2113 	1947 	1943
f 1019 	1018 	28
f 1014 	1539 	1016
f 28 	1016 	1535
f 2114 	2113 	1943
f 2115 	2114 	1943
f 1798 	1827 	1839
f 2116 	2115 	1943
f 1807 	1806 	28
f 1797 	1838 	1800
f 1943 	2135 	2116
f 1800 	28 	1802
f 2117 	2116 	2135
f 2118 	2117 	2135
f 2119 	2118 	2135
f 1802 	28 	1806
f 2135 	2129 	2119
f 1533 	1813 	28
f 1807 	28 	1808
f 2128 	2127 	2119
f 2128 	2119 	2129
f 1808 	28 	1813
f 2123 	2124 	2122
f 2136 	2122 	2124
f 2152 	1800 	1838
f 2150 	1800 	2152
f 1825 	1824 	1852
f 1820 	1855 	1821
f 1821 	1855 	1824
f 1855 	1852 	1824
f 2239 	2184 	2240
f 1852 	1848 	1825
f 2121 	2120 	2126
f 2126 	2125 	2121
f 1827 	1826 	1844
f 1848 	1844 	1826
f 2127 	2126 	2120
f 2120 	2119 	2127
f 1839 	1838 	1797
f 1841 	1855 	1820
f 2129 	2135 	2130
f 1797 	1798 	1839
f 1846 	1855 	1841
f 2131 	2130 	2135
f 1844 	1839 	1827
f 1849 	1855 	1846
f 1826 	1825 	1848
f 1854 	1855 	1849
f 2132 	2131 	2135
f 2133 	2132 	2135
f 2134 	2133 	2135
f 1857 	1855 	1854
f 2137 	2136 	2124
f 2178 	2177 	1800
f 1649 	1607 	1608
f 1649 	1608 	1650
f 1650 	1608 	1640
f 2142 	2153 	2140
f 2143 	2141 	2140
f 2141 	2142 	2140
f 1480 	2140 	2153
f 2174 	2138 	2124
f 2143 	2140 	2144
f 2137 	2124 	2138
f 2139 	2138 	2174
f 2144 	2140 	2146
f 2140 	2381 	2146
f 2145 	2139 	2174
f 2147 	2145 	2174
f 2178 	1800 	2150
f 2174 	2167 	2147
f 2164 	2147 	2165
f 2149 	2147 	2162
f 2246 	2151 	2160
f 2149 	2160 	2151
f 1528 	1480 	2153
f 28 	2159 	2381
f 2148 	2146 	2381
f 2157 	2148 	2381
f 3192 	2156 	2176
f 2161 	28 	2163
f 2158 	2157 	2381
f 2158 	2381 	2159
f 2245 	2225 	2246
f 2160 	2149 	2162
f 2173 	2170 	28
f 2163 	28 	2166
f 2162 	2147 	2164
f 2166 	28 	2168
f 2165 	2147 	2167
f 2169 	2167 	2174
f 2171 	2169 	2174
f 28 	1800 	2177
f 2154 	2155 	2174
f 2155 	2172 	2174
f 2172 	2171 	2174
f 2173 	28 	2175
f 3207 	3199 	2176
f 2175 	28 	2177
f 2202 	2199 	1942
f 2194 	2206 	1942
f 1468 	1462 	2179
f 2170 	2168 	28
f 1530 	2182 	1546
f 2182 	2181 	1546
f 2180 	2179 	1462
f 2183 	2121 	2125
f 2125 	2240 	2183
f 2183 	2240 	2184
f 2189 	2190 	2232
f 850 	2229 	860
f 2190 	2191 	2231
f 2231 	2232 	2190
f 2230 	2231 	2191
f 2229 	2230 	2191
f 862 	2229 	2191
f 2185 	2184 	2239
f 2239 	2238 	2185
f 765 	762 	2193
f 2197 	2200 	2196
f 2188 	2189 	2232
f 2232 	2233 	2188
f 2201 	2195 	2200
f 2195 	2196 	2200
f 2218 	2206 	2194
f 2199 	2194 	1942
f 2203 	2202 	1942
f 1950 	2203 	1942
f 1496 	1500 	2209
f 1493 	1496 	2209
f 1490 	1493 	2209
f 1484 	1490 	2209
f 1485 	1484 	2209
f 1485 	2209 	2210
f 2211 	2212 	2210
f 1485 	2210 	2212
f 2200 	2197 	2214
f 2214 	2197 	2213
f 2217 	2197 	2216
f 2213 	2197 	2217
f 2294 	2252 	2218
f 2206 	2218 	2252
f 1468 	2179 	2220
f 2275 	1468 	2261
f 2220 	2219 	1468
f 2215 	2316 	2224
f 2216 	2197 	2215
f 2246 	2225 	2151
f 2226 	2225 	2245
f 2187 	2188 	2233
f 862 	860 	2229
f 2233 	2227 	2187
f 2186 	2187 	2227
f 2198 	2186 	2227
f 2227 	2313 	2198
f 2313 	2315 	2198
f 2234 	2228 	2221
f 2222 	2221 	2228
f 2228 	2226 	2222
f 2245 	2222 	2226
f 1657 	1613 	1614
f 1657 	1614 	1658
f 1658 	1614 	1616
f 1658 	1616 	1659
f 1659 	1616 	1618
f 1659 	1618 	1660
f 1580 	1948 	2720
f 2720 	1567 	1580
f 2238 	2237 	2192
f 2192 	2185 	2238
f 1660 	1618 	1619
f 1660 	1619 	1661
f 1661 	1619 	1620
f 1661 	1620 	1662
f 2247 	2176 	2241
f 1662 	1620 	1656
f 2243 	2176 	2244
f 2243 	2242 	2176
f 2244 	2176 	2156
f 1672 	1621 	1673
f 1678 	1622 	1621
f 1678 	1621 	1672
f 1622 	1678 	1680
f 1675 	1674 	1624
f 1675 	1624 	1626
f 2242 	2241 	2176
f 2241 	2248 	2247
f 2545 	2247 	2248
f 1676 	1675 	1626
f 1676 	1626 	1628
f 1677 	1676 	1628
f 1677 	1628 	1629
f 1395 	1677 	1629
f 1395 	1629 	1348
f 2221 	2251 	2234
f 2250 	2445 	2251
f 1695 	1693 	1631
f 2237 	2293 	2192
f 1697 	1695 	1631
f 1697 	1631 	1633
f 1699 	1697 	1633
f 1699 	1633 	1635
f 1700 	1699 	1635
f 1700 	1635 	1637
f 2253 	2252 	2294
f 2294 	2295 	2253
f 1701 	1700 	1637
f 1701 	1637 	1638
f 2254 	2253 	2295
f 1702 	1701 	1638
f 1702 	1638 	1639
f 1703 	1702 	1639
f 1703 	1639 	1645
f 2255 	2254 	2295
f 1418 	1703 	1645
f 2277 	2275 	2257
f 1622 	1680 	1651
f 1705 	1651 	1680
f 2258 	2257 	2275
f 1708 	1652 	1651
f 1708 	1651 	1705
f 2259 	2258 	2275
f 1708 	1422 	1652
f 1374 	1652 	1422
f 2261 	2260 	2275
f 2260 	2259 	2275
f 1684 	1439 	1653
f 1394 	1653 	1439
f 1684 	1653 	1654
f 1684 	1654 	1685
f 2321 	2263 	2262
f 1685 	1654 	1655
f 1685 	1655 	1686
f 2321 	2279 	2263
f 1686 	1655 	1687
f 2266 	2265 	2279
f 2264 	2279 	2265
f 1363 	1663 	1710
f 1741 	1711 	1663
f 1710 	1663 	1711
f 2270 	1464 	2269
f 2314 	1464 	2270
f 2269 	1464 	2268
f 2163 	2273 	2271
f 2276 	2273 	2163
f 2257 	2267 	2277
f 2267 	2266 	2277
f 2279 	2277 	2266
f 2173 	2282 	2280
f 2295 	2296 	2255
f 2285 	2282 	2173
f 2256 	2255 	2296
f 2291 	2292 	2284
f 2331 	2333 	2289
f 2286 	2284 	2292
f 2292 	2325 	2286
f 2288 	2286 	2325
f 1480 	1860 	2140
f 1862 	2142 	2141
f 1862 	2141 	1861
f 2281 	2256 	2297
f 2296 	2297 	2256
f 2141 	2143 	1863
f 2141 	1863 	1861
f 2284 	2283 	2291
f 2297 	2291 	2283
f 2283 	2281 	2297
f 1866 	1863 	2144
f 2143 	2144 	1863
f 2144 	2146 	1868
f 2144 	1868 	1866
f 2237 	2702 	2293
f 1880 	1868 	2148
f 2299 	2298 	2702
f 2300 	2299 	2702
f 2150 	2152 	1871
f 2301 	2300 	2702
f 1774 	1871 	1838
f 2152 	1838 	1871
f 1528 	2153 	1874
f 2301 	2702 	2302
f 1862 	1874 	2142
f 2153 	2142 	1874
f 2303 	2302 	2702
f 2303 	2702 	2304
f 2148 	2157 	1880
f 2146 	2148 	1868
f 2308 	2307 	2366
f 1888 	1880 	2158
f 2157 	2158 	1880
f 2366 	2310 	2309
f 2309 	2308 	2366
f 2158 	2159 	1890
f 2158 	1890 	1888
f 2271 	1890 	2161
f 2159 	2161 	1890
f 2161 	2163 	2271
f 2276 	2163 	2166
f 1748 	1746 	2319
f 2332 	2235 	10
f 2236 	10 	2235
f 1464 	2314 	76
f 2166 	2168 	2278
f 2166 	2278 	2276
f 2319 	2320 	1748
f 1754 	1748 	2320
f 2280 	2278 	2170
f 2168 	2170 	2278
f 1468 	2275 	1464
f 2197 	2198 	2315
f 2315 	2316 	2197
f 2316 	2215 	2197
f 2317 	2224 	2316
f 2317 	2318 	2224
f 2223 	2224 	2318
f 2170 	2173 	2280
f 2285 	2173 	2175
f 2328 	10 	2326
f 2330 	10 	2328
f 2332 	10 	2330
f 2264 	2263 	2279
f 2325 	2327 	2288
f 2327 	2329 	2288
f 2289 	2288 	2329
f 2329 	2331 	2289
f 2333 	2334 	2289
f 2262 	2289 	2334
f 2321 	2262 	2334
f 2311 	1754 	2320
f 2320 	2322 	2311
f 2312 	2311 	2322
f 2322 	2323 	2312
f 1243 	2312 	2323
f 1244 	1243 	2471
f 2471 	2472 	1244
f 2323 	2471 	1243
f 2175 	2177 	2287
f 2175 	2287 	2285
f 2318 	2336 	2223
f 2337 	2338 	2336
f 2223 	2336 	2338
f 2287 	2177 	2290
f 2178 	2290 	2177
f 2621 	2340 	2341
f 2360 	2361 	2359
f 2326 	10 	2324
f 2178 	2150 	2290
f 1871 	2290 	2150
f 3325 	2350 	2352
f 2346 	2347 	2345
f 2347 	2348 	2345
f 2348 	2349 	2345
f 2349 	2351 	2345
f 2351 	2353 	2345
f 2353 	2354 	2345
f 2354 	2355 	2345
f 2355 	2356 	2345
f 2356 	2358 	2345
f 2344 	2345 	2358
f 2358 	2692 	2344
f 2343 	2344 	2692
f 2335 	2403 	2357
f 2339 	2335 	2357
f 1669 	2339 	2357
f 2339 	1669 	1664
f 2324 	10 	2342
f 2362 	2359 	2361
f 2342 	2372 	2362
f 2187 	2186 	2363
f 2352 	2350 	2364
f 2352 	2364 	2365
f 1738 	1739 	1665
f 2307 	2306 	2366
f 2305 	2702 	2306
f 2188 	2187 	2363
f 2188 	2363 	2368
f 2365 	2364 	2370
f 2365 	2370 	2371
f 2189 	2188 	2368
f 2189 	2368 	2375
f 2374 	2362 	2373
f 2372 	2373 	2362
f 2372 	2342 	10
f 2359 	2362 	2374
f 1667 	1665 	1739
f 1508 	1506 	76
f 74 	1511 	76
f 1499 	1497 	76
f 2371 	2370 	2377
f 2371 	2377 	2378
f 2190 	2189 	2375
f 2190 	2375 	2379
f 1739 	2488 	2367
f 2367 	1667 	1739
f 2378 	2377 	2382
f 2378 	2382 	2383
f 2216 	2215 	2381
f 2384 	2381 	2215
f 2191 	2190 	2379
f 2191 	2379 	2385
f 862 	2191 	2385
f 862 	2385 	861
f 2376 	2369 	2489
f 2488 	2489 	2369
f 2383 	2382 	2386
f 2383 	2386 	2388
f 524 	1977 	1949
f 524 	1949 	511
f 2389 	2481 	2396
f 240 	239 	2193
f 2418 	2193 	239
f 2388 	2386 	2393
f 2388 	2393 	2394
f 1933 	1932 	1944
f 2201 	2200 	2397
f 2404 	1944 	1932
f 2396 	1944 	2400
f 2195 	2201 	2397
f 2195 	2397 	2401
f 2394 	2393 	2398
f 2394 	2398 	2402
f 2400 	1944 	2404
f 1737 	1666 	1712
f 2196 	2195 	2401
f 2196 	2401 	2406
f 2410 	2411 	2987
f 2986 	2987 	2411
f 2411 	2412 	2986
f 2985 	2986 	2412
f 2412 	2413 	2985
f 2693 	2985 	2413
f 2343 	2693 	2413
f 2987 	2988 	2410
f 2197 	2196 	2406
f 2197 	2406 	2415
f 2339 	1664 	1715
f 1717 	1715 	1664
f 2414 	2357 	2403
f 2403 	2399 	2414
f 2395 	2462 	2399
f 2198 	2197 	2415
f 2198 	2415 	2416
f 1717 	1664 	1665
f 1717 	1665 	1718
f 2186 	2198 	2416
f 2186 	2416 	2363
f 1718 	1665 	1667
f 1718 	1667 	1719
f 2418 	2204 	2193
f 2380 	2376 	2489
f 2825 	2430 	2824
f 2425 	2427 	2826
f 2825 	2826 	2427
f 2430 	2825 	2427
f 2430 	2432 	2824
f 1936 	2824 	2432
f 2405 	2402 	2398
f 2405 	2398 	2436
f 2490 	2491 	2417
f 2437 	2438 	2426
f 2438 	2439 	2426
f 2428 	2437 	2426
f 2429 	2437 	2428
f 2431 	2437 	2429
f 2433 	2983 	2431
f 2434 	2982 	2433
f 2991 	2992 	2407
f 2423 	2426 	2439
f 2421 	2423 	2439
f 2439 	2440 	2421
f 2419 	2421 	2440
f 2419 	2440 	2441
f 2161 	2159 	28
f 2491 	2492 	2424
f 2443 	2405 	2436
f 2443 	2436 	2444
f 2234 	2251 	2445
f 9 	28 	2384
f 2442 	2435 	2451
f 2451 	2464 	2442
f 2447 	2443 	2444
f 2447 	2444 	2448
f 2250 	2249 	2445
f 2381 	2384 	28
f 2449 	2447 	2448
f 2449 	2448 	2450
f 2446 	2442 	2464
f 2464 	2465 	2446
f 2392 	2446 	2465
f 2298 	2293 	2702
f 2452 	94 	93
f 2452 	93 	2453
f 2454 	2449 	2450
f 2454 	2450 	2456
f 2455 	2687 	2463
f 2462 	2395 	2461
f 2395 	2391 	2461
f 2414 	2399 	2462
f 2460 	2461 	2391
f 2465 	2467 	2392
f 2467 	2459 	2392
f 2391 	2392 	2459
f 2459 	2460 	2391
f 2457 	2913 	2458
f 2340 	2454 	2456
f 2340 	2456 	2341
f 2466 	2458 	2913
f 2469 	2470 	2473
f 1245 	1244 	2474
f 2474 	2475 	1245
f 2475 	1272 	1245
f 1272 	1273 	1245
f 2477 	2479 	2470
f 2477 	2470 	2469
f 2304 	2702 	2305
f 2390 	2481 	2389
f 2478 	2481 	2390
f 2480 	2481 	2478
f 1944 	2396 	2481
f 2517 	1709 	2513
f 1709 	1613 	2513
f 2482 	2483 	2479
f 2482 	2479 	2477
f 2486 	2487 	2483
f 2486 	2483 	2482
f 2435 	2424 	2492
f 2424 	2417 	2491
f 2451 	2435 	2492
f 2417 	2380 	2490
f 2489 	2490 	2380
f 2494 	2495 	2487
f 2494 	2487 	2486
f 2485 	2484 	2512
f 2204 	2418 	2505
f 2204 	2505 	2205
f 2512 	2686 	2485
f 2543 	2538 	2590
f 2537 	2530 	2496
f 2493 	2485 	2686
f 2481 	2524 	2498
f 2205 	2505 	2511
f 2205 	2511 	2207
f 2501 	2496 	2530
f 2504 	2497 	2686
f 2497 	2493 	2686
f 2509 	2498 	2515
f 2207 	2511 	2516
f 2207 	2516 	2208
f 2508 	2504 	2686
f 2515 	2498 	2519
f 2208 	2516 	2521
f 2208 	2521 	2209
f 2686 	2687 	2514
f 2514 	2508 	2686
f 2519 	2498 	2524
f 2209 	2521 	2526
f 2209 	2526 	2210
f 2687 	2455 	2522
f 2522 	2518 	2687
f 2518 	2514 	2687
f 2513 	2510 	2520
f 2520 	2517 	2513
f 2481 	2480 	2524
f 2210 	2526 	2528
f 2210 	2528 	2211
f 2523 	2520 	2510
f 2510 	2507 	2523
f 2211 	2528 	2532
f 2211 	2532 	2212
f 2525 	2523 	2507
f 2507 	2506 	2525
f 2527 	2525 	2506
f 1968 	2945 	1967
f 2534 	2535 	2945
f 2536 	2945 	2535
f 2498 	2945 	2536
f 2531 	2512 	2484
f 2531 	2529 	2512
f 2445 	2583 	2529
f 2512 	2529 	2583
f 2506 	2501 	2527
f 2212 	2532 	1485
f 2530 	2527 	2501
f 2533 	2512 	2583
f 2540 	2581 	2503
f 2500 	2503 	2544
f 2541 	2594 	2540
f 2539 	2498 	2544
f 2499 	2502 	2495
f 2499 	2495 	2494
f 2547 	2548 	2502
f 2547 	2502 	2499
f 2496 	2590 	2537
f 2543 	2559 	2546
f 2248 	2573 	2545
f 2547 	2018 	2548
f 2017 	2548 	2018
f 2553 	2554 	2420
f 2420 	2554 	2556
f 2420 	2556 	2557
f 2549 	2545 	2573
f 2560 	2555 	2559
f 2555 	2552 	2559
f 2552 	2550 	2559
f 2028 	2561 	2562
f 2028 	2562 	2029
f 2563 	2594 	2541
f 2544 	2503 	2564
f 2573 	2574 	2549
f 2566 	2589 	2567
f 2569 	2570 	2571
f 2588 	2572 	2420
f 2572 	2576 	2420
f 2553 	2420 	2576
f 2568 	2567 	2589
f 2575 	2568 	2589
f 2551 	2549 	2574
f 2574 	2673 	2558
f 2558 	2551 	2574
f 2577 	2570 	2569
f 2577 	2569 	2580
f 2579 	2594 	2563
f 2564 	2503 	2581
f 2578 	2575 	2589
f 2582 	2578 	2559
f 2589 	2559 	2578
f 2584 	2577 	2580
f 2584 	2580 	2587
f 2582 	2559 	2585
f 2593 	2594 	2579
f 2581 	2540 	2594
f 2592 	2584 	2587
f 2592 	2587 	2595
f 2583 	2445 	2586
f 2591 	2586 	2445
f 2550 	2546 	2559
f 2538 	2537 	2590
f 2559 	2543 	2590
f 2590 	2585 	2559
f 2597 	2592 	2595
f 2597 	2595 	2598
f 2612 	2614 	2420
f 2588 	2420 	2600
f 2596 	2591 	2445
f 2249 	2596 	2445
f 2594 	2593 	2607
f 2605 	2597 	2598
f 2605 	2598 	2608
f 2604 	3148 	2603
f 2639 	2635 	2602
f 2562 	2561 	2605
f 2562 	2605 	2608
f 2599 	2600 	2420
f 2599 	2420 	2614
f 2606 	2666 	2714
f 2714 	2716 	2606
f 2611 	2633 	2615
f 2620 	2621 	2617
f 2620 	2617 	2616
f 2217 	2216 	2542
f 2217 	2542 	2626
f 2625 	2420 	2623
f 2612 	2420 	2625
f 2422 	2425 	2827
f 2633 	2641 	2615
f 2716 	2717 	2606
f 2627 	97 	2631
f 1913 	97 	2627
f 2619 	2615 	2641
f 2622 	2619 	2641
f 2213 	2217 	2626
f 2213 	2626 	2629
f 2613 	2974 	2618
f 2641 	2644 	2622
f 2216 	2803 	2542
f 2624 	2618 	2643
f 2643 	2645 	2624
f 2631 	97 	2636
f 2628 	2622 	2644
f 2214 	2213 	2629
f 2214 	2629 	2638
f 2630 	2624 	2645
f 2645 	2647 	2630
f 2644 	2609 	2628
f 2632 	2628 	2609
f 2621 	2620 	2340
f 2609 	2601 	2632
f 2635 	2632 	2601
f 2601 	2602 	2635
f 2634 	2630 	2647
f 2647 	2533 	2634
f 2637 	2634 	2533
f 2583 	2637 	2533
f 2649 	2764 	2650
f 2654 	2655 	2649
f 2654 	2649 	2648
f 2565 	2558 	2673
f 1922 	2658 	1923
f 2658 	2659 	1923
f 1940 	1941 	2653
f 1939 	1940 	2653
f 2653 	2696 	1939
f 2673 	2674 	2565
f 2663 	2665 	2655
f 2663 	2655 	2654
f 2651 	2565 	2674
f 2678 	2681 	2657
f 2657 	2652 	2678
f 97 	3521 	2640
f 3520 	3518 	2640
f 2640 	2636 	97
f 2669 	2670 	2665
f 2669 	2665 	2663
f 2664 	2657 	2681
f 2669 	2675 	2677
f 2669 	2677 	2670
f 2611 	2671 	2633
f 2671 	2668 	2633
f 2681 	2633 	2668
f 2668 	2664 	2681
f 2675 	2682 	2683
f 2675 	2683 	2677
f 2679 	2714 	2666
f 2666 	2662 	2679
f 2676 	2679 	2662
f 2662 	2656 	2676
f 2674 	2676 	2656
f 2656 	2651 	2674
f 2682 	2688 	2690
f 2682 	2690 	2683
f 2685 	2710 	2684
f 2689 	2684 	2710
f 2693 	2343 	2692
f 2688 	2694 	2695
f 2688 	2695 	2690
f 2691 	2689 	2710
f 2698 	2699 	1939
f 1937 	1938 	2700
f 2700 	2701 	1937
f 1938 	1939 	2699
f 2700 	1938 	2699
f 1936 	1937 	2701
f 2366 	2306 	2702
f 2697 	2691 	2710
f 2694 	2704 	2705
f 2694 	2705 	2695
f 2697 	2710 	3085
f 2704 	2707 	2708
f 2704 	2708 	2705
f 2703 	2697 	3085
f 2703 	3085 	2706
f 2680 	2900 	2711
f 2706 	3085 	3055
f 2707 	2712 	2713
f 2707 	2713 	2708
f 2711 	2900 	2715
f 3332 	1730 	2720
f 1719 	1667 	1714
f 2712 	2724 	2725
f 2712 	2725 	2713
f 1713 	1712 	1666
f 1713 	1666 	1668
f 541 	2135 	507
f 2200 	2214 	2638
f 2200 	2638 	2397
f 2724 	2726 	2727
f 2724 	2727 	2725
f 1943 	507 	2135
f 1693 	1713 	1668
f 1693 	1668 	1631
f 2216 	2381 	2803
f 1721 	1669 	1722
f 2726 	2728 	2729
f 2726 	2729 	2727
f 2806 	2215 	2730
f 1725 	1670 	1669
f 1725 	1669 	1721
f 1947 	2113 	529
f 1947 	529 	512
f 2728 	2731 	2732
f 2728 	2732 	2729
f 1728 	1671 	1670
f 1728 	1670 	1725
f 2775 	2733 	2223
f 2224 	2223 	2733
f 529 	2113 	2114
f 529 	2114 	530
f 2215 	2224 	2733
f 2215 	2733 	2730
f 1728 	1673 	1671
f 1621 	1671 	1673
f 2731 	2734 	2732
f 530 	2114 	2115
f 530 	2115 	531
f 2229 	850 	2735
f 849 	2735 	850
f 1674 	1723 	1679
f 1674 	1679 	1624
f 531 	2115 	2116
f 531 	2116 	532
f 2229 	2735 	2738
f 2229 	2738 	2230
f 3385 	2739 	2737
f 1750 	1679 	1731
f 1723 	1731 	1679
f 2230 	2738 	2740
f 2230 	2740 	2231
f 532 	2116 	2117
f 532 	2117 	533
f 2741 	2742 	2737
f 2741 	2737 	2736
f 2231 	2740 	2743
f 2231 	2743 	2232
f 1636 	1734 	1688
f 1636 	1688 	1593
f 533 	2117 	2118
f 533 	2118 	534
f 2744 	2745 	2742
f 2744 	2742 	2741
f 2232 	2743 	2746
f 2232 	2746 	2233
f 1734 	1735 	1689
f 1734 	1689 	1688
f 2747 	2748 	2745
f 2747 	2745 	2744
f 534 	2118 	2119
f 534 	2119 	535
f 2757 	2227 	2746
f 1735 	1736 	1690
f 1735 	1690 	1689
f 2749 	2750 	2748
f 2749 	2748 	2747
f 535 	2119 	2120
f 535 	2120 	536
f 1736 	1740 	1691
f 1736 	1691 	1690
f 2752 	2753 	2750
f 2752 	2750 	2749
f 2236 	2235 	2751
f 2236 	2751 	2754
f 536 	2120 	2121
f 536 	2121 	537
f 1740 	1742 	1692
f 1740 	1692 	1691
f 2755 	2756 	2753
f 2755 	2753 	2752
f 2236 	2754 	255
f 537 	2121 	528
f 2755 	2473 	2756
f 2470 	2756 	2473
f 1742 	1745 	1694
f 1742 	1694 	1692
f 2759 	2760 	2810
f 1745 	1747 	1696
f 1745 	1696 	1694
f 1747 	1749 	1698
f 1747 	1698 	1696
f 546 	2123 	2122
f 546 	2122 	547
f 2813 	2764 	2762
f 1752 	1687 	1681
f 1655 	1681 	1687
f 2136 	548 	2122
f 547 	2122 	548
f 1752 	1681 	1682
f 1752 	1682 	1753
f 2813 	2650 	2764
f 546 	540 	2123
f 2124 	2123 	540
f 1753 	1682 	1683
f 1753 	1683 	1755
f 2732 	2734 	2768
f 2332 	2767 	2769
f 1755 	1683 	1698
f 1755 	1698 	1749
f 541 	544 	2134
f 541 	2134 	2135
f 2751 	2235 	2769
f 2768 	2815 	2770
f 1756 	1640 	1704
f 1608 	1704 	1640
f 552 	551 	2125
f 2815 	2772 	2770
f 1756 	1704 	1706
f 1756 	1706 	1757
f 553 	552 	2125
f 553 	2125 	2126
f 1757 	1706 	1707
f 1757 	1707 	1758
f 554 	553 	2126
f 554 	2126 	2127
f 1758 	1707 	1709
f 1758 	1709 	1759
f 555 	554 	2127
f 555 	2127 	2128
f 555 	2128 	2129
f 555 	2129 	556
f 1879 	2513 	1657
f 556 	2129 	2130
f 556 	2130 	557
f 2774 	2818 	2778
f 3332 	1760 	1733
f 557 	2130 	2131
f 557 	2131 	558
f 2820 	2780 	2778
f 558 	2131 	2132
f 558 	2132 	559
f 1761 	1656 	1716
f 1620 	1716 	1656
f 2372 	15 	2783
f 559 	2132 	2133
f 559 	2133 	560
f 2785 	2372 	2783
f 1761 	1716 	1720
f 1761 	1720 	1762
f 560 	2133 	2134
f 560 	2134 	544
f 2374 	2785 	2786
f 1762 	1720 	1724
f 1762 	1724 	1763
f 2777 	2359 	2786
f 2136 	563 	548
f 1763 	1724 	1726
f 1763 	1726 	1764
f 2233 	2746 	2227
f 2313 	2227 	2757
f 563 	2136 	2137
f 563 	2137 	564
f 1764 	1726 	1727
f 1764 	1727 	1765
f 2315 	2313 	2757
f 2315 	2757 	2758
f 2835 	2788 	2787
f 564 	2137 	2138
f 564 	2138 	565
f 1765 	1727 	1729
f 1765 	1729 	1766
f 2316 	2315 	2758
f 2316 	2758 	2761
f 2789 	2788 	2835
f 565 	2138 	2139
f 565 	2139 	566
f 2761 	2763 	2316
f 2317 	2316 	2763
f 1766 	1729 	1730
f 1766 	1730 	1767
f 566 	2139 	2145
f 566 	2145 	567
f 2318 	2317 	2763
f 1767 	1730 	1732
f 1767 	1732 	1768
f 567 	2145 	2147
f 567 	2147 	568
f 2776 	2765 	2324
f 1768 	1732 	1733
f 1768 	1733 	1760
f 568 	2147 	2149
f 568 	2149 	569
f 2328 	2326 	2765
f 2328 	2765 	2766
f 2174 	2124 	540
f 2766 	2767 	2328
f 2330 	2328 	2767
f 1709 	2517 	1759
f 2767 	2332 	2330
f 2853 	2792 	2791
f 569 	2149 	2151
f 569 	2151 	570
f 1712 	1771 	1737
f 2332 	2769 	2235
f 2793 	2792 	2853
f 2336 	2318 	2771
f 2763 	2771 	2318
f 570 	2151 	562
f 1881 	1759 	2517
f 2773 	2337 	2771
f 2336 	2771 	2337
f 540 	604 	2174
f 1771 	1773 	1738
f 1771 	1738 	1737
f 2773 	2775 	2337
f 2338 	2337 	2775
f 1773 	1775 	1739
f 1773 	1739 	1738
f 2488 	1739 	1776
f 1775 	1776 	1739
f 2860 	2796 	2795
f 2155 	2154 	578
f 2155 	578 	595
f 2324 	2342 	2776
f 2326 	2324 	2765
f 1741 	1778 	1711
f 2797 	2796 	2860
f 2223 	2338 	2775
f 683 	603 	2176
f 1778 	1741 	1743
f 1778 	1743 	1779
f 2374 	2786 	2359
f 1779 	1743 	1744
f 1779 	1744 	1780
f 2244 	2156 	599
f 600 	599 	2156
f 1780 	1744 	1746
f 1780 	1746 	1781
f 2361 	2360 	2777
f 2361 	2777 	2779
f 598 	600 	2156
f 598 	2156 	3192
f 2779 	2781 	2361
f 2362 	2361 	2781
f 1781 	1746 	1748
f 1781 	1748 	1782
f 2867 	2800 	2799
f 2776 	2342 	2781
f 2362 	2781 	2342
f 2246 	2160 	584
f 585 	584 	2160
f 1782 	1748 	1783
f 15 	2372 	10
f 2801 	2800 	2867
f 586 	585 	2160
f 586 	2160 	2162
f 1785 	1722 	2357
f 1669 	2357 	1722
f 2373 	2372 	2785
f 587 	586 	2162
f 587 	2162 	2164
f 1731 	1786 	1750
f 2869 	2833 	2801
f 2785 	2374 	2373
f 1786 	1788 	1751
f 1786 	1751 	1750
f 588 	587 	2164
f 588 	2164 	2165
f 2360 	2359 	2777
f 1788 	1789 	1751
f 588 	2165 	2167
f 588 	2167 	589
f 2802 	2873 	2804
f 2381 	2140 	2803
f 1860 	2803 	2140
f 1791 	1783 	1754
f 1748 	1754 	1783
f 589 	2167 	2169
f 589 	2169 	590
f 2873 	2805 	2804
f 2806 	2384 	2215
f 1791 	1754 	2311
f 1791 	2311 	1792
f 21 	9 	2384
f 21 	2384 	2806
f 590 	2169 	2171
f 590 	2171 	591
f 1792 	2311 	2312
f 1792 	2312 	1793
f 591 	2171 	2172
f 591 	2172 	592
f 1243 	1202 	2312
f 1793 	2312 	1202
f 592 	2172 	2155
f 592 	2155 	595
f 1789 	1795 	2319
f 1789 	2319 	1751
f 1795 	1796 	2320
f 1795 	2320 	2319
f 2154 	2174 	578
f 604 	578 	2174
f 1796 	1799 	2322
f 1796 	2322 	2320
f 2810 	2811 	2759
f 1799 	1801 	2323
f 1799 	2323 	2322
f 2811 	2812 	2762
f 2811 	2762 	2759
f 3207 	2176 	1183
f 603 	1183 	2176
f 2471 	2323 	1803
f 1801 	1803 	2323
f 502 	1942 	633
f 2812 	2813 	2762
f 2414 	1804 	2357
f 1805 	2357 	1804
f 2357 	1805 	1785
f 2648 	2649 	2650
f 616 	615 	2179
f 616 	2179 	2180
f 611 	616 	2180
f 611 	2180 	2181
f 2734 	2814 	2768
f 613 	611 	2181
f 613 	2181 	2182
f 1816 	1815 	2335
f 1816 	2335 	2339
f 2814 	2815 	2768
f 498 	613 	2182
f 498 	2182 	1530
f 1715 	1816 	2339
f 2772 	2815 	2816
f 622 	528 	2183
f 2121 	2183 	528
f 1809 	1714 	2367
f 1667 	2367 	1714
f 2816 	2817 	2774
f 2816 	2774 	2772
f 622 	2183 	2184
f 622 	2184 	623
f 1809 	2367 	2369
f 1809 	2369 	1810
f 623 	2184 	2185
f 623 	2185 	624
f 2817 	2818 	2774
f 1810 	2369 	2376
f 1810 	2376 	1811
f 624 	2185 	2192
f 624 	2192 	625
f 1811 	2376 	2380
f 1811 	2380 	1812
f 2810 	2760 	2819
f 1812 	2380 	1814
f 2820 	2778 	2818
f 1817 	1818 	2451
f 2780 	2820 	2821
f 1818 	1819 	2451
f 2821 	2822 	2782
f 2821 	2782 	2780
f 1823 	2414 	1822
f 2784 	2782 	2823
f 2822 	2823 	2782
f 2414 	1823 	1804
f 2701 	2824 	1936
f 2826 	2827 	2425
f 2829 	2420 	2828
f 2827 	2828 	2420
f 2420 	2422 	2827
f 1830 	1829 	2392
f 1830 	2392 	2391
f 2802 	2784 	2830
f 2823 	2830 	2784
f 1831 	1830 	2391
f 1831 	2391 	2395
f 2833 	2834 	2787
f 2787 	2801 	2833
f 1832 	1831 	2395
f 1832 	2395 	2399
f 2787 	2834 	2835
f 1833 	1832 	2399
f 1833 	2399 	2403
f 2836 	2789 	2835
f 2403 	2335 	1833
f 1815 	1833 	2335
f 2789 	2836 	2790
f 2837 	2790 	2836
f 2838 	2420 	2829
f 2839 	2420 	2838
f 2839 	2840 	2420
f 2840 	2841 	2420
f 2841 	2842 	2420
f 2842 	2843 	2420
f 2843 	2844 	2420
f 2845 	2420 	2844
f 2846 	2420 	2845
f 2623 	2420 	2846
f 1834 	1814 	2417
f 2380 	2417 	1814
f 2837 	2819 	2790
f 2760 	2790 	2819
f 1834 	2417 	2424
f 1834 	2424 	1835
f 2847 	2848 	2791
f 1835 	2424 	2435
f 1835 	2435 	1836
f 2848 	2853 	2791
f 2857 	2898 	2071
f 2898 	2894 	2071
f 2856 	2857 	2071
f 2855 	2856 	2071
f 2854 	2855 	2071
f 2894 	2895 	2071
f 2895 	2890 	2071
f 1836 	2435 	2442
f 1836 	2442 	1837
f 2793 	2853 	37
f 1837 	2442 	2446
f 1837 	2446 	1828
f 2858 	2794 	37
f 2793 	37 	2794
f 2392 	1829 	1828
f 2392 	1828 	2446
f 1819 	1840 	2464
f 1819 	2464 	2451
f 2795 	2794 	2859
f 2858 	2859 	2794
f 1840 	1842 	2465
f 1840 	2465 	2464
f 2859 	2860 	2795
f 1843 	2467 	2465
f 1843 	2465 	1842
f 1845 	2459 	2467
f 1845 	2467 	1843
f 2863 	2866 	2861
f 2797 	2860 	2862
f 1847 	2460 	2459
f 1847 	2459 	1845
f 2862 	2864 	2798
f 2862 	2798 	2797
f 1851 	2461 	2460
f 1851 	2460 	1847
f 2723 	2866 	2863
f 2865 	2799 	2798
f 2865 	2798 	2864
f 1853 	2462 	2461
f 1853 	2461 	1851
f 2723 	2715 	2866
f 1853 	1822 	2462
f 2414 	2462 	1822
f 2799 	2865 	2867
f 1803 	1850 	2471
f 2869 	2801 	2867
f 2870 	2868 	2849
f 2849 	2861 	2866
f 1850 	1856 	2472
f 1850 	2472 	2471
f 2868 	2861 	2849
f 1858 	2474 	2472
f 1858 	2472 	1856
f 1859 	2475 	2474
f 1859 	2474 	1858
f 2870 	2849 	2871
f 2830 	2872 	2802
f 1859 	1312 	2475
f 1272 	2475 	1312
f 2871 	2849 	2832
f 2872 	2873 	2802
f 1613 	1657 	2513
f 2805 	2873 	2875
f 628 	627 	2194
f 628 	2194 	2199
f 2061 	2879 	323
f 2900 	3496 	2874
f 629 	628 	2199
f 629 	2199 	2202
f 2875 	2876 	2807
f 2875 	2807 	2805
f 1776 	1864 	2488
f 630 	629 	2202
f 630 	2202 	2203
f 2808 	2807 	2877
f 2876 	2877 	2807
f 1864 	1865 	2489
f 1864 	2489 	2488
f 1865 	1867 	2490
f 1865 	2490 	2489
f 2808 	2877 	2809
f 2878 	2809 	2877
f 515 	630 	2203
f 515 	2203 	1950
f 1867 	1869 	2491
f 1867 	2491 	2490
f 2882 	323 	2881
f 2883 	323 	2882
f 2884 	323 	2883
f 2885 	323 	2884
f 2880 	2881 	323
f 2879 	2880 	323
f 2886 	323 	2885
f 2887 	323 	2886
f 2874 	323 	2887
f 2878 	2847 	2809
f 2791 	2809 	2847
f 1869 	1870 	2492
f 1869 	2492 	2491
f 2097 	2888 	2889
f 2097 	2889 	2098
f 633 	2206 	2252
f 2451 	2492 	1817
f 1870 	1817 	2492
f 2063 	2066 	2071
f 2888 	2892 	2893
f 2888 	2893 	2889
f 2192 	2293 	754
f 2192 	754 	625
f 1873 	1872 	2496
f 2891 	2064 	2071
f 2852 	2854 	2071
f 2064 	2063 	2071
f 2892 	2896 	2897
f 2892 	2897 	2893
f 1875 	1873 	2496
f 1875 	2496 	2501
f 627 	640 	2218
f 627 	2218 	2194
f 2890 	2891 	2071
f 2896 	2899 	2897
f 1876 	1875 	2501
f 1876 	2501 	2506
f 640 	2294 	2218
f 2866 	2715 	2900
f 2672 	2900 	2680
f 2902 	2107 	2901
f 2105 	2901 	2107
f 1877 	1876 	2506
f 1877 	2506 	2507
f 2468 	2466 	2913
f 637 	636 	2219
f 637 	2219 	2220
f 2902 	2901 	2903
f 2902 	2903 	2904
f 2476 	2468 	2913
f 2220 	2179 	637
f 615 	637 	2179
f 2904 	2903 	2906
f 2476 	2913 	2957
f 645 	2251 	2221
f 2909 	2938 	2908
f 2910 	2942 	2909
f 2910 	2911 	2945
f 1965 	2945 	2911
f 2907 	2905 	2957
f 2905 	2476 	2957
f 2912 	2914 	2916
f 646 	645 	2221
f 646 	2221 	2222
f 2918 	2912 	2916
f 2918 	2916 	2920
f 2957 	2946 	2915
f 2915 	2907 	2957
f 662 	646 	2222
f 2926 	1974 	2921
f 2926 	2921 	2922
f 2926 	2922 	2923
f 2926 	2923 	2924
f 2352 	2926 	2924
f 2925 	2918 	2920
f 2925 	2920 	2927
f 650 	562 	2225
f 2151 	2225 	562
f 2926 	2352 	1760
f 2928 	2925 	2927
f 2928 	2927 	2929
f 2917 	2915 	2940
f 2936 	2931 	2919
f 2919 	2917 	2936
f 650 	2225 	2226
f 650 	2226 	651
f 2930 	2928 	2929
f 2930 	2929 	2932
f 651 	2226 	2228
f 651 	2228 	652
f 1967 	2945 	1966
f 2934 	2908 	2933
f 1966 	2945 	1965
f 2935 	2930 	2932
f 2935 	2932 	2937
f 652 	2228 	2234
f 652 	2234 	654
f 2933 	2908 	2938
f 2931 	3096 	3004
f 2939 	2935 	2937
f 2939 	2937 	2941
f 2938 	2909 	2942
f 2944 	2939 	2941
f 2509 	2500 	2498
f 2942 	2910 	2945
f 2943 	2915 	2946
f 2940 	2915 	2943
f 2936 	2917 	2940
f 2899 	2947 	2948
f 2899 	2948 	2897
f 2945 	2498 	2949
f 657 	656 	2237
f 657 	2237 	2238
f 2951 	2944 	2941
f 2951 	2941 	3098
f 2949 	2498 	2952
f 658 	657 	2238
f 658 	2238 	2239
f 659 	658 	2239
f 659 	2239 	2240
f 2950 	2946 	2957
f 1878 	1877 	2507
f 1878 	2507 	2510
f 1879 	1878 	2510
f 1879 	2510 	2513
f 551 	659 	2240
f 551 	2240 	2125
f 2953 	2950 	2957
f 2176 	2247 	683
f 2954 	2953 	2957
f 2955 	2954 	2957
f 2956 	2955 	2957
f 669 	668 	2241
f 669 	2241 	2242
f 2959 	2961 	2958
f 670 	669 	2242
f 670 	2242 	2243
f 1881 	2517 	2520
f 1881 	2520 	1882
f 672 	670 	2243
f 672 	2243 	2244
f 1882 	2520 	2523
f 1882 	2523 	1883
f 2958 	2961 	2960
f 599 	672 	2244
f 1883 	2523 	2525
f 1883 	2525 	1884
f 2962 	2960 	2961
f 662 	2222 	2245
f 1884 	2525 	2527
f 1884 	2527 	1885
f 2963 	2962 	2961
f 663 	662 	2245
f 663 	2245 	2246
f 1885 	2527 	2530
f 1885 	2530 	1886
f 584 	663 	2246
f 2961 	3002 	2963
f 1886 	2530 	1887
f 2964 	2963 	3002
f 2965 	2964 	3002
f 2545 	676 	2247
f 683 	2247 	676
f 1891 	2560 	2559
f 1891 	2559 	1889
f 668 	686 	2248
f 668 	2248 	2241
f 1892 	1887 	2537
f 2530 	2537 	1887
f 2966 	2965 	3002
f 3002 	2993 	2966
f 2980 	2979 	2966
f 686 	966 	2248
f 1892 	2537 	2538
f 1892 	2538 	1893
f 678 	677 	2249
f 1894 	1893 	2538
f 1894 	2538 	2543
f 2979 	2978 	2967
f 1895 	1894 	2543
f 1895 	2543 	2546
f 1896 	1895 	2546
f 1896 	2546 	2550
f 2976 	2977 	3002
f 2721 	2610 	2719
f 2719 	2610 	2718
f 2717 	2718 	2606
f 2722 	2610 	2721
f 2969 	2610 	2722
f 2970 	2610 	2969
f 2971 	2613 	2970
f 2972 	2613 	2971
f 2973 	2613 	2972
f 2606 	2718 	2610
f 2975 	2618 	2974
f 2610 	2970 	2613
f 2643 	2618 	2975
f 2974 	2613 	2973
f 1897 	1896 	2550
f 1897 	2550 	2552
f 1898 	1897 	2552
f 1898 	2552 	2555
f 2968 	2967 	2978
f 1891 	1898 	2555
f 1891 	2555 	2560
f 1903 	1902 	2566
f 1903 	2566 	2567
f 2967 	2966 	2979
f 2980 	2966 	2984
f 2983 	2433 	2982
f 2437 	2431 	2983
f 2982 	2434 	2981
f 2409 	2410 	2988
f 2988 	2989 	2409
f 2989 	2990 	2409
f 2408 	2409 	2990
f 2990 	2991 	2408
f 2407 	2408 	2991
f 2434 	2387 	2992
f 2387 	2407 	2992
f 2981 	2434 	2992
f 2984 	2966 	2993
f 1904 	1903 	2567
f 1904 	2567 	2568
f 2994 	2993 	3002
f 2998 	2994 	3002
f 2997 	2999 	174
f 3000 	174 	2999
f 2996 	2997 	167
f 2995 	2996 	167
f 184 	174 	3000
f 2995 	167 	2453
f 2952 	2498 	3003
f 3002 	2977 	3001
f 3001 	2998 	3002
f 2544 	2498 	2500
f 3003 	2498 	3009
f 3008 	3118 	3007
f 3007 	3116 	3006
f 3009 	2498 	3013
f 3004 	2919 	2931
f 3012 	3010 	3093
f 3013 	2498 	2539
f 3093 	3092 	3012
f 3015 	3012 	3092
f 3092 	3091 	3015
f 3016 	3014 	3025
f 3019 	3017 	3050
f 3017 	3016 	3050
f 3025 	3050 	3016
f 680 	678 	2249
f 680 	2249 	2250
f 682 	680 	2250
f 682 	2250 	2251
f 2978 	3024 	2968
f 645 	682 	2251
f 3028 	3029 	2051
f 3029 	3030 	2051
f 3041 	2051 	3030
f 3041 	3030 	3031
f 3032 	3040 	3031
f 3033 	3040 	3032
f 3034 	3040 	3033
f 3036 	3039 	3034
f 3037 	3039 	3036
f 3038 	3039 	3037
f 3039 	3040 	3034
f 3041 	3031 	3040
f 3027 	2968 	3024
f 910 	654 	2234
f 3050 	3051 	3019
f 3048 	3045 	2908
f 1290 	2908 	3045
f 3021 	3019 	3051
f 3316 	3057 	3044
f 3052 	2908 	2934
f 3048 	2908 	3052
f 3051 	3011 	3021
f 3023 	3021 	3011
f 3011 	3005 	3023
f 3005 	3006 	3046
f 3046 	3023 	3005
f 3047 	3044 	3057
f 3057 	3062 	3047
f 3186 	3063 	3170
f 3054 	3170 	3063
f 3053 	3049 	2709
f 3062 	2709 	3049
f 3049 	3047 	3062
f 3058 	3056 	3064
f 3063 	3064 	3056
f 1266 	1268 	2051
f 1269 	2051 	1268
f 1271 	2051 	1269
f 1276 	2051 	1278
f 1283 	2051 	1275
f 1276 	1275 	2051
f 3061 	3060 	3025
f 3064 	3025 	3060
f 3061 	3025 	3014
f 3060 	3058 	3064
f 2709 	2706 	3053
f 3055 	3053 	2706
f 3059 	3055 	3085
f 2000 	1999 	1286
f 1306 	2000 	1286
f 1306 	1286 	1285
f 1290 	1289 	2908
f 1286 	1997 	1289
f 2252 	695 	633
f 3071 	3072 	3070
f 695 	2252 	2253
f 695 	2253 	696
f 1293 	2051 	1291
f 1267 	2051 	1293
f 1266 	2051 	1267
f 696 	2253 	2254
f 696 	2254 	697
f 3068 	3075 	3069
f 697 	2254 	2255
f 697 	2255 	698
f 698 	2255 	2256
f 698 	2256 	699
f 1292 	2051 	1980
f 1291 	2051 	1292
f 1979 	1980 	1358
f 1351 	1979 	1353
f 1358 	1980 	1361
f 1353 	1979 	1355
f 3070 	3069 	3071
f 3075 	3071 	3069
f 3072 	3073 	3070
f 3067 	3070 	3073
f 3073 	3074 	3067
f 3066 	3067 	3074
f 3066 	3074 	2678
f 3066 	2678 	2652
f 1361 	1980 	2051
f 1355 	1979 	1358
f 703 	702 	2257
f 704 	703 	2257
f 704 	2257 	2258
f 1371 	1370 	2051
f 705 	704 	2258
f 705 	2258 	2259
f 706 	705 	2259
f 706 	2259 	2260
f 3088 	3087 	3079
f 3079 	3080 	3088
f 3068 	3088 	3080
f 1365 	1361 	2051
f 707 	706 	2260
f 707 	2260 	2261
f 3081 	3059 	3085
f 636 	707 	2261
f 636 	2261 	2219
f 1370 	1365 	2051
f 3082 	3081 	3085
f 713 	712 	2262
f 2051 	1379 	1373
f 714 	713 	2262
f 714 	2262 	2263
f 3083 	3082 	3085
f 3084 	3083 	3085
f 715 	714 	2263
f 715 	2263 	2264
f 1379 	2051 	1981
f 1373 	1371 	2051
f 717 	715 	2264
f 717 	2264 	2265
f 1981 	2051 	1982
f 718 	717 	2265
f 718 	2265 	2266
f 3086 	3090 	3076
f 719 	718 	2266
f 719 	2266 	2267
f 3024 	3022 	3027
f 702 	719 	2267
f 702 	2267 	2257
f 3078 	3079 	3087
f 3077 	3078 	3087
f 3080 	3075 	3068
f 3087 	3086 	3077
f 3076 	3077 	3086
f 3020 	3018 	3042
f 3042 	3035 	3020
f 3022 	3020 	3035
f 3035 	3027 	3022
f 735 	722 	2268
f 2365 	2340 	2352
f 722 	724 	2269
f 722 	2269 	2268
f 3089 	3076 	3090
f 724 	727 	2270
f 724 	2270 	2269
f 2908 	1984 	1986
f 1986 	2025 	2908
f 2947 	3094 	3095
f 2947 	3095 	2948
f 727 	730 	2270
f 3097 	2951 	3098
f 1990 	1989 	2908
f 1984 	2908 	1987
f 1905 	1904 	2568
f 1905 	2568 	2575
f 3094 	3097 	3098
f 3094 	3098 	3095
f 1987 	2908 	1989
f 735 	2268 	2272
f 2566 	1902 	2589
f 1907 	2589 	1902
f 3100 	2906 	3099
f 2903 	3099 	2906
f 1990 	2908 	1992
f 1906 	1905 	2575
f 1906 	2575 	2578
f 736 	735 	2272
f 736 	2272 	2274
f 3100 	3099 	3101
f 3100 	3101 	3102
f 1994 	2908 	1995
f 1992 	2908 	1994
f 732 	736 	2274
f 732 	2274 	2275
f 3102 	3101 	3103
f 3102 	3103 	3104
f 1999 	1997 	1286
f 1995 	2908 	1997
f 1899 	1906 	2578
f 1899 	2578 	2582
f 732 	2275 	2277
f 732 	2277 	734
f 2569 	2571 	3103
f 3104 	3103 	2571
f 2908 	1289 	1997
f 734 	2277 	2279
f 734 	2279 	720
f 1900 	1899 	2582
f 1900 	2582 	2585
f 2256 	2281 	739
f 2256 	739 	699
f 739 	2281 	2283
f 739 	2283 	741
f 1901 	1900 	2585
f 1901 	2585 	2590
f 741 	2283 	2284
f 741 	2284 	742
f 742 	2284 	2286
f 742 	2286 	744
f 2081 	2083 	2005
f 2015 	2081 	2005
f 2014 	2015 	2005
f 2008 	2010 	2005
f 2010 	2012 	2005
f 2014 	2005 	2012
f 2559 	2589 	1907
f 745 	744 	2286
f 745 	2286 	2288
f 1872 	1901 	2590
f 1872 	2590 	2496
f 746 	745 	2288
f 746 	2288 	2289
f 2021 	2908 	2023
f 2018 	2616 	2016
f 1907 	1889 	2559
f 2016 	2616 	2019
f 712 	746 	2289
f 712 	2289 	2262
f 1909 	1908 	2609
f 1909 	2609 	2644
f 2019 	2908 	2021
f 2291 	2297 	749
f 767 	749 	2297
f 1908 	98 	2601
f 1908 	2601 	2609
f 749 	750 	2292
f 749 	2292 	2291
f 98 	1910 	2602
f 98 	2602 	2601
f 2023 	2908 	2025
f 1910 	1911 	2603
f 1910 	2603 	2602
f 1911 	1912 	2604
f 1911 	2604 	2603
f 1912 	1913 	2604
f 2298 	755 	2293
f 754 	2293 	755
f 2031 	2003 	2100
f 2090 	2100 	2003
f 1915 	2633 	1916
f 640 	758 	2294
f 1914 	2633 	1915
f 758 	760 	2295
f 758 	2295 	2294
f 1919 	2633 	1914
f 2831 	2832 	2849
f 2042 	2831 	2849
f 1983 	2051 	2033
f 1982 	2051 	1983
f 2042 	2849 	2043
f 2296 	2295 	764
f 760 	764 	2295
f 1918 	2641 	1919
f 2033 	2051 	2035
f 764 	767 	2297
f 764 	2297 	2296
f 2043 	2071 	2045
f 2035 	2049 	2037
f 2452 	2453 	3065
f 2037 	2047 	2039
f 3046 	3006 	3116
f 2366 	772 	2310
f 2039 	2045 	2041
f 1271 	1278 	2051
f 2849 	2071 	2043
f 3117 	3119 	3273
f 2298 	784 	755
f 3125 	3120 	3008
f 2045 	2039 	2047
f 3273 	3119 	3121
f 784 	2298 	2299
f 784 	2299 	786
f 3118 	3008 	3120
f 3116 	3007 	3118
f 3026 	2051 	1283
f 2047 	2037 	2049
f 3121 	3123 	3275
f 786 	2299 	2300
f 786 	2300 	788
f 3125 	3126 	3120
f 3026 	3028 	2051
f 2049 	2035 	2051
f 788 	2300 	2301
f 788 	2301 	790
f 790 	2301 	2302
f 790 	2302 	792
f 3130 	3275 	3123
f 3124 	3122 	3127
f 3128 	3124 	3127
f 3129 	3131 	3128
f 3126 	3127 	3122
f 3122 	3120 	3126
f 792 	2302 	2303
f 792 	2303 	793
f 2053 	2055 	323
f 2055 	2057 	323
f 2059 	323 	2057
f 2061 	323 	2059
f 793 	2303 	2304
f 793 	2304 	777
f 3124 	3128 	3131
f 3133 	3131 	3129
f 3132 	3137 	3090
f 778 	777 	2304
f 778 	2304 	2305
f 2066 	2068 	2071
f 2068 	2070 	2071
f 2073 	2071 	2070
f 2077 	2075 	2070
f 3133 	3129 	3134
f 780 	778 	2305
f 780 	2305 	2306
f 2849 	2850 	2071
f 2041 	2045 	2071
f 3132 	3135 	3137
f 3089 	3090 	3137
f 3129 	3141 	3134
f 3136 	3134 	3141
f 781 	780 	2306
f 781 	2306 	2307
f 2850 	2851 	2071
f 782 	781 	2307
f 782 	2307 	2308
f 2633 	1919 	2641
f 1917 	2641 	1918
f 783 	782 	2308
f 783 	2308 	2309
f 1921 	2641 	1917
f 772 	783 	2309
f 772 	2309 	2310
f 3374 	3373 	3137
f 3137 	3135 	3374
f 3382 	3374 	3139
f 3140 	3374 	3135
f 3139 	3374 	3140
f 3241 	3386 	3139
f 2641 	1921 	2644
f 1920 	2644 	1921
f 750 	796 	2325
f 750 	2325 	2292
f 2602 	2603 	2639
f 1920 	1909 	2644
f 796 	799 	2327
f 796 	2327 	2325
f 2002 	2005 	2083
f 2083 	2085 	2002
f 2085 	2087 	2002
f 2003 	2002 	2087
f 2003 	2087 	2089
f 2003 	2089 	2090
f 2671 	2611 	1923
f 1924 	1923 	2611
f 3148 	2639 	2603
f 2079 	2077 	2070
f 2075 	2073 	2070
f 2851 	2852 	2071
f 1925 	1924 	2611
f 1925 	2611 	2615
f 2604 	3154 	3149
f 3149 	3148 	2604
f 2095 	2093 	2070
f 2091 	2079 	2070
f 3093 	3010 	3096
f 3010 	3004 	3096
f 2093 	2091 	2070
f 1926 	1925 	2615
f 1926 	2615 	2619
f 1235 	3152 	1234
f 1927 	1926 	2619
f 1927 	2619 	2622
f 3155 	3156 	3150
f 3151 	3150 	3156
f 3157 	3151 	3156
f 3158 	3159 	3157
f 3150 	3149 	3155
f 3154 	3155 	3149
f 3043 	3042 	3018
f 3018 	3153 	3043
f 1235 	3043 	3153
f 3153 	3152 	1235
f 1927 	2622 	2628
f 1927 	2628 	1928
f 1277 	1381 	3091
f 1928 	2628 	2632
f 1928 	2632 	1929
f 2031 	2100 	2027
f 2102 	2104 	2027
f 2102 	2027 	2100
f 2028 	2027 	2106
f 2106 	2027 	2104
f 2107 	2028 	2106
f 3151 	3157 	3159
f 3160 	3159 	3158
f 1929 	2632 	2635
f 1929 	2635 	1930
f 2108 	323 	2109
f 2108 	2111 	323
f 323 	2111 	2053
f 3160 	3158 	3161
f 1930 	2635 	2639
f 1930 	2639 	1931
f 3158 	3166 	3161
f 3162 	3161 	3166
f 1931 	2639 	1922
f 2494 	2616 	2499
f 3141 	3142 	3136
f 3138 	3136 	3142
f 3138 	3142 	3143
f 3166 	3167 	3162
f 3163 	3162 	3167
f 3163 	3167 	3168
f 802 	2329 	2327
f 802 	2327 	799
f 2449 	2454 	2365
f 3163 	3168 	3172
f 3185 	3186 	3171
f 3170 	3171 	3186
f 805 	2331 	2329
f 805 	2329 	802
f 3168 	3180 	3172
f 810 	44 	76
f 3173 	3172 	3180
f 807 	2333 	2331
f 807 	2331 	805
f 3176 	3174 	3188
f 3175 	3173 	3180
f 1879 	1760 	2340
f 2365 	2371 	2378
f 2365 	2378 	2383
f 2365 	2383 	2388
f 2365 	2388 	2394
f 2365 	2394 	2402
f 2365 	2402 	2405
f 2365 	2405 	2443
f 2365 	2443 	2447
f 2365 	2447 	2449
f 2340 	2365 	2454
f 808 	2334 	2333
f 808 	2333 	807
f 2908 	2019 	2616
f 2473 	2712 	2469
f 3181 	3182 	3177
f 3187 	3179 	3256
f 3179 	3177 	3182
f 3177 	3175 	3181
f 3180 	3181 	3175
f 2314 	810 	76
f 3171 	3178 	3185
f 3056 	3054 	3063
f 3184 	3185 	3178
f 3183 	3184 	3178
f 3178 	3176 	3183
f 2469 	2616 	2477
f 2499 	2616 	2547
f 809 	2321 	2334
f 809 	2334 	808
f 2477 	2616 	2482
f 3227 	3276 	3113
f 730 	810 	2314
f 730 	2314 	2270
f 3183 	3176 	3188
f 2482 	2616 	2486
f 2547 	2616 	2018
f 2486 	2616 	2494
f 3188 	3174 	3191
f 2279 	2321 	809
f 2279 	809 	720
f 2916 	2914 	3130
f 2176 	3193 	3192
f 3278 	3279 	3189
f 818 	2344 	2343
f 818 	2343 	815
f 3196 	3282 	3198
f 3195 	3193 	2176
f 820 	2345 	2344
f 820 	2344 	818
f 3282 	3200 	3198
f 2570 	2592 	2571
f 2577 	2592 	2570
f 2584 	2592 	2577
f 2597 	3102 	2592
f 2906 	3100 	2605
f 2561 	2906 	2605
f 2028 	2902 	2561
f 3197 	3195 	2176
f 822 	2346 	2345
f 822 	2345 	820
f 3197 	2176 	3199
f 2747 	2814 	2749
f 2616 	2469 	2712
f 822 	825 	2347
f 822 	2347 	2346
f 3203 	3201 	3207
f 3201 	3199 	3207
f 825 	826 	2348
f 825 	2348 	2347
f 2675 	2620 	2682
f 2616 	2688 	2620
f 2675 	2669 	2620
f 2669 	2663 	2620
f 3105 	3106 	3206
f 3205 	3206 	3106
f 3208 	3204 	3207
f 3204 	3203 	3207
f 826 	827 	2349
f 826 	2349 	2348
f 2340 	2620 	1879
f 1902 	1903 	2620
f 3206 	3209 	3105
f 827 	830 	2351
f 827 	2351 	2349
f 3211 	3205 	3106
f 3211 	3106 	3107
f 2663 	2654 	1902
f 1902 	2648 	2650
f 2650 	2813 	1902
f 830 	833 	2353
f 830 	2353 	2351
f 3209 	3213 	3105
f 1902 	2620 	2663
f 2648 	1902 	2654
f 833 	838 	2354
f 833 	2354 	2353
f 3107 	3108 	3211
f 3215 	3211 	3108
f 838 	840 	2355
f 838 	2355 	2354
f 3213 	3218 	3105
f 3109 	3105 	3218
f 840 	841 	2356
f 840 	2356 	2355
f 12 	13 	3214
f 3220 	3215 	3108
f 2741 	3480 	2744
f 2682 	2620 	2688
f 841 	845 	2358
f 841 	2358 	2356
f 3218 	3221 	3109
f 845 	846 	2358
f 2688 	2616 	2694
f 3217 	3216 	14
f 3222 	3190 	3217
f 3219 	3217 	3190
f 3191 	3219 	3190
f 3219 	3191 	3174
f 3110 	3109 	3223
f 3221 	3223 	3109
f 1004 	814 	2702
f 3111 	3110 	3224
f 3223 	3224 	3110
f 13 	14 	3216
f 14 	3222 	3217
f 2694 	2616 	2704
f 2366 	814 	772
f 3224 	3225 	3112
f 3224 	3112 	3111
f 2704 	2616 	2707
f 3216 	3214 	13
f 3212 	20 	3214
f 3113 	3112 	3226
f 3225 	3226 	3112
f 2707 	2616 	2712
f 12 	3214 	20
f 2411 	2410 	855
f 3226 	3227 	3113
f 2712 	2755 	2724
f 2724 	2752 	2726
f 3228 	3220 	3114
f 3108 	3114 	3220
f 20 	3212 	3210
f 2726 	2752 	2728
f 3115 	3229 	3114
f 3228 	3114 	3229
f 2728 	2749 	2731
f 3182 	3256 	3179
f 2731 	2749 	2734
f 1933 	2678 	1932
f 2815 	3480 	2816
f 2736 	3480 	2741
f 2739 	3480 	2736
f 3231 	3254 	3232
f 3480 	2815 	2744
f 3234 	3169 	1226
f 3165 	1226 	3169
f 2410 	2409 	855
f 3233 	3232 	3255
f 3238 	3236 	1226
f 3234 	1226 	3236
f 3237 	2050 	3239
f 3240 	3238 	1226
f 3240 	1226 	3242
f 2749 	2728 	2752
f 3243 	3242 	3245
f 1226 	3245 	3242
f 3147 	3137 	3373
f 2052 	3386 	3241
f 3241 	3239 	2052
f 2044 	2046 	3235
f 3237 	3235 	2046
f 2755 	2712 	2473
f 2752 	2724 	2755
f 3245 	1215 	1214
f 1214 	3243 	3245
f 3015 	3091 	1381
f 3247 	3253 	3246
f 3248 	3246 	3253
f 3249 	3248 	3253
f 45 	2419 	2441
f 1902 	2819 	1907
f 2864 	2862 	1907
f 2860 	2859 	1907
f 3250 	3249 	3253
f 1934 	2681 	2678
f 1934 	2678 	1933
f 2421 	2419 	45
f 3253 	3271 	3250
f 3251 	3250 	3271
f 1934 	1916 	2681
f 2633 	2681 	1916
f 2812 	2811 	1902
f 2810 	2819 	1902
f 2837 	1907 	2819
f 3252 	3251 	3271
f 2811 	2810 	1902
f 3066 	2652 	1936
f 1937 	1936 	2652
f 2812 	1902 	2813
f 892 	2426 	2423
f 1938 	1937 	2652
f 1938 	2652 	2657
f 1939 	1938 	2657
f 1939 	2657 	2664
f 3244 	2044 	3235
f 3235 	3233 	3244
f 3255 	3244 	3233
f 3254 	3255 	3232
f 3256 	3257 	3187
f 3230 	3187 	3257
f 3231 	3230 	3257
f 3254 	3231 	3257
f 2428 	2426 	892
f 1940 	1939 	2664
f 1940 	2664 	2668
f 2734 	2749 	2814
f 27 	157 	612
f 281 	280 	27
f 157 	154 	610
f 610 	612 	157
f 19 	20 	267
f 2814 	2747 	2815
f 3143 	99 	3138
f 2747 	2744 	2815
f 3260 	2060 	3265
f 2816 	3480 	2817
f 3143 	87 	99
f 3265 	3267 	3260
f 103 	101 	87
f 101 	99 	87
f 87 	90 	103
f 905 	863 	2434
f 3269 	3252 	3262
f 3262 	3261 	3269
f 3261 	3260 	3267
f 3267 	3269 	3261
f 2817 	3480 	2818
f 2818 	3480 	2820
f 855 	854 	2411
f 2821 	3480 	2822
f 2820 	3480 	2821
f 3263 	3262 	3252
f 3264 	3263 	3252
f 137 	112 	123
f 90 	92 	105
f 105 	103 	90
f 854 	856 	2412
f 854 	2412 	2411
f 856 	858 	2413
f 856 	2413 	2412
f 3252 	3271 	3264
f 3266 	3264 	3271
f 3268 	3266 	3271
f 92 	123 	112
f 112 	105 	92
f 2822 	40 	2823
f 1941 	1940 	2668
f 1941 	2668 	2671
f 2343 	2413 	815
f 858 	815 	2413
f 3117 	3272 	3115
f 3229 	3115 	3272
f 2833 	2869 	1907
f 1923 	1941 	2671
f 3272 	3117 	3273
f 2836 	1907 	2837
f 2836 	2835 	1907
f 2834 	2833 	1907
f 2387 	863 	2407
f 864 	2407 	863
f 3121 	3274 	3273
f 2835 	2834 	1907
f 865 	2408 	2407
f 865 	2407 	864
f 3274 	3121 	3275
f 2408 	865 	2409
f 866 	2409 	865
f 3189 	3113 	3276
f 2710 	2685 	1946
f 855 	2409 	866
f 40 	2848 	2847
f 3277 	3275 	3130
f 1944 	2710 	1946
f 40 	37 	2853
f 40 	2853 	2848
f 2437 	871 	870
f 3278 	3189 	3276
f 870 	874 	2438
f 870 	2438 	2437
f 2859 	2858 	35
f 37 	35 	2858
f 35 	1889 	2859
f 2914 	3277 	3130
f 2439 	2438 	877
f 874 	877 	2438
f 2862 	2860 	1907
f 3279 	3280 	3194
f 3194 	3189 	3279
f 877 	880 	2440
f 877 	2440 	2439
f 2685 	2684 	1952
f 2685 	1952 	1946
f 1889 	1907 	2859
f 3196 	3194 	3281
f 3280 	3281 	3194
f 1952 	2684 	2689
f 1952 	2689 	1954
f 2441 	2440 	883
f 880 	883 	2440
f 3281 	3282 	3196
f 1954 	2689 	2691
f 1954 	2691 	1955
f 883 	45 	2441
f 3200 	3282 	3283
f 2867 	2865 	1907
f 1955 	2691 	2697
f 1955 	2697 	1956
f 3283 	3284 	3202
f 3283 	3202 	3200
f 45 	888 	2421
f 1956 	2697 	2703
f 1956 	2703 	1957
f 3284 	3285 	3202
f 2865 	2864 	1907
f 2423 	2421 	889
f 888 	889 	2421
f 1957 	2703 	2706
f 1957 	2706 	1958
f 3287 	346 	3286
f 1491 	3286 	346
f 1958 	2706 	2709
f 1958 	2709 	1959
f 2423 	889 	892
f 3333 	3288 	3286
f 3287 	3286 	3288
f 2830 	2823 	40
f 2872 	2830 	40
f 3062 	1951 	2709
f 1959 	2709 	1951
f 894 	2428 	892
f 3303 	3291 	3290
f 3289 	3290 	3291
f 2872 	40 	2873
f 2720 	1948 	2926
f 2720 	2926 	3332
f 2428 	894 	2429
f 897 	2429 	894
f 3292 	3289 	3291
f 3292 	3291 	3293
f 2873 	40 	2875
f 3294 	3292 	3293
f 3294 	3293 	3295
f 2875 	40 	2876
f 900 	2431 	2429
f 900 	2429 	897
f 1944 	3085 	2710
f 3296 	3294 	3295
f 3296 	3295 	3297
f 2876 	40 	2877
f 1966 	1965 	3044
f 2431 	900 	2433
f 903 	2433 	900
f 3298 	3296 	3297
f 3298 	3297 	3299
f 2878 	40 	2847
f 2877 	40 	2878
f 1967 	1966 	3044
f 1967 	3044 	3047
f 2433 	903 	2434
f 905 	2434 	903
f 2109 	3298 	3299
f 1968 	1967 	3047
f 1968 	3047 	3049
f 2387 	2434 	863
f 1970 	1968 	3049
f 1970 	3049 	3053
f 3370 	3303 	3302
f 3301 	3302 	3303
f 2234 	2445 	910
f 1970 	3053 	3055
f 1970 	3055 	1971
f 3290 	3301 	3303
f 910 	2445 	911
f 2888 	3223 	2892
f 2095 	2070 	2097
f 1971 	3055 	3059
f 1971 	3059 	1972
f 3304 	3305 	3306
f 2097 	3224 	2888
f 3271 	3258 	3259
f 3271 	3259 	3270
f 3270 	3268 	3271
f 1976 	1975 	3057
f 3062 	3057 	1975
f 3305 	3307 	3309
f 3305 	3309 	3306
f 1976 	3057 	1974
f 3307 	3311 	3312
f 3307 	3312 	3309
f 1972 	3059 	1964
f 3311 	3314 	3312
f 3325 	3322 	3310
f 3310 	3308 	3325
f 3062 	1978 	1951
f 3300 	3317 	2070
f 2107 	2902 	2028
f 2904 	2561 	2902
f 2906 	2561 	2904
f 1978 	3062 	1975
f 3319 	3320 	3321
f 3075 	2390 	3071
f 2389 	3071 	2390
f 3306 	3324 	3304
f 3323 	3304 	3324
f 2396 	3072 	3071
f 2396 	3071 	2389
f 3316 	3315 	3318
f 3315 	3313 	3318
f 3326 	3323 	3324
f 3326 	3324 	3327
f 2400 	3073 	3072
f 2400 	3072 	2396
f 3328 	3326 	3327
f 3328 	3327 	3329
f 2404 	3074 	3073
f 2404 	3073 	2400
f 3215 	3094 	3211
f 2918 	3094 	2912
f 2896 	3206 	2899
f 2925 	3094 	2918
f 2928 	3094 	2925
f 2930 	3094 	2928
f 2935 	3094 	2930
f 2939 	3094 	2935
f 2944 	3094 	2939
f 2899 	3206 	2947
f 3322 	3318 	3313
f 3044 	3315 	3316
f 3313 	3310 	3322
f 3328 	3329 	3330
f 3328 	3330 	3331
f 2951 	3094 	2944
f 2947 	3206 	3094
f 2404 	1932 	3074
f 2678 	3074 	1932
f 3331 	3330 	3320
f 3331 	3320 	3319
f 3094 	2951 	3097
f 2432 	2430 	3067
f 2432 	3067 	3066
f 3333 	3334 	3288
f 1936 	2432 	3066
f 2597 	2605 	3100
f 3102 	2597 	3100
f 3104 	2592 	3102
f 2571 	2592 	3104
f 3334 	3333 	3337
f 3334 	3337 	3338
f 2422 	2420 	3068
f 3338 	3337 	3342
f 3338 	3342 	3344
f 3340 	3341 	3356
f 3341 	3343 	3360
f 3336 	3369 	3335
f 3360 	3356 	3341
f 3363 	3360 	3343
f 3345 	3363 	3343
f 3346 	3366 	3345
f 3335 	3369 	3346
f 3205 	3094 	3206
f 3211 	3094 	3205
f 3215 	3220 	3094
f 3220 	3228 	3094
f 2892 	3221 	2896
f 2425 	2422 	3068
f 2425 	3068 	3069
f 3344 	3342 	3348
f 3344 	3348 	3349
f 3206 	2896 	3209
f 2427 	2425 	3069
f 2427 	3069 	3070
f 3351 	3349 	3348
f 3351 	3348 	3352
f 3218 	2896 	3221
f 3067 	2430 	2427
f 3067 	2427 	3070
f 3354 	3351 	3352
f 3354 	3352 	3355
f 3209 	2896 	3213
f 2478 	3075 	2480
f 3357 	3354 	3355
f 3357 	3355 	3358
f 3347 	3408 	3350
f 3075 	2478 	2390
f 3213 	2896 	3218
f 3359 	3357 	3358
f 3359 	3358 	3361
f 3353 	3350 	3339
f 3225 	3224 	2070
f 3221 	2892 	3223
f 3362 	3359 	3361
f 3362 	3361 	3364
f 3339 	3340 	3353
f 3223 	2888 	3224
f 123 	126 	137
f 3365 	3362 	3364
f 3365 	3364 	3367
f 3356 	3353 	3340
f 3224 	2097 	2070
f 141 	139 	126
f 139 	137 	126
f 3368 	3365 	3367
f 3368 	3367 	3370
f 3226 	3225 	2070
f 126 	130 	141
f 3226 	2070 	3227
f 3302 	3368 	3370
f 3363 	3345 	3366
f 3366 	3346 	3369
f 130 	133 	143
f 143 	141 	130
f 3372 	3321 	3320
f 3371 	3369 	3336
f 146 	143 	133
f 150 	146 	135
f 133 	135 	146
f 1004 	2237 	656
f 3228 	3229 	3094
f 3229 	3272 	3094
f 3272 	3273 	3094
f 3273 	3274 	3094
f 3274 	3275 	3094
f 2912 	3094 	2914
f 3275 	3277 	3094
f 2914 	3094 	3277
f 914 	2463 	2687
f 914 	2687 	1005
f 3227 	2070 	3276
f 917 	916 	2455
f 154 	152 	608
f 602 	606 	152
f 135 	583 	150
f 583 	602 	150
f 152 	150 	602
f 3317 	3278 	3276
f 914 	917 	2455
f 914 	2455 	2463
f 167 	3065 	2453
f 3284 	3283 	3317
f 3278 	3317 	3279
f 3280 	3279 	3317
f 925 	924 	2512
f 3403 	3379 	3378
f 176 	174 	184
f 167 	2997 	174
f 3280 	3317 	3281
f 3380 	3379 	3403
f 3281 	3317 	3282
f 1002 	2686 	924
f 1944 	2481 	3085
f 3336 	3144 	3371
f 3282 	3317 	3283
f 2500 	3076 	2503
f 3144 	3145 	3371
f 3373 	3371 	3145
f 2509 	3077 	3076
f 2509 	3076 	2500
f 2515 	3078 	3077
f 2515 	3077 	2509
f 3145 	3146 	3373
f 3146 	3147 	3373
f 2519 	3079 	3078
f 2519 	3078 	2515
f 3382 	3139 	3384
f 3384 	3139 	3386
f 2524 	3080 	3079
f 2524 	3079 	2519
f 347 	3298 	324
f 3288 	3334 	3290
f 3290 	3289 	346
f 3289 	3292 	346
f 348 	3296 	347
f 348 	349 	3296
f 3298 	347 	3296
f 2109 	324 	3298
f 2524 	2480 	3080
f 3075 	3080 	2480
f 3417 	3388 	3387
f 2512 	924 	2686
f 3085 	2481 	2498
f 3085 	2498 	3084
f 3396 	3375 	3420
f 3287 	3288 	3290
f 346 	3287 	3290
f 2484 	932 	931
f 3389 	3388 	3417
f 2534 	1964 	3081
f 3059 	3081 	1964
f 932 	2484 	2485
f 932 	2485 	933
f 3304 	3319 	3305
f 3311 	3307 	3319
f 3321 	3314 	3319
f 2534 	3081 	3082
f 2534 	3082 	2535
f 3305 	3319 	3307
f 933 	2485 	2493
f 933 	2493 	934
f 2535 	3082 	3083
f 2535 	3083 	2536
f 934 	2493 	2497
f 934 	2497 	935
f 2536 	3083 	3084
f 2536 	3084 	2498
f 935 	2497 	2504
f 935 	2504 	936
f 2540 	3089 	2541
f 3285 	3284 	3317
f 3317 	3276 	2070
f 937 	936 	2504
f 937 	2504 	2508
f 2540 	2503 	3089
f 3076 	3089 	2503
f 3304 	3323 	3319
f 3323 	3326 	3319
f 3331 	3319 	3326
f 3331 	3326 	3328
f 938 	937 	2508
f 938 	2508 	2514
f 3090 	3086 	2553
f 2554 	2553 	3086
f 3427 	3392 	3391
f 939 	938 	2514
f 939 	2514 	2518
f 2556 	2554 	3086
f 2556 	3086 	3087
f 3426 	3424 	3393
f 2557 	2556 	3087
f 2557 	3087 	3088
f 941 	939 	2518
f 941 	2518 	2522
f 3393 	3392 	3427
f 2420 	2557 	3088
f 2420 	3088 	3068
f 916 	941 	2522
f 916 	2522 	2455
f 3351 	3354 	3349
f 3354 	3357 	3349
f 3357 	3359 	3349
f 3359 	3362 	3349
f 3362 	3365 	3349
f 3344 	3349 	3365
f 3365 	3368 	3344
f 3338 	3344 	3368
f 3338 	3368 	3302
f 3301 	3334 	3302
f 3301 	3290 	3334
f 3338 	3302 	3334
f 925 	2512 	2533
f 925 	2533 	920
f 3372 	3478 	3321
f 946 	911 	2529
f 2445 	2529 	911
f 3436 	3395 	3394
f 178 	176 	190
f 190 	192 	178
f 203 	178 	192
f 192 	195 	203
f 188 	190 	176
f 186 	188 	176
f 184 	186 	176
f 3397 	3427 	3399
f 946 	2529 	2531
f 946 	2531 	947
f 3398 	3395 	3436
f 2484 	931 	2531
f 947 	2531 	931
f 2647 	921 	2533
f 920 	2533 	921
f 195 	219 	203
f 206 	203 	219
f 2545 	951 	676
f 3402 	3421 	3403
f 3396 	3397 	3375
f 951 	2545 	2549
f 951 	2549 	952
f 3403 	3417 	3404
f 3397 	3399 	3376
f 3397 	3376 	3375
f 219 	221 	206
f 210 	206 	221
f 221 	224 	210
f 213 	210 	224
f 224 	226 	213
f 3404 	3415 	3405
f 3407 	3416 	3406
f 2544 	3144 	2539
f 3405 	3480 	3409
f 3377 	3376 	3401
f 3399 	3401 	3376
f 3089 	3137 	2541
f 3409 	3480 	3412
f 2576 	2572 	3090
f 3401 	3402 	3378
f 3401 	3378 	3377
f 3412 	3480 	2739
f 2553 	2576 	3090
f 3430 	3428 	3435
f 3403 	3378 	3402
f 3438 	3405 	3414
f 2564 	3145 	3144
f 2564 	3144 	2544
f 3399 	3425 	3401
f 3415 	3404 	3417
f 3404 	3380 	3403
f 2563 	2541 	3137
f 3416 	3407 	3419
f 3396 	3427 	3397
f 3420 	3427 	3396
f 3417 	3403 	3421
f 3404 	3405 	3381
f 3404 	3381 	3380
f 2572 	2588 	3132
f 2572 	3132 	3090
f 3421 	3402 	3423
f 3422 	3427 	3420
f 2581 	3146 	3145
f 2581 	3145 	2564
f 3405 	3409 	3383
f 3405 	3383 	3381
f 3423 	3401 	3425
f 3424 	3427 	3422
f 3418 	3419 	3407
f 3407 	3408 	3418
f 3339 	3350 	3408
f 3418 	3408 	3347
f 2579 	2563 	3137
f 3425 	3399 	3427
f 3426 	3427 	3424
f 3409 	3412 	3385
f 3409 	3385 	3383
f 2600 	2599 	3132
f 3429 	3427 	3426
f 3428 	3504 	3434
f 2736 	2737 	2739
f 3412 	2739 	3385
f 2588 	2600 	3132
f 3400 	3414 	3387
f 3415 	3387 	3414
f 2594 	3147 	3146
f 2594 	3146 	2581
f 3401 	3423 	3402
f 3432 	3480 	3431
f 233 	213 	226
f 3387 	3415 	3417
f 3413 	3411 	3406
f 3416 	3413 	3406
f 3435 	3406 	3411
f 3411 	3410 	3435
f 3410 	3430 	3435
f 3434 	3435 	3428
f 3414 	3405 	3415
f 3431 	3480 	3436
f 2607 	2593 	3137
f 2593 	2579 	3137
f 3393 	3420 	3375
f 3438 	3437 	3405
f 3436 	3480 	3437
f 3433 	3444 	2007
f 2614 	2612 	3135
f 3437 	3480 	3405
f 3421 	3389 	3417
f 2599 	2614 	3135
f 2599 	3135 	3132
f 2594 	2607 	3137
f 2594 	3137 	3147
f 3421 	3423 	3390
f 3421 	3390 	3389
f 3442 	3443 	3317
f 3443 	3460 	3317
f 3285 	3317 	3460
f 2623 	3241 	3139
f 3420 	3393 	3422
f 3442 	3317 	3448
f 952 	2549 	2551
f 952 	2551 	953
f 226 	242 	233
f 3391 	3390 	3425
f 3423 	3425 	3390
f 3448 	3317 	3449
f 953 	2551 	2558
f 953 	2558 	954
f 235 	233 	242
f 3449 	3317 	3450
f 3424 	3422 	3393
f 954 	2558 	2565
f 954 	2565 	955
f 3450 	3468 	3451
f 3425 	3427 	3391
f 242 	246 	235
f 237 	235 	246
f 246 	255 	237
f 239 	237 	255
f 3451 	3468 	3452
f 3452 	3468 	3453
f 966 	2573 	2248
f 3429 	3426 	3393
f 966 	969 	2574
f 966 	2574 	2573
f 3453 	3468 	3454
f 3427 	3429 	3393
f 969 	970 	2574
f 3454 	3468 	3455
f 308 	303 	259
f 3432 	3431 	3394
f 3394 	3431 	3436
f 259 	260 	308
f 264 	308 	260
f 959 	958 	2583
f 959 	2583 	2586
f 3437 	3398 	3436
f 260 	262 	264
f 960 	959 	2586
f 960 	2586 	2591
f 3398 	3437 	3400
f 3438 	3400 	3437
f 262 	263 	264
f 265 	264 	263
f 263 	16 	265
f 961 	960 	2591
f 961 	2591 	2596
f 3400 	3438 	3414
f 677 	961 	2596
f 677 	2596 	2249
f 3459 	3443 	3442
f 3459 	3442 	3461
f 16 	17 	265
f 267 	265 	17
f 17 	18 	267
f 18 	19 	267
f 277 	267 	20
f 20 	3210 	277
f 978 	977 	2606
f 3442 	3448 	3462
f 3442 	3462 	3461
f 979 	978 	2606
f 979 	2606 	2610
f 3448 	3449 	3463
f 3448 	3463 	3462
f 980 	979 	2610
f 980 	2610 	2613
f 3458 	3480 	3432
f 3456 	3468 	3457
f 3456 	3455 	3468
f 3449 	3450 	3464
f 3449 	3464 	3463
f 982 	980 	2613
f 982 	2613 	2618
f 297 	396 	298
f 3465 	41 	3470
f 389 	376 	390
f 973 	982 	2618
f 973 	2618 	2624
f 3450 	3451 	3466
f 3450 	3466 	3464
f 299 	298 	293
f 974 	973 	2624
f 974 	2624 	2630
f 3467 	3483 	3457
f 3468 	3467 	3457
f 3451 	3452 	3469
f 3451 	3469 	3466
f 293 	295 	299
f 390 	41 	3465
f 975 	974 	2630
f 975 	2630 	2634
f 3452 	3453 	3471
f 3452 	3471 	3469
f 2625 	2623 	3139
f 2625 	3139 	3140
f 976 	975 	2634
f 976 	2634 	2637
f 3470 	41 	3472
f 3453 	3454 	3473
f 3453 	3473 	3471
f 2612 	2625 	3140
f 2612 	3140 	3135
f 2637 	2583 	976
f 958 	976 	2583
f 1913 	2627 	3154
f 1913 	3154 	2604
f 3455 	3474 	3473
f 3455 	3473 	3454
f 984 	2643 	983
f 3472 	41 	3475
f 2627 	2631 	3155
f 2627 	3155 	3154
f 986 	2645 	2643
f 986 	2643 	984
f 3456 	3476 	3474
f 3456 	3474 	3455
f 3468 	3450 	3317
f 2631 	2636 	3156
f 2631 	3156 	3155
f 987 	2647 	2645
f 987 	2645 	986
f 3457 	3477 	3476
f 3457 	3476 	3456
f 2636 	2640 	3157
f 2636 	3157 	3156
f 2647 	987 	921
f 3311 	3319 	3314
f 3475 	3478 	3372
f 3314 	3321 	3478
f 41 	3478 	3475
f 3458 	3479 	3477
f 3458 	3477 	3457
f 2640 	2642 	3158
f 2640 	3158 	3157
f 2565 	2651 	988
f 2565 	988 	955
f 2642 	2646 	3158
f 988 	2651 	2656
f 988 	2656 	989
f 3458 	3432 	3479
f 3394 	3479 	3432
f 420 	41 	411
f 989 	2656 	2662
f 989 	2662 	990
f 2658 	1922 	3148
f 2639 	3148 	1922
f 40 	2822 	3480
f 3483 	3484 	3457
f 990 	2662 	2666
f 990 	2666 	991
f 3202 	3285 	3481
f 3460 	3481 	3285
f 2658 	3148 	3149
f 2658 	3149 	2659
f 977 	991 	2666
f 977 	2666 	2606
f 3460 	3443 	3459
f 3460 	3459 	3481
f 2659 	3149 	3150
f 2659 	3150 	2660
f 970 	993 	2673
f 970 	2673 	2574
f 2660 	3150 	3151
f 2660 	3151 	2661
f 993 	995 	2674
f 993 	2674 	2673
f 995 	997 	2676
f 995 	2676 	2674
f 2661 	3151 	2653
f 3468 	3482 	3467
f 3458 	3457 	3484
f 3484 	3485 	3458
f 3485 	3486 	3458
f 3486 	3487 	3458
f 3487 	3488 	3458
f 3488 	3489 	3458
f 3489 	3490 	3458
f 3491 	3458 	3490
f 3492 	3458 	3491
f 3493 	3458 	3492
f 3494 	3458 	3493
f 3480 	3458 	3494
f 997 	999 	2679
f 997 	2679 	2676
f 2646 	2667 	3166
f 2646 	3166 	3158
f 2642 	2640 	3518
f 1911 	11 	97
f 1572 	390 	3495
f 3465 	3495 	390
f 2714 	2679 	1001
f 999 	1001 	2679
f 2667 	2672 	3167
f 2667 	3167 	3166
f 2667 	2646 	3496
f 2672 	2680 	3168
f 2672 	3168 	3167
f 1005 	2687 	2686
f 1005 	2686 	1002
f 2680 	2711 	3168
f 3470 	3497 	3495
f 3470 	3495 	3465
f 3496 	2900 	2667
f 2672 	2667 	2900
f 323 	2874 	3496
f 2696 	2653 	3159
f 3151 	3159 	2653
f 3468 	3317 	3482
f 3447 	2007 	3446
f 3498 	2007 	3447
f 3499 	2007 	3498
f 3439 	2007 	3499
f 3446 	2007 	3445
f 2696 	3159 	3160
f 2696 	3160 	2698
f 3472 	3501 	3497
f 3472 	3497 	3470
f 2009 	2007 	3439
f 2698 	3160 	3161
f 2698 	3161 	2699
f 320 	3505 	3503
f 320 	319 	3505
f 3500 	3533 	3505
f 2699 	3161 	3162
f 2699 	3162 	2700
f 3503 	3505 	3506
f 295 	296 	301
f 301 	299 	295
f 3502 	3444 	3434
f 3504 	3502 	3434
f 2700 	3162 	3163
f 2700 	3163 	2701
f 3507 	2009 	3441
f 296 	258 	302
f 303 	302 	258
f 258 	259 	303
f 302 	301 	296
f 2702 	2237 	1004
f 3509 	317 	309
f 3510 	317 	3509
f 3511 	317 	3510
f 3512 	317 	3511
f 3513 	317 	3512
f 3514 	317 	3513
f 3515 	317 	3514
f 3516 	317 	3515
f 3517 	317 	3516
f 3505 	317 	3517
f 3433 	3434 	3444
f 3445 	2007 	3444
f 3440 	3441 	2009
f 3439 	3440 	2009
f 846 	1008 	2692
f 846 	2692 	2358
f 1008 	1009 	2693
f 1008 	2693 	2692
f 3522 	3521 	97
f 3500 	3496 	2642
f 3537 	3500 	3519
f 3536 	3500 	3537
f 2646 	2642 	3496
f 261 	215 	97
f 3519 	3500 	2642
f 1009 	1011 	2693
f 2617 	2350 	3308
f 430 	429 	422
f 2366 	2702 	814
f 3518 	3519 	2642
f 401 	430 	422
f 3520 	2640 	3521
f 1001 	1013 	2714
f 422 	391 	402
f 3524 	97 	3525
f 3522 	97 	3523
f 1013 	1014 	2716
f 1013 	2716 	2714
f 3523 	97 	3524
f 2004 	2032 	1988
f 1988 	1991 	2004
f 1991 	1993 	2004
f 1014 	1016 	2717
f 1014 	2717 	2716
f 3526 	97 	3527
f 1018 	2718 	2717
f 1018 	2717 	1016
f 2006 	2004 	1993
f 1993 	1996 	2006
f 1996 	1998 	2006
f 3525 	97 	3526
f 412 	417 	394
f 396 	413 	394
f 293 	298 	396
f 412 	394 	413
f 413 	396 	297
f 2711 	3180 	3168
f 391 	394 	417
f 417 	403 	391
f 2007 	2006 	1998
f 1998 	2001 	2007
f 2001 	3433 	2007
f 2711 	2715 	3181
f 2711 	3181 	3180
f 2715 	2723 	3182
f 2715 	3182 	3181
f 3507 	3508 	2009
f 227 	228 	3528
f 3529 	3532 	3528
f 3530 	3531 	3529
f 3531 	3532 	3529
f 227 	3528 	3532
f 428 	453 	421
f 3536 	3535 	3500
f 3506 	3505 	3533
f 2040 	2013 	2038
f 2011 	2009 	2034
f 3508 	2034 	2009
f 3163 	3172 	2824
f 3163 	2824 	2701
f 3533 	3500 	3534
f 3534 	3500 	3535
f 2824 	3172 	3173
f 2824 	3173 	2825
f 429 	428 	421
f 421 	422 	429
f 403 	402 	391
f 402 	401 	422
f 1019 	2719 	2718
f 1019 	2718 	1018
f 2825 	3173 	3175
f 2825 	3175 	2826
f 1021 	2721 	2719
f 1021 	2719 	1019
f 2826 	3175 	3177
f 2826 	3177 	2827
f 597 	573 	721
f 594 	721 	452
f 1022 	2722 	2721
f 1022 	2721 	1021
f 3300 	3482 	3317
f 245 	217 	261
f 3538 	3527 	97
f 3475 	3539 	3501
f 3475 	3501 	3472
f 1024 	2969 	2722
f 1024 	2722 	1022
f 209 	97 	207
f 207 	97 	205
f 660 	445 	446
f 660 	446 	447
f 450 	660 	448
f 447 	448 	660
f 3314 	3478 	3540
f 3314 	3540 	3312
f 1026 	2970 	2969
f 1026 	2969 	1024
f 444 	443 	660
f 445 	660 	443
f 41 	72 	3478
f 1027 	2971 	2970
f 1027 	2970 	1026
f 3475 	3372 	3539
f 3320 	3539 	3372
f 453 	444 	421
f 423 	421 	444
f 444 	660 	423
f 1029 	2972 	2971
f 1029 	2971 	1027
f 3540 	3478 	72
f 1031 	2973 	2972
f 1031 	2972 	1029
f 452 	721 	449
f 580 	728 	577
f 594 	597 	721
f 1032 	2974 	2973
f 1032 	2973 	1031
f 575 	725 	573
f 725 	721 	573
f 1034 	2975 	2974
f 1034 	2974 	1032
f 1034 	983 	2975
f 2643 	2975 	983
f 1011 	1036 	2985
f 1011 	2985 	2693
f 71 	40 	3480
f 71 	3480 	3541
f 280 	277 	27
f 31 	27 	277
f 612 	281 	27
f 608 	610 	154
f 3210 	31 	277
f 606 	608 	152
f 1036 	1038 	2986
f 1036 	2986 	2985
f 3483 	3467 	3542
f 3482 	3542 	3467
f 1038 	1040 	2987
f 1038 	2987 	2986
f 3483 	3542 	3543
f 3483 	3543 	3484
f 1040 	1041 	2988
f 1040 	2988 	2987
f 1041 	1043 	2989
f 1041 	2989 	2988
f 3484 	3543 	3544
f 3484 	3544 	3485
f 655 	649 	635
f 632 	635 	649
f 621 	632 	649
f 649 	692 	621
f 1043 	1044 	2990
f 1043 	2990 	2989
f 3485 	3544 	3545
f 3485 	3545 	3486
f 1044 	1046 	2991
f 1044 	2991 	2990
f 3486 	3545 	3546
f 3486 	3546 	3487
f 1046 	1048 	2992
f 1046 	2992 	2991
f 3487 	3546 	3547
f 3487 	3547 	3488
f 635 	639 	655
f 639 	642 	655
f 660 	655 	642
f 423 	660 	644
f 642 	644 	660
f 449 	721 	450
f 1048 	1049 	2981
f 1048 	2981 	2992
f 3488 	3547 	3548
f 3488 	3548 	3489
f 1049 	1051 	2982
f 1049 	2982 	2981
f 3490 	3489 	3548
f 3490 	3548 	3549
f 1051 	1052 	2983
f 1051 	2983 	2982
f 666 	673 	689
f 887 	666 	689
f 3491 	3490 	3549
f 3491 	3549 	3550
f 2437 	2983 	871
f 1052 	871 	2983
f 3492 	3491 	3550
f 3492 	3550 	3551
f 1054 	1055 	3011
f 1054 	3011 	3051
f 681 	685 	690
f 692 	690 	685
f 618 	692 	685
f 675 	681 	690
f 618 	621 	692
f 673 	675 	690
f 690 	689 	673
f 3493 	3492 	3551
f 3493 	3551 	3552
f 1055 	95 	3005
f 1055 	3005 	3011
f 660 	450 	721
f 3494 	3493 	3552
f 3494 	3552 	3553
f 93 	1059 	2995
f 93 	2995 	2453
f 3480 	3494 	3553
f 3480 	3553 	3541
f 1059 	1061 	2996
f 1059 	2996 	2995
f 323 	3496 	1390
f 1061 	1063 	2997
f 1061 	2997 	2996
f 3554 	1390 	3496
f 1063 	1064 	2999
f 1063 	2999 	2997
f 731 	728 	580
f 725 	575 	728
f 577 	728 	575
f 1064 	1065 	3000
f 1064 	3000 	2999
f 184 	3000 	182
f 1065 	182 	3000
f 737 	731 	694
f 580 	694 	731
f 95 	1057 	3006
f 95 	3006 	3005
f 694 	701 	737
f 3496 	3500 	3555
f 3496 	3555 	3554
f 2452 	3065 	94
f 1057 	1067 	3007
f 1057 	3007 	3006
f 3503 	3556 	320
f 1067 	1068 	3008
f 1067 	3008 	3007
f 747 	740 	709
f 709 	711 	747
f 751 	747 	711
f 701 	709 	740
f 740 	737 	701
f 2827 	3177 	3179
f 2827 	3179 	2828
f 3125 	3008 	1069
f 1068 	1069 	3008
f 3503 	3506 	3556
f 3581 	3556 	3506
f 2828 	3179 	2829
f 1071 	3025 	1073
f 3500 	3505 	3557
f 3500 	3557 	3555
f 751 	711 	768
f 2832 	2831 	3244
f 1070 	3025 	1071
f 711 	757 	768
f 3509 	309 	3558
f 2044 	3244 	2042
f 2831 	2042 	3244
f 1084 	3025 	1070
f 770 	768 	757
f 3510 	3509 	3558
f 3510 	3558 	3559
f 1083 	3050 	1084
f 2838 	2829 	3187
f 3179 	3187 	2829
f 3511 	3510 	3559
f 3511 	3559 	3560
f 3025 	1084 	3050
f 1081 	3050 	1083
f 757 	761 	770
f 773 	770 	761
f 761 	763 	773
f 775 	773 	763
f 2838 	3187 	3230
f 2838 	3230 	2839
f 3512 	3511 	3560
f 3512 	3560 	3561
f 1086 	3051 	3050
f 1086 	3050 	1081
f 2839 	3230 	3231
f 2839 	3231 	2840
f 1086 	1054 	3051
f 3512 	3561 	3562
f 3512 	3562 	3513
f 3513 	3562 	3563
f 3513 	3563 	3514
f 2840 	3231 	3232
f 2840 	3232 	2841
f 1090 	1089 	3014
f 791 	789 	239
f 239 	789 	795
f 239 	795 	798
f 239 	798 	806
f 806 	803 	239
f 3514 	3563 	3564
f 3514 	3564 	3515
f 2841 	3232 	3233
f 2841 	3233 	2842
f 1091 	1090 	3014
f 1091 	3014 	3016
f 791 	239 	255
f 3515 	3564 	3565
f 3515 	3565 	3516
f 2843 	2842 	3233
f 2843 	3233 	3235
f 1092 	1091 	3016
f 1092 	3016 	3017
f 3516 	3565 	3566
f 3516 	3566 	3517
f 823 	791 	255
f 2844 	2843 	3235
f 2844 	3235 	3237
f 1094 	1092 	3017
f 1094 	3017 	3019
f 3517 	3566 	3557
f 3517 	3557 	3505
f 1094 	3019 	3021
f 1094 	3021 	1096
f 2845 	2844 	3237
f 2845 	3237 	3239
f 3519 	3518 	3567
f 1096 	3021 	3023
f 1096 	3023 	1098
f 2846 	2845 	3239
f 2846 	3239 	3241
f 3518 	3520 	3568
f 3518 	3568 	3567
f 817 	821 	255
f 821 	823 	255
f 1098 	3023 	3046
f 1098 	3046 	1100
f 3520 	3521 	3569
f 3520 	3569 	3568
f 2623 	2846 	3241
f 3521 	3522 	3570
f 3521 	3570 	3569
f 1100 	3046 	1088
f 2849 	3247 	3246
f 2849 	3246 	2850
f 3522 	3523 	3571
f 3522 	3571 	3570
f 1101 	3063 	1166
f 3523 	3524 	3572
f 3523 	3572 	3571
f 803 	829 	239
f 829 	832 	239
f 239 	832 	837
f 837 	836 	239
f 239 	836 	844
f 1102 	3064 	3063
f 1102 	3063 	1101
f 3524 	3525 	3573
f 3524 	3573 	3572
f 2850 	3246 	3248
f 2850 	3248 	2851
f 1102 	1073 	3064
f 3025 	3064 	1073
f 3525 	3526 	3574
f 3525 	3574 	3573
f 812 	255 	853
f 848 	853 	255
f 3247 	2849 	2866
f 3170 	3054 	1107
f 1108 	1107 	3054
f 812 	817 	255
f 3526 	3527 	3575
f 3526 	3575 	3574
f 2851 	3248 	3249
f 2851 	3249 	2852
f 1109 	1108 	3054
f 1109 	3054 	3056
f 3576 	3577 	3531
f 3576 	3531 	3530
f 859 	2418 	844
f 861 	2418 	859
f 3531 	3577 	3578
f 3531 	3578 	3532
f 2017 	2020 	2029
f 3532 	3578 	227
f 849 	848 	255
f 3528 	304 	3579
f 2024 	2026 	2030
f 2032 	2030 	2026
f 1985 	2032 	2026
f 2020 	2022 	2030
f 1985 	1988 	2032
f 2022 	2024 	2030
f 2030 	2029 	2020
f 3529 	3528 	3579
f 3529 	3579 	3580
f 3529 	3580 	3576
f 3529 	3576 	3530
f 2038 	2013 	2036
f 2034 	2036 	2011
f 2013 	2011 	2036
f 3533 	3581 	3506
f 895 	868 	898
f 3534 	3582 	3581
f 3534 	3581 	3533
f 2050 	3237 	2048
f 2052 	3239 	2050
f 2046 	2048 	3237
f 868 	873 	898
f 3535 	3583 	3582
f 3535 	3582 	3534
f 3536 	3584 	3583
f 3536 	3583 	3535
f 3536 	3537 	3585
f 3536 	3585 	3584
f 2069 	2067 	2054
f 2056 	2054 	2067
f 3567 	3585 	3519
f 3537 	3519 	3585
f 904 	901 	879
f 879 	882 	904
f 882 	885 	904
f 891 	904 	885
f 887 	891 	885
f 689 	891 	887
f 876 	879 	901
f 901 	898 	876
f 873 	876 	898
f 3527 	3538 	3586
f 3527 	3586 	3575
f 763 	766 	775
f 918 	775 	766
f 3538 	209 	3587
f 3538 	3587 	3586
f 207 	205 	3588
f 207 	3588 	3589
f 2067 	2065 	2056
f 2058 	2056 	2065
f 2065 	2062 	2058
f 2060 	2058 	2062
f 2062 	3265 	2060
f 3590 	3588 	212
f 205 	212 	3588
f 913 	922 	909
f 1003 	949 	913
f 943 	956 	1003
f 922 	913 	949
f 922 	918 	907
f 766 	907 	918
f 2040 	2080 	2013
f 209 	207 	3589
f 209 	3589 	3587
f 212 	215 	3590
f 929 	1035 	1794
f 215 	217 	3591
f 215 	3591 	3590
f 962 	956 	945
f 1794 	945 	929
f 217 	222 	3592
f 217 	3592 	3591
f 2082 	2080 	2072
f 2040 	2072 	2080
f 2072 	2074 	2082
f 228 	227 	3593
f 3578 	3593 	227
f 949 	1003 	956
f 228 	3593 	3594
f 228 	3594 	229
f 2086 	2084 	2076
f 2076 	2078 	2086
f 2088 	2086 	2078
f 2074 	2076 	2084
f 2084 	2082 	2074
f 229 	3594 	3595
f 229 	3595 	230
f 943 	945 	956
f 230 	3595 	3596
f 230 	3596 	231
f 2088 	2078 	2099
f 231 	3596 	3592
f 231 	3592 	222
f 2078 	2092 	2099
f 2101 	2099 	2092
f 245 	3597 	3598
f 245 	3598 	247
f 945 	1794 	962
f 962 	1794 	964
f 2092 	2094 	2101
f 2103 	2101 	2094
f 2094 	2096 	2103
f 2105 	2103 	2096
f 247 	3598 	3599
f 247 	3599 	248
f 992 	994 	972
f 971 	992 	972
f 3299 	3300 	2110
f 248 	3599 	3600
f 248 	3600 	249
f 2054 	2112 	2069
f 3300 	2069 	2112
f 2112 	2110 	3300
f 3325 	3308 	2350
f 1000 	1053 	1006
f 998 	1000 	985
f 1006 	985 	1000
f 981 	972 	994
f 249 	3600 	3601
f 249 	3601 	250
f 907 	909 	922
f 250 	3601 	3602
f 250 	3602 	251
f 994 	996 	981
f 2370 	2364 	2617
f 2364 	2350 	2617
f 261 	3605 	245
f 996 	998 	981
f 2377 	2370 	2617
f 251 	3602 	3603
f 251 	3603 	252
f 2382 	2377 	2617
f 985 	981 	998
f 3597 	245 	3605
f 2386 	2382 	2617
f 1053 	1056 	1007
f 2393 	2386 	2617
f 252 	3603 	3604
f 252 	3604 	254
f 2436 	2398 	2617
f 2398 	2393 	2617
f 2444 	2436 	2617
f 1012 	1010 	1058
f 2448 	2444 	2621
f 2617 	2621 	2444
f 254 	3604 	3606
f 254 	3606 	256
f 1012 	1060 	1015
f 2621 	2341 	2456
f 2456 	2450 	2621
f 2450 	2448 	2621
f 1015 	1062 	1017
f 256 	3606 	3607
f 256 	3607 	257
f 1020 	1017 	1217
f 1217 	1874 	1020
f 1023 	1020 	1874
f 257 	3607 	243
f 1025 	1787 	1028
f 3617 	3605 	261
f 1030 	1790 	1033
f 1028 	1787 	1030
f 1035 	1033 	1794
f 2595 	2587 	2470
f 1479 	3608 	266
f 268 	266 	3608
f 2470 	2479 	2595
f 269 	268 	3608
f 269 	3608 	3609
f 270 	269 	3609
f 270 	3609 	3610
f 271 	270 	3610
f 271 	3610 	3611
f 2608 	2598 	2487
f 2487 	2495 	2608
f 2495 	2502 	2608
f 2548 	2562 	2502
f 2017 	2029 	2548
f 2562 	2608 	2502
f 2562 	2548 	2029
f 2483 	2487 	2598
f 2598 	2595 	2483
f 2479 	2483 	2595
f 271 	3611 	3612
f 271 	3612 	272
f 272 	3612 	3613
f 272 	3613 	273
f 1037 	1050 	1860
f 1050 	1047 	1860
f 273 	3613 	3614
f 273 	3614 	274
f 274 	3614 	3615
f 274 	3615 	275
f 275 	3615 	276
f 2677 	2683 	2665
f 2670 	2677 	2665
f 2683 	2690 	2665
f 2690 	2695 	2665
f 2695 	2705 	2665
f 2705 	2708 	2665
f 2708 	2713 	2665
f 2713 	2725 	2665
f 2725 	2727 	2665
f 2727 	2729 	2665
f 2655 	2665 	2729
f 2649 	2655 	2729
f 2649 	2729 	2732
f 2649 	2732 	2768
f 1056 	1058 	1010
f 1010 	1007 	1056
f 1007 	1006 	1053
f 1060 	1012 	1058
f 1217 	1017 	1062
f 1060 	1062 	1015
f 1787 	1023 	1874
f 3616 	278 	503
f 3616 	503 	1935
f 1543 	895 	1540
f 868 	895 	1543
f 1536 	1540 	895
f 895 	968 	1536
f 1532 	1536 	968
f 2753 	2587 	2750
f 2587 	2580 	2750
f 2748 	2750 	2580
f 2745 	2748 	2580
f 2470 	2587 	2756
f 2756 	2587 	2753
f 2742 	2745 	2580
f 2737 	2742 	2580
f 2737 	2580 	3385
f 261 	279 	3617
f 284 	3618 	3619
f 284 	3619 	285
f 2760 	2759 	2772
f 2774 	2760 	2772
f 2778 	2790 	2774
f 2770 	2772 	2759
f 2759 	2762 	2770
f 2768 	2770 	2762
f 2768 	2762 	2764
f 2768 	2764 	2649
f 285 	3619 	3620
f 285 	3620 	286
f 968 	1549 	1568
f 968 	1568 	1571
f 968 	1571 	1573
f 968 	1573 	1576
f 1579 	968 	1576
f 1581 	968 	1579
f 1532 	968 	1581
f 286 	3620 	3621
f 286 	3621 	287
f 1586 	964 	1585
f 1769 	1770 	964
f 1770 	1772 	964
f 1772 	1549 	964
f 968 	964 	1549
f 1586 	1769 	964
f 2784 	2788 	2782
f 2788 	2789 	2782
f 2787 	2788 	2784
f 2780 	2782 	2789
f 2789 	2790 	2780
f 2778 	2780 	2790
f 2760 	2774 	2790
f 287 	3621 	3622
f 287 	3622 	288
f 1585 	964 	1794
f 278 	3616 	284
f 288 	3622 	3623
f 288 	3623 	289
f 2798 	2799 	2805
f 2797 	2798 	2805
f 2804 	2805 	2799
f 2799 	2800 	2804
f 2802 	2804 	2800
f 2800 	2801 	2802
f 2784 	2802 	2801
f 2787 	2784 	2801
f 2796 	2797 	2805
f 2794 	2795 	2805
f 2795 	2796 	2805
f 3618 	284 	3616
f 289 	3623 	3624
f 289 	3624 	290
f 2792 	2793 	2805
f 2793 	2794 	2805
f 2791 	2792 	2805
f 2809 	2791 	2805
f 2808 	2809 	2807
f 2805 	2807 	2809
f 2096 	2098 	2105
f 290 	3624 	3625
f 290 	3625 	291
f 2901 	2105 	2098
f 1874 	1862 	1784
f 1784 	1787 	1874
f 1790 	1030 	1787
f 1794 	1033 	1790
f 1047 	1045 	1860
f 291 	3625 	3626
f 291 	3626 	292
f 2897 	2903 	2893
f 2889 	2893 	2903
f 2903 	2901 	2889
f 2098 	2889 	2901
f 292 	3626 	3627
f 292 	3627 	294
f 294 	3627 	282
f 1863 	1866 	1871
f 1871 	1774 	1863
f 1861 	1863 	1774
f 2290 	1871 	1866
f 1868 	2290 	1866
f 1880 	2287 	1868
f 1774 	1777 	1861
f 1777 	1784 	1862
f 1862 	1861 	1777
f 1023 	1787 	1025
f 3617 	279 	3628
f 3474 	3476 	2920
f 283 	3628 	279
f 3394 	3395 	2920
f 3479 	3394 	2920
f 300 	276 	3629
f 3615 	3629 	276
f 2278 	2280 	2276
f 2273 	2276 	2280
f 2271 	2273 	2280
f 2280 	2282 	2271
f 1890 	2271 	2282
f 2282 	2285 	1890
f 1888 	1890 	2285
f 1880 	1888 	2285
f 1880 	2285 	2287
f 2290 	1868 	2287
f 300 	3629 	3628
f 300 	3628 	283
f 305 	1520 	3630
f 2903 	2897 	3099
f 2897 	2948 	3099
f 2406 	2401 	2511
f 3101 	3099 	2948
f 306 	305 	3630
f 306 	3630 	3631
f 307 	306 	3631
f 307 	3631 	3632
f 2375 	2368 	2418
f 2385 	2379 	2418
f 2385 	2418 	861
f 239 	844 	2418
f 304 	307 	3632
f 304 	3632 	3579
f 2948 	3095 	3101
f 3095 	3098 	3101
f 3103 	3101 	3098
f 3098 	3393 	3103
f 2532 	2528 	2397
f 2638 	2532 	2397
f 3109 	3110 	3106
f 3105 	3109 	3106
f 2401 	2397 	2526
f 2528 	2526 	2397
f 3113 	3189 	3114
f 3114 	3108 	3113
f 3115 	3114 	3189
f 3189 	3194 	3115
f 3112 	3113 	3108
f 3110 	3111 	3107
f 3107 	3106 	3110
f 2379 	2375 	2418
f 3111 	3112 	3107
f 3108 	3107 	3112
f 2368 	2363 	2418
f 2363 	2416 	2418
f 2416 	2415 	2418
f 2505 	2418 	2415
f 2415 	2406 	2505
f 3194 	3196 	3117
f 3117 	3115 	3194
f 3196 	3198 	3119
f 3119 	3117 	3196
f 2511 	2505 	2406
f 2516 	2511 	2401
f 2521 	2516 	2401
f 2526 	2521 	2401
f 1042 	1039 	2803
f 1045 	1042 	1860
f 1039 	2532 	2803
f 2638 	2803 	2532
f 2803 	2629 	2626
f 2542 	2803 	2626
f 3476 	3477 	2920
f 2916 	3462 	2920
f 3200 	3202 	3123
f 3121 	3119 	3198
f 3198 	3200 	3121
f 3123 	3121 	3200
f 3130 	3123 	3202
f 3202 	3481 	3130
f 3481 	3459 	3130
f 3130 	3459 	2916
f 2733 	2775 	2806
f 2735 	849 	2754
f 255 	2754 	849
f 3291 	3300 	3293
f 2738 	2735 	2754
f 2740 	2738 	2754
f 3295 	3293 	3300
f 3297 	3295 	3300
f 3299 	3297 	3300
f 2746 	2743 	2751
f 2757 	2746 	2751
f 2754 	2751 	2743
f 2743 	2740 	2754
f 3320 	3330 	3370
f 2751 	2769 	2757
f 3327 	3324 	3300
f 3306 	3300 	3324
f 3309 	3300 	3306
f 2758 	2757 	2769
f 2766 	2765 	2763
f 3300 	3291 	3329
f 3327 	3300 	3329
f 2763 	2761 	2766
f 3303 	3370 	3330
f 3330 	3329 	3291
f 3303 	3330 	3291
f 2767 	2766 	2761
f 2769 	2767 	2761
f 2761 	2758 	2769
f 3286 	1509 	3333
f 3333 	1509 	3337
f 3342 	3337 	1510
f 1510 	1513 	3342
f 2776 	2771 	2763
f 2776 	2781 	2771
f 2765 	2776 	2763
f 2781 	2779 	2771
f 3348 	3342 	1513
f 21 	2771 	2777
f 1569 	1570 	3352
f 3361 	3358 	3539
f 3495 	3497 	3355
f 2773 	2771 	21
f 2779 	2777 	2771
f 2775 	2773 	21
f 21 	2806 	2775
f 2730 	2733 	2806
f 3539 	3320 	3361
f 21 	2783 	15
f 2785 	2783 	21
f 3370 	3367 	3320
f 2777 	2786 	21
f 2785 	21 	2786
f 1860 	1042 	2803
f 2629 	2803 	2638
f 3375 	2569 	3393
f 3376 	2569 	3375
f 3377 	2569 	3376
f 3378 	2569 	3377
f 3378 	3379 	2569
f 3379 	3380 	2569
f 3381 	2580 	3380
f 3383 	2580 	3381
f 2569 	3380 	2580
f 3385 	2580 	3383
f 108 	107 	2457
f 108 	2457 	2458
f 3103 	3393 	2569
f 109 	108 	2458
f 109 	2458 	2466
f 3393 	3098 	2941
f 110 	109 	2466
f 110 	2466 	2468
f 2941 	2937 	3393
f 2913 	2457 	107
f 111 	110 	2468
f 111 	2468 	2476
f 3390 	3391 	2927
f 2929 	2927 	3391
f 3391 	3392 	2929
f 2932 	2929 	3392
f 3392 	3393 	2932
f 2937 	2932 	3393
f 3477 	3479 	2920
f 113 	111 	2476
f 113 	2476 	2905
f 3388 	3389 	2920
f 3389 	3390 	2920
f 2927 	2920 	3390
f 3387 	3388 	2920
f 115 	113 	2905
f 115 	2905 	2907
f 107 	131 	2913
f 116 	115 	2907
f 116 	2907 	2915
f 3461 	2916 	3459
f 3462 	2916 	3461
f 3463 	2920 	3462
f 3464 	2920 	3463
f 3466 	2920 	3464
f 3469 	2920 	3466
f 3471 	2920 	3469
f 3473 	2920 	3471
f 3400 	3387 	2920
f 3398 	3400 	2920
f 3395 	3398 	2920
f 3474 	2920 	3473
f 117 	116 	2915
f 117 	2915 	2917
f 3540 	72 	3482
f 118 	117 	2917
f 118 	2917 	2919
f 3309 	3312 	3300
f 118 	2919 	119
f 3482 	3300 	3540
f 3540 	3300 	3312
f 131 	2957 	2913
f 131 	145 	2957
f 145 	149 	2956
f 145 	2956 	2957
f 3539 	3358 	3501
f 3358 	3355 	3501
f 3367 	3364 	3320
f 3364 	3361 	3320
f 3497 	3501 	3355
f 3096 	2931 	156
f 158 	156 	2931
f 159 	158 	2931
f 159 	2931 	2936
f 3542 	3482 	72
f 3543 	3542 	72
f 160 	159 	2936
f 160 	2936 	2940
f 3544 	3543 	72
f 161 	160 	2940
f 161 	2940 	2943
f 161 	2943 	2946
f 161 	2946 	162
f 3546 	3545 	72
f 3545 	3544 	72
f 3547 	3546 	72
f 162 	2946 	2950
f 162 	2950 	163
f 3549 	3548 	72
f 3548 	3547 	72
f 163 	2950 	2953
f 163 	2953 	164
f 72 	71 	3550
f 3550 	3549 	72
f 3551 	3550 	71
f 164 	2953 	2954
f 164 	2954 	165
f 71 	3541 	3553
f 3553 	3552 	71
f 3552 	3551 	71
f 165 	2954 	2955
f 165 	2955 	166
f 166 	2955 	2956
f 166 	2956 	149
f 170 	2959 	2958
f 170 	2958 	171
f 3559 	3558 	3554
f 171 	2958 	2960
f 171 	2960 	172
f 3561 	3560 	3554
f 3560 	3559 	3554
f 170 	181 	2959
f 3562 	3561 	3554
f 172 	2960 	173
f 3563 	3562 	3554
f 3554 	3555 	3563
f 2961 	2959 	181
f 3564 	3563 	3555
f 3565 	3564 	3555
f 3566 	3565 	3555
f 3557 	3566 	3555
f 196 	173 	2962
f 2960 	2962 	173
f 196 	2962 	2963
f 196 	2963 	197
f 197 	2963 	2964
f 197 	2964 	198
f 3572 	3577 	3571
f 3573 	3577 	3572
f 3574 	3577 	3573
f 3571 	3576 	3570
f 3570 	3576 	3569
f 3576 	3580 	3583
f 198 	2964 	2965
f 198 	2965 	199
f 3576 	3571 	3577
f 199 	2965 	2966
f 199 	2966 	200
f 3578 	3577 	3575
f 200 	2966 	2967
f 200 	2967 	201
f 201 	2967 	2968
f 201 	2968 	202
f 3002 	2961 	181
f 202 	2968 	193
f 181 	1087 	3002
f 3585 	3576 	3584
f 3583 	3584 	3576
f 3567 	3576 	3585
f 3568 	3576 	3567
f 3569 	3576 	3568
f 3575 	3577 	3574
f 3582 	3583 	3580
f 3581 	3582 	3580
f 3581 	3580 	3579
f 3596 	3595 	3591
f 2976 	3002 	1066
f 1087 	1066 	3002
f 3575 	3586 	3578
f 2977 	2976 	1066
f 2977 	1066 	1085
f 3586 	3587 	3578
f 3024 	2978 	1072
f 1074 	1072 	2978
f 3587 	3589 	3578
f 1075 	1074 	2978
f 1075 	2978 	2979
f 1076 	1075 	2979
f 1076 	2979 	2980
f 3593 	3578 	3589
f 3589 	3588 	3593
f 3588 	3590 	3593
f 3590 	3591 	3593
f 3594 	3593 	3591
f 3595 	3594 	3591
f 3592 	3596 	3591
f 1077 	1076 	2980
f 1077 	2980 	2984
f 1077 	2984 	2993
f 1077 	2993 	1078
f 1078 	2993 	2994
f 1078 	2994 	1079
f 3597 	3605 	3598
f 3599 	3598 	3605
f 3600 	3599 	3605
f 3601 	3600 	3605
f 1079 	2994 	2998
f 1079 	2998 	1080
f 1080 	2998 	3001
f 1080 	3001 	1082
f 3601 	3605 	3617
f 3602 	3601 	3617
f 1082 	3001 	2977
f 1082 	2977 	1085
f 3603 	3602 	3617
f 3604 	3603 	3617
f 3613 	3612 	3617
f 3604 	3617 	3612
f 1093 	119 	3004
f 2919 	3004 	119
f 1093 	3004 	3010
f 1093 	3010 	1095
f 1095 	3010 	3012
f 1095 	3012 	1097
f 3609 	3608 	3607
f 1097 	3012 	3015
f 1097 	3015 	1099
f 3607 	3606 	3609
f 3606 	3604 	3610
f 3610 	3609 	3606
f 1104 	1103 	3018
f 1104 	3018 	3020
f 3611 	3610 	3604
f 3612 	3611 	3604
f 3614 	3613 	3617
f 1105 	1104 	3020
f 1105 	3020 	3022
f 3615 	3614 	3617
f 1106 	1105 	3022
f 1106 	3022 	3024
f 1072 	1106 	3024
f 3618 	3616 	3619
f 3620 	3619 	3616
f 1114 	193 	3027
f 2968 	3027 	193
f 1114 	3027 	3035
f 1114 	3035 	1115
f 3621 	3620 	3616
f 3622 	3621 	3616
f 1115 	3035 	3042
f 1115 	3042 	1116
f 3616 	1935 	3622
f 3623 	3622 	1935
f 1116 	3042 	3043
f 1116 	3043 	1117
f 3624 	3623 	1935
f 3625 	3624 	1935
f 1935 	1544 	3625
f 1119 	1118 	3091
f 1119 	3091 	3092
f 1541 	1537 	3625
f 1537 	1534 	3625
f 3627 	3626 	1546
f 1120 	1119 	3092
f 1120 	3092 	3093
f 3629 	3615 	3617
f 3617 	3628 	3629
f 1122 	1120 	3093
f 1122 	3093 	3096
f 156 	1122 	3096
f 1223 	1222 	3630
f 1520 	1223 	3630
f 1234 	3152 	1124
f 1125 	1124 	3152
f 1126 	1125 	3152
f 1126 	3152 	3153
f 3153 	3018 	1126
f 1103 	1126 	3018
f 1225 	3556 	3579
f 1224 	1225 	3632
f 3632 	3631 	1224
f 3581 	3579 	3556
f 1222 	1224 	3631
f 3632 	1225 	3579
f 3631 	3630 	1222
f 1118 	1277 	3091
f 1130 	88 	3245
f 1130 	3245 	1226
f 88 	1132 	1215
f 88 	1215 	3245
f 3558 	1386 	3554
f 1386 	1232 	3554
f 1232 	1230 	3554
f 1230 	1228 	3554
f 1381 	1157 	3015
f 1141 	1140 	3164
f 1142 	1141 	3164
f 1142 	3164 	3165
f 1390 	3554 	1228
f 1228 	1442 	1390
f 1502 	1482 	1442
f 1143 	1142 	3165
f 1143 	3165 	3169
f 1144 	1143 	3169
f 1144 	3169 	3234
f 1446 	1479 	1449
f 1146 	1144 	3234
f 1146 	3234 	3236
f 1459 	3627 	1546
f 1147 	1146 	3236
f 1147 	3236 	3238
f 3626 	3625 	1546
f 1148 	1147 	3238
f 1148 	3238 	3240
f 1460 	1459 	1546
f 1546 	2181 	1460
f 1149 	1148 	3240
f 1149 	3240 	3242
f 2181 	2180 	1460
f 1462 	1460 	2180
f 1150 	1149 	3242
f 1150 	3242 	3243
f 1151 	1150 	3243
f 1151 	3243 	1214
f 1478 	1476 	1450
f 1453 	1450 	1476
f 1476 	1472 	1453
f 3607 	3608 	1446
f 1450 	1449 	1478
f 1478 	1449 	1479
f 1479 	1446 	3608
f 1390 	1442 	1482
f 1486 	1482 	1502
f 1498 	1223 	1520
f 1520 	1588 	1498
f 1529 	1527 	1498
f 1502 	1504 	1486
f 1488 	1486 	1504
f 1491 	1488 	1504
f 1491 	1504 	1507
f 1509 	3286 	1507
f 3352 	3348 	1569
f 1513 	1569 	3348
f 1510 	3337 	1509
f 1491 	1507 	3286
f 1517 	1588 	1520
f 1525 	1495 	1527
f 1495 	1498 	1527
f 1538 	1529 	1498
f 1538 	1498 	1545
f 1547 	1545 	1588
f 1550 	1547 	1588
f 1570 	1572 	3352
f 3355 	3352 	1572
f 1572 	3495 	3355
f 1583 	1605 	1575
f 1577 	1583 	1575
f 1552 	1588 	1562
f 1588 	1545 	1498
f 1552 	1550 	1588
f 1587 	1588 	1517
f 1627 	1612 	1595
f 1599 	1597 	1612
f 1597 	1595 	1612
f 1603 	1601 	1612
f 1601 	1599 	1612
f 1605 	1603 	1575
f 1612 	1575 	1603
f 1609 	1562 	1588
f 1610 	1609 	1588
f 1588 	1615 	1610
f 1611 	1610 	1615
f 1617 	1611 	1615
f 1627 	1625 	1612
f 2274 	1464 	2275
f 2219 	2261 	1468
f 2272 	1464 	2274
f 2268 	1464 	2272
f 1453 	1472 	1471
f 1470 	1471 	1472
f 1623 	1475 	1612
f 1625 	1623 	1612
f 1630 	1451 	1218
f 2852 	3249 	3250
f 2852 	3250 	2854
f 2854 	3250 	3251
f 2854 	3251 	2855
f 3247 	2866 	3253
f 2855 	3251 	3252
f 2855 	3252 	2856
f 2856 	3252 	2857
f 3271 	3253 	2866
f 3256 	2863 	2861
f 3256 	3182 	2863
f 2723 	2863 	3182
f 2861 	2868 	3257
f 2861 	3257 	3256
f 2868 	2870 	3254
f 2868 	3254 	3257
f 2870 	2871 	3255
f 2870 	3255 	3254
f 3244 	3255 	2832
f 2871 	2832 	3255
f 3259 	3258 	2874
f 3259 	2874 	2887
f 2060 	3260 	2061
f 2879 	2061 	3260
f 2880 	2879 	3260
f 2880 	3260 	3261
f 2881 	2880 	3261
f 2881 	3261 	3262
f 2882 	2881 	3262
f 2882 	3262 	3263
f 2882 	3263 	3264
f 2882 	3264 	2883
f 2883 	3264 	3266
f 2883 	3266 	2884
f 3265 	2891 	2890
f 2891 	3265 	2064
f 2884 	3266 	3268
f 2884 	3268 	2885
f 2895 	2894 	3267
f 3269 	3267 	2894
f 3265 	2890 	3267
f 2895 	3267 	2890
f 2885 	3268 	3270
f 2885 	3270 	2886
f 2898 	2857 	3269
f 3252 	3269 	2857
f 2898 	3269 	2894
f 2886 	3270 	3259
f 2886 	3259 	2887
f 2866 	2900 	3271
f 2900 	2874 	3258
f 2900 	3258 	3271
f 2617 	3308 	2908
f 2909 	2908 	3308
f 2909 	3308 	3310
f 2910 	2909 	3310
f 2910 	3310 	3313
f 2911 	2910 	3313
f 2911 	3313 	3315
f 1965 	2911 	3315
f 1965 	3315 	3044
f 2921 	1974 	3316
f 3057 	3316 	1974
f 2921 	3316 	3318
f 2921 	3318 	2922
f 2922 	3318 	3322
f 2922 	3322 	2923
f 2923 	3322 	3325
f 2923 	3325 	2924
f 2924 	3325 	2352
f 3332 	2926 	1760
f 2933 	3339 	2934
f 2938 	3340 	3339
f 2938 	3339 	2933
f 2942 	3341 	3340
f 2942 	3340 	2938
f 2945 	3343 	3341
f 2945 	3341 	2942
f 2949 	3345 	3343
f 2949 	3343 	2945
f 2952 	3346 	3345
f 2952 	3345 	2949
f 3003 	3335 	3346
f 3003 	3346 	2952
f 3009 	3336 	3335
f 3009 	3335 	3003
f 3336 	3009 	3013
f 3013 	2539 	3336
f 3144 	3336 	2539
f 1275 	3418 	1283
f 3347 	1283 	3418
f 3026 	1283 	3347
f 3028 	3026 	3347
f 3028 	3347 	3350
f 3029 	3028 	3350
f 3029 	3350 	3353
f 3030 	3029 	3353
f 3030 	3353 	3356
f 3031 	3030 	3356
f 3031 	3356 	3360
f 3032 	3031 	3360
f 3032 	3360 	3363
f 3033 	3032 	3363
f 3033 	3363 	3366
f 3034 	3033 	3366
f 3034 	3366 	3369
f 3036 	3034 	3369
f 3036 	3369 	3371
f 3036 	3371 	3373
f 3036 	3373 	3037
f 3037 	3373 	3374
f 3037 	3374 	3038
f 3038 	3374 	3382
f 3038 	3382 	3039
f 3039 	3382 	3384
f 3039 	3384 	3040
f 3040 	3384 	3386
f 3040 	3386 	3041
f 2052 	3041 	3386
f 3045 	3406 	1290
f 3048 	3407 	3406
f 3048 	3406 	3045
f 3052 	3408 	3407
f 3052 	3407 	3048
f 3052 	2934 	3408
f 3339 	3408 	2934
f 1293 	3430 	1267
f 3410 	3411 	1266
f 1268 	1266 	3411
f 1269 	1268 	3411
f 1269 	3411 	3413
f 1275 	1276 	3419
f 1275 	3419 	3418
f 3413 	3416 	1271
f 1278 	1271 	3416
f 3416 	3419 	1278
f 1276 	1278 	3419
f 3433 	1285 	3434
f 1286 	3434 	1285
f 3435 	3434 	1286
f 3406 	3435 	1290
f 3428 	3430 	1291
f 1293 	1291 	3430
f 3410 	1267 	3430
f 1266 	1267 	3410
f 2001 	1306 	3433
f 1285 	3433 	1306
f 1351 	3445 	3444
f 1371 	3440 	3439
f 1110 	1109 	3056
f 1110 	3056 	3058
f 1111 	1110 	3058
f 1111 	3058 	3060
f 1112 	1111 	3060
f 1112 	3060 	3061
f 1089 	1112 	3061
f 1089 	3061 	3014
f 167 	169 	3065
f 1113 	3065 	169
f 3065 	1113 	94
f 3502 	1979 	3444
f 1351 	3444 	1979
f 1069 	1121 	3125
f 1980 	1979 	3504
f 3502 	3504 	1979
f 1121 	1123 	3126
f 1121 	3126 	3125
f 1291 	1292 	3428
f 3428 	1292 	3504
f 1123 	1127 	3127
f 1123 	3127 	3126
f 1127 	1128 	3128
f 1127 	3128 	3127
f 3441 	1379 	3507
f 1128 	1129 	3129
f 1128 	3129 	3128
f 3507 	1981 	3508
f 1982 	3508 	1981
f 1129 	1131 	3129
f 1982 	1983 	3508
f 1135 	1088 	3116
f 3046 	3116 	1088
f 1135 	3116 	3118
f 1135 	3118 	1136
f 1355 	3446 	3445
f 1136 	3118 	3120
f 1136 	3120 	1137
f 1137 	3120 	3122
f 1137 	3122 	1138
f 3447 	3446 	1358
f 1355 	1358 	3446
f 1138 	3122 	3124
f 1138 	3124 	1133
f 1358 	1361 	3498
f 1358 	3498 	3447
f 1133 	3124 	1134
f 1131 	1139 	3141
f 1131 	3141 	3129
f 1361 	3499 	3498
f 1139 	1145 	3142
f 1139 	3142 	3141
f 1145 	1152 	3143
f 1145 	3143 	3142
f 1152 	86 	87
f 1152 	87 	3143
f 1371 	1373 	3441
f 1371 	3441 	3440
f 1154 	1134 	3131
f 3124 	3131 	1134
f 1154 	3131 	3133
f 1154 	3133 	1155
f 1981 	3507 	1379
f 1373 	1379 	3441
f 1155 	3133 	3134
f 1155 	3134 	1156
f 1156 	3134 	3136
f 1156 	3136 	1158
f 1158 	3136 	3138
f 1158 	3138 	1160
f 1160 	3138 	100
f 1164 	3184 	3183
f 1164 	3183 	1163
f 1165 	3185 	3184
f 1165 	3184 	1164
f 1166 	3186 	3185
f 1166 	3185 	1165
f 3063 	3186 	1166
f 1177 	1176 	3171
f 1177 	3171 	3170
f 1107 	1177 	3170
f 53 	3219 	54
f 1173 	54 	3174
f 1174 	1173 	3174
f 1174 	3174 	3176
f 1175 	1174 	3176
f 1175 	3176 	3178
f 3171 	1176 	1175
f 3171 	1175 	3178
f 1178 	3188 	1180
f 3183 	3188 	1178
f 3183 	1178 	1163
f 3222 	36 	3190
f 1189 	3190 	36
f 1191 	3191 	3190
f 1191 	3190 	1189
f 1191 	1180 	3191
f 3188 	3191 	1180
f 1183 	1188 	3208
f 1183 	3208 	3207
f 1194 	598 	3192
f 1195 	1194 	3192
f 1195 	3192 	3193
f 1196 	1195 	3193
f 1196 	3193 	3195
f 1196 	3195 	3197
f 1196 	3197 	1197
f 1197 	3197 	3199
f 1197 	3199 	1198
f 1198 	3199 	3201
f 1198 	3201 	1199
f 1199 	3201 	3203
f 1199 	3203 	1200
f 1200 	3203 	3204
f 1200 	3204 	1201
f 1201 	3204 	3208
f 1201 	3208 	1188
f 14 	32 	3222
f 33 	36 	3222
f 31 	3210 	39
f 38 	39 	3210
f 3210 	3212 	38
f 42 	38 	3212
f 46 	42 	3212
f 46 	3212 	3214
f 3214 	3216 	46
f 47 	46 	3216
f 48 	47 	3216
f 48 	3216 	3217
f 3217 	3219 	48
f 53 	48 	3219
f 3174 	54 	3219
# 7264 faces

 #end of obj_0

